id,true_freq_hz,waveform,amplitude,snr_db,est_freq_hz,error_pct,success,iterations,elapsed_ms
1,8116.26,triangle,0.7588,31.97,8227.54,1.371035,1,24,43.79
2,3964.35,sine,0.1523,37.32,4130.86,4.200059,1,79,80.42
3,12421.19,triangle,0.1185,39.40,12524.41,0.831071,1,76,77.99
4,16816.41,sine,0.2636,23.67,16918.95,0.609733,1,46,45.95
5,6780.60,square,0.4888,25.82,6884.77,1.536191,1,79,81.64
6,12625.20,sine,0.3629,27.33,12700.20,0.593973,1,72,78.35
7,9665.33,triangle,0.2797,30.28,9741.21,0.785087,1,76,80.43
8,12255.88,sine,0.6468,23.41,12304.69,0.398264,1,1,1.96
9,2235.98,triangle,0.9691,36.17,2255.86,0.889056,1,207,196.63
10,6787.66,sine,0.7158,28.80,6884.77,1.430596,1,79,75.16
11,3318.73,square,0.1309,38.19,3486.33,5.050180,1,123,133.33
12,5916.82,square,0.3805,30.40,6005.86,1.504858,1,115,117.64
13,11387.50,sine,0.9726,35.50,11518.55,1.150906,1,24,119.97
14,18850.48,triangle,0.6381,38.44,18959.96,0.580787,1,8,26.39
15,2681.36,sine,0.1407,26.51,2797.85,4.344591,1,170,219.26
16,8384.87,sine,0.8459,27.14,8520.51,1.617668,1,12,13.72
17,6337.76,square,0.2268,36.04,6445.31,1.697081,1,97,108.08
18,2416.46,triangle,0.7950,23.97,2431.64,0.628125,1,195,170.49
19,1104.92,triangle,0.7362,34.58,,,0,260,211.79
20,15654.14,sine,0.4226,22.32,15776.37,0.780820,1,2,2.92
21,17398.97,square,0.3978,21.27,17509.77,0.636823,1,35,40.24
22,6908.66,sine,0.7566,32.75,7006.84,1.420996,1,74,78.90
23,17857.04,square,0.2076,34.26,17939.45,0.461504,1,27,34.97
24,15454.92,square,0.7939,29.88,15556.64,0.658203,1,7,8.18
25,10931.92,square,0.1229,22.16,11074.22,1.301646,1,37,41.70
26,1597.15,square,0.3829,30.17,1669.92,4.556062,1,247,278.50
27,18243.76,sine,0.4693,35.11,18369.14,0.687236,1,19,54.98
28,5347.17,sine,0.3608,23.22,5419.92,1.360660,1,139,326.16
29,18664.26,triangle,0.6701,37.43,18745.12,0.433244,1,12,30.04
30,16269.77,sine,0.9033,30.79,16381.84,0.688802,1,56,133.07
31,16341.36,triangle,0.3862,22.20,16435.55,0.576353,1,55,97.89
32,5330.77,square,0.8362,37.21,5419.92,1.672438,1,139,160.29
33,1132.09,square,0.4757,24.44,,,0,260,213.81
34,3277.44,square,0.9486,26.46,3442.38,5.032609,1,126,146.68
35,10857.02,triangle,0.4273,39.44,10937.50,0.741255,1,41,55.52
36,19286.50,sine,0.5475,26.02,19335.94,0.256339,1,1,1.25
37,6411.97,sine,0.6486,30.05,6518.55,1.662286,1,94,93.07
38,1978.10,sine,0.9174,24.79,2065.43,4.415023,1,220,172.25
39,3753.00,square,0.9871,24.84,3940.43,4.994058,1,92,209.07
40,13770.58,triangle,0.3139,34.56,13886.72,0.843417,1,45,55.40
41,7987.88,square,0.6702,30.72,8129.88,1.777735,1,28,30.60
42,2715.51,triangle,0.3887,23.73,2739.26,0.874687,1,174,147.94
43,1774.73,square,0.7098,20.33,1860.35,4.824620,1,234,202.59
44,10729.77,sine,0.6807,23.49,10834.96,0.980383,1,44,51.42
45,14127.82,square,0.9431,22.75,14238.28,0.781892,1,37,49.90
46,7480.26,sine,0.9322,37.55,7592.77,1.504129,1,50,45.33
47,5900.89,square,0.8355,31.10,6005.86,1.778858,1,115,136.49
48,11063.36,sine,0.1838,37.94,11176.76,1.024976,1,34,40.00
49,18107.94,square,0.4051,26.98,18208.01,0.552601,1,22,34.81
50,14793.16,triangle,0.8984,35.60,14897.46,0.705076,1,22,41.65
51,13198.60,sine,0.2455,37.97,13271.48,0.552203,1,59,58.43
52,12522.15,sine,0.1913,33.27,12612.30,0.719945,1,74,150.99
53,1096.17,sine,0.5939,33.84,,,0,260,179.81
54,13387.26,sine,0.7410,24.74,13491.21,0.776462,1,54,63.24
55,7182.59,triangle,0.6847,36.98,7275.39,1.291962,1,63,59.11
56,13494.64,square,0.1843,27.35,13579.10,0.625853,1,52,64.91
57,6038.84,sine,0.9757,27.86,6127.93,1.475194,1,110,105.49
58,17948.88,square,0.8153,30.05,18046.88,0.545942,1,25,35.80
59,11961.17,square,0.2757,34.45,12099.61,1.157374,1,7,15.93
60,6334.67,sine,0.6809,23.54,6445.31,1.746540,1,97,98.40
61,18868.71,triangle,0.9234,27.40,18959.96,0.483593,1,8,11.63
62,1293.68,triangle,0.4854,39.33,,,0,260,198.91
63,19308.78,triangle,0.3650,27.70,19335.94,0.140651,1,1,1.56
64,17171.60,sine,0.2525,31.14,17294.92,0.718192,1,39,42.38
65,18786.94,triangle,0.6131,21.94,18906.25,0.635065,1,9,108.82
66,12685.14,triangle,0.2261,30.37,12788.09,0.811569,1,70,70.41
67,17670.09,triangle,0.7273,34.05,17778.32,0.612515,1,30,32.97
68,7830.33,sine,0.8284,36.20,7958.98,1.643002,1,35,40.09
69,17474.37,triangle,0.5602,30.03,17563.48,0.509904,1,34,42.01
70,16167.61,square,0.7318,35.92,16274.41,0.660615,1,58,76.37
71,17910.10,square,0.4380,21.88,17993.16,0.463775,1,26,41.47
72,11987.32,sine,0.5190,30.85,12099.61,0.936712,1,7,7.30
73,6444.28,square,0.1275,20.75,6542.97,1.531357,1,93,119.21
74,16629.41,square,0.2144,30.44,16704.10,0.449149,1,50,63.46
75,15629.88,sine,0.6606,21.71,15732.42,0.656079,1,3,3.88
76,1981.95,square,0.5866,32.75,2080.08,4.950947,1,219,206.89
77,14795.74,triangle,0.5647,26.46,14897.46,0.687533,1,22,40.11
78,16108.54,sine,0.4951,21.57,16220.70,0.696310,1,59,157.37
79,1481.66,triangle,0.8524,33.92,1494.14,0.842060,1,259,365.22
80,8770.11,sine,0.2408,25.00,8852.54,0.939933,1,102,92.51
81,11435.31,triangle,0.6942,25.60,11552.73,1.026888,1,23,26.17
82,19142.44,triangle,0.5989,32.23,19228.52,0.449657,1,3,3.16
83,8972.40,sine,0.4204,35.16,9057.62,0.949757,1,96,99.21
84,1273.48,sine,0.1414,20.81,,,0,260,205.90
85,17253.75,triangle,0.5268,21.96,17348.63,0.549919,1,38,59.48
86,10340.70,square,0.2559,28.68,10424.80,0.813321,1,56,72.00
87,8571.59,square,0.6716,20.91,8715.82,1.682656,1,4,7.37
88,8117.64,square,0.5528,37.13,8251.95,1.654587,1,23,31.64
89,13515.18,sine,0.1635,32.85,13623.05,0.798124,1,51,51.91
90,1503.71,square,0.9462,31.51,1582.03,5.208191,1,253,203.03
91,8375.23,square,0.5124,30.91,8520.51,1.734630,1,12,107.60
92,18887.83,square,0.9651,38.11,19013.67,0.666252,1,7,10.59
93,4720.03,sine,0.1907,20.36,4936.52,4.586662,1,24,24.32
94,2794.42,triangle,0.1641,26.38,2812.50,0.647139,1,169,150.54
95,17052.63,sine,0.8330,25.64,17133.79,0.475927,1,42,49.38
96,3245.13,triangle,0.6660,37.55,3266.60,0.661601,1,138,124.35
97,14966.35,triangle,0.3538,23.55,15073.24,0.714218,1,18,21.07
98,15261.68,triangle,0.9915,28.25,15380.86,0.780904,1,11,11.09
99,8068.34,triangle,0.4067,38.62,8178.71,1.367905,1,26,23.68
100,17309.84,square,0.7758,35.09,17402.34,0.534387,1,37,45.48
101,2959.35,triangle,0.5547,36.53,2973.63,0.482514,1,158,140.28
102,7080.94,triangle,0.4503,20.22,7177.73,1.366936,1,67,81.48
103,18202.26,sine,0.3874,39.00,18315.43,0.621748,1,20,39.03
104,19061.54,square,0.6687,28.97,19174.80,0.594228,1,4,87.09
105,6571.00,sine,0.7053,35.05,6665.04,1.431051,1,88,127.05
106,16040.00,triangle,0.1821,29.89,16113.28,0.456854,1,61,173.61
107,2093.62,square,0.4974,37.75,2197.27,4.950725,1,211,481.34
108,7667.39,sine,0.2287,35.23,7788.09,1.574209,1,42,64.54
109,12746.14,sine,0.1757,34.02,12832.03,0.673836,1,69,61.18
110,2382.50,triangle,0.7356,21.63,2402.34,0.833018,1,197,156.40
111,2611.92,triangle,0.4368,27.41,2622.07,0.388747,1,182,156.13
112,16443.19,triangle,0.9874,35.07,16542.97,0.606798,1,53,67.62
113,8148.93,sine,0.7994,31.17,8276.37,1.563825,1,22,30.25
114,9060.22,triangle,0.2001,29.85,9160.16,1.103043,1,93,112.33
115,1215.72,square,0.1507,22.38,,,0,260,222.47
116,3233.00,square,0.7714,31.67,3398.44,5.117194,1,129,165.80
117,19281.28,square,0.3571,37.37,19335.94,0.283483,1,1,66.20
118,5248.32,triangle,0.1109,39.40,5273.44,0.478564,1,1,0.95
119,1820.04,triangle,0.5749,39.86,1831.05,0.605282,1,236,176.81
120,2402.13,square,0.9724,30.46,2519.53,4.887175,1,189,204.48
121,12958.57,triangle,0.5091,32.55,13051.76,0.719089,1,64,56.79
122,12101.97,triangle,0.1409,25.62,12202.15,0.827770,1,4,3.80
123,19057.82,triangle,0.5101,32.40,19174.80,0.613850,1,4,3.78
124,6270.24,sine,0.5173,27.07,6372.07,1.623986,1,100,89.11
125,12089.47,sine,0.9770,39.72,12202.15,0.932070,1,4,4.86
126,14265.07,square,0.3786,36.28,14370.12,0.736376,1,34,47.33
127,14009.89,sine,0.9198,36.45,14106.45,0.689178,1,40,45.67
128,19046.20,triangle,0.6521,28.36,19174.80,0.675234,1,4,5.85
129,18721.84,triangle,0.1407,20.53,18798.83,0.411215,1,11,11.31
130,8152.80,triangle,0.9885,23.01,8251.95,1.216136,1,23,118.47
131,12288.48,square,0.9729,36.84,12304.69,0.131863,1,1,1.51
132,16928.25,square,0.4733,25.47,17026.37,0.579634,1,44,59.98
133,2071.13,triangle,0.8316,39.99,2080.08,0.431826,1,219,180.44
134,19936.10,square,0.7921,38.90,19995.12,0.296032,1,46,67.00
135,17143.30,sine,0.5055,22.58,17241.21,0.571130,1,40,46.48
136,19126.97,square,0.3058,33.43,19228.52,0.530905,1,3,4.71
137,12744.44,square,0.2022,33.43,12832.03,0.687317,1,69,86.37
138,10885.85,triangle,0.5681,37.04,10971.68,0.788486,1,40,59.73
139,11486.23,square,0.8890,28.07,11586.91,0.876564,1,22,30.48
140,3546.29,sine,0.7796,32.41,3706.05,4.505141,1,108,106.89
141,14377.52,sine,0.2227,20.29,14458.01,0.559848,1,32,36.61
142,7661.16,square,0.4530,28.75,7788.09,1.656698,1,42,50.68
143,18179.02,square,0.5626,35.67,18261.72,0.454940,1,21,124.80
144,8534.31,square,0.8761,38.99,8691.41,1.840727,1,5,13.24
145,3794.40,triangle,0.5429,25.16,3823.24,0.760228,1,100,140.56
146,9723.58,triangle,0.5434,26.58,9809.57,0.884355,1,74,73.59
147,13034.62,sine,0.1683,22.58,13139.65,0.805794,1,62,52.85
148,3432.87,sine,0.2249,32.82,3588.87,4.544192,1,116,110.86
149,4455.72,square,0.9071,29.48,4687.50,5.201815,1,41,47.87
150,13683.60,sine,0.2731,20.82,13798.83,0.842111,1,47,47.66
151,4209.77,sine,0.2593,21.77,4394.53,4.388962,1,61,58.95
152,3292.08,square,0.2857,27.29,3457.03,5.010499,1,125,154.62
153,10564.93,triangle,0.1354,35.99,10664.06,0.938334,1,49,62.12
154,12930.11,sine,0.8862,38.42,13007.81,0.600963,1,65,56.83
155,2160.48,sine,0.8256,34.97,2255.86,4.414671,1,207,173.47
156,4505.90,sine,0.4334,29.69,4702.15,4.355381,1,40,140.29
157,12746.84,square,0.5163,34.95,12832.03,0.668327,1,69,118.80
158,1696.98,sine,0.7420,37.90,1772.46,4.447904,1,240,449.42
159,10721.87,square,0.1965,28.95,10834.96,1.054756,1,44,87.67
160,11119.73,sine,0.3423,27.55,11210.94,0.820249,1,33,47.58
161,1381.35,sine,0.2903,26.55,,,0,260,197.48
162,3275.48,triangle,0.6342,33.58,3295.90,0.623357,1,136,132.98
163,15994.25,square,0.1782,30.74,16059.57,0.408377,1,62,80.26
164,12149.98,triangle,0.4885,22.55,12270.51,0.991990,1,2,2.85
165,6391.74,square,0.6813,31.42,6494.14,1.602042,1,95,124.03
166,7765.84,triangle,0.6452,24.74,7861.33,1.229620,1,39,57.90
167,2933.87,sine,0.3214,23.21,3061.52,4.351133,1,152,132.44
168,4544.77,sine,0.2560,37.94,4746.09,4.429710,1,37,42.48
169,2524.44,square,0.4694,39.65,2651.37,5.027886,1,180,282.79
170,3128.74,square,0.9725,37.31,3281.25,4.874515,1,137,146.28
171,16524.37,sine,0.2538,33.37,16596.68,0.437598,1,52,45.97
172,18658.14,square,0.6145,25.60,18798.83,0.754010,1,11,12.58
173,15620.37,sine,0.3913,28.51,15732.42,0.717372,1,3,3.99
174,10644.60,sine,0.2034,32.21,10766.60,1.146162,1,46,47.83
175,6483.98,square,0.2389,29.62,6591.80,1.662811,1,91,103.55
176,11119.20,sine,0.4029,22.69,11245.12,1.132437,1,32,37.16
177,2204.12,triangle,0.3901,36.20,2211.91,0.353411,1,210,151.23
178,5838.17,triangle,0.7842,31.91,5908.20,1.199531,1,119,112.08
179,9959.95,square,0.4140,38.59,10083.01,1.235551,1,66,94.72
180,16781.77,triangle,0.2119,34.62,16865.23,0.497359,1,47,53.30
181,18828.47,sine,0.1598,34.82,18959.96,0.698369,1,8,11.30
182,11914.99,triangle,0.2258,35.91,12031.25,0.975753,1,9,102.68
183,4830.92,sine,0.2478,36.29,5053.71,4.611790,1,16,21.81
184,13638.75,square,0.4229,37.54,13754.88,0.851512,1,48,64.76
185,8456.46,triangle,0.4952,27.54,8569.34,1.334825,1,10,12.79
186,9790.92,sine,0.7728,30.05,9877.93,0.888719,1,72,77.19
187,5412.04,triangle,0.4455,30.87,5468.75,1.047826,1,137,125.19
188,18222.97,square,0.2052,38.80,18315.43,0.507379,1,20,22.22
189,12926.45,square,0.2253,35.88,13007.81,0.629403,1,65,88.50
190,12781.38,square,0.9045,35.77,12875.98,0.740094,1,68,74.52
191,3881.82,sine,0.3236,34.88,4042.97,4.151298,1,85,76.00
192,1637.12,square,0.7862,37.54,1713.87,4.688178,1,244,188.50
193,7499.55,triangle,0.1996,36.93,7592.77,1.243010,1,50,60.10
194,3422.28,square,0.8176,23.00,3588.87,4.867585,1,116,165.01
195,5355.78,triangle,0.7480,32.82,5273.44,1.537387,1,1,74.58
196,14185.02,square,0.3266,26.91,14282.23,0.685273,1,36,48.43
197,4450.36,triangle,0.6251,28.02,4482.42,0.720510,1,55,64.90
198,9778.11,triangle,0.2380,31.72,9877.93,1.020846,1,72,70.09
199,10611.88,square,0.1163,37.44,10732.42,1.135868,1,47,62.37
200,18710.25,square,0.7270,38.45,18798.83,0.473434,1,11,14.63
201,14437.53,sine,0.6187,32.13,14545.90,0.750574,1,30,27.56
202,9058.48,triangle,0.9409,38.51,9125.98,0.745090,1,94,90.31
203,9565.95,sine,0.9864,36.78,9672.85,1.117542,1,78,78.74
204,3368.59,triangle,0.8829,30.38,3383.79,0.451171,1,130,123.78
205,12234.23,square,0.1493,26.70,12304.69,0.575878,1,1,1.30
206,16254.22,sine,0.4001,27.96,16328.12,0.454710,1,57,58.81
207,11210.52,triangle,0.4117,26.94,11313.48,0.918424,1,30,51.16
208,15012.52,square,0.3021,29.05,15117.19,0.697176,1,17,119.94
209,3676.28,sine,0.5485,28.38,3837.89,4.395941,1,99,90.80
210,18382.07,square,0.6225,32.65,18476.56,0.514036,1,17,24.56
211,1248.79,square,0.2602,39.22,,,0,260,199.65
212,3824.59,square,0.1768,39.94,4013.67,4.943797,1,87,91.58
213,10541.71,square,0.1604,35.00,10664.06,1.160697,1,49,52.59
214,4988.21,triangle,0.2846,23.81,5039.06,1.019529,1,17,21.12
215,1694.44,square,0.6084,21.31,1772.46,4.604299,1,240,203.32
216,15735.02,square,0.5720,28.82,15820.31,0.542025,1,1,1.74
217,8614.50,square,0.2397,23.64,8764.65,1.742995,1,2,2.89
218,17373.93,triangle,0.4360,25.41,17456.05,0.472708,1,36,31.84
219,13235.99,square,0.1228,23.12,13315.43,0.600169,1,58,64.60
220,14603.47,square,0.1244,24.44,14721.68,0.809447,1,26,37.55
221,5390.42,triangle,0.1177,22.08,5444.34,1.000196,1,138,119.39
222,16198.41,sine,0.6875,24.76,16274.41,0.469234,1,58,49.59
223,2889.39,sine,0.7500,37.11,3017.58,4.436640,1,155,118.87
224,16774.18,square,0.7013,24.10,16865.23,0.542840,1,47,59.67
225,6569.81,triangle,0.1117,21.71,6640.62,1.077933,1,89,73.21
226,4949.84,sine,0.2633,31.66,5170.90,4.465996,1,8,7.48
227,9007.07,triangle,0.8357,26.84,9091.80,0.940710,1,95,93.62
228,5929.05,square,0.6313,25.36,6030.27,1.707327,1,114,111.47
229,12858.83,square,0.5968,28.72,12963.87,0.816855,1,66,84.77
230,6594.85,triangle,0.7872,22.80,6665.04,1.064310,1,88,84.05
231,17500.89,square,0.9051,36.00,17617.19,0.664514,1,33,41.44
232,9079.06,sine,0.3418,30.83,9160.16,0.893261,1,93,82.22
233,13036.09,sine,0.2254,36.70,13139.65,0.794428,1,62,55.05
234,19703.64,square,0.2545,25.45,19804.69,0.512829,1,49,61.84
235,1349.42,triangle,0.2060,31.53,,,0,260,163.88
236,6207.05,square,0.6863,36.59,6323.24,1.871952,1,102,100.43
237,4922.00,sine,0.2232,38.00,5141.60,4.461544,1,10,10.50
238,17603.91,square,0.6405,33.30,17724.61,0.685631,1,31,41.54
239,4332.05,triangle,0.4769,27.66,4365.23,0.765920,1,63,58.25
240,10859.44,sine,0.2497,34.76,10971.68,1.033601,1,40,41.04
241,2573.17,square,0.3208,27.79,2695.31,4.746581,1,177,151.27
242,6485.18,square,0.7471,25.94,6591.80,1.643992,1,91,85.86
243,11761.69,square,0.6973,38.74,11860.35,0.838854,1,14,15.70
244,14918.87,sine,0.1281,25.25,15029.30,0.740184,1,19,18.54
245,12306.48,sine,0.5467,31.94,12392.58,0.699611,1,79,75.06
246,7350.63,triangle,0.1959,21.50,7446.29,1.301318,1,56,54.67
247,14835.59,square,0.7196,28.70,14941.41,0.713284,1,21,30.16
248,5681.64,triangle,0.8195,33.89,5737.30,0.979754,1,126,107.53
249,6170.76,square,0.4249,21.83,6274.41,1.679801,1,104,107.12
250,18428.96,sine,0.9552,28.92,18530.27,0.549763,1,16,17.15
251,4517.53,square,0.8857,34.64,4746.09,5.059586,1,37,46.83
252,16324.66,square,0.7230,36.98,16435.55,0.679249,1,55,67.73
253,5743.69,square,0.2991,39.75,5834.96,1.589026,1,122,131.11
254,18937.13,sine,0.7350,38.50,19067.38,0.687831,1,6,6.50
255,4430.93,square,0.9239,20.68,4658.20,5.129205,1,43,55.10
256,14250.99,sine,0.9320,39.42,14370.12,0.835957,1,34,32.07
257,18941.06,square,0.8758,36.89,19067.38,0.666908,1,6,6.31
258,7062.91,triangle,0.1333,31.93,7153.32,1.280086,1,68,67.26
259,5370.17,sine,0.1693,33.93,5444.34,1.381112,1,138,111.72
260,7457.62,triangle,0.1588,26.31,7543.95,1.157487,1,52,54.40
261,11250.33,triangle,0.3869,32.52,11347.66,0.865056,1,29,32.36
262,17833.58,square,0.3097,20.49,17939.45,0.593689,1,27,30.60
263,17531.88,sine,0.8872,30.58,17617.19,0.486593,1,33,30.77
264,18842.29,triangle,0.9981,27.01,18959.96,0.624524,1,8,9.09
265,15576.58,square,0.5319,32.55,15688.48,0.718380,1,4,5.65
266,17599.87,triangle,0.7914,28.36,17724.61,0.708779,1,31,34.40
267,9005.78,triangle,0.3149,22.21,9091.80,0.955096,1,95,85.76
268,7737.82,sine,0.3667,24.67,7861.33,1.596149,1,39,33.58
269,1799.77,sine,0.9890,28.56,1875.00,4.179944,1,233,163.59
270,8302.21,triangle,0.2964,39.00,8398.44,1.159104,1,17,19.75
271,15940.56,sine,0.4758,37.58,16005.86,0.409673,1,63,64.43
272,18949.91,square,0.6521,23.34,19067.38,0.619921,1,6,8.51
273,19832.20,sine,0.9485,32.99,19931.64,0.501390,1,47,43.39
274,12547.00,square,0.3076,23.53,12656.25,0.870733,1,73,89.13
275,5189.24,sine,0.8016,27.00,5273.44,1.622580,1,145,101.27
276,2099.01,triangle,0.8954,38.56,2109.38,0.493763,1,217,168.46
277,19903.25,sine,0.4566,35.16,19995.12,0.461576,1,46,36.68
278,14224.39,sine,0.8342,24.49,14326.17,0.715532,1,35,37.00
279,5252.53,square,0.6336,31.60,5322.27,1.327568,1,143,137.53
280,2738.25,triangle,0.3390,22.59,2753.91,0.571764,1,173,141.44
281,17886.21,triangle,0.8759,36.19,17993.16,0.597950,1,26,29.77
282,13449.60,square,0.1783,28.17,13535.16,0.636143,1,53,68.55
283,8081.08,sine,0.7511,29.92,8203.12,1.510233,1,25,25.32
284,2539.88,sine,0.7149,21.52,2651.37,4.389545,1,180,138.67
285,17172.93,square,0.5325,31.85,17241.21,0.397600,1,40,47.02
286,16668.94,square,0.7102,31.31,16757.81,0.533172,1,49,61.35
287,6073.54,triangle,0.8177,33.17,6152.34,1.297541,1,109,90.15
288,17161.05,triangle,0.7375,36.74,17241.21,0.467093,1,40,34.80
289,14251.96,triangle,0.6568,35.05,14370.12,0.829075,1,34,34.35
290,4013.50,triangle,0.8847,20.58,4057.62,1.099295,1,84,80.01
291,16690.52,sine,0.4016,34.87,16757.81,0.403188,1,49,44.32
292,4054.44,triangle,0.8489,30.15,4086.91,0.801000,1,82,75.99
293,1121.33,sine,0.6552,39.62,,,0,260,161.50
294,13004.46,sine,0.6706,30.80,13095.70,0.701653,1,63,57.83
295,15817.06,sine,0.7849,30.83,15820.31,0.020547,1,1,1.14
296,19296.85,square,0.6694,38.64,19335.94,0.202569,1,1,1.53
297,2947.68,triangle,0.7191,21.36,2973.63,0.880283,1,158,147.84
298,6718.31,triangle,0.1606,31.64,6787.11,1.024091,1,83,83.61
299,7571.78,square,0.1412,37.43,7690.43,1.567024,1,46,61.12
300,19496.29,triangle,0.7747,22.60,19614.26,0.605076,1,52,54.13
301,15407.00,sine,0.1199,26.47,15512.70,0.686017,1,8,8.91
302,10284.22,triangle,0.7150,28.92,10390.62,1.034637,1,57,65.29
303,6198.91,triangle,0.4836,29.03,6274.41,1.218076,1,104,97.00
304,4108.85,triangle,0.7243,24.42,4130.86,0.535594,1,79,65.50
305,2565.24,triangle,0.6891,25.47,2578.12,0.502297,1,185,145.08
306,19066.41,sine,0.4891,38.87,19174.80,0.568523,1,4,4.69
307,8974.82,square,0.4578,25.48,9057.62,0.922561,1,96,102.69
308,19695.58,square,0.9047,24.60,19804.69,0.553993,1,49,59.20
309,5048.99,sine,0.6865,27.37,5273.44,4.445407,1,1,0.98
310,17422.81,square,0.9714,23.71,17509.77,0.499109,1,35,48.16
311,17503.84,triangle,0.7938,36.90,17617.19,0.647557,1,33,29.25
312,15459.46,square,0.2181,20.65,15600.59,0.912905,1,6,6.43
313,18496.11,square,0.8169,29.63,18637.70,0.765492,1,14,19.70
314,3228.86,sine,0.7170,28.61,3369.14,4.344729,1,131,106.59
315,4809.97,square,0.1578,31.64,5053.71,5.067415,1,16,17.03
316,6110.87,triangle,0.3793,29.10,6176.76,1.078129,1,108,97.36
317,1220.79,sine,0.4532,29.60,,,0,260,163.08
318,12400.39,sine,0.7255,37.20,12480.47,0.645773,1,77,73.07
319,15817.17,sine,0.5325,22.10,15898.44,0.513801,1,65,62.76
320,5598.86,triangle,0.2282,29.98,5664.06,1.164652,1,129,130.17
321,12744.96,triangle,0.6037,20.20,12832.03,0.683190,1,69,69.49
322,7202.76,square,0.1791,27.01,7324.22,1.686212,1,61,79.06
323,1630.86,sine,0.4572,22.65,1699.22,4.191636,1,245,291.96
324,11783.28,triangle,0.8205,24.00,11894.53,0.944178,1,13,28.32
325,4182.17,sine,0.6728,34.13,4365.23,4.377281,1,63,172.48
326,1600.14,triangle,0.1468,30.83,1611.33,0.699401,1,251,364.15
327,14472.15,triangle,0.7427,36.03,14589.84,0.813244,1,29,52.28
328,7449.55,triangle,0.1721,37.90,7543.95,1.267078,1,52,52.23
329,11404.26,triangle,0.5071,32.87,11518.55,1.002253,1,24,26.46
330,11001.65,triangle,0.1735,21.21,11108.40,0.970290,1,36,40.01
331,5694.96,sine,0.8846,24.38,5786.13,1.600913,1,124,98.04
332,19541.44,square,0.2639,35.79,19614.26,0.372634,1,52,57.89
333,13515.45,square,0.5998,34.38,13623.05,0.796120,1,51,61.38
334,5340.64,triangle,0.9773,33.01,5273.44,1.258325,1,1,1.33
335,4791.31,triangle,0.1650,20.61,4833.98,0.890734,1,31,29.74
336,5895.97,square,0.8814,34.54,6005.86,1.863721,1,115,124.98
337,15111.42,square,0.4113,27.42,15249.02,0.910566,1,14,14.52
338,19765.34,sine,0.8803,31.57,19868.16,0.520215,1,48,38.45
339,9333.69,triangle,0.5380,37.47,9399.41,0.704127,1,86,78.53
340,18113.34,square,0.3491,31.85,18208.01,0.522667,1,22,30.78
341,18334.90,sine,0.6607,32.63,18422.85,0.479675,1,18,16.80
342,14929.15,sine,0.7442,38.18,15029.30,0.670832,1,19,18.77
343,4413.98,sine,0.9743,23.62,4599.61,4.205509,1,47,44.85
344,17233.32,square,0.3225,37.41,17348.63,0.669146,1,38,44.81
345,9460.80,square,0.4233,31.86,9570.31,1.157541,1,81,74.94
346,4106.95,square,0.9725,25.16,4321.29,5.218844,1,66,68.20
347,13478.00,sine,0.7961,22.62,13579.10,0.750148,1,52,48.66
348,19426.60,square,0.3124,21.47,19487.30,0.312483,1,54,53.02
349,4225.40,square,0.4033,36.58,4438.48,5.042750,1,58,54.49
350,9186.86,sine,0.6554,34.14,9262.70,0.825443,1,90,74.22
351,4173.80,sine,0.1330,34.73,4350.59,4.235705,1,64,52.88
352,13612.29,square,0.8598,36.11,13710.94,0.724724,1,49,56.86
353,12121.73,triangle,0.2853,22.24,12236.33,0.945370,1,3,3.91
354,6125.24,sine,0.5781,38.73,6225.59,1.638193,1,106,94.58
355,1747.53,sine,0.5070,38.68,1816.41,3.941511,1,237,166.20
356,7006.97,square,0.1374,22.97,7104.49,1.391846,1,70,73.48
357,19745.97,triangle,0.1044,39.04,19804.69,0.297353,1,49,52.63
358,13143.28,triangle,0.5093,30.31,13227.54,0.641090,1,60,55.79
359,10288.09,triangle,0.2257,20.60,10356.45,0.664461,1,58,60.59
360,6850.67,triangle,0.2817,33.47,6933.59,1.210464,1,77,76.74
361,19428.33,sine,0.7053,28.88,19487.30,0.303556,1,54,53.06
362,17494.70,sine,0.7234,36.76,17617.19,0.700124,1,33,25.69
363,18947.67,triangle,0.5475,32.36,19067.38,0.631807,1,6,5.18
364,17509.19,square,0.1273,38.62,17617.19,0.616778,1,33,39.88
365,14101.01,triangle,0.2941,33.18,14194.34,0.661851,1,38,38.01
366,8483.42,square,0.1959,33.16,8642.58,1.876064,1,7,6.93
367,19988.86,sine,0.9795,28.14,20058.59,0.348859,1,45,42.62
368,17544.32,triangle,0.6103,34.77,17617.19,0.415359,1,33,34.65
369,17691.80,square,0.3943,33.35,17778.32,0.489067,1,30,32.96
370,16349.07,triangle,0.8180,28.71,16435.55,0.528923,1,55,55.66
371,16538.85,sine,0.5900,20.12,16650.39,0.674415,1,51,47.04
372,7167.13,square,0.4566,33.91,7299.80,1.851144,1,62,66.03
373,8382.60,square,0.3138,27.47,8520.51,1.645120,1,12,15.15
374,5318.12,sine,0.6431,33.36,5395.51,1.455117,1,140,113.65
375,12770.32,square,0.4418,37.27,12875.98,0.827387,1,68,76.28
376,10862.55,square,0.1231,26.82,10971.68,1.004605,1,40,40.30
377,8223.72,square,0.6222,30.67,8349.61,1.530848,1,19,18.42
378,12550.20,triangle,0.8317,34.36,12656.25,0.845032,1,73,69.73
379,19154.95,sine,0.2762,20.15,19282.23,0.664457,1,2,2.17
380,13302.02,triangle,0.3191,38.54,13403.32,0.761544,1,56,55.87
381,2145.08,triangle,0.4165,22.03,2153.32,0.384130,1,214,163.68
382,10231.56,sine,0.3564,26.15,10322.27,0.886494,1,59,56.79
383,16257.49,square,0.3802,32.21,16328.12,0.434464,1,57,63.94
384,14606.86,sine,0.4722,22.44,14677.73,0.485194,1,27,21.99
385,4441.84,triangle,0.2633,30.50,4467.77,0.583898,1,56,43.74
386,14471.88,sine,0.6106,25.13,14589.84,0.815131,1,29,27.28
387,19295.61,square,0.8254,31.00,19335.94,0.208995,1,1,1.46
388,1824.84,square,0.9563,32.03,1918.95,5.157016,1,230,188.88
389,16564.59,triangle,0.3053,24.24,16650.39,0.517986,1,51,43.99
390,12608.64,square,0.8559,38.00,12700.20,0.726141,1,72,76.26
391,7715.01,sine,0.8025,25.50,7836.91,1.580139,1,40,32.58
392,16629.67,square,0.7008,21.91,16704.10,0.447571,1,50,61.97
393,12853.33,square,0.6279,23.36,12963.87,0.860011,1,66,77.25
394,15000.60,triangle,0.2951,21.91,15117.19,0.777211,1,17,19.71
395,1449.13,square,0.6464,30.93,1523.44,5.127504,1,257,189.46
396,5406.99,square,0.6350,29.94,5493.16,1.593662,1,136,115.88
397,19767.92,sine,0.7256,28.09,19868.16,0.507080,1,48,43.33
398,9135.79,triangle,0.7232,39.83,9228.52,1.014941,1,91,89.07
399,3439.49,sine,0.7519,31.57,3588.87,4.342958,1,116,97.02
400,6209.05,sine,0.1771,37.88,6298.83,1.445880,1,103,93.50
401,4645.48,sine,0.3040,27.10,4848.63,4.373147,1,30,30.56
402,2319.05,square,0.1609,36.01,2431.64,4.854896,1,195,175.91
403,5440.53,square,0.8921,33.02,5541.99,1.864940,1,134,126.38
404,11126.20,sine,0.3997,33.39,11245.12,1.068822,1,32,27.29
405,19888.65,square,0.6020,34.61,19995.12,0.535327,1,46,49.82
406,9838.91,sine,0.6061,39.15,9946.29,1.091406,1,70,64.94
407,4330.76,triangle,0.2808,30.72,4350.59,0.457888,1,64,51.99
408,2836.85,square,0.7805,26.95,2973.63,4.821550,1,158,150.39
409,13633.32,triangle,0.9345,24.69,13710.94,0.569302,1,49,50.11
410,8587.00,sine,0.9932,38.54,8715.82,1.500150,1,4,4.32
411,11259.19,triangle,0.5689,32.47,11381.84,1.089337,1,28,26.98
412,2693.36,triangle,0.2149,36.52,2709.96,0.616208,1,176,138.99
413,15858.53,triangle,0.1325,26.06,15952.15,0.590312,1,64,53.55
414,5999.14,square,0.1789,38.74,6103.52,1.739863,1,111,111.74
415,11522.24,sine,0.4573,28.94,11621.09,0.857916,1,21,21.93
416,12411.29,square,0.9275,29.94,12480.47,0.557367,1,77,87.40
417,19851.00,triangle,0.2877,38.61,19931.64,0.406218,1,47,58.57
418,3210.96,triangle,0.4426,37.56,3237.30,0.820412,1,140,114.61
419,17493.08,triangle,0.8110,26.09,17617.19,0.709483,1,33,34.61
420,2537.47,square,0.2562,33.90,2666.02,5.066047,1,179,178.02
421,7575.89,triangle,0.6769,36.45,7666.02,1.189573,1,47,40.67
422,3517.97,triangle,0.9305,29.74,3544.92,0.766155,1,119,113.19
423,12518.81,triangle,0.2574,30.05,12612.30,0.746867,1,74,71.71
424,8574.60,sine,0.4308,21.36,8715.82,1.646990,1,4,3.29
425,1490.43,sine,0.9668,30.99,1552.73,4.180559,1,255,171.86
426,19350.62,square,0.3806,30.12,19423.83,0.378319,1,55,69.62
427,9350.72,sine,0.6767,24.32,9433.59,0.886260,1,85,77.39
428,12772.17,square,0.2368,21.23,12875.98,0.812747,1,68,83.58
429,15834.47,square,0.1523,39.90,15898.44,0.403975,1,65,76.20
430,2097.83,triangle,0.9853,24.78,2109.38,0.550299,1,217,180.64
431,3702.74,sine,0.3729,22.02,3867.19,4.441294,1,97,86.10
432,14151.07,sine,0.5585,39.93,14238.28,0.616319,1,37,37.72
433,16465.44,square,0.3756,32.48,16596.68,0.797091,1,52,68.58
434,11013.79,square,0.2176,37.73,11142.58,1.169355,1,35,45.97
435,9545.91,sine,0.4310,28.28,9638.67,0.971762,1,79,74.93
436,16723.22,triangle,0.7924,20.22,16811.52,0.528029,1,48,53.51
437,8906.93,square,0.1173,25.20,8989.26,0.924358,1,98,103.73
438,15445.51,sine,0.5818,24.30,15556.64,0.719523,1,7,8.47
439,1230.29,sine,0.9783,36.03,,,0,260,177.22
440,19231.96,square,0.1988,30.96,19335.94,0.540669,1,1,1.42
441,9633.17,triangle,0.1883,29.76,9707.03,0.766746,1,77,69.72
442,3850.92,sine,0.7636,29.52,4013.67,4.226186,1,87,76.55
443,8141.88,square,0.5135,35.70,8276.37,1.651827,1,22,32.46
444,17949.61,triangle,0.8082,26.31,18046.88,0.541883,1,25,34.91
445,14074.56,square,0.3292,36.82,14194.34,0.851014,1,38,57.12
446,1730.10,triangle,0.5153,32.74,1743.16,0.755068,1,242,601.17
447,13527.72,triangle,0.6730,32.28,13623.05,0.704644,1,51,54.12
448,2266.39,square,0.2352,34.75,2373.05,4.706082,1,199,169.27
449,10732.22,triangle,0.1375,21.70,10834.96,0.957346,1,44,35.72
450,14610.14,sine,0.1641,20.24,14721.68,0.763410,1,26,21.11
451,19173.53,triangle,0.4179,25.93,19282.23,0.566927,1,2,2.10
452,7644.36,triangle,0.6952,23.70,7739.26,1.241391,1,44,42.12
453,4308.08,sine,0.6943,35.29,4497.07,4.386944,1,54,49.72
454,6035.88,sine,0.1740,39.36,6127.93,1.525006,1,110,95.05
455,6613.45,triangle,0.6622,27.64,6689.45,1.149209,1,87,83.11
456,4908.06,sine,0.6535,35.49,5126.95,4.459914,1,11,11.68
457,13234.18,square,0.1378,39.37,13315.43,0.613932,1,58,68.37
458,16175.57,sine,0.9820,32.04,16274.41,0.611072,1,58,56.67
459,12066.03,triangle,0.8306,33.13,12167.97,0.844837,1,5,5.77
460,3433.82,square,0.9353,24.49,3603.52,4.941916,1,115,121.53
461,8071.17,square,0.4955,32.26,8203.12,1.634850,1,25,31.62
462,18918.44,sine,0.2094,23.95,19013.67,0.503376,1,7,7.08
463,17851.57,square,0.3573,36.32,17939.45,0.492282,1,27,35.01
464,17366.03,triangle,0.9270,25.04,17456.05,0.518396,1,36,34.13
465,15345.80,square,0.8578,34.57,15468.75,0.801218,1,9,11.04
466,15752.50,square,0.2597,30.90,15820.31,0.430478,1,1,1.36
467,19708.73,triangle,0.1389,23.30,19804.69,0.486903,1,49,45.29
468,3502.85,triangle,0.8360,24.27,3530.27,0.782984,1,120,106.55
469,10611.20,triangle,0.7595,30.84,10698.24,0.820275,1,48,38.98
470,12216.61,square,0.3678,31.30,12304.69,0.720997,1,1,1.03
471,14088.82,triangle,0.6727,35.22,14194.34,0.748929,1,38,39.89
472,4041.36,square,0.1084,24.93,4248.05,5.114262,1,71,76.93
473,14802.77,triangle,0.1893,28.03,14897.46,0.639666,1,22,24.94
474,16201.35,sine,0.5996,34.66,16274.41,0.450985,1,58,56.31
475,12703.72,sine,0.4198,35.68,12788.09,0.664076,1,70,66.84
476,11530.30,sine,0.7849,20.71,11655.27,1.083837,1,20,20.67
477,15168.94,sine,0.9623,27.36,15292.97,0.817637,1,13,13.58
478,7211.70,sine,0.3750,37.53,7324.22,1.560215,1,61,58.94
479,19930.35,square,0.5037,34.44,19995.12,0.324955,1,46,48.49
480,17837.72,square,0.4524,28.25,17939.45,0.570327,1,27,27.49
481,14216.74,sine,0.6576,27.11,14326.17,0.769706,1,35,28.78
482,16089.75,sine,0.6294,29.62,16166.99,0.480075,1,60,47.47
483,13204.18,sine,0.6220,31.23,13315.43,0.842496,1,58,46.51
484,11652.54,square,0.7088,36.10,11791.99,1.196738,1,16,19.86
485,6126.59,triangle,0.5484,21.54,6201.17,1.217286,1,107,85.55
486,2112.47,square,0.8064,34.15,2211.91,4.707594,1,210,180.88
487,15983.68,square,0.4962,22.95,16059.57,0.474772,1,62,68.37
488,7235.66,square,0.1797,24.41,7348.63,1.561301,1,60,62.81
489,12366.28,triangle,0.9985,38.66,12436.52,0.568019,1,78,66.89
490,13208.74,square,0.6726,35.71,13315.43,0.807730,1,58,64.45
491,3248.39,square,0.8558,27.68,3398.44,4.619211,1,129,123.18
492,11865.57,square,0.2660,27.24,11962.89,0.820167,1,11,13.70
493,7355.71,sine,0.1218,36.63,7470.70,1.563256,1,55,50.79
494,6188.35,square,0.3689,38.81,6298.83,1.785336,1,103,108.92
495,5926.64,square,0.8855,36.84,6030.27,1.748631,1,114,106.49
496,4535.93,triangle,0.5124,29.66,4570.31,0.758071,1,49,47.38
497,3536.12,sine,0.7551,29.93,3691.41,4.391446,1,109,95.58
498,9300.16,triangle,0.7890,23.18,9399.41,1.067193,1,86,67.71
499,12594.28,sine,0.7762,33.14,12700.20,0.840997,1,72,62.51
500,19175.68,sine,0.1513,25.64,19282.23,0.555645,1,2,2.00
501,5972.41,sine,0.9156,24.99,6079.10,1.786441,1,112,94.60
502,6167.04,triangle,0.5048,35.53,6250.00,1.345137,1,105,100.21
503,2241.96,square,0.1303,21.25,2343.75,4.540364,1,201,169.60
504,18222.31,sine,0.5792,28.22,18315.43,0.511011,1,20,20.02
505,7599.52,triangle,0.1196,33.28,7690.43,1.196213,1,46,48.00
506,19304.49,square,0.9431,21.05,19335.94,0.162880,1,1,1.44
507,8957.07,sine,0.7577,39.63,9057.62,1.122511,1,96,78.80
508,5874.07,square,0.2783,31.31,5981.45,1.827934,1,116,111.29
509,9814.72,triangle,0.6477,26.99,9912.11,0.992307,1,71,64.45
510,3167.82,sine,0.3028,25.02,3310.55,4.505526,1,135,110.62
511,17161.71,square,0.5711,22.30,17294.92,0.776244,1,39,40.81
512,17342.65,triangle,0.1609,34.16,17402.34,0.344178,1,37,35.43
513,11327.23,sine,0.5125,29.69,11450.20,1.085607,1,26,26.88
514,4149.72,triangle,0.8650,33.38,4174.80,0.604582,1,76,71.35
515,9783.62,square,0.6859,30.91,9877.93,0.964000,1,72,72.59
516,2183.19,square,0.8258,29.18,2285.16,4.670564,1,205,177.17
517,1987.17,triangle,0.2812,25.17,1992.19,0.252244,1,225,157.22
518,4129.42,sine,0.7811,30.39,4306.64,4.291641,1,67,66.99
519,4892.74,triangle,0.8916,37.41,4921.88,0.595388,1,25,27.53
520,5537.13,square,0.9865,35.44,5639.65,1.851509,1,130,117.20
521,1516.18,sine,0.5175,38.18,1582.03,4.343165,1,253,159.36
522,11235.33,square,0.1949,33.14,11347.66,0.999722,1,29,37.66
523,16619.96,square,0.7981,39.29,16704.10,0.506268,1,50,62.37
524,4871.56,square,0.3584,35.86,5126.95,5.242474,1,11,12.65
525,11974.27,square,0.8181,27.92,12099.61,1.046706,1,7,7.23
526,18386.71,square,0.2422,33.92,18476.56,0.488675,1,17,22.73
527,16071.97,sine,0.8715,38.12,16166.99,0.591256,1,60,56.16
528,6261.19,triangle,0.2266,24.04,6323.24,0.991137,1,102,97.47
529,4500.27,triangle,0.6889,23.04,4526.37,0.579859,1,52,46.23
530,9366.14,square,0.1751,37.65,9467.77,1.085062,1,84,95.20
531,16268.47,square,0.9704,28.36,16381.84,0.696862,1,56,56.30
532,19698.10,triangle,0.6712,23.32,19804.69,0.541126,1,49,47.88
533,17756.63,square,0.2460,20.25,17832.03,0.424652,1,29,38.29
534,11635.36,square,0.7474,37.81,11757.81,1.052434,1,17,24.25
535,2508.73,triangle,0.2687,37.16,2519.53,0.430742,1,189,161.01
536,16562.21,square,0.7392,26.29,16650.39,0.532440,1,51,66.72
537,9952.19,triangle,0.5133,27.16,10048.83,0.971023,1,67,53.05
538,10390.04,triangle,0.4017,23.48,10458.98,0.663596,1,55,45.31
539,14528.27,triangle,0.1906,24.80,14633.79,0.726327,1,28,25.05
540,3697.47,square,0.5053,34.98,3881.84,4.986335,1,96,95.16
541,13371.80,square,0.4171,36.83,13491.21,0.892975,1,54,69.53
542,9954.46,triangle,0.6707,22.53,10048.83,0.948037,1,67,70.06
543,13847.37,sine,0.7177,21.39,13930.66,0.601489,1,44,45.04
544,4322.75,triangle,0.3045,36.74,4350.59,0.644003,1,64,67.10
545,6306.25,square,0.7247,30.25,6420.90,1.818083,1,98,109.05
546,6800.90,sine,0.1299,26.08,6909.18,1.592095,1,78,65.73
547,13410.09,triangle,0.8841,35.32,13491.21,0.604902,1,54,57.43
548,15980.50,square,0.3343,38.14,16059.57,0.494795,1,62,70.12
549,13743.91,square,0.1999,28.94,13842.77,0.719297,1,46,55.54
550,9746.81,triangle,0.5920,27.61,9843.75,0.994611,1,73,79.43
551,19559.21,sine,0.4803,20.84,19614.26,0.281461,1,52,49.60
552,15058.18,triangle,0.3520,37.17,15161.13,0.683712,1,16,16.40
553,6552.15,triangle,0.7786,36.10,6640.62,1.350376,1,89,89.60
554,1342.12,triangle,0.7540,26.10,,,0,260,187.49
555,16758.50,sine,0.8855,22.25,16865.23,0.636905,1,47,47.49
556,14370.03,square,0.1869,24.84,14458.01,0.612206,1,32,43.05
557,1235.68,square,0.3711,31.97,,,0,260,200.82
558,6647.52,sine,0.7689,20.96,6738.28,1.365365,1,85,83.03
559,18155.00,triangle,0.7010,31.86,18261.72,0.587793,1,21,22.31
560,17953.75,sine,0.1711,24.79,18046.88,0.518708,1,25,26.68
561,16096.99,sine,0.6245,39.91,16166.99,0.434894,1,60,58.12
562,17258.23,square,0.1573,36.63,17348.63,0.523849,1,38,41.36
563,12380.59,sine,0.1845,38.19,12480.47,0.806723,1,77,124.42
564,13714.80,triangle,0.8911,31.44,13798.83,0.612645,1,47,81.14
565,10831.48,square,0.3853,28.69,10971.68,1.294366,1,40,108.35
566,15703.71,square,0.9033,28.87,15820.31,0.742493,1,1,1.43
567,12534.70,square,0.6325,34.05,12612.30,0.619103,1,74,77.59
568,5511.24,square,0.1938,27.69,5615.23,1.887026,1,131,124.20
569,10265.67,square,0.9555,32.01,10356.45,0.884219,1,58,72.73
570,15128.28,square,0.6707,21.42,15249.02,0.798101,1,14,19.05
571,5833.44,square,0.5252,20.91,5908.20,1.281630,1,119,115.93
572,3660.46,sine,0.9744,26.63,3823.24,4.447103,1,100,91.38
573,10158.78,sine,0.6497,25.61,10253.91,0.936393,1,61,58.65
574,4932.86,square,0.1050,20.15,5200.20,5.419501,1,6,8.40
575,5162.31,sine,0.1972,26.78,5273.44,2.152722,1,1,1.43
576,16249.13,square,0.5614,25.87,16328.12,0.486162,1,57,70.44
577,18703.32,square,0.1784,32.34,18798.83,0.510644,1,11,15.20
578,3162.93,square,0.5567,37.48,3325.20,5.130239,1,134,137.02
579,10377.39,triangle,0.9935,22.63,10493.16,1.115686,1,54,48.03
580,6219.90,square,0.4796,28.22,6323.24,1.661493,1,102,109.61
581,18244.61,triangle,0.6471,26.19,18369.14,0.682566,1,19,19.73
582,16652.02,triangle,0.8391,20.03,16757.81,0.635330,1,49,47.87
583,13091.63,sine,0.3318,21.19,13183.59,0.702493,1,61,53.22
584,12472.11,triangle,0.2030,27.68,12568.36,0.771688,1,75,69.40
585,9668.49,square,0.2089,28.38,9775.39,1.105622,1,75,78.55
586,15272.38,sine,0.1722,27.10,15380.86,0.710279,1,11,10.83
587,18892.79,triangle,0.7108,27.24,19013.67,0.639839,1,7,5.98
588,12279.56,sine,0.6725,38.27,12304.69,0.204669,1,1,0.92
589,12638.90,triangle,0.7516,22.41,12744.14,0.832705,1,71,66.34
590,18146.61,sine,0.5806,22.84,18261.72,0.634311,1,21,21.52
591,1222.43,square,0.3655,29.72,,,0,260,198.45
592,11966.80,sine,0.2107,31.17,12099.61,1.109833,1,7,7.42
593,7520.18,triangle,0.6871,36.91,7617.19,1.289966,1,49,52.64
594,14157.36,square,0.7057,25.51,14282.23,0.881964,1,36,45.22
595,6819.96,triangle,0.5018,35.97,6909.18,1.308267,1,78,78.73
596,16626.03,triangle,0.9250,28.62,16704.10,0.469604,1,50,44.06
597,7058.47,square,0.4341,32.02,7177.73,1.689670,1,67,79.81
598,14406.13,triangle,0.4371,23.34,14501.95,0.665146,1,31,31.67
599,9180.06,sine,0.9011,26.92,9262.70,0.900189,1,90,86.16
600,3934.74,sine,0.6812,32.74,4116.21,4.612146,1,80,72.17
601,7471.48,sine,0.4687,26.22,7592.77,1.623431,1,50,47.35
602,13865.29,square,0.4281,24.36,13974.61,0.788423,1,43,50.82
603,19772.68,square,0.7194,22.81,19868.16,0.482892,1,48,56.52
604,10226.20,sine,0.5549,39.28,10322.27,0.939364,1,59,53.24
605,8299.93,sine,0.1279,27.76,8422.85,1.481025,1,16,15.26
606,4040.47,sine,0.7806,29.17,4218.75,4.412260,1,73,62.87
607,6495.65,triangle,0.2045,39.12,6567.38,1.104310,1,92,88.55
608,6965.37,triangle,0.6426,36.53,7055.66,1.296363,1,72,63.61
609,19696.25,sine,0.9650,27.79,19804.69,0.550548,1,49,41.78
610,8324.73,square,0.5873,23.08,8471.68,1.765265,1,14,15.78
611,11520.52,square,0.7857,36.67,11621.09,0.873012,1,21,27.66
612,9368.39,sine,0.3334,23.89,9467.77,1.060885,1,84,70.86
613,2095.30,square,0.3432,39.33,2197.27,4.866194,1,211,160.96
614,11596.47,square,0.6224,22.78,11689.45,0.801843,1,19,19.52
615,9436.83,square,0.5400,28.04,9536.13,1.052277,1,82,86.16
616,19883.12,triangle,0.6611,31.39,19995.12,0.563281,1,46,44.87
617,12792.55,sine,0.4556,20.79,12875.98,0.652157,1,68,61.53
618,10035.37,square,0.3050,39.28,10151.37,1.155836,1,64,75.59
619,18279.64,triangle,0.5800,37.40,18369.14,0.489632,1,19,20.66
620,3482.39,triangle,0.2123,35.88,3500.98,0.533599,1,122,98.93
621,6239.58,triangle,0.9496,22.98,6323.24,1.340769,1,102,100.30
622,9790.84,triangle,0.5351,37.27,9877.93,0.889538,1,72,71.13
623,12185.90,square,0.3572,24.06,12304.69,0.974804,1,1,1.19
624,15474.17,square,0.5601,29.85,15600.59,0.816977,1,6,8.63
625,11968.30,triangle,0.9827,28.15,12099.61,1.097130,1,7,8.75
626,16722.86,triangle,0.6162,39.12,16811.52,0.530196,1,48,48.38
627,4809.02,sine,0.8686,28.78,5024.41,4.479051,1,18,17.69
628,17092.41,triangle,0.1562,37.67,17187.50,0.556339,1,41,39.00
629,9518.06,square,0.6639,38.53,9604.49,0.908064,1,80,82.20
630,1363.21,square,0.7189,34.45,,,0,260,180.26
631,14158.12,sine,0.3695,27.17,14282.23,0.876602,1,36,34.25
632,16284.31,sine,0.2896,39.15,16381.84,0.598914,1,56,49.89
633,1168.40,triangle,0.7091,36.57,,,0,260,175.96
634,6597.77,sine,0.7641,36.68,6713.87,1.759666,1,86,73.19
635,15069.05,sine,0.7781,35.38,15161.13,0.611096,1,16,14.24
636,13512.27,triangle,0.8613,32.27,13623.05,0.819826,1,51,52.17
637,2683.49,square,0.1699,28.15,2812.50,4.807562,1,169,164.43
638,8735.02,sine,0.4139,22.22,8789.06,0.618650,1,1,1.86
639,16356.47,triangle,0.1651,39.10,16435.55,0.483466,1,55,49.41
640,10928.96,sine,0.1692,30.01,11040.04,1.016416,1,38,34.82
641,16095.80,triangle,0.1452,21.46,16166.99,0.442332,1,60,58.12
642,8654.59,sine,0.3091,25.62,8789.06,1.553743,1,1,0.92
643,16266.17,triangle,0.4646,38.12,16328.12,0.380869,1,57,55.23
644,7108.42,square,0.3034,32.81,7226.56,1.662032,1,65,73.09
645,19600.64,square,0.4220,32.96,19677.73,0.393320,1,51,60.19
646,3335.49,triangle,0.5528,28.99,3354.49,0.569610,1,132,122.97
647,12131.43,square,0.1646,33.65,12236.33,0.864672,1,3,4.07
648,5596.70,triangle,0.8403,36.08,5664.06,1.203576,1,129,122.99
649,11497.52,square,0.2286,35.51,11586.91,0.777522,1,22,31.46
650,6156.78,square,0.3558,22.68,6250.00,1.514132,1,105,113.06
651,12961.60,sine,0.7738,26.35,13051.76,0.695605,1,64,61.23
652,1002.56,square,0.1422,25.52,,,0,260,202.82
653,14432.55,sine,0.8554,20.08,14545.90,0.785344,1,30,30.79
654,5689.65,triangle,0.3846,22.04,5761.72,1.266601,1,125,116.39
655,7844.44,sine,0.8584,26.27,7958.98,1.460141,1,35,36.38
656,15989.72,triangle,0.4904,38.20,16059.57,0.436864,1,62,67.12
657,8169.04,triangle,0.1804,33.74,8276.37,1.313791,1,22,20.13
658,10382.47,square,0.6694,34.08,10493.16,1.066195,1,54,60.73
659,1082.90,sine,0.7417,33.33,,,0,260,180.75
660,19354.90,triangle,0.9557,34.05,19423.83,0.356114,1,55,48.51
661,6662.99,sine,0.8036,32.88,6762.70,1.496375,1,84,75.95
662,1915.53,square,0.9611,30.01,2006.84,4.766383,1,224,188.82
663,9221.85,square,0.2880,27.37,9331.05,1.184156,1,88,105.25
664,8026.45,sine,0.7908,28.33,8154.30,1.592796,1,27,21.45
665,16621.42,triangle,0.2908,33.15,16704.10,0.497453,1,50,49.82
666,9973.35,triangle,0.2942,33.56,10048.83,0.756755,1,67,64.53
667,12547.29,sine,0.2229,33.03,12656.25,0.868392,1,73,69.88
668,15033.35,sine,0.6803,27.90,15117.19,0.557665,1,17,17.76
669,14550.93,sine,0.9012,25.75,14633.79,0.569436,1,28,25.93
670,7987.93,sine,0.2004,30.32,8105.47,1.471407,1,29,32.43
671,6084.26,triangle,0.1132,27.58,6152.34,1.119000,1,109,105.78
672,7409.57,sine,0.2119,28.27,7543.95,1.813601,1,52,49.70
673,10364.43,square,0.5778,31.90,10458.98,0.912325,1,55,65.70
674,1188.55,square,0.9671,30.38,,,0,260,214.85
675,13873.30,sine,0.7966,35.46,13974.61,0.730225,1,43,35.96
676,10904.62,triangle,0.2130,20.34,11005.86,0.928363,1,39,35.84
677,15633.01,triangle,0.2082,25.31,15732.42,0.635936,1,3,3.99
678,1333.49,sine,0.7958,30.36,,,0,260,195.56
679,7613.82,square,0.1012,26.00,7739.26,1.647551,1,44,67.06
680,13282.72,triangle,0.8624,20.47,13403.32,0.907979,1,56,68.73
681,18072.65,triangle,0.8023,29.16,18154.30,0.451762,1,23,29.72
682,8562.10,sine,0.1591,24.56,8691.41,1.510210,1,5,5.68
683,5685.47,square,0.7727,29.48,5786.13,1.770544,1,124,328.12
684,2099.04,triangle,0.9485,35.70,2109.38,0.492151,1,217,413.37
685,19835.23,square,0.9665,21.51,19931.64,0.486057,1,47,59.99
686,7947.93,sine,0.2762,22.82,8081.05,1.674907,1,30,30.37
687,12825.86,triangle,0.6205,22.94,12919.92,0.733383,1,67,61.68
688,16411.35,square,0.4493,33.48,16489.26,0.474709,1,54,65.19
689,5938.19,square,0.9257,25.81,6030.27,1.550620,1,114,119.69
690,9929.78,triangle,0.7369,21.24,10014.65,0.854715,1,68,62.38
691,3798.76,sine,0.6678,28.95,3969.73,4.500648,1,90,72.29
692,3551.22,triangle,0.5767,24.84,3574.22,0.647568,1,117,103.82
693,10511.47,triangle,0.1686,25.49,10595.70,0.801365,1,51,51.86
694,16332.34,square,0.5919,28.66,16435.55,0.631891,1,55,66.29
695,1834.10,sine,0.5010,24.18,1918.95,4.626054,1,230,155.53
696,1949.60,triangle,0.9831,35.86,1962.89,0.681631,1,227,163.81
697,17221.91,sine,0.9646,23.94,17294.92,0.423927,1,39,39.19
698,19077.17,triangle,0.7406,39.62,19174.80,0.511807,1,4,4.52
699,11821.26,sine,0.4933,31.87,11928.71,0.908999,1,12,12.03
700,2388.55,square,0.9831,23.80,2504.88,4.870451,1,190,183.08
701,16059.31,triangle,0.9493,39.20,16166.99,0.670546,1,60,56.52
702,10907.73,triangle,0.7816,23.23,11005.86,0.899602,1,39,32.15
703,10061.10,triangle,0.3226,32.81,10151.37,0.897170,1,64,57.91
704,13665.41,sine,0.6086,35.43,13754.88,0.654746,1,48,42.57
705,10479.02,sine,0.1081,27.14,10595.70,1.113516,1,51,47.39
706,18597.69,sine,0.6709,24.44,18691.41,0.503928,1,13,10.74
707,7111.73,triangle,0.7560,21.91,7202.15,1.271401,1,66,61.37
708,9145.34,sine,0.5328,33.25,9228.52,0.909504,1,91,76.41
709,3251.55,sine,0.4581,38.39,3398.44,4.517466,1,129,102.75
710,19871.85,sine,0.7849,27.43,19931.64,0.300905,1,47,45.80
711,8456.71,triangle,0.9266,39.02,8569.34,1.331847,1,10,10.85
712,11965.33,square,0.8088,25.02,12065.43,0.836588,1,8,10.64
713,11717.41,square,0.6910,24.81,11826.17,0.928237,1,15,20.19
714,4640.27,triangle,0.1916,30.12,4672.85,0.702235,1,42,41.14
715,5196.20,sine,0.1324,23.50,5273.44,1.486367,1,145,114.46
716,17468.64,sine,0.9554,31.63,17563.48,0.542915,1,34,33.05
717,9295.67,square,0.5650,35.18,9399.41,1.116051,1,86,96.37
718,6367.43,square,0.9047,38.93,6469.73,1.606635,1,96,105.90
719,17958.61,square,0.8023,29.53,18046.88,0.491512,1,25,31.13
720,10453.26,sine,0.6320,23.72,10561.52,1.035718,1,52,43.31
721,7299.73,triangle,0.2864,21.42,7397.46,1.338839,1,58,56.47
722,2311.14,triangle,0.5562,28.19,2314.45,0.143170,1,203,150.71
723,16406.69,triangle,0.3990,33.87,16489.26,0.503238,1,54,48.01
724,15651.33,square,0.2364,37.52,15776.37,0.798869,1,2,3.03
725,11242.80,sine,0.4827,20.75,11347.66,0.932684,1,29,29.94
726,3429.47,triangle,0.1000,28.33,3457.03,0.803682,1,125,107.44
727,10927.69,sine,0.9758,24.52,11040.04,1.028082,1,38,33.63
728,6779.78,sine,0.3074,20.03,6884.77,1.548576,1,79,67.94
729,14857.55,triangle,0.3019,33.26,14985.35,0.860172,1,20,21.30
730,15096.03,triangle,0.4804,26.06,15205.08,0.722362,1,15,14.05
731,7180.61,triangle,0.8351,23.63,7250.98,0.979987,1,64,54.66
732,8047.88,triangle,0.8260,39.70,8154.30,1.322308,1,27,21.70
733,15330.72,square,0.6316,33.22,15468.75,0.900369,1,9,9.13
734,2490.66,square,0.7384,23.35,2622.07,5.276103,1,182,161.35
735,15832.00,square,0.9570,20.85,15898.44,0.419624,1,65,82.87
736,6041.20,square,0.3669,34.29,6152.34,1.839820,1,109,114.35
737,15421.10,sine,0.5625,30.18,15512.70,0.593959,1,8,9.19
738,8016.33,triangle,0.8448,33.94,8105.47,1.111906,1,29,25.76
739,14572.21,square,0.9289,33.89,14677.73,0.724175,1,27,36.27
740,14850.64,triangle,0.3467,36.14,14941.41,0.611193,1,21,17.51
741,4709.57,square,0.4020,39.57,4951.17,5.129987,1,23,22.90
742,17274.21,triangle,0.7544,31.24,17348.63,0.430848,1,38,39.09
743,18994.72,square,0.4425,23.26,19121.09,0.665296,1,5,7.05
744,15937.91,triangle,0.4459,20.50,16005.86,0.426354,1,63,63.39
745,16940.95,sine,0.7333,39.41,17026.37,0.504210,1,44,45.09
746,9315.57,sine,0.7344,36.34,9399.41,0.900094,1,86,82.20
747,11382.18,triangle,0.1465,30.10,11484.38,0.897886,1,25,28.59
748,14650.62,triangle,0.2613,36.00,14765.62,0.784949,1,25,26.75
749,11501.43,square,0.2185,37.31,11621.09,1.040386,1,21,28.11
750,3988.19,sine,0.3610,37.43,4160.16,4.311862,1,77,67.08
751,13781.36,triangle,0.3254,32.50,13886.72,0.764525,1,45,34.45
752,11863.17,triangle,0.9155,20.24,11962.89,0.840559,1,11,9.09
753,13806.38,sine,0.5940,25.75,13886.72,0.581907,1,45,43.06
754,6828.76,square,0.6592,26.68,6933.59,1.535248,1,77,91.18
755,14921.28,square,0.1615,35.68,15029.30,0.723898,1,19,25.52
756,6429.41,square,0.7169,26.65,6542.97,1.766268,1,93,102.51
757,2075.13,square,0.9500,32.83,2182.62,5.179909,1,212,196.34
758,13758.10,square,0.2791,28.37,13842.77,0.615416,1,46,62.67
759,15267.86,sine,0.3501,25.53,15380.86,0.740138,1,11,11.43
760,9208.36,triangle,0.1608,30.37,9296.88,0.961250,1,89,84.01
761,4407.93,triangle,0.2020,28.07,4438.48,0.693015,1,58,46.95
762,15019.81,triangle,0.4805,26.93,15117.19,0.648296,1,17,14.54
763,8554.64,sine,0.2848,29.66,8691.41,1.598795,1,5,4.68
764,6102.14,sine,0.6911,39.37,6201.17,1.622881,1,107,88.93
765,12469.11,sine,0.1680,39.03,12568.36,0.795988,1,75,70.92
766,6648.53,sine,0.6391,32.47,6762.70,1.717227,1,84,69.57
767,13321.59,sine,0.1136,39.30,13403.32,0.613506,1,56,51.24
768,5766.97,triangle,0.7360,32.20,5834.96,1.179009,1,122,99.79
769,6945.24,sine,0.6379,37.32,7055.66,1.589917,1,72,62.87
770,18987.94,sine,0.2393,38.89,19121.09,0.701250,1,5,4.18
771,14994.17,triangle,0.2824,31.75,15117.19,0.820440,1,17,15.10
772,14321.65,triangle,0.4673,20.31,14414.06,0.645248,1,33,32.44
773,12075.60,sine,0.5052,39.15,12202.15,1.048009,1,4,3.63
774,8581.67,triangle,0.2697,33.45,8691.41,1.278716,1,5,5.49
775,19563.13,sine,0.1075,28.67,19614.26,0.261337,1,52,40.46
776,2759.88,triangle,0.9231,28.68,2768.55,0.314162,1,172,143.70
777,5915.52,square,0.7511,20.18,6005.86,1.527138,1,115,119.95
778,12199.63,square,0.6739,24.84,12304.69,0.861188,1,1,1.55
779,14567.00,sine,0.2793,37.55,14677.73,0.760161,1,27,29.78
780,15035.74,sine,0.3235,24.29,15161.13,0.833966,1,16,12.48
781,6145.32,sine,0.1563,29.18,6250.00,1.703406,1,105,92.99
782,14921.94,square,0.7056,21.62,15029.30,0.719483,1,19,29.25
783,19078.32,triangle,0.8246,36.46,19174.80,0.505711,1,4,4.58
784,18721.50,square,0.2803,32.34,18852.54,0.699941,1,10,13.43
785,15114.75,triangle,0.5693,21.37,15249.02,0.888371,1,14,15.29
786,8051.15,triangle,0.6260,30.77,8154.30,1.281197,1,27,26.28
787,6108.22,square,0.9058,33.33,6201.17,1.521804,1,107,115.13
788,15960.35,square,0.6672,24.97,16059.57,0.621645,1,62,67.99
789,14403.76,square,0.4983,32.99,14501.95,0.681748,1,31,43.90
790,18789.33,sine,0.8423,25.85,18906.25,0.622258,1,9,9.57
791,9434.47,sine,0.3709,30.05,9536.13,1.077572,1,82,72.26
792,2067.35,square,0.9344,22.11,2167.97,4.867270,1,213,186.41
793,15524.37,square,0.6897,25.20,15644.53,0.773992,1,5,5.54
794,4030.35,sine,0.1634,23.71,4218.75,4.674454,1,73,58.30
795,13620.17,triangle,0.8327,33.70,13710.94,0.666432,1,49,42.85
796,3098.21,sine,0.3788,25.00,3237.30,4.489673,1,140,240.92
797,10785.11,square,0.4212,27.08,10903.32,1.096074,1,42,180.80
798,16742.56,triangle,0.3770,38.28,16811.52,0.411927,1,48,155.06
799,19103.49,sine,0.4190,30.11,19228.52,0.654489,1,3,8.39
800,18881.30,triangle,0.1923,27.85,19013.67,0.701098,1,7,28.75
801,11514.05,square,0.2745,37.18,11655.27,1.226508,1,20,94.79
802,13861.87,triangle,0.8729,34.97,13974.61,0.813270,1,43,147.33
803,9345.00,square,0.2443,33.47,9433.59,0.948018,1,85,152.43
804,4405.81,triangle,0.3066,22.35,4438.48,0.741400,1,58,59.93
805,4140.41,sine,0.7469,34.65,4321.29,4.368745,1,66,53.64
806,10783.73,sine,0.1752,20.38,10903.32,1.108954,1,42,42.21
807,4149.22,triangle,0.3174,27.09,4189.45,0.969768,1,75,75.18
808,3001.56,sine,0.5673,32.16,3134.77,4.437733,1,147,115.31
809,5661.69,sine,0.4519,24.68,5737.30,1.335479,1,126,110.72
810,5171.52,triangle,0.6547,31.14,5214.84,0.837649,1,5,5.88
811,8899.73,square,0.5868,33.93,8989.26,1.005995,1,98,99.91
812,14340.78,sine,0.5501,28.24,14458.01,0.817473,1,32,26.26
813,17540.01,square,0.5793,22.31,17617.19,0.439995,1,33,37.54
814,12507.12,sine,0.4035,22.86,12612.30,0.840999,1,74,65.58
815,14149.40,sine,0.4527,37.91,14238.28,0.628168,1,37,37.51
816,4882.01,square,0.4773,20.36,5126.95,5.017232,1,11,15.12
817,16062.40,sine,0.5268,31.21,16166.99,0.651136,1,60,57.72
818,12940.10,triangle,0.3279,20.20,13051.76,0.862861,1,64,59.05
819,14745.43,square,0.8525,36.43,14853.52,0.733014,1,23,23.38
820,17023.20,square,0.4003,35.83,17133.79,0.649654,1,42,50.12
821,9574.59,sine,0.8695,37.65,9672.85,1.026294,1,78,72.47
822,9859.89,sine,0.4490,36.07,9946.29,0.876315,1,70,65.18
823,18133.71,sine,0.1603,37.55,18261.72,0.705935,1,21,21.75
824,8398.69,square,0.9713,21.33,8544.92,1.741081,1,11,15.38
825,13318.04,sine,0.4379,36.08,13403.32,0.640321,1,56,47.85
826,9235.97,triangle,0.6032,26.42,9296.88,0.659406,1,89,79.30
827,5182.12,square,0.4353,21.37,5249.02,1.291138,1,146,147.13
828,8021.91,square,0.7505,33.13,8154.30,1.650319,1,27,31.42
829,14466.55,sine,0.2959,33.23,14589.84,0.852286,1,29,27.18
830,10195.80,sine,0.8240,35.46,10288.09,0.905157,1,60,57.53
831,11419.96,sine,0.7899,31.67,11552.73,1.162616,1,23,22.58
832,15857.24,triangle,0.8227,30.36,15952.15,0.598521,1,64,65.73
833,3666.17,triangle,0.6584,34.85,3691.41,0.688469,1,109,106.21
834,4227.74,sine,0.9014,35.00,4409.18,4.291669,1,60,52.94
835,18256.34,triangle,0.6374,33.08,18369.14,0.617864,1,19,16.32
836,17893.43,square,0.6692,23.13,17993.16,0.557375,1,26,34.64
837,10004.50,triangle,0.3438,24.05,10083.01,0.784693,1,66,68.57
838,6962.71,sine,0.2934,28.50,7080.08,1.685677,1,71,68.44
839,18248.93,square,0.2691,21.54,18369.14,0.658717,1,19,25.69
840,14226.97,square,0.8396,33.19,14326.17,0.697303,1,35,43.01
841,16128.59,sine,0.7231,25.28,16220.70,0.571132,1,59,48.98
842,18842.30,square,0.3921,25.39,18959.96,0.624445,1,8,9.49
843,4627.61,triangle,0.2968,31.91,4658.20,0.661206,1,43,42.98
844,6028.07,square,0.8334,35.56,6127.93,1.656654,1,110,117.70
845,15456.18,sine,0.1795,33.98,15556.64,0.650001,1,7,7.46
846,7998.60,square,0.1280,25.19,8129.88,1.641360,1,28,34.90
847,1639.85,triangle,0.3191,31.15,1640.62,0.047158,1,249,183.80
848,1740.61,triangle,0.3907,37.96,1743.16,0.146901,1,242,174.87
849,17874.25,sine,0.9109,39.92,17993.16,0.665306,1,26,27.00
850,16682.90,triangle,0.3241,31.53,16757.81,0.449052,1,49,44.81
851,2277.86,sine,0.9990,26.53,2373.05,4.178677,1,199,134.26
852,15215.49,triangle,0.8722,39.95,15336.91,0.798001,1,12,10.43
853,5588.43,sine,0.4701,22.60,5688.48,1.790186,1,128,105.00
854,1426.09,square,0.8054,31.32,1494.14,4.771693,1,259,198.39
855,6942.78,square,0.3088,20.29,7055.66,1.625894,1,72,83.75
856,15522.71,square,0.7861,20.78,15644.53,0.784766,1,5,6.96
857,16905.27,square,0.6071,32.49,17026.37,0.716311,1,44,52.78
858,17424.23,square,0.6229,39.81,17509.77,0.490891,1,35,43.50
859,15377.87,square,0.7367,27.78,15512.70,0.876728,1,8,10.53
860,5348.63,square,0.9354,38.58,5444.34,1.789282,1,138,129.55
861,7496.20,square,0.2905,39.91,7617.19,1.613981,1,49,53.48
862,19641.24,square,0.8240,34.30,19741.21,0.508984,1,50,51.69
863,12270.01,sine,0.5093,33.50,12304.69,0.282651,1,1,0.95
864,13873.10,square,0.9475,23.35,13974.61,0.731694,1,43,45.86
865,10506.83,triangle,0.7274,32.97,10595.70,0.845866,1,51,42.41
866,6230.48,sine,0.6723,31.99,6323.24,1.488909,1,102,85.22
867,4407.76,triangle,0.5097,33.36,4438.48,0.696779,1,58,51.37
868,16909.97,sine,0.1172,35.58,17026.37,0.688308,1,44,35.99
869,12584.25,triangle,0.8543,36.06,12656.25,0.572135,1,73,69.69
870,19257.48,square,0.5396,28.04,19335.94,0.407399,1,1,1.54
871,3920.13,square,0.3493,38.43,4116.21,5.001904,1,80,85.01
872,12080.63,square,0.4194,21.04,12202.15,1.005934,1,4,4.36
873,1603.13,square,0.1761,32.14,1684.57,5.079981,1,246,189.06
874,17738.49,triangle,0.6931,24.22,17832.03,0.527351,1,29,30.24
875,17396.94,triangle,0.2770,34.75,17509.77,0.648538,1,35,37.29
876,6443.87,triangle,0.9975,20.60,6518.55,1.158981,1,94,83.49
877,18049.95,square,0.9760,29.30,18154.30,0.578093,1,23,32.91
878,17100.37,sine,0.4018,21.34,17187.50,0.509517,1,41,44.19
879,19531.52,triangle,0.8673,38.76,19614.26,0.423614,1,52,53.75
880,2616.97,square,0.1639,24.22,2753.91,5.232777,1,173,161.89
881,5357.95,square,0.3417,22.02,5444.34,1.612299,1,138,135.90
882,4182.33,sine,0.9758,35.19,4365.23,4.373248,1,63,54.44
883,19387.47,square,0.3505,35.97,19487.30,0.514956,1,54,77.04
884,7198.82,sine,0.3093,22.59,7299.80,1.402732,1,62,62.62
885,5872.80,square,0.7066,21.25,5981.45,1.850007,1,116,121.16
886,4999.63,triangle,0.2322,26.85,5039.06,0.788671,1,17,19.72
887,17428.52,sine,0.1745,29.69,17509.77,0.466168,1,35,36.86
888,6745.97,square,0.8234,22.74,6860.35,1.695543,1,80,93.51
889,12033.28,square,0.2297,32.48,12167.97,1.119280,1,5,6.70
890,6199.17,square,0.1740,29.19,6298.83,1.607638,1,103,113.71
891,6822.81,triangle,0.1513,28.37,6909.18,1.265957,1,78,65.25
892,9710.20,triangle,0.6169,33.34,9809.57,1.023391,1,74,70.04
893,15763.94,triangle,0.3825,30.76,15820.31,0.357627,1,1,0.88
894,16962.05,triangle,0.9006,27.43,17080.08,0.695816,1,43,37.01
895,4708.16,square,0.7675,29.85,4951.17,5.161419,1,23,29.21
896,10180.44,triangle,0.4253,37.20,10288.09,1.057416,1,60,60.06
897,8729.29,sine,0.5086,35.25,8789.06,0.684721,1,1,0.90
898,3394.04,sine,0.9563,23.51,3530.27,4.013947,1,120,101.48
899,11786.82,square,0.5407,32.89,11928.71,1.203818,1,12,14.85
900,5366.71,square,0.4350,33.23,5444.34,1.446476,1,138,125.13
901,3683.25,square,0.2667,25.57,3867.19,4.993968,1,97,102.13
902,5155.49,sine,0.8431,25.71,5273.44,2.287879,1,1,0.85
903,18615.35,triangle,0.6141,22.86,18691.41,0.408557,1,13,14.26
904,8116.42,triangle,0.4307,21.74,8227.54,1.369107,1,24,26.78
905,11578.91,triangle,0.8163,23.50,11655.27,0.659476,1,20,23.10
906,13782.53,sine,0.2964,37.48,13886.72,0.755965,1,45,41.42
907,5743.71,sine,0.1006,37.41,5834.96,1.588709,1,122,95.52
908,16059.30,square,0.7752,23.04,16166.99,0.670582,1,60,66.72
909,9708.15,square,0.1844,29.72,9809.57,1.044710,1,74,93.62
910,18494.05,sine,0.3623,24.15,18583.98,0.486270,1,15,16.44
911,5524.79,triangle,0.5213,29.33,5590.82,1.195230,1,132,105.21
912,15450.94,sine,0.5385,28.60,15556.64,0.684123,1,7,7.47
913,12341.30,triangle,0.7925,27.96,12436.52,0.771558,1,78,84.06
914,16723.51,sine,0.1274,24.09,16811.52,0.526298,1,48,42.36
915,7467.82,square,0.6536,38.21,7592.77,1.673231,1,50,57.37
916,10687.23,square,0.1452,20.70,10766.60,0.742713,1,46,128.97
917,11472.04,square,0.8553,23.21,11586.91,1.001346,1,22,85.54
918,1474.46,square,0.3137,20.99,1538.09,4.315091,1,256,682.83
919,14767.37,sine,0.6475,25.62,14853.52,0.583369,1,23,31.83
920,4296.42,square,0.8213,27.84,4511.72,5.010999,1,53,66.46
921,15264.62,sine,0.7955,24.74,15380.86,0.761473,1,11,12.72
922,13870.47,square,0.9362,27.75,13974.61,0.750803,1,43,59.35
923,2257.14,sine,0.8442,30.49,2358.40,4.486204,1,200,152.77
924,15729.64,sine,0.4106,20.60,15820.31,0.576463,1,1,1.12
925,19268.35,triangle,0.9399,25.31,19335.94,0.350748,1,1,1.14
926,12617.81,triangle,0.3858,36.96,12700.20,0.652940,1,72,73.57
927,18996.07,triangle,0.7652,25.55,19121.09,0.658168,1,5,5.91
928,6350.70,triangle,0.1093,34.32,6420.90,1.105289,1,98,98.24
929,14418.68,square,0.9911,26.24,14545.90,0.882337,1,30,40.64
930,7459.47,sine,0.4985,25.22,7568.36,1.459809,1,51,42.66
931,7524.35,triangle,0.9419,23.71,7617.19,1.233863,1,49,51.61
932,8077.67,triangle,0.1556,21.85,8178.71,1.250871,1,26,30.31
933,4093.03,square,0.2354,39.36,4306.64,5.218918,1,67,66.00
934,9487.58,square,0.3220,29.42,9604.49,1.232308,1,80,84.20
935,13576.36,triangle,0.7785,31.56,13666.99,0.667581,1,50,41.77
936,18182.84,triangle,0.7813,21.11,18261.72,0.433832,1,21,18.12
937,1130.68,sine,0.6972,28.22,,,0,260,169.50
938,8645.72,triangle,0.9060,38.18,8764.65,1.375588,1,2,2.35
939,6963.68,triangle,0.3445,23.81,7055.66,1.320861,1,72,73.55
940,4508.02,square,0.4870,36.62,4746.09,5.281193,1,37,44.87
941,3277.93,triangle,0.5783,25.76,3295.90,0.548140,1,136,117.23
942,10363.57,sine,0.6365,28.68,10458.98,0.920650,1,55,54.25
943,4123.71,sine,0.5920,38.05,4306.64,4.436194,1,67,54.66
944,7535.20,triangle,0.6928,38.63,7617.19,1.088113,1,49,48.78
945,16598.64,square,0.6913,37.97,16704.10,0.635367,1,50,63.32
946,8590.86,sine,0.1097,36.53,8715.82,1.454609,1,4,4.09
947,16218.63,sine,0.6192,29.28,16328.12,0.675098,1,57,43.30
948,3255.47,triangle,0.2932,21.34,3281.25,0.791811,1,137,121.34
949,12302.10,triangle,0.1292,33.17,12304.69,0.021031,1,1,1.18
950,11113.55,sine,0.2553,31.36,11210.94,0.876335,1,33,33.98
951,6630.79,triangle,0.8369,39.67,6713.87,1.252829,1,86,73.92
952,5933.75,triangle,0.4881,26.95,6005.86,1.215310,1,115,103.62
953,1956.64,sine,0.7228,29.16,2036.13,4.062667,1,222,158.16
954,5303.91,square,0.3276,31.55,5395.51,1.726969,1,140,127.52
955,7824.97,triangle,0.8386,29.55,7934.57,1.400698,1,36,32.58
956,7665.56,square,0.8251,26.56,7788.09,1.598354,1,42,43.54
957,4972.13,sine,0.5200,29.64,5200.20,4.586913,1,6,4.78
958,16977.27,sine,0.4429,36.17,17080.08,0.605590,1,43,38.04
959,16648.85,square,0.5132,26.07,16757.81,0.654483,1,49,57.06
960,18718.54,sine,0.9404,33.68,18852.54,0.715848,1,10,8.58
961,11099.87,sine,0.5280,28.15,11210.94,1.000612,1,33,30.02
962,4063.16,square,0.9740,31.24,4262.70,4.910907,1,70,72.91
963,14580.31,sine,0.4759,22.33,14677.73,0.668176,1,27,26.93
964,12643.12,triangle,0.6956,21.54,12744.14,0.799010,1,71,72.25
965,7738.66,square,0.4629,36.67,7861.33,1.585162,1,39,48.00
966,16478.75,square,0.4361,25.11,16596.68,0.715653,1,52,65.93
967,3011.61,square,0.4719,33.52,3164.06,5.062088,1,145,130.14
968,13505.04,sine,0.4557,23.64,13579.10,0.548424,1,52,51.63
969,3979.44,triangle,0.1377,28.38,4013.67,0.860183,1,87,71.57
970,4195.87,triangle,0.6013,24.63,4233.40,0.894427,1,72,64.21
971,10546.12,triangle,0.9623,24.41,10629.88,0.794267,1,50,54.01
972,17837.45,triangle,0.9248,32.71,17939.45,0.571827,1,27,26.54
973,12966.59,square,0.7772,30.63,13051.76,0.656806,1,64,79.82
974,13871.32,square,0.7583,36.49,13974.61,0.744601,1,43,54.52
975,3782.29,triangle,0.5863,36.89,3808.59,0.695475,1,101,95.22
976,9194.73,square,0.9236,25.02,9296.88,1.110881,1,89,100.69
977,17040.03,square,0.5627,26.17,17133.79,0.550204,1,42,54.54
978,11887.80,sine,0.1353,25.44,11997.07,0.919165,1,10,10.46
979,1121.20,triangle,0.9692,27.90,,,0,260,190.32
980,14839.05,square,0.7040,36.11,14941.41,0.689802,1,21,27.92
981,18988.37,square,0.8050,25.32,19067.38,0.416119,1,6,9.03
982,19816.31,sine,0.6432,33.19,19931.64,0.581979,1,47,42.41
983,14072.87,sine,0.9447,23.62,14194.34,0.863153,1,38,33.81
984,12832.31,sine,0.3765,30.93,12919.92,0.682708,1,67,58.90
985,8926.67,sine,0.2538,28.36,9023.44,1.083971,1,97,78.94
986,15388.38,triangle,0.1757,27.86,15512.70,0.807874,1,8,7.22
987,2904.67,sine,0.6955,32.05,3032.23,4.391585,1,154,114.74
988,4097.36,sine,0.1213,36.70,4277.34,4.392595,1,69,66.08
989,19519.12,sine,0.3083,37.37,19614.26,0.487401,1,52,46.29
990,18602.81,square,0.1456,20.79,18745.12,0.764965,1,12,18.26
991,11905.05,square,0.1258,31.67,12031.25,1.060076,1,9,12.17
992,1214.75,triangle,0.3758,20.81,,,0,260,173.32
993,12178.69,square,0.9764,30.88,12304.69,1.034555,1,1,1.22
994,6229.54,triangle,0.3443,38.08,6298.83,1.112179,1,103,91.74
995,8119.72,square,0.1455,28.52,8251.95,1.628575,1,23,32.18
996,16814.91,triangle,0.3019,24.52,16918.95,0.618725,1,46,49.99
997,16528.80,triangle,0.1858,29.00,16596.68,0.410670,1,52,55.67
998,7411.63,triangle,0.1752,24.22,7495.12,1.126417,1,54,54.31
999,15296.90,sine,0.5433,28.84,15424.80,0.836158,1,10,10.87
1000,7353.62,square,0.5769,23.23,7470.70,1.592150,1,55,70.65
1001,11867.92,triangle,0.7841,23.08,11962.89,0.800215,1,11,13.04
1002,3835.74,sine,0.4250,28.17,3999.02,4.256897,1,88,81.69
1003,13914.25,sine,0.1312,27.84,14018.55,0.749646,1,42,40.67
1004,14246.11,sine,0.6774,25.20,14370.12,0.870462,1,34,32.42
1005,17835.64,triangle,0.3676,24.60,17939.45,0.582077,1,27,24.99
1006,8814.78,sine,0.7051,36.52,8886.72,0.816167,1,101,92.67
1007,13788.75,triangle,0.4573,23.13,13886.72,0.710494,1,45,38.12
1008,15021.07,square,0.7041,25.41,15117.19,0.639898,1,17,24.03
1009,2543.36,triangle,0.2406,39.77,2563.48,0.790823,1,186,150.03
1010,19568.32,triangle,0.6935,31.56,19677.73,0.559147,1,51,51.02
1011,17455.93,sine,0.5209,32.39,17563.48,0.616107,1,34,35.08
1012,8812.62,square,0.3973,31.28,8920.90,1.228686,1,100,108.54
1013,17160.92,sine,0.9410,33.78,17241.21,0.467894,1,40,43.94
1014,16642.19,square,0.8016,20.32,16757.81,0.694749,1,49,60.49
1015,16549.23,sine,0.9009,39.84,16650.39,0.611283,1,51,50.32
1016,6587.28,sine,0.7888,25.06,6689.45,1.551040,1,87,71.87
1017,17445.69,sine,0.2134,39.58,17563.48,0.675189,1,34,27.76
1018,13802.94,triangle,0.3919,33.53,13886.72,0.606970,1,45,48.60
1019,12290.59,square,0.7143,31.51,12304.69,0.114663,1,1,1.41
1020,9152.19,sine,0.7917,24.53,9262.70,1.207474,1,90,81.10
1021,14154.73,sine,0.6628,34.94,14282.23,0.900722,1,36,30.25
1022,5155.56,sine,0.2179,32.12,5273.44,2.286338,1,1,1.49
1023,17139.48,sine,0.7607,26.83,17241.21,0.593537,1,40,37.29
1024,10092.04,triangle,0.3988,29.31,10185.55,0.926551,1,63,67.20
1025,1259.97,sine,0.3327,20.56,,,0,260,174.70
1026,12996.13,square,0.5933,23.49,13095.70,0.766166,1,63,69.87
1027,6622.71,square,0.9688,21.01,6738.28,1.745097,1,85,97.58
1028,17917.30,square,0.6075,30.01,18046.88,0.723172,1,25,27.27
1029,2318.49,sine,0.6408,26.82,2416.99,4.248656,1,196,144.58
1030,18428.09,square,0.2290,34.29,18530.27,0.554480,1,16,22.80
1031,6573.72,square,0.7280,38.01,6689.45,1.760620,1,87,97.60
1032,16051.63,triangle,0.7117,38.92,16113.28,0.384064,1,61,50.38
1033,6620.66,sine,0.3448,24.36,6713.87,1.407856,1,86,87.68
1034,13574.86,square,0.6341,20.32,13666.99,0.678719,1,50,117.51
1035,14846.78,sine,0.6986,31.13,14941.41,0.637331,1,21,30.78
1036,7511.89,sine,0.1850,36.63,7641.60,1.726783,1,48,84.47
1037,18449.55,square,0.1931,28.04,18583.98,0.728641,1,15,38.57
1038,14849.84,triangle,0.2064,20.00,14941.41,0.616582,1,21,53.31
1039,14530.60,square,0.3290,20.26,14633.79,0.710123,1,28,115.78
1040,11265.69,triangle,0.9619,31.31,11381.84,1.030982,1,28,101.74
1041,10774.77,sine,0.5940,27.60,10903.32,1.193113,1,42,110.86
1042,12535.57,square,0.3163,21.90,12612.30,0.612133,1,74,70.16
1043,6983.45,sine,0.2592,39.75,7104.49,1.733266,1,70,59.30
1044,9437.97,square,0.8863,39.91,9536.13,1.040110,1,82,87.22
1045,12071.57,triangle,0.3942,26.11,12202.15,1.081664,1,4,4.61
1046,8651.37,triangle,0.7140,26.30,8764.65,1.309362,1,2,2.39
1047,3530.99,square,0.2155,31.57,3706.05,4.957992,1,108,110.44
1048,14175.02,triangle,0.7781,37.46,14282.23,0.756303,1,36,39.87
1049,10499.22,triangle,0.6573,23.73,10595.70,0.918947,1,51,57.41
1050,1488.10,sine,0.4987,32.34,1552.73,4.343188,1,255,171.61
1051,17149.23,sine,0.2130,39.27,17241.21,0.536372,1,40,38.42
1052,3052.85,square,0.6270,30.83,3208.01,5.082508,1,142,132.39
1053,2634.61,sine,0.1949,31.71,2753.91,4.528003,1,173,132.47
1054,11342.55,sine,0.6740,36.40,11450.20,0.949014,1,26,27.28
1055,1790.00,square,0.7204,25.05,1875.00,4.748589,1,233,177.41
1056,6847.65,square,0.9081,36.20,6958.01,1.611657,1,76,77.41
1057,12079.47,triangle,0.4283,32.82,12202.15,1.015560,1,4,3.67
1058,9857.45,sine,0.7316,31.13,9946.29,0.901235,1,70,63.72
1059,7813.81,triangle,0.1188,26.32,7910.16,1.233025,1,37,40.26
1060,2080.75,triangle,0.7319,26.63,2094.73,0.671874,1,218,154.10
1061,13837.60,square,0.7806,29.08,13930.66,0.672580,1,44,55.00
1062,8833.31,triangle,0.3258,22.41,8920.90,0.991515,1,100,94.48
1063,12106.32,triangle,0.4401,21.24,12236.33,1.073893,1,3,3.41
1064,7446.80,square,0.2457,33.16,7568.36,1.632370,1,51,62.66
1065,19957.24,square,0.4193,28.01,20058.59,0.507863,1,45,59.01
1066,3187.78,triangle,0.4733,27.75,3208.01,0.634625,1,142,128.30
1067,13534.12,square,0.6834,21.23,13623.05,0.657093,1,51,58.97
1068,16460.74,triangle,0.6839,39.09,16542.97,0.499523,1,53,55.68
1069,3877.21,square,0.6416,31.63,4072.27,5.030717,1,83,85.50
1070,8627.77,square,0.2141,27.83,8764.65,1.586442,1,2,2.01
1071,4090.56,triangle,0.2879,21.17,4116.21,0.627187,1,80,63.67
1072,11494.96,square,0.8847,31.54,11621.09,1.097326,1,21,20.33
1073,7564.14,triangle,0.5863,21.59,7641.60,1.024114,1,48,50.87
1074,11751.16,triangle,0.4567,25.93,11860.35,0.929193,1,14,15.52
1075,3725.92,sine,0.4895,31.91,3896.48,4.577788,1,95,87.68
1076,2531.69,triangle,0.7796,31.73,2548.83,0.676837,1,187,140.56
1077,16740.33,sine,0.5292,32.60,16811.52,0.425252,1,48,40.64
1078,16744.41,triangle,0.3494,38.82,16811.52,0.400840,1,48,51.36
1079,3362.57,triangle,0.9738,23.54,3383.79,0.631008,1,130,120.24
1080,14719.26,sine,0.4649,30.33,14809.57,0.613585,1,24,22.43
1081,12032.26,triangle,0.7050,29.63,12133.79,0.843813,1,6,5.02
1082,16383.83,triangle,0.1199,39.65,16489.26,0.643513,1,54,50.87
1083,2636.51,triangle,0.3523,22.64,2651.37,0.563493,1,180,139.09
1084,9357.26,square,0.4429,21.09,9433.59,0.815801,1,85,94.15
1085,12389.76,triangle,0.4449,24.33,12480.47,0.732113,1,77,60.95
1086,9408.97,sine,0.8384,36.53,9501.95,0.988244,1,83,77.41
1087,12172.01,square,0.8198,31.09,12304.69,1.090031,1,1,1.34
1088,16692.71,square,0.8060,31.97,16811.52,0.711745,1,48,59.77
1089,8868.68,triangle,0.5870,32.10,8955.08,0.974190,1,99,96.99
1090,5189.27,square,0.6144,23.70,5273.44,1.622048,1,145,141.48
1091,2132.15,square,0.7873,30.47,2241.21,5.114830,1,208,173.93
1092,5308.68,square,0.1721,28.84,5395.51,1.635584,1,140,118.85
1093,4103.97,sine,0.2821,27.73,4277.34,4.224578,1,69,56.64
1094,1971.85,square,0.5605,29.67,2065.43,4.745574,1,220,176.24
1095,8272.90,triangle,0.2308,30.11,8374.02,1.222371,1,18,20.64
1096,2178.79,sine,0.6165,31.32,2270.51,4.209723,1,206,155.42
1097,17682.64,square,0.9638,20.97,17778.32,0.541116,1,30,40.67
1098,2862.15,sine,0.2667,30.83,2988.28,4.407016,1,157,127.83
1099,13265.87,sine,0.9514,36.84,13359.38,0.704843,1,57,56.17
1100,6635.64,sine,0.2529,22.54,6738.28,1.546861,1,85,71.36
1101,3342.39,square,0.3213,27.16,3515.62,5.182911,1,121,123.84
1102,19800.60,triangle,0.9541,22.85,19868.16,0.341216,1,48,42.34
1103,8260.65,square,0.1691,20.08,8398.44,1.667998,1,17,17.63
1104,13738.25,square,0.4697,29.79,13842.77,0.760803,1,46,58.72
1105,8893.42,sine,0.4018,23.54,8989.26,1.077660,1,98,88.00
1106,2870.06,triangle,0.6394,34.57,2885.74,0.546421,1,164,157.55
1107,6991.91,square,0.3132,21.94,7104.49,1.610162,1,70,83.65
1108,4401.60,triangle,0.7098,30.94,4438.48,0.837774,1,58,55.50
1109,10026.71,triangle,0.1655,25.61,10117.19,0.902389,1,65,64.43
1110,7648.82,triangle,0.9933,24.81,7739.26,1.182386,1,44,45.74
1111,17611.84,triangle,0.3022,27.99,17724.61,0.640308,1,31,35.66
1112,8783.78,triangle,0.2628,35.98,8789.06,0.060088,1,1,1.18
1113,7349.66,triangle,0.4780,31.57,7446.29,1.314720,1,56,60.61
1114,16819.62,triangle,0.8798,21.19,16918.95,0.590510,1,46,42.94
1115,14148.96,sine,0.4742,30.97,14238.28,0.631288,1,37,29.48
1116,8652.05,square,0.9969,22.70,8789.06,1.583582,1,1,1.13
1117,13833.66,square,0.2197,23.17,13930.66,0.701182,1,44,52.49
1118,19036.19,triangle,0.9163,39.83,19121.09,0.446017,1,5,4.36
1119,4957.99,square,0.7023,29.68,5200.20,4.885100,1,6,6.98
1120,8949.40,square,0.6344,31.51,9057.62,1.209199,1,96,115.40
1121,4067.70,square,0.5981,31.41,4277.34,5.153894,1,69,64.44
1122,4992.04,triangle,0.1227,27.10,5024.41,0.648581,1,18,16.10
1123,15824.04,square,0.3350,33.90,15898.44,0.470153,1,65,83.32
1124,11780.43,triangle,0.7615,32.20,11894.53,0.968584,1,13,13.57
1125,10275.38,sine,0.3352,28.38,10356.45,0.788969,1,58,44.93
1126,12386.69,square,0.3594,20.13,12480.47,0.757122,1,77,87.33
1127,10428.55,sine,0.7611,20.48,10527.34,0.947386,1,53,56.25
1128,12111.73,triangle,0.2570,29.43,12236.33,1.028753,1,3,3.99
1129,2737.02,square,0.5955,28.15,2871.09,4.898613,1,165,162.27
1130,10906.16,triangle,0.2767,20.45,11005.86,0.914125,1,39,40.36
1131,17371.63,square,0.9016,31.94,17509.77,0.795163,1,35,47.17
1132,16393.06,square,0.7749,38.26,16489.26,0.586816,1,54,68.25
1133,11870.34,sine,0.3419,23.97,11997.07,1.067653,1,10,8.32
1134,5690.28,sine,0.5996,31.76,5786.13,1.684438,1,124,103.96
1135,9103.50,square,0.1734,21.76,9194.34,0.997867,1,92,114.83
1136,4264.76,square,0.2926,25.67,4467.77,4.760261,1,56,58.45
1137,8605.94,triangle,0.1125,32.99,8715.82,1.276750,1,4,4.38
1138,13708.65,triangle,0.9395,20.40,13798.83,0.657789,1,47,43.19
1139,3921.89,triangle,0.5127,31.29,3940.43,0.472713,1,92,86.68
1140,13597.52,triangle,0.9386,39.94,13710.94,0.834128,1,49,49.12
1141,14682.99,sine,0.8918,20.98,14809.57,0.862076,1,24,26.85
1142,5390.54,triangle,0.3306,24.41,5444.34,0.998040,1,138,125.80
1143,3624.38,triangle,0.5501,33.50,3647.46,0.636809,1,112,110.69
1144,5542.26,triangle,0.7840,26.25,5590.82,0.876159,1,132,121.16
1145,8802.97,sine,0.9789,32.91,8886.72,0.951369,1,101,141.58
1146,18756.33,sine,0.8037,35.32,18852.54,0.512922,1,10,17.92
1147,14141.46,triangle,0.4542,22.61,14238.28,0.684681,1,37,65.26
1148,13762.47,triangle,0.6176,24.14,13842.77,0.583508,1,46,105.34
1149,10584.66,sine,0.4847,32.90,10698.24,1.073055,1,48,122.17
1150,15159.08,sine,0.4648,25.38,15292.97,0.883224,1,13,41.27
1151,4774.00,triangle,0.9183,27.40,4804.69,0.642791,1,33,130.45
1152,15274.30,triangle,0.8615,23.66,15380.86,0.697641,1,11,35.88
1153,19169.55,square,0.4053,21.25,19282.23,0.587812,1,2,13.35
1154,10237.30,sine,0.3237,26.34,10356.45,1.163841,1,58,208.88
1155,16367.70,triangle,0.3722,37.17,16435.55,0.414516,1,55,105.92
1156,17287.39,triangle,0.2320,33.81,17402.34,0.664970,1,37,44.74
1157,18955.46,triangle,0.3985,30.01,19067.38,0.590466,1,6,5.90
1158,13268.78,square,0.2080,26.24,13359.38,0.682800,1,57,70.20
1159,16245.52,triangle,0.2236,39.05,16328.12,0.508450,1,57,58.32
1160,7247.63,square,0.7766,36.24,7373.05,1.730457,1,59,68.61
1161,18969.24,sine,0.8727,22.63,19067.38,0.517356,1,6,6.31
1162,14395.78,triangle,0.7100,25.05,14501.95,0.737549,1,31,33.22
1163,17587.82,sine,0.1483,34.35,17670.90,0.472365,1,32,24.72
1164,10034.04,triangle,0.4451,23.37,10117.19,0.828668,1,65,62.01
1165,16892.40,square,0.2703,34.41,16972.66,0.475093,1,45,56.50
1166,10711.16,square,0.5148,36.57,10800.78,0.836717,1,45,50.85
1167,16761.69,triangle,0.1949,36.78,16865.23,0.617735,1,47,47.91
1168,13749.25,triangle,0.4267,37.59,13842.77,0.680232,1,46,48.81
1169,14782.06,sine,0.4670,37.73,14897.46,0.780680,1,22,22.48
1170,1896.74,triangle,0.7112,32.63,1904.30,0.398555,1,231,167.29
1171,6140.63,sine,0.9479,25.97,6225.59,1.383573,1,106,91.97
1172,15734.60,square,0.2253,20.21,15820.31,0.544735,1,1,1.37
1173,11340.89,triangle,0.4322,27.14,11450.20,0.963821,1,26,26.16
1174,7537.74,square,0.4966,37.60,7666.02,1.701768,1,47,55.32
1175,10604.90,square,0.2245,39.65,10732.42,1.202528,1,47,45.45
1176,5749.48,sine,0.6968,31.91,5834.96,1.486672,1,122,100.78
1177,8887.77,square,0.8066,23.91,8989.26,1.141911,1,98,105.37
1178,16584.81,square,0.4771,29.16,16704.10,0.719263,1,50,59.12
1179,5876.30,triangle,0.5616,26.42,5957.03,1.373898,1,117,109.30
1180,12324.95,triangle,0.4917,38.41,12392.58,0.548691,1,79,75.23
1181,7555.32,sine,0.2838,28.37,7690.43,1.788273,1,46,45.18
1182,5173.06,sine,0.9235,36.88,5249.02,1.468372,1,146,118.83
1183,15103.55,sine,0.2083,21.35,15205.08,0.672198,1,15,13.86
1184,14756.55,triangle,0.4875,22.38,14853.52,0.657071,1,23,19.68
1185,10735.46,square,0.4373,32.43,10869.14,1.245191,1,43,39.78
1186,14655.64,sine,0.1320,39.89,14765.62,0.750433,1,25,26.87
1187,5421.84,sine,0.2709,20.78,5493.16,1.315521,1,136,115.10
1188,8444.41,triangle,0.4071,28.88,8544.92,1.190313,1,11,9.64
1189,13836.15,square,0.8753,37.32,13930.66,0.683105,1,44,46.08
1190,1188.30,triangle,0.5147,39.78,,,0,260,187.95
1191,10181.41,triangle,0.7791,24.97,10253.91,0.712051,1,61,56.15
1192,11229.50,triangle,0.8718,21.95,11347.66,1.052154,1,29,31.27
1193,14421.07,square,0.1063,28.07,14501.95,0.560882,1,31,40.33
1194,5460.33,triangle,0.4036,36.55,5517.58,1.048363,1,135,123.41
1195,1011.36,sine,0.3170,24.67,,,0,260,177.87
1196,2295.55,sine,0.6000,25.83,2387.70,4.014276,1,198,147.18
1197,8930.50,square,0.8883,38.11,9023.44,1.040665,1,97,98.71
1198,10366.18,sine,0.1961,39.07,10458.98,0.895237,1,55,51.35
1199,2144.31,sine,0.3683,26.41,2241.21,4.518885,1,208,153.40
1200,4121.45,triangle,0.2102,32.70,4145.51,0.583722,1,78,69.57
1201,3353.07,sine,0.9185,23.80,3500.98,4.410939,1,122,102.13
1202,16603.75,square,0.1701,39.11,16704.10,0.604373,1,50,56.10
1203,5692.26,triangle,0.2519,37.08,5761.72,1.220193,1,125,103.14
1204,1251.35,square,0.7925,38.70,,,0,260,168.84
1205,18274.84,triangle,0.8994,23.98,18369.14,0.516010,1,19,21.31
1206,6399.50,sine,0.4393,27.87,6494.14,1.478850,1,95,87.87
1207,11346.55,sine,0.7221,23.35,11450.20,0.913442,1,26,23.18
1208,6895.86,square,0.8168,34.79,7006.84,1.609295,1,74,79.28
1209,13265.15,sine,0.5923,21.75,13359.38,0.710299,1,57,56.52
1210,8169.90,square,0.1358,25.48,8300.78,1.601989,1,21,27.18
1211,19157.34,triangle,0.4171,20.86,19282.23,0.651900,1,2,1.70
1212,4402.80,square,0.9530,22.82,4628.91,5.135418,1,45,50.30
1213,15506.80,sine,0.9831,27.63,15600.59,0.604799,1,6,5.29
1214,15729.46,square,0.6649,23.84,15820.31,0.577619,1,1,1.64
1215,3774.40,triangle,0.9259,37.75,3793.95,0.517856,1,102,96.79
1216,12883.24,triangle,0.1621,26.70,12963.87,0.625865,1,66,57.79
1217,6960.36,square,0.4204,22.97,7080.08,1.720008,1,71,77.67
1218,12332.87,triangle,0.4439,22.65,12436.52,0.840429,1,78,65.39
1219,4737.08,sine,0.3699,32.86,4951.17,4.519584,1,23,22.90
1220,12417.96,triangle,0.4263,36.48,12480.47,0.503340,1,77,79.00
1221,4877.67,square,0.8208,23.60,5126.95,5.110797,1,11,14.29
1222,3087.40,triangle,0.4086,33.68,3105.47,0.585269,1,149,128.96
1223,1481.62,triangle,0.3845,21.11,1479.49,0.143849,1,260,175.95
1224,12586.44,sine,0.4481,21.61,12656.25,0.554625,1,73,63.92
1225,3796.10,sine,0.1808,38.22,3969.73,4.573765,1,90,76.88
1226,1114.89,square,0.2109,26.15,,,0,260,182.22
1227,18595.13,sine,0.9692,24.12,18691.41,0.517741,1,13,13.52
1228,15089.76,square,0.8960,31.08,15205.08,0.764241,1,15,19.65
1229,11156.63,sine,0.2496,38.33,11279.30,1.099541,1,31,33.33
1230,7228.93,square,0.7838,26.78,7348.63,1.655945,1,60,62.68
1231,19089.19,triangle,0.6377,37.62,19174.80,0.448517,1,4,5.23
1232,1942.51,sine,0.5185,24.54,2021.48,4.065463,1,223,155.92
1233,15134.20,triangle,0.4814,26.84,15249.02,0.758711,1,14,14.33
1234,19269.46,square,0.5401,27.03,19335.94,0.344969,1,1,1.05
1235,18281.42,square,0.7860,36.24,18369.14,0.479829,1,19,20.48
1236,7495.13,square,0.8636,27.27,7617.19,1.628466,1,49,63.86
1237,16084.77,triangle,0.6609,34.83,16166.99,0.511196,1,60,53.94
1238,16296.85,triangle,0.4555,21.03,16381.84,0.521494,1,56,61.78
1239,8635.65,triangle,0.5053,34.98,8740.23,1.211087,1,3,3.67
1240,7782.67,square,0.2678,34.99,7910.16,1.638129,1,37,45.25
1241,11368.22,sine,0.3627,34.97,11484.38,1.021722,1,25,29.52
1242,10169.42,sine,0.9705,34.30,10253.91,0.830753,1,61,64.12
1243,19185.56,square,0.5276,37.96,19282.23,0.503841,1,2,3.55
1244,10975.94,triangle,0.3270,28.93,11074.22,0.895425,1,37,41.15
1245,3345.55,sine,0.1008,20.79,3486.33,4.208001,1,123,103.56
1246,19568.39,sine,0.6970,36.78,19677.73,0.558767,1,51,51.18
1247,11462.55,sine,0.7553,32.01,11586.91,1.084971,1,22,25.25
1248,14893.76,triangle,0.9779,31.47,14985.35,0.614958,1,20,20.50
1249,7491.18,square,0.1616,37.95,7617.19,1.682063,1,49,50.26
1250,3268.24,sine,0.8342,31.95,3413.09,4.431950,1,128,106.22
1251,8479.07,square,0.8691,26.80,8618.16,1.640382,1,8,11.52
1252,17523.34,sine,0.7991,36.95,17617.19,0.535534,1,33,32.93
1253,4454.54,square,0.2489,34.13,4687.50,5.229829,1,41,51.93
1254,11171.61,square,0.2768,24.23,11313.48,1.269906,1,30,41.93
1255,1788.45,sine,0.6038,37.16,1860.35,4.020376,1,234,157.29
1256,13671.62,square,0.9578,34.38,13754.88,0.609008,1,48,62.62
1257,18673.14,square,0.3330,21.06,18798.83,0.673102,1,11,15.54
1258,14795.61,sine,0.3725,30.65,14897.46,0.688371,1,22,22.84
1259,11723.92,square,0.2496,27.59,11826.17,0.872206,1,15,20.78
1260,12726.69,triangle,0.7549,38.45,12832.03,0.827717,1,69,67.65
1261,15482.03,square,0.2728,33.33,15600.59,0.765771,1,6,6.49
1262,12844.21,square,0.5408,30.57,12919.92,0.589449,1,67,76.40
1263,7354.41,square,0.2778,36.10,7470.70,1.581298,1,55,54.19
1264,4529.76,sine,0.4926,33.17,4731.45,4.452401,1,38,35.71
1265,9316.62,sine,0.6024,26.94,9399.41,0.888674,1,86,81.98
1266,18724.49,triangle,0.5521,26.56,18852.54,0.683880,1,10,10.28
1267,15005.52,sine,0.5273,26.73,15117.19,0.744204,1,17,13.94
1268,18490.18,sine,0.5975,34.81,18583.98,0.507310,1,15,12.67
1269,10215.34,sine,0.9752,30.36,10322.27,1.046699,1,59,56.76
1270,12669.54,sine,0.5351,28.58,12744.14,0.588830,1,71,57.19
1271,2423.02,sine,0.8537,24.80,2519.53,3.983055,1,189,140.82
1272,4704.21,square,0.7919,21.24,4936.52,4.938479,1,24,32.55
1273,11959.35,sine,0.1328,21.05,12065.43,0.886998,1,8,9.08
1274,16849.12,sine,0.1406,28.76,16918.95,0.414427,1,46,39.78
1275,17035.88,sine,0.4795,20.80,17133.79,0.574746,1,42,40.09
1276,9532.49,square,0.6138,26.65,9604.49,0.755316,1,80,88.08
1277,6995.13,sine,0.4301,21.99,7104.49,1.563398,1,70,58.62
1278,15565.32,triangle,0.9731,37.30,15688.48,0.791205,1,4,5.25
1279,12415.05,triangle,0.3567,32.62,12480.47,0.526924,1,77,150.71
1280,9657.34,square,0.7820,25.64,9775.39,1.222378,1,75,75.75
1281,7042.75,triangle,0.1506,29.71,7128.91,1.223295,1,69,65.12
1282,18343.22,square,0.5918,24.99,18476.56,0.726957,1,17,18.45
1283,7522.23,triangle,0.6033,30.29,7617.19,1.262301,1,49,44.68
1284,2892.01,sine,0.9673,27.54,3017.58,4.341734,1,155,117.59
1285,12461.05,sine,0.7148,38.65,12568.36,0.861173,1,75,66.55
1286,11937.64,sine,0.6235,35.33,12065.43,1.070479,1,8,8.29
1287,8721.91,triangle,0.6838,37.98,8789.06,0.769880,1,1,1.24
1288,12846.60,sine,0.3787,24.04,12919.92,0.570742,1,67,64.22
1289,18267.70,triangle,0.7088,26.02,18369.14,0.555281,1,19,17.71
1290,4496.85,triangle,0.5267,24.52,4526.37,0.656382,1,52,48.78
1291,12715.82,sine,0.3936,29.37,12788.09,0.568334,1,70,63.02
1292,3811.21,triangle,0.2882,22.61,3837.89,0.700100,1,99,78.10
1293,4867.16,triangle,0.4830,31.31,4892.58,0.522184,1,27,30.26
1294,1399.17,sine,0.5012,36.33,,,0,260,171.53
1295,17819.54,sine,0.5845,38.26,17939.45,0.672938,1,27,28.14
1296,8371.48,triangle,0.2203,38.71,8471.68,1.196889,1,14,16.16
1297,15277.04,triangle,0.7090,27.27,15380.86,0.679558,1,11,11.43
1298,18825.44,sine,0.3990,34.02,18959.96,0.714558,1,8,8.98
1299,15541.01,triangle,0.2843,35.96,15644.53,0.666119,1,5,5.62
1300,15032.38,sine,0.4485,25.66,15161.13,0.856537,1,16,16.73
1301,6785.32,triangle,0.6785,34.35,6860.35,1.105821,1,80,75.90
1302,19555.74,square,0.8217,28.69,19614.26,0.299261,1,52,65.90
1303,17521.14,sine,0.9529,24.38,17617.19,0.548182,1,33,33.29
1304,7198.19,triangle,0.4544,32.16,7275.39,1.072506,1,63,58.42
1305,9446.90,triangle,0.3055,21.17,9536.13,0.944610,1,82,80.08
1306,6698.66,square,0.2512,27.10,6811.52,1.684888,1,82,91.62
1307,8599.68,sine,0.6250,37.69,8740.23,1.634445,1,3,3.15
1308,3883.12,square,0.6983,28.39,4086.91,5.248330,1,82,91.94
1309,14320.85,square,0.5542,20.15,14414.06,0.650857,1,33,43.00
1310,14142.68,square,0.1346,27.37,14238.28,0.675961,1,37,48.32
1311,19601.60,square,0.5518,38.20,19677.73,0.388384,1,51,65.40
1312,14627.98,square,0.8180,37.29,14721.68,0.640581,1,26,29.33
1313,9680.87,square,0.4474,39.33,9775.39,0.976330,1,75,80.98
1314,14246.16,sine,0.8767,29.61,14326.17,0.561646,1,35,32.81
1315,2306.32,square,0.4754,37.55,2416.99,4.798457,1,196,169.57
1316,4875.90,triangle,0.6019,21.09,4921.88,0.942955,1,25,21.38
1317,19465.06,square,0.3618,29.39,19550.78,0.440381,1,53,60.40
1318,17299.30,sine,0.2734,22.58,17402.34,0.595665,1,37,30.23
1319,6659.33,triangle,0.5245,24.55,6738.28,1.185595,1,85,75.84
1320,4157.51,sine,0.9459,26.86,4350.59,4.643903,1,64,61.09
1321,19774.36,square,0.2612,37.82,19868.16,0.474385,1,48,59.13
1322,9746.75,triangle,0.9853,21.00,9843.75,0.995182,1,73,73.62
1323,2837.20,triangle,0.3536,23.69,2856.45,0.678440,1,166,119.37
1324,1747.88,sine,0.7970,22.69,1816.41,3.920790,1,237,146.52
1325,9886.69,square,0.4855,20.54,9980.47,0.948518,1,69,72.92
1326,15886.53,sine,0.7857,37.87,15952.15,0.413054,1,64,59.92
1327,9223.96,square,0.5293,27.78,9331.05,1.161065,1,88,92.42
1328,17861.07,triangle,0.4022,32.30,17939.45,0.438871,1,27,26.56
1329,18611.24,triangle,0.5581,29.06,18691.41,0.430721,1,13,14.65
1330,6295.19,triangle,0.2285,31.60,6372.07,1.221223,1,100,88.80
1331,6368.46,sine,0.4645,39.98,6469.73,1.590205,1,96,76.62
1332,2044.36,square,0.1743,23.09,2153.32,5.329809,1,214,191.09
1333,9351.70,square,0.3329,26.33,9467.77,1.241246,1,84,96.63
1334,2652.37,sine,0.9699,38.89,2768.55,4.380277,1,172,135.53
1335,7362.69,square,0.9186,20.12,7495.12,1.798659,1,54,66.82
1336,16402.99,triangle,0.1822,23.23,16489.26,0.525941,1,54,45.59
1337,19254.18,square,0.1128,25.15,19335.94,0.424623,1,1,1.42
1338,9548.93,triangle,0.7598,39.91,9638.67,0.939813,1,79,77.23
1339,6462.71,square,0.5800,28.11,6567.38,1.619599,1,92,101.26
1340,4214.08,triangle,0.8680,29.97,4248.05,0.806129,1,71,61.06
1341,12461.66,sine,0.5894,33.90,12568.36,0.856197,1,75,69.93
1342,10788.17,triangle,0.6502,27.42,10869.14,0.750517,1,43,47.96
1343,15670.89,sine,0.4461,26.94,15776.37,0.673087,1,2,2.24
1344,9204.33,triangle,0.5358,35.88,9296.88,1.005398,1,89,79.19
1345,11953.29,square,0.8290,24.77,12099.61,1.224100,1,7,9.63
1346,5263.28,square,0.3348,20.18,5346.68,1.584623,1,142,137.43
1347,13317.65,square,0.5010,39.34,13403.32,0.643261,1,56,72.31
1348,11852.78,triangle,0.2255,31.38,11962.89,0.928947,1,11,13.07
1349,17491.61,square,0.7462,27.44,17617.19,0.717913,1,33,44.58
1350,2756.54,square,0.4550,37.34,2900.39,5.218490,1,163,149.95
1351,5635.91,triangle,0.9623,24.95,5688.48,0.932694,1,128,105.81
1352,7612.99,triangle,0.9700,28.87,7714.84,1.337932,1,45,38.94
1353,7098.94,square,0.7190,25.47,7202.15,1.453802,1,66,73.38
1354,14992.99,sine,0.1444,27.73,15117.19,0.828368,1,17,16.45
1355,7715.99,sine,0.5419,26.41,7836.91,1.567179,1,40,44.39
1356,4652.90,sine,0.9774,28.22,4863.28,4.521498,1,29,29.65
1357,9449.54,square,0.9850,24.83,9570.31,1.278049,1,81,98.58
1358,13944.36,triangle,0.6466,21.77,14018.55,0.532076,1,42,42.54
1359,13860.57,sine,0.6365,34.79,13974.61,0.822738,1,43,45.53
1360,5008.43,triangle,0.1273,36.88,5053.71,0.904136,1,16,19.35
1361,9746.25,sine,0.2204,39.07,9843.75,1.000364,1,73,69.34
1362,2380.65,sine,0.4130,32.40,2490.23,4.603297,1,191,143.66
1363,11351.22,sine,0.3608,24.78,11484.38,1.173040,1,25,25.85
1364,5057.31,square,0.7336,24.35,5273.44,4.273479,1,1,1.58
1365,7966.90,square,0.9788,39.09,8105.47,1.739322,1,29,39.81
1366,16202.61,sine,0.1612,26.34,16274.41,0.443138,1,58,56.49
1367,6069.10,square,0.8000,37.17,6176.76,1.773928,1,108,111.95
1368,17052.42,square,0.7185,26.26,17133.79,0.477184,1,42,57.17
1369,2157.21,triangle,0.1088,28.18,2167.97,0.498952,1,213,149.97
1370,7258.21,triangle,0.7896,26.08,7348.63,1.245855,1,60,58.18
1371,16420.91,sine,0.5017,34.54,16489.26,0.416204,1,54,47.05
1372,14165.48,triangle,0.3026,33.25,14282.23,0.824131,1,36,40.47
1373,12583.96,triangle,0.2407,35.04,12656.25,0.574491,1,73,64.35
1374,11797.10,sine,0.5270,26.68,11928.71,1.115589,1,12,13.71
1375,12006.95,triangle,0.6124,32.63,12133.79,1.056341,1,6,6.18
1376,10856.21,sine,0.3096,29.84,10971.68,1.063636,1,40,32.91
1377,6894.47,sine,0.5537,26.46,7006.84,1.629792,1,74,61.41
1378,5904.05,square,0.2200,38.55,6005.86,1.724481,1,115,131.41
1379,17486.34,triangle,0.1956,35.52,17563.48,0.441125,1,34,35.89
1380,16351.19,triangle,0.2026,32.88,16435.55,0.515911,1,55,58.41
1381,16852.17,square,0.6818,29.17,16972.66,0.714953,1,45,54.63
1382,11045.44,sine,0.6751,21.63,11142.58,0.879449,1,35,33.66
1383,9265.28,sine,0.5909,22.67,9365.23,1.078835,1,87,80.43
1384,14141.22,triangle,0.2470,22.09,14238.28,0.686338,1,37,32.40
1385,3764.79,triangle,0.5754,29.35,3793.95,0.774309,1,102,91.81
1386,3027.52,square,0.8812,36.56,3178.71,4.993729,1,144,134.26
1387,12895.04,sine,0.2012,20.99,12963.87,0.533753,1,66,64.73
1388,5892.11,sine,0.3340,27.70,5981.45,1.516270,1,116,107.57
1389,18916.67,square,0.8515,34.21,19013.67,0.512770,1,7,11.28
1390,3137.56,triangle,0.3476,32.78,3164.06,0.844702,1,145,248.83
1391,7478.28,triangle,0.3372,25.58,7568.36,1.204581,1,51,155.00
1392,18682.77,sine,0.7270,34.51,18798.83,0.621189,1,11,36.69
1393,16891.19,triangle,0.9780,21.31,16972.66,0.482283,1,45,136.30
1394,16614.95,square,0.6826,22.57,16704.10,0.536592,1,50,159.21
1395,13353.56,triangle,0.9206,28.78,13447.27,0.701757,1,55,118.08
1396,1759.01,square,0.8438,34.03,1845.70,4.928429,1,235,225.22
1397,9727.53,sine,0.4842,29.38,9809.57,0.843388,1,74,74.38
1398,18642.56,square,0.3805,30.51,18745.12,0.550150,1,12,15.53
1399,2255.05,triangle,0.4241,29.56,2270.51,0.685437,1,206,155.82
1400,7750.40,triangle,0.6960,34.31,7836.91,1.116311,1,40,37.78
1401,6094.72,sine,0.2127,33.11,6201.17,1.746602,1,107,87.89
1402,1756.15,square,0.8827,37.82,1845.70,5.099675,1,235,196.50
1403,9531.72,square,0.1693,33.42,9638.67,1.122090,1,79,80.43
1404,16603.93,sine,0.4792,36.78,16704.10,0.603306,1,50,49.24
1405,17665.29,sine,0.5955,23.85,17778.32,0.639850,1,30,25.08
1406,2935.70,triangle,0.8385,35.20,2958.98,0.793265,1,159,125.85
1407,1926.56,triangle,0.4942,26.85,1933.59,0.365091,1,229,176.70
1408,11383.05,sine,0.7810,31.65,11484.38,0.890132,1,25,26.53
1409,4545.21,sine,0.2658,21.14,4746.09,4.419638,1,37,32.88
1410,12168.17,triangle,0.1157,20.98,12304.69,1.121919,1,1,1.14
1411,11882.64,triangle,0.3941,26.99,11997.07,0.963044,1,10,10.23
1412,12330.58,sine,0.1239,34.70,12436.52,0.859164,1,78,72.35
1413,12887.35,square,0.7675,33.50,12963.87,0.593752,1,66,73.27
1414,4911.76,square,0.2135,22.60,5156.25,4.977693,1,9,12.32
1415,13847.72,triangle,0.9665,32.57,13930.66,0.598979,1,44,36.64
1416,4497.93,sine,0.8316,31.58,4702.15,4.540389,1,40,37.03
1417,12747.42,triangle,0.7329,36.69,12832.03,0.663788,1,69,63.48
1418,2068.06,triangle,0.8658,25.72,2080.08,0.580926,1,219,159.78
1419,13168.50,sine,0.9622,20.67,13271.48,0.782065,1,59,57.97
1420,12016.06,sine,0.7410,23.52,12133.79,0.979730,1,6,6.51
1421,5472.28,square,0.9234,24.23,5566.41,1.720019,1,133,134.08
1422,3740.56,triangle,0.5506,38.24,3764.65,0.643969,1,104,101.60
1423,3785.68,square,0.3096,23.14,3984.38,5.248690,1,89,88.49
1424,13985.16,square,0.7793,26.19,14106.45,0.867251,1,40,43.64
1425,9511.46,square,0.9857,25.84,9604.49,0.978091,1,80,91.66
1426,6601.53,square,0.6081,25.05,6713.87,1.701722,1,86,89.48
1427,18390.51,sine,0.9062,22.07,18476.56,0.467924,1,17,17.40
1428,13474.69,triangle,0.2519,39.37,13579.10,0.774862,1,52,55.26
1429,9604.78,triangle,0.7091,26.03,9672.85,0.708686,1,78,70.52
1430,4577.75,sine,0.1837,22.88,4775.39,4.317465,1,35,34.66
1431,2988.55,square,0.8160,22.83,3134.77,4.892585,1,147,130.62
1432,3476.09,square,0.2775,21.95,3647.46,4.930045,1,112,95.57
1433,4170.12,triangle,0.8393,27.08,4189.45,0.463539,1,75,67.31
1434,13460.59,square,0.7094,33.65,13579.10,0.880399,1,52,64.05
1435,12945.95,sine,0.1351,29.11,13051.76,0.817333,1,64,60.82
1436,17928.50,square,0.8492,39.83,18046.88,0.660240,1,25,25.53
1437,4108.71,triangle,0.7069,39.60,4145.51,0.895657,1,78,66.17
1438,19726.41,triangle,0.3193,35.97,19804.69,0.396796,1,49,40.89
1439,3033.55,triangle,0.9192,27.66,3046.88,0.439137,1,153,126.44
1440,12982.07,square,0.4940,26.21,13095.70,0.875304,1,63,64.97
1441,15480.46,triangle,0.9467,23.50,15600.59,0.775966,1,6,6.97
1442,17620.13,triangle,0.3276,21.35,17724.61,0.592958,1,31,33.17
1443,6091.95,triangle,0.6699,34.42,6152.34,0.991402,1,109,99.82
1444,5885.89,triangle,0.1253,27.51,5957.03,1.208594,1,117,105.53
1445,12908.31,sine,0.8407,24.70,13007.81,0.770812,1,65,62.62
1446,13393.34,square,0.6364,22.15,13491.21,0.730735,1,54,66.67
1447,1321.34,triangle,0.3427,36.39,,,0,260,166.83
1448,19987.66,sine,0.3387,33.26,20058.59,0.354909,1,45,37.54
1449,19343.52,triangle,0.5526,35.90,19423.83,0.415147,1,55,54.06
1450,3579.17,triangle,0.9679,23.27,3603.52,0.680169,1,115,111.58
1451,6689.04,sine,0.3445,36.32,6787.11,1.466130,1,83,75.51
1452,8188.00,sine,0.4080,39.63,8325.20,1.675609,1,20,19.34
1453,12963.99,square,0.2499,39.72,13051.76,0.677025,1,64,65.74
1454,16596.13,sine,0.1631,21.13,16704.10,0.650576,1,50,40.76
1455,3287.18,square,0.9359,29.93,3457.03,5.166926,1,125,124.72
1456,17015.96,square,0.7377,34.64,17133.79,0.692437,1,42,45.16
1457,4305.31,square,0.6736,21.41,4541.02,5.474755,1,51,55.74
1458,7869.26,square,0.9966,29.49,7983.40,1.450388,1,34,42.69
1459,16505.08,square,0.8168,31.91,16596.68,0.554989,1,52,64.60
1460,17845.31,square,0.6439,32.60,17939.45,0.527532,1,27,34.44
1461,8930.28,sine,0.1842,20.33,9023.44,1.043211,1,97,81.33
1462,17597.15,sine,0.2904,34.72,17670.90,0.419087,1,32,33.10
1463,7080.31,square,0.2463,39.19,7202.15,1.720862,1,66,74.76
1464,17180.05,triangle,0.4661,35.25,17294.92,0.668655,1,39,44.18
1465,3733.65,sine,0.1180,31.73,3896.48,4.361350,1,95,87.12
1466,9652.50,square,0.1067,28.45,9741.21,0.919013,1,76,83.32
1467,14643.30,square,0.7590,24.66,14765.62,0.835399,1,25,30.55
1468,16449.70,square,0.2897,24.73,16542.97,0.567005,1,53,63.40
1469,12932.58,triangle,0.4741,25.17,13007.81,0.581738,1,65,53.88
1470,17473.22,triangle,0.5033,29.76,17563.48,0.516539,1,34,34.21
1471,4880.87,square,0.4229,39.91,5126.95,5.041726,1,11,14.13
1472,10123.49,square,0.6093,38.34,10219.73,0.950658,1,62,72.47
1473,16215.54,square,0.7468,31.72,16274.41,0.363048,1,58,63.30
1474,10354.97,sine,0.5175,24.92,10458.98,1.004449,1,55,50.03
1475,18382.00,square,0.9570,30.66,18476.56,0.514425,1,17,23.14
1476,12999.34,square,0.2164,27.52,13095.70,0.741268,1,63,65.33
1477,2883.78,square,0.5022,35.56,3032.23,5.147779,1,154,138.64
1478,5188.94,sine,0.4657,38.53,5273.44,1.628432,1,145,123.93
1479,14498.01,square,0.5655,21.68,14633.79,0.936505,1,28,41.17
1480,19706.94,square,0.3569,31.72,19804.69,0.495995,1,49,60.48
1481,3080.16,triangle,0.2573,32.96,3105.47,0.821508,1,149,122.84
1482,5663.63,triangle,0.7991,33.47,5737.30,1.300753,1,126,112.52
1483,12675.49,triangle,0.1708,26.62,12744.14,0.541603,1,71,75.55
1484,5717.46,triangle,0.4505,34.65,5786.13,1.201070,1,124,120.70
1485,14009.78,sine,0.3151,25.63,14106.45,0.689998,1,40,33.91
1486,8811.42,sine,0.1177,37.59,8886.72,0.854578,1,101,88.40
1487,19346.59,square,0.4047,20.14,19487.30,0.727353,1,54,69.61
1488,13924.76,triangle,0.2319,23.19,14018.55,0.673560,1,42,42.51
1489,16011.58,square,0.1404,32.45,16113.28,0.635162,1,61,78.88
1490,6869.44,square,0.7928,36.22,6982.42,1.644751,1,75,89.25
1491,8606.78,triangle,0.4658,35.44,8715.82,1.266960,1,4,3.55
1492,10193.67,triangle,0.9170,21.75,10288.09,0.926241,1,60,54.94
1493,18793.37,triangle,0.8122,24.02,18906.25,0.600620,1,9,10.57
1494,16297.26,triangle,0.3602,39.05,16381.84,0.518927,1,56,64.26
1495,1947.34,sine,0.5838,31.52,2036.13,4.559548,1,222,159.40
1496,13257.85,sine,0.9643,20.89,13359.38,0.765761,1,57,55.57
1497,3718.18,sine,0.6102,38.65,3881.84,4.401588,1,96,81.08
1498,13653.00,triangle,0.1120,30.84,13754.88,0.746259,1,48,46.89
1499,9731.70,square,0.1650,33.69,9809.57,0.800207,1,74,68.57
1500,10561.19,triangle,0.5368,22.99,10664.06,0.974082,1,49,43.55
1501,13316.88,sine,0.8852,32.26,13403.32,0.649087,1,56,46.22
1502,3986.87,triangle,0.5665,21.46,4013.67,0.672158,1,87,64.15
1503,12909.83,sine,0.8233,36.36,13007.81,0.759014,1,65,60.33
1504,19600.00,square,0.5095,35.07,19677.73,0.396605,1,51,59.87
1505,3516.94,square,0.5916,21.79,3691.41,4.960666,1,109,116.30
1506,8941.70,triangle,0.8705,21.98,9023.44,0.914143,1,97,104.44
1507,2723.70,sine,0.8873,22.58,2841.80,4.336022,1,167,221.18
1508,14679.94,sine,0.6608,27.12,14765.62,0.583693,1,25,63.14
1509,15989.37,sine,0.6753,24.71,16059.57,0.439073,1,62,181.15
1510,14559.55,triangle,0.2141,37.33,14677.73,0.811763,1,27,99.84
1511,12277.93,sine,0.4848,23.22,12304.69,0.217933,1,1,3.26
1512,14306.61,triangle,0.1952,30.12,14414.06,0.751070,1,33,89.41
1513,16477.88,triangle,0.5622,39.01,16542.97,0.395031,1,53,137.24
1514,11178.09,square,0.8634,29.86,11313.48,1.211174,1,30,91.39
1515,9966.15,square,0.8621,36.64,10083.01,1.172571,1,66,100.25
1516,8666.88,sine,0.5427,31.46,8789.06,1.409765,1,1,1.21
1517,5528.41,triangle,0.5378,26.68,5590.82,1.128957,1,132,127.62
1518,3029.60,sine,0.9544,26.10,3164.06,4.438331,1,145,118.98
1519,4208.33,square,0.3764,20.70,4423.83,5.120839,1,59,57.30
1520,7139.76,square,0.5965,27.13,7250.98,1.557720,1,64,61.28
1521,9498.75,triangle,0.4396,25.16,9570.31,0.753363,1,81,67.50
1522,5625.87,square,0.7836,24.12,5712.89,1.546725,1,127,122.21
1523,14476.63,sine,0.4770,35.52,14589.84,0.782070,1,29,30.24
1524,7435.93,square,0.2845,34.84,7568.36,1.780992,1,51,58.00
1525,1993.30,triangle,0.2784,37.49,2006.84,0.678922,1,224,157.28
1526,7698.06,triangle,0.3873,38.12,7788.09,1.169521,1,42,40.59
1527,3406.11,sine,0.5437,21.64,3544.92,4.075520,1,119,80.74
1528,4723.62,triangle,0.9788,27.53,4760.74,0.785809,1,36,34.76
1529,18542.43,square,0.3428,34.05,18637.70,0.513745,1,14,18.99
1530,13519.13,triangle,0.3385,33.44,13623.05,0.768633,1,51,54.88
1531,1988.45,sine,0.1035,39.99,2065.43,3.871271,1,220,157.46
1532,16243.20,triangle,0.5588,26.00,16328.12,0.522833,1,57,59.32
1533,3874.02,sine,0.4384,35.13,4042.97,4.361033,1,85,71.90
1534,11253.57,sine,0.1162,22.05,11381.84,1.139744,1,28,22.82
1535,8799.48,triangle,0.6737,36.04,8789.06,0.118337,1,1,1.19
1536,9861.12,square,0.1976,37.52,9946.29,0.863713,1,70,81.84
1537,15880.04,sine,0.5610,29.75,15952.15,0.454079,1,64,61.96
1538,12876.74,triangle,0.6218,30.80,12963.87,0.676628,1,66,59.72
1539,1956.14,sine,0.2686,20.65,2036.13,4.089547,1,222,152.91
1540,15123.71,triangle,0.2225,36.72,15249.02,0.828622,1,14,12.98
1541,3940.93,sine,0.3241,27.45,4116.21,4.447581,1,80,62.85
1542,5838.61,square,0.4667,39.73,5932.62,1.610068,1,118,129.45
1543,2062.60,sine,0.1475,32.52,2153.32,4.398314,1,214,147.38
1544,2035.68,triangle,0.5607,30.54,2050.78,0.742013,1,221,161.36
1545,11670.30,sine,0.2779,26.38,11791.99,1.042789,1,16,13.10
1546,12276.43,sine,0.2047,39.40,12304.69,0.230161,1,1,1.41
1547,1417.65,triangle,0.8092,25.94,,,0,260,180.88
1548,3576.91,sine,0.7277,32.86,3735.35,4.429691,1,106,88.98
1549,15872.17,triangle,0.7227,23.12,15952.15,0.503905,1,64,58.43
1550,5625.41,triangle,0.2884,21.45,5688.48,1.121107,1,128,103.02
1551,14362.32,square,0.9280,33.01,14458.01,0.666235,1,32,47.84
1552,2717.96,triangle,0.3327,26.74,2739.26,0.783574,1,174,151.92
1553,8642.95,sine,0.5469,22.47,8789.06,1.690565,1,1,0.85
1554,8618.44,square,0.7956,36.06,8764.65,1.696505,1,2,2.36
1555,3914.84,square,0.4360,23.03,4101.56,4.769480,1,81,86.09
1556,16170.62,triangle,0.2713,27.33,16274.41,0.641889,1,58,56.84
1557,3010.30,square,0.2092,39.72,3164.06,5.108038,1,145,145.44
1558,15832.96,square,0.6207,38.23,15898.44,0.413556,1,65,73.51
1559,11527.89,sine,0.4408,36.86,11655.27,1.105034,1,20,20.90
1560,13240.05,square,0.8801,37.88,13359.38,0.901263,1,57,74.70
1561,18476.06,sine,0.5897,34.81,18583.98,0.584137,1,15,15.47
1562,15381.61,square,0.2501,35.95,15512.70,0.852221,1,8,11.01
1563,14682.12,sine,0.5174,23.48,14809.57,0.868097,1,24,24.75
1564,7412.06,sine,0.4603,31.00,7519.53,1.449898,1,53,51.63
1565,12772.07,square,0.8527,24.31,12875.98,0.813551,1,68,82.18
1566,3289.15,triangle,0.2410,39.50,3310.55,0.650387,1,135,119.47
1567,17008.23,square,0.9833,21.95,17080.08,0.422453,1,43,47.98
1568,6758.25,square,0.4150,38.57,6884.77,1.872026,1,79,89.30
1569,2246.90,square,0.6318,33.05,2358.40,4.962525,1,200,181.88
1570,5857.66,square,0.8593,23.90,5957.03,1.696463,1,117,109.35
1571,16710.49,square,0.7860,34.27,16811.52,0.604616,1,48,56.90
1572,4942.72,square,0.8810,28.64,5200.20,5.209216,1,6,8.34
1573,19365.22,square,0.2285,27.79,19423.83,0.302622,1,55,66.57
1574,19082.35,sine,0.8813,37.63,19174.80,0.484526,1,4,3.99
1575,7653.54,sine,0.7521,26.23,7788.09,1.757904,1,42,37.39
1576,15875.55,square,0.5367,35.56,15952.15,0.482502,1,64,79.96
1577,8264.90,square,0.4386,27.35,8422.85,1.911072,1,16,23.03
1578,10992.98,triangle,0.4256,30.49,11108.40,1.049883,1,36,32.84
1579,13743.82,sine,0.3498,38.67,13842.77,0.719991,1,46,40.47
1580,14747.16,square,0.6829,20.59,14853.52,0.721215,1,23,30.17
1581,12743.96,square,0.5912,27.19,12832.03,0.691111,1,69,84.61
1582,2548.00,sine,0.9557,28.17,2651.37,4.056631,1,180,136.21
1583,9866.98,sine,0.1338,34.34,9946.29,0.803783,1,70,64.42
1584,11223.80,square,0.3188,34.90,11347.66,1.103527,1,29,35.80
1585,4196.50,sine,0.5146,25.73,4379.88,4.370023,1,62,56.07
1586,5701.80,square,0.6859,36.49,5786.13,1.479116,1,124,113.81
1587,8936.46,sine,0.3463,39.60,9023.44,0.973257,1,97,87.43
1588,12328.91,triangle,0.1066,30.36,12436.52,0.872830,1,78,78.96
1589,1713.04,square,0.9287,39.37,1801.76,5.178693,1,238,210.50
1590,11270.50,square,0.9505,33.47,11381.84,0.987845,1,28,29.47
1591,2233.09,square,0.3162,29.40,2343.75,4.955639,1,201,179.73
1592,9653.85,square,0.4211,23.29,9741.21,0.904977,1,76,92.65
1593,10570.67,triangle,0.6976,26.77,10664.06,0.883513,1,49,51.11
1594,18774.94,triangle,0.2884,20.79,18906.25,0.699403,1,9,10.04
1595,15084.87,triangle,0.9711,37.80,15205.08,0.796909,1,15,18.62
1596,12410.16,square,0.1251,24.93,12524.41,0.920645,1,76,84.87
1597,9732.68,square,0.6015,34.85,9843.75,1.141204,1,73,73.62
1598,6315.57,square,0.1793,28.27,6420.90,1.667731,1,98,107.03
1599,15253.06,triangle,0.9916,25.56,15336.91,0.549780,1,12,10.73
1600,10465.60,sine,0.4965,37.14,10561.52,0.916591,1,52,42.39
1601,13999.97,triangle,0.2832,37.47,14106.45,0.760522,1,40,40.30
1602,2135.48,triangle,0.3962,26.29,2153.32,0.835272,1,214,151.33
1603,10729.68,triangle,0.1430,27.04,10834.96,0.981184,1,44,46.76
1604,17274.87,square,0.2792,28.50,17348.63,0.427008,1,38,46.72
1605,8325.50,triangle,0.7857,30.10,8422.85,1.169348,1,16,19.05
1606,19779.04,square,0.1524,25.25,19868.16,0.450595,1,48,65.39
1607,9285.34,sine,0.9528,35.34,9365.23,0.860445,1,87,76.74
1608,6097.46,square,0.7493,38.83,6201.17,1.700956,1,107,110.56
1609,17751.07,square,0.7972,31.24,17832.03,0.456083,1,29,41.87
1610,11501.37,sine,0.2135,30.59,11621.09,1.040918,1,21,21.93
1611,6108.37,sine,0.7506,20.65,6201.17,1.519268,1,107,91.04
1612,12310.26,square,0.9719,29.68,12392.58,0.668695,1,79,85.27
1613,2208.43,square,0.8570,39.94,2314.45,4.800966,1,203,189.26
1614,9176.52,sine,0.9160,23.82,9262.70,0.939082,1,90,67.12
1615,12693.15,square,0.1370,26.95,12788.09,0.747935,1,70,89.65
1616,6039.34,triangle,0.9539,25.36,6103.52,1.062594,1,111,98.82
1617,16417.85,sine,0.5843,21.41,16489.26,0.434923,1,54,50.58
1618,18746.63,triangle,0.6922,36.48,18852.54,0.564967,1,10,9.35
1619,13302.88,triangle,0.7426,38.49,13403.32,0.755056,1,56,52.84
1620,10825.51,sine,0.5754,22.54,10937.50,1.034539,1,41,41.42
1621,12257.38,square,0.6603,20.20,12304.69,0.385983,1,1,1.41
1622,4701.97,square,0.9555,27.67,4951.17,5.299961,1,23,30.85
1623,9063.07,triangle,0.6434,25.98,9160.16,1.071246,1,93,77.79
1624,8805.51,sine,0.9694,22.61,8886.72,0.922232,1,101,86.22
1625,8064.90,sine,0.2996,35.61,8203.12,1.713922,1,25,26.20
1626,4822.33,sine,0.5270,20.20,5039.06,4.494365,1,17,16.45
1627,2610.56,triangle,0.7943,38.30,2622.07,0.441031,1,182,158.54
1628,17235.79,triangle,0.1471,35.66,17348.63,0.654681,1,38,46.40
1629,17064.71,triangle,0.5576,24.66,17187.50,0.719582,1,41,46.10
1630,17061.27,triangle,0.9827,23.11,17133.79,0.425054,1,42,36.75
1631,5287.63,sine,0.8133,23.74,5371.09,1.578528,1,141,158.83
1632,2266.54,triangle,0.1223,36.70,2270.51,0.175203,1,206,387.92
1633,7941.97,triangle,0.5992,38.03,8032.23,1.136451,1,32,116.77
1634,18597.67,sine,0.1679,25.01,18691.41,0.504039,1,13,38.40
1635,13716.99,triangle,0.5139,32.14,13798.83,0.596597,1,47,123.73
1636,4581.50,triangle,0.9706,25.37,4614.26,0.715063,1,46,128.33
1637,10401.69,sine,0.6032,30.06,10493.16,0.879386,1,54,47.12
1638,3744.29,square,0.4007,30.44,3940.43,5.238278,1,92,100.20
1639,12127.43,sine,0.7849,34.26,12236.33,0.897929,1,3,3.24
1640,7959.44,sine,0.7794,39.10,8081.05,1.527913,1,30,29.81
1641,5562.88,sine,0.2654,31.54,5639.65,1.380007,1,130,108.19
1642,3941.99,square,0.7273,31.20,4145.51,5.162913,1,78,74.69
1643,8342.79,square,0.6059,20.12,8471.68,1.544939,1,14,15.73
1644,2491.69,triangle,0.1701,34.14,2504.88,0.529573,1,190,142.46
1645,18480.73,sine,0.4334,31.38,18583.98,0.558740,1,15,16.56
1646,17752.47,triangle,0.7656,21.73,17832.03,0.448168,1,29,32.32
1647,13713.93,square,0.5236,20.98,13798.83,0.619073,1,47,57.13
1648,4630.18,triangle,0.5086,26.03,4672.85,0.921582,1,42,45.61
1649,8296.36,triangle,0.7741,25.45,8398.44,1.230360,1,17,17.75
1650,3232.53,sine,0.9287,31.63,3369.14,4.225961,1,131,101.47
1651,11136.12,square,0.4294,36.14,11279.30,1.285662,1,31,32.93
1652,10942.44,sine,0.2162,30.74,11040.04,0.891943,1,38,38.72
1653,18794.83,sine,0.8826,35.28,18906.25,0.592800,1,9,9.67
1654,5708.44,sine,0.1917,34.57,5786.13,1.361080,1,124,109.09
1655,4793.73,square,0.5515,34.51,5024.41,4.812313,1,18,23.89
1656,3151.39,square,0.5366,30.82,3295.90,4.585438,1,136,131.87
1657,16548.85,sine,0.8270,33.86,16650.39,0.613568,1,51,50.61
1658,11561.55,triangle,0.4708,22.77,11689.45,1.106320,1,19,20.88
1659,13649.54,square,0.6754,26.76,13754.88,0.771771,1,48,56.57
1660,18230.46,square,0.1769,29.00,18315.43,0.466059,1,20,25.19
1661,15370.77,triangle,0.5451,37.89,15468.75,0.637476,1,9,9.25
1662,6085.70,square,0.9087,37.93,6176.76,1.496254,1,108,108.03
1663,14028.54,triangle,0.1799,37.30,14106.45,0.555316,1,40,40.80
1664,7091.78,sine,0.3154,28.36,7202.15,1.556312,1,66,58.45
1665,5772.65,sine,0.2215,25.92,5859.38,1.502377,1,121,104.04
1666,11873.39,square,0.4120,34.93,11997.07,1.041639,1,10,12.98
1667,17976.69,triangle,0.3988,34.89,18100.59,0.689206,1,24,26.26
1668,3887.62,sine,0.4111,36.15,4057.62,4.372690,1,84,74.86
1669,5680.62,sine,0.2185,37.17,5761.72,1.427698,1,125,101.49
1670,13041.88,sine,0.5998,30.55,13139.65,0.749631,1,62,55.24
1671,13453.28,sine,0.8780,26.19,13535.16,0.608570,1,53,50.98
1672,14188.50,sine,0.4354,27.03,14282.23,0.660571,1,36,36.61
1673,11326.20,sine,0.8111,24.36,11450.20,1.094728,1,26,22.53
1674,13863.72,triangle,0.6057,34.82,13974.61,0.799864,1,43,42.75
1675,13575.35,square,0.8280,25.89,13666.99,0.675093,1,50,57.82
1676,11853.05,triangle,0.4411,26.06,11962.89,0.926725,1,11,9.60
1677,9727.57,triangle,0.9369,30.90,9809.57,0.842925,1,74,63.80
1678,13567.86,triangle,0.1887,24.64,13666.99,0.730655,1,50,41.89
1679,14469.10,triangle,0.8713,28.30,14545.90,0.530775,1,30,31.99
1680,2697.46,square,0.3077,25.82,2827.15,4.807870,1,168,130.79
1681,15673.08,sine,0.8448,28.55,15776.37,0.658987,1,2,1.67
1682,12325.21,sine,0.4036,21.79,12392.58,0.546550,1,79,60.98
1683,19269.33,triangle,0.5137,24.47,19335.94,0.345662,1,1,1.30
1684,18735.65,square,0.2449,31.26,18852.54,0.623902,1,10,14.19
1685,18931.71,sine,0.3143,38.77,19067.38,0.716652,1,6,6.68
1686,4250.63,sine,0.6132,37.24,4438.48,4.419181,1,58,55.11
1687,10065.09,triangle,0.7113,21.48,10151.37,0.857227,1,64,64.63
1688,19863.81,square,0.3587,31.16,19931.64,0.341476,1,47,55.49
1689,6781.84,sine,0.1013,28.99,6884.77,1.517602,1,79,68.00
1690,16900.41,square,0.9993,25.74,16972.66,0.427512,1,45,60.52
1691,6328.65,sine,0.2477,25.70,6420.90,1.457693,1,98,74.66
1692,16063.96,triangle,0.9776,24.65,16166.99,0.641382,1,60,59.13
1693,17744.65,sine,0.2016,37.40,17832.03,0.492418,1,29,29.48
1694,13086.01,sine,0.4868,25.75,13183.59,0.745733,1,61,59.08
1695,14999.10,square,0.9904,21.09,15117.19,0.787319,1,17,23.18
1696,7745.29,square,0.5528,26.32,7885.74,1.813388,1,38,41.51
1697,14855.56,triangle,0.9448,36.10,14941.41,0.577841,1,21,24.50
1698,17161.02,square,0.8433,26.07,17241.21,0.467263,1,40,40.02
1699,8571.10,sine,0.5206,25.71,8715.82,1.688510,1,4,3.26
1700,19270.62,sine,0.1882,30.54,19335.94,0.338962,1,1,0.93
1701,2084.88,sine,0.2975,29.29,2167.97,3.985177,1,213,140.98
1702,9231.77,triangle,0.7655,28.53,9296.88,0.705253,1,89,90.09
1703,7340.38,sine,0.7966,21.04,7470.70,1.775428,1,55,48.79
1704,1243.61,triangle,0.5294,22.62,,,0,260,160.37
1705,5475.75,triangle,0.8736,34.20,5541.99,1.209686,1,134,114.78
1706,10162.28,square,0.9777,39.32,10288.09,1.237976,1,60,70.63
1707,5090.11,triangle,0.2775,24.27,5126.95,0.723781,1,11,14.48
1708,13845.77,square,0.9384,21.78,13930.66,0.613158,1,44,51.49
1709,10718.99,triangle,0.9137,23.13,10834.96,1.081947,1,44,48.93
1710,7966.12,square,0.2435,39.36,8105.47,1.749315,1,29,37.47
1711,18380.24,sine,0.2090,21.71,18476.56,0.524070,1,17,18.34
1712,18279.43,sine,0.4747,28.98,18369.14,0.490776,1,19,19.97
1713,12381.21,sine,0.3041,38.63,12480.47,0.801690,1,77,73.90
1714,18259.79,triangle,0.1175,26.54,18369.14,0.598849,1,19,23.07
1715,12931.22,sine,0.9186,32.68,13007.81,0.592338,1,65,63.45
1716,2366.23,triangle,0.9620,21.55,2387.70,0.907254,1,198,156.49
1717,11114.84,sine,0.4536,23.59,11245.12,1.172061,1,32,32.31
1718,11983.37,triangle,0.5528,21.66,12099.61,0.970006,1,7,8.44
1719,12780.03,square,0.8703,28.69,12875.98,0.750791,1,68,84.93
1720,4663.95,sine,0.7919,25.31,4877.93,4.587892,1,28,27.30
1721,15577.43,sine,0.3895,29.31,15688.48,0.712839,1,4,4.37
1722,18920.72,triangle,0.2862,27.16,19013.67,0.491264,1,7,7.34
1723,3838.59,square,0.5145,38.02,4028.32,4.942753,1,86,101.18
1724,18670.10,square,0.5426,37.92,18798.83,0.689476,1,11,16.49
1725,16327.45,sine,0.3881,28.44,16435.55,0.662066,1,55,56.77
1726,5364.61,sine,0.1340,32.87,5444.34,1.486158,1,138,116.63
1727,5987.70,sine,0.3079,36.04,6079.10,1.526565,1,112,104.62
1728,17178.29,square,0.4745,39.56,17294.92,0.678923,1,39,55.70
1729,4810.73,sine,0.3627,23.46,5024.41,4.441854,1,18,15.83
1730,8207.95,triangle,0.6538,28.24,8300.78,1.131037,1,21,18.84
1731,18753.81,sine,0.2892,31.32,18852.54,0.526474,1,10,8.18
1732,12695.50,sine,0.4627,32.98,12788.09,0.729283,1,70,64.85
1733,14263.34,square,0.3885,21.87,14370.12,0.748610,1,34,40.18
1734,9115.14,sine,0.9529,29.50,9194.34,0.868878,1,92,79.18
1735,7027.92,triangle,0.5482,26.20,7104.49,1.089481,1,70,67.25
1736,16427.39,triangle,0.7057,20.94,16542.97,0.703591,1,53,57.60
1737,11760.13,triangle,0.2229,24.57,11860.35,0.852174,1,14,16.96
1738,17767.41,sine,0.7775,29.48,17885.74,0.666024,1,28,26.36
1739,9488.67,sine,0.8375,27.20,9570.31,0.860410,1,81,67.95
1740,11274.55,triangle,0.7324,39.12,11381.84,0.951603,1,28,23.46
1741,11095.46,square,0.9583,32.84,11210.94,1.040772,1,33,38.31
1742,6664.86,sine,0.8583,27.24,6762.70,1.467977,1,84,75.86
1743,13548.92,square,0.2790,32.03,13666.99,0.871416,1,50,57.90
1744,2152.98,square,0.5920,28.72,2255.86,4.778546,1,207,172.38
1745,15224.77,triangle,0.7941,20.78,15336.91,0.736581,1,12,12.89
1746,4688.45,square,0.9413,36.70,4936.52,5.291236,1,24,23.19
1747,17008.16,sine,0.4865,29.41,17133.79,0.738666,1,42,37.30
1748,3990.06,sine,0.9522,24.81,4174.80,4.630121,1,76,72.90
1749,5559.03,sine,0.9357,31.59,5639.65,1.450240,1,130,106.61
1750,13673.70,triangle,0.4111,32.43,13754.88,0.593713,1,48,50.75
1751,1737.19,sine,0.8481,35.34,1816.41,4.560044,1,237,163.47
1752,7662.21,square,0.5802,20.00,7788.09,1.642800,1,42,52.41
1753,5583.64,sine,0.3254,36.12,5664.06,1.440281,1,129,103.82
1754,6313.80,sine,0.5538,37.31,6420.90,1.696207,1,98,135.59
1755,5585.64,sine,0.4208,34.95,5664.06,1.403923,1,129,123.05
1756,11463.12,triangle,0.9636,35.85,11552.73,0.781759,1,23,21.44
1757,12472.26,square,0.1361,39.69,12568.36,0.770517,1,75,87.94
1758,8286.14,sine,0.7000,25.69,8422.85,1.649866,1,16,15.36
1759,12129.79,square,0.5012,36.72,12270.51,1.160125,1,2,2.77
1760,6034.37,square,0.5839,33.27,6127.93,1.550376,1,110,121.35
1761,15895.47,square,0.6814,23.01,16005.86,0.694501,1,63,75.14
1762,18720.31,square,0.7566,20.41,18852.54,0.706319,1,10,12.88
1763,4898.56,square,0.8904,30.55,5141.60,4.961582,1,10,13.04
1764,18667.54,square,0.5414,22.39,18798.83,0.703301,1,11,15.76
1765,16250.47,sine,0.9097,38.22,16328.12,0.477872,1,57,56.40
1766,18922.89,square,0.7094,35.57,19013.67,0.479735,1,7,9.58
1767,3489.28,square,0.1309,29.95,3662.11,4.953220,1,111,114.85
1768,3942.01,sine,0.4285,28.65,4116.21,4.419064,1,80,62.25
1769,12840.28,sine,0.5533,23.65,12919.92,0.620281,1,67,61.95
1770,11905.53,square,0.6010,34.77,12031.25,1.055994,1,9,12.03
1771,7376.58,triangle,0.4895,29.68,7470.70,1.276032,1,55,54.68
1772,13313.94,sine,0.6886,32.37,13403.32,0.671326,1,56,48.83
1773,6887.10,sine,0.1818,38.46,7006.84,1.738624,1,74,58.45
1774,14096.31,sine,0.4211,31.85,14194.34,0.695422,1,38,33.57
1775,16875.86,sine,0.3130,37.79,16972.66,0.573564,1,45,44.06
1776,1174.15,sine,0.9631,32.27,,,0,260,165.38
1777,5971.76,sine,0.1254,24.89,6054.69,1.388729,1,113,95.75
1778,17748.23,square,0.7483,38.37,17832.03,0.472164,1,29,36.75
1779,8752.77,sine,0.5654,38.16,8789.06,0.414654,1,1,0.84
1780,16283.11,sine,0.7233,31.44,16381.84,0.606285,1,56,46.37
1781,18241.80,sine,0.5806,37.59,18369.14,0.698069,1,19,15.23
1782,8790.45,square,0.1634,25.56,8886.72,1.095129,1,101,92.68
1783,7165.63,triangle,0.3544,29.22,7250.98,1.191106,1,64,56.93
1784,13754.78,sine,0.5378,34.77,13842.77,0.639700,1,46,43.78
1785,17470.25,square,0.7021,22.53,17563.48,0.533636,1,34,43.84
1786,18969.75,sine,0.7972,25.30,19067.38,0.514658,1,6,6.03
1787,18738.27,triangle,0.7784,24.38,18852.54,0.609818,1,10,10.45
1788,9417.76,square,0.7930,22.08,9501.95,0.893987,1,83,88.30
1789,19284.94,triangle,0.3433,36.46,19335.94,0.264437,1,1,1.20
1790,10848.15,square,0.3830,31.62,10971.68,1.138674,1,40,49.67
1791,14867.89,square,0.6663,33.99,14985.35,0.790013,1,20,21.94
1792,14511.31,sine,0.8738,29.17,14633.79,0.843993,1,28,24.92
1793,5985.91,sine,0.5347,37.74,6079.10,1.556924,1,112,88.65
1794,8188.60,triangle,0.1871,29.52,8300.78,1.369918,1,21,20.21
1795,19842.04,triangle,0.2895,30.03,19931.64,0.451586,1,47,42.88
1796,5438.87,square,0.8021,35.42,5517.58,1.447132,1,135,143.45
1797,5333.91,triangle,0.6333,27.60,5273.44,1.133685,1,1,1.18
1798,10536.78,square,0.6039,29.73,10664.06,1.208021,1,49,48.60
1799,10593.72,sine,0.8315,30.84,10698.24,0.986612,1,48,42.87
1800,3490.52,triangle,0.9392,38.95,3515.62,0.719310,1,121,105.35
1801,8011.34,sine,0.5666,22.25,8129.88,1.479727,1,28,26.47
1802,18745.76,sine,0.3275,28.13,18852.54,0.569612,1,10,9.06
1803,8280.12,triangle,0.5107,23.42,8398.44,1.428875,1,17,14.11
1804,6076.99,square,0.2327,32.23,6176.76,1.641764,1,108,106.26
1805,11749.20,triangle,0.9439,38.25,11860.35,0.946045,1,14,17.56
1806,18975.44,sine,0.2184,26.05,19067.38,0.484553,1,6,6.65
1807,18006.62,triangle,0.8734,22.20,18100.59,0.521851,1,24,25.21
1808,19001.13,square,0.1084,28.85,19121.09,0.631340,1,5,7.26
1809,1875.31,square,0.4047,29.47,1962.89,4.669959,1,227,188.71
1810,12650.24,triangle,0.6957,28.68,12744.14,0.742308,1,71,67.60
1811,16569.13,triangle,0.2078,30.64,16650.39,0.490439,1,51,43.66
1812,6405.73,sine,0.7017,37.26,6494.14,1.380224,1,95,85.97
1813,4095.15,triangle,0.8681,38.29,4130.86,0.871981,1,79,63.00
1814,6040.42,triangle,0.3886,31.05,6103.52,1.044612,1,111,94.43
1815,1959.64,sine,0.7483,28.89,2036.13,3.903308,1,222,150.57
1816,5869.56,sine,0.7030,20.01,5957.03,1.490336,1,117,81.98
1817,16311.93,sine,0.2723,27.72,16381.84,0.428543,1,56,51.68
1818,10212.32,square,0.3886,39.28,10288.09,0.741946,1,60,72.99
1819,13190.01,sine,0.4872,37.50,13271.48,0.617668,1,59,57.96
1820,6727.67,sine,0.7825,32.12,6835.94,1.609324,1,81,69.94
1821,11835.94,sine,0.2264,32.45,11962.89,1.072606,1,11,9.94
1822,4948.65,square,0.5904,25.67,5200.20,5.083046,1,6,7.68
1823,19020.08,triangle,0.7501,21.56,19121.09,0.531101,1,5,6.09
1824,3016.47,square,0.2446,39.57,3164.06,4.892875,1,145,147.09
1825,4011.88,square,0.4277,32.79,4218.75,5.156319,1,73,78.06
1826,3451.69,square,0.3472,37.76,3632.81,5.247303,1,113,121.32
1827,1771.13,triangle,0.8497,25.95,1772.46,0.075229,1,240,158.58
1828,15996.52,sine,0.9702,30.53,16113.28,0.729901,1,61,55.42
1829,6762.34,square,0.1598,39.79,6884.77,1.810411,1,79,85.74
1830,1746.55,square,0.4985,38.98,1831.05,4.838560,1,236,168.29
1831,5674.00,square,0.5341,34.06,5761.72,1.546066,1,125,134.98
1832,2292.19,sine,0.2931,34.76,2387.70,4.166353,1,198,134.38
1833,4593.64,square,0.2937,37.23,4833.98,5.232221,1,31,35.41
1834,18901.52,square,0.4171,24.68,19013.67,0.593329,1,7,9.43
1835,1945.84,sine,0.6888,30.67,2036.13,4.640352,1,222,161.57
1836,18936.78,square,0.7245,29.79,19067.38,0.689655,1,6,9.27
1837,10738.95,sine,0.5095,29.42,10834.96,0.894062,1,44,38.39
1838,14426.21,triangle,0.3964,20.84,14545.90,0.829674,1,30,25.79
1839,10429.61,square,0.2516,35.21,10561.52,1.264823,1,52,56.09
1840,19713.65,triangle,0.2774,37.51,19804.69,0.461784,1,49,48.47
1841,14385.38,square,0.5865,36.99,14501.95,0.810365,1,31,38.14
1842,10122.56,square,0.5439,31.58,10219.73,0.959863,1,62,68.90
1843,4592.48,triangle,0.7068,32.67,4628.91,0.793272,1,45,43.54
1844,2890.43,square,0.2089,21.57,3032.23,4.905787,1,154,136.76
1845,11018.91,square,0.6299,21.78,11108.40,0.812162,1,36,35.18
1846,9188.68,sine,0.9884,31.22,9296.88,1.177501,1,89,75.32
1847,14061.30,sine,0.1853,39.52,14150.39,0.633585,1,39,41.59
1848,6438.92,square,0.6849,20.49,6542.97,1.615908,1,93,97.35
1849,16394.92,square,0.3504,21.23,16489.26,0.575387,1,54,58.39
1850,4087.47,triangle,0.7174,25.00,4116.21,0.703150,1,80,76.72
1851,2246.41,triangle,0.6152,28.09,2255.86,0.420441,1,207,174.84
1852,7908.62,sine,0.7027,39.41,8032.23,1.562966,1,32,24.48
1853,4338.59,square,0.4818,28.93,4555.66,5.003340,1,50,54.40
1854,5828.80,triangle,0.5367,30.87,5883.79,0.943432,1,120,101.68
1855,6790.46,sine,0.1773,34.28,6884.77,1.388835,1,79,66.62
1856,4728.45,triangle,0.4513,28.32,4760.74,0.682905,1,36,39.39
1857,9914.37,square,0.1906,26.19,10014.65,1.011421,1,68,82.20
1858,13610.95,square,0.3576,29.20,13710.94,0.734590,1,49,51.67
1859,4675.50,sine,0.1207,37.93,4877.93,4.329643,1,28,21.74
1860,5003.43,sine,0.3516,22.55,5229.49,4.518215,1,4,3.26
1861,13145.99,sine,0.2208,32.90,13227.54,0.620298,1,60,49.22
1862,7453.55,triangle,0.6017,25.12,7543.95,1.212758,1,52,59.42
1863,13365.73,sine,0.5828,28.74,13447.27,0.610027,1,55,52.57
1864,6089.60,square,0.8842,39.98,6201.17,1.832203,1,107,111.93
1865,12547.49,square,0.3027,25.14,12656.25,0.866766,1,73,88.51
1866,10109.64,square,0.9224,27.37,10185.55,0.750791,1,63,132.72
1867,8095.45,square,0.8530,33.02,8227.54,1.631680,1,24,85.43
1868,12669.21,square,0.8361,20.77,12744.14,0.591453,1,71,306.21
1869,17545.15,square,0.4584,29.94,17670.90,0.716735,1,32,144.64
1870,13680.90,sine,0.8844,28.93,13798.83,0.862027,1,47,161.34
1871,7516.36,sine,0.4955,29.93,7641.60,1.666200,1,48,89.68
1872,8669.29,triangle,0.4788,39.23,8764.65,1.099989,1,2,4.35
1873,12386.27,triangle,0.1984,27.95,12480.47,0.760486,1,77,80.27
1874,7400.11,square,0.8750,21.57,7519.53,1.613827,1,53,65.11
1875,2378.92,triangle,0.2916,33.38,2387.70,0.368829,1,198,145.66
1876,11314.68,triangle,0.2126,22.60,11416.02,0.895572,1,27,21.63
1877,11579.55,triangle,0.4735,26.54,11689.45,0.949124,1,19,17.01
1878,12527.10,triangle,0.8532,39.91,12612.30,0.680186,1,74,74.17
1879,1428.80,sine,0.6485,36.41,1494.14,4.572887,1,259,173.20
1880,6419.64,sine,0.8083,21.13,6518.55,1.540774,1,94,78.30
1881,8018.27,square,0.6043,34.57,8154.30,1.696458,1,27,33.44
1882,7742.07,square,0.6268,30.95,7885.74,1.855750,1,38,47.27
1883,13169.18,sine,0.1762,22.39,13271.48,0.776827,1,59,59.84
1884,5267.07,square,0.8564,34.03,5346.68,1.511552,1,142,142.56
1885,15991.77,square,0.4642,27.87,16059.57,0.423961,1,62,75.80
1886,4645.59,sine,0.6318,39.78,4848.63,4.370646,1,30,24.35
1887,4169.76,sine,0.8016,25.05,4350.59,4.336493,1,64,53.57
1888,16763.23,triangle,0.9511,28.18,16865.23,0.608487,1,47,48.50
1889,13577.43,square,0.6675,28.99,13666.99,0.659663,1,50,62.09
1890,4584.01,square,0.5757,36.21,4819.34,5.133565,1,32,38.12
1891,14974.89,square,0.2020,34.41,15073.24,0.656758,1,18,20.44
1892,10505.80,triangle,0.9279,21.10,10595.70,0.855767,1,51,39.17
1893,16592.19,sine,0.4305,30.85,16704.10,0.674486,1,50,45.77
1894,3813.92,triangle,0.1075,23.37,3837.89,0.628631,1,99,83.96
1895,12035.14,triangle,0.9250,34.11,12133.79,0.819677,1,6,5.83
1896,13763.81,square,0.1012,22.40,13886.72,0.893013,1,45,51.65
1897,11156.54,triangle,0.4757,34.61,11245.12,0.793982,1,32,34.01
1898,10915.38,sine,0.2728,36.80,11040.04,1.142016,1,38,33.91
1899,14773.34,triangle,0.2058,39.80,14897.46,0.840154,1,22,18.77
1900,4978.73,sine,0.9977,25.62,5200.20,4.448280,1,6,5.11
1901,13692.37,sine,0.6222,38.08,13798.83,0.777503,1,47,43.45
1902,7083.44,triangle,0.2691,32.50,7177.73,1.331163,1,67,68.19
1903,7392.56,sine,0.3819,23.58,7519.53,1.717600,1,53,50.86
1904,18136.41,square,0.3208,28.97,18261.72,0.690946,1,21,27.64
1905,7090.19,triangle,0.9741,28.76,7177.73,1.234766,1,67,67.62
1906,17359.63,square,0.2415,33.81,17456.05,0.555427,1,36,47.02
1907,10755.26,square,0.9007,28.81,10869.14,1.058879,1,43,44.01
1908,18122.37,triangle,0.5397,32.06,18208.01,0.472526,1,22,21.63
1909,7186.04,triangle,0.7006,20.88,7275.39,1.243370,1,63,58.83
1910,7205.82,square,0.1507,20.48,7324.22,1.643152,1,61,66.60
1911,9550.46,sine,0.4945,25.25,9638.67,0.923634,1,79,62.45
1912,4129.64,triangle,0.5631,24.00,4160.16,0.739025,1,77,73.41
1913,7072.20,square,0.1650,22.95,7202.15,1.837467,1,66,76.25
1914,2391.67,triangle,0.7772,35.07,2402.34,0.446436,1,197,144.03
1915,14610.18,triangle,0.5293,32.85,14721.68,0.763154,1,26,28.13
1916,1728.87,square,0.8001,30.01,1816.41,5.063234,1,237,177.24
1917,7792.75,sine,0.6785,33.86,7910.16,1.506567,1,37,35.24
1918,17548.38,square,0.7928,31.23,17670.90,0.698150,1,32,38.05
1919,17773.89,square,0.5659,31.56,17885.74,0.629287,1,28,35.95
1920,15236.99,triangle,0.1662,21.07,15336.91,0.655788,1,12,13.33
1921,18813.46,square,0.6534,29.65,18906.25,0.493230,1,9,10.47
1922,2779.49,triangle,0.7725,26.23,2797.85,0.660551,1,170,142.61
1923,6818.55,triangle,0.1651,37.62,6909.18,1.329228,1,78,65.55
1924,5876.57,square,0.9424,33.56,5981.45,1.784598,1,116,114.48
1925,8874.17,triangle,0.4096,25.55,8955.08,0.911767,1,99,86.14
1926,19936.98,triangle,0.6802,27.11,20058.59,0.609979,1,45,40.61
1927,1934.06,sine,0.5988,35.24,2021.48,4.520481,1,223,158.92
1928,11210.20,triangle,0.1301,27.34,11313.48,0.921232,1,30,26.04
1929,5504.34,square,0.1651,39.08,5590.82,1.571177,1,132,132.11
1930,5241.85,triangle,0.4833,39.71,5273.44,0.602552,1,1,1.12
1931,11527.11,triangle,0.1048,34.96,11621.09,0.815334,1,21,20.07
1932,18157.96,sine,0.1865,28.49,18261.72,0.571410,1,21,16.37
1933,18739.90,square,0.5747,22.82,18852.54,0.601070,1,10,13.65
1934,1015.00,triangle,0.1788,32.68,,,0,260,175.17
1935,18377.71,sine,0.6987,21.57,18476.56,0.537879,1,17,14.92
1936,12471.35,sine,0.7624,26.02,12568.36,0.777876,1,75,73.41
1937,9804.43,square,0.2541,34.83,9912.11,1.098281,1,71,84.47
1938,6750.17,square,0.2425,33.76,6860.35,1.632331,1,80,85.56
1939,3435.57,square,0.3225,34.97,3618.16,5.314708,1,114,102.21
1940,5978.67,triangle,0.9026,23.93,6054.69,1.271562,1,113,95.84
1941,12663.07,sine,0.4524,34.27,12744.14,0.640190,1,71,65.46
1942,13529.04,square,0.3543,27.56,13623.05,0.694840,1,51,59.79
1943,2955.98,triangle,0.5535,34.18,2973.63,0.597300,1,158,133.49
1944,5729.93,sine,0.4008,20.51,5810.55,1.406997,1,123,108.54
1945,7479.91,triangle,0.9076,30.36,7568.36,1.182498,1,51,56.53
1946,9654.53,sine,0.8913,20.26,9741.21,0.897804,1,76,71.92
1947,18950.25,square,0.4077,38.48,19067.38,0.618099,1,6,7.49
1948,1463.43,square,0.5940,24.39,1538.09,5.101517,1,256,204.89
1949,9148.86,square,0.7544,20.01,9228.52,0.870649,1,91,105.21
1950,18800.22,sine,0.3102,25.27,18906.25,0.564009,1,9,9.59
1951,1718.58,sine,0.9877,26.30,1787.11,3.987401,1,239,173.15
1952,3190.72,sine,0.7475,37.09,3325.20,4.214552,1,134,101.38
1953,5882.09,sine,0.3008,21.13,5981.45,1.689052,1,116,89.61
1954,2964.50,square,0.3069,30.32,3120.12,5.249222,1,148,134.03
1955,5816.38,triangle,0.9153,31.34,5883.79,1.158929,1,120,103.28
1956,7734.06,square,0.4707,34.55,7861.33,1.645608,1,39,49.03
1957,9581.14,triangle,0.9497,26.72,9672.85,0.957200,1,78,82.19
1958,11653.20,sine,0.2804,28.27,11757.81,0.897757,1,17,14.09
1959,4917.85,triangle,0.2425,29.11,4965.82,0.975400,1,22,20.57
1960,12508.29,triangle,0.4448,37.38,12612.30,0.831602,1,74,77.59
1961,11798.06,square,0.1605,29.29,11894.53,0.817654,1,13,17.82
1962,16593.98,square,0.8489,29.88,16704.10,0.663618,1,50,64.58
1963,3250.77,sine,0.3729,33.96,3398.44,4.542462,1,129,95.24
1964,16014.94,sine,0.5461,28.42,16113.28,0.614071,1,61,51.23
1965,8799.93,sine,0.2227,23.93,8886.72,0.986210,1,101,76.58
1966,2051.32,sine,0.1083,32.55,2138.67,4.258561,1,215,165.49
1967,7011.13,triangle,0.2743,26.92,7104.49,1.331589,1,70,73.05
1968,7798.98,sine,0.8553,20.64,7934.57,1.738538,1,36,38.26
1969,18863.42,triangle,0.5820,30.87,18959.96,0.511806,1,8,9.62
1970,13421.78,square,0.6825,20.90,13535.16,0.844714,1,53,60.55
1971,2026.90,square,0.5947,37.76,2124.02,4.791469,1,216,184.90
1972,2988.55,triangle,0.2890,27.88,3002.93,0.481091,1,156,128.16
1973,7015.45,square,0.2354,30.07,7128.91,1.617288,1,69,69.41
1974,16231.21,square,0.5416,36.98,16328.12,0.597095,1,57,71.30
1975,14415.10,square,0.3319,37.70,14501.95,0.602486,1,31,42.24
1976,11963.39,sine,0.3422,36.06,12099.61,1.138655,1,7,6.95
1977,1838.77,triangle,0.2173,35.92,1845.70,0.377288,1,235,160.15
1978,8500.73,square,0.8926,28.26,8642.58,1.668646,1,7,7.56
1979,11212.38,sine,0.1021,24.90,11313.48,0.901639,1,30,24.45
1980,13931.08,sine,0.2024,28.22,14018.55,0.627919,1,42,37.67
1981,13308.90,triangle,0.2606,21.59,13403.32,0.709424,1,56,49.21
1982,18867.54,sine,0.8680,37.27,18959.96,0.489822,1,8,6.46
1983,15677.93,sine,0.8396,35.39,15776.37,0.627876,1,2,1.73
1984,12337.74,square,0.3363,22.44,12436.52,0.800687,1,78,121.04
1985,10685.38,square,0.4234,29.51,10800.78,1.079952,1,45,95.67
1986,7906.77,square,0.9111,23.28,8056.64,1.895412,1,31,45.24
1987,8246.77,sine,0.6624,34.58,8374.02,1.543102,1,18,21.44
1988,18706.34,sine,0.9552,21.27,18798.83,0.494411,1,11,14.53
1989,12457.26,sine,0.9044,30.60,12524.41,0.539048,1,76,107.94
1990,13717.62,triangle,0.2353,20.77,13798.83,0.592008,1,47,153.75
1991,17698.74,sine,0.2161,29.37,17778.32,0.449628,1,30,88.55
1992,12367.82,sine,0.3474,20.66,12436.52,0.555539,1,78,182.24
1993,8986.37,triangle,0.9844,32.74,9057.62,0.792809,1,96,205.36
1994,4071.12,triangle,0.5646,23.07,4086.91,0.388048,1,82,73.15
1995,18512.81,triangle,0.7585,34.18,18637.70,0.674606,1,14,17.05
1996,4806.46,sine,0.7195,24.39,5024.41,4.534681,1,18,15.03
1997,9334.76,triangle,0.8056,29.07,9399.41,0.692592,1,86,74.09
1998,16051.61,triangle,0.6893,24.57,16113.28,0.384213,1,61,64.55
1999,6206.22,sine,0.2051,25.46,6298.83,1.492120,1,103,86.21
2000,4980.87,square,0.9176,22.09,5244.14,5.285735,1,3,3.46
2001,14685.09,triangle,0.1862,38.45,14809.57,0.847661,1,24,24.27
2002,11800.97,square,0.7809,25.15,11928.71,1.082446,1,12,12.93
2003,14176.69,sine,0.8555,28.96,14282.23,0.744459,1,36,29.47
2004,13097.17,sine,0.7094,35.44,13183.59,0.659901,1,61,53.59
2005,9991.05,square,0.5107,37.88,10117.19,1.262499,1,65,70.81
2006,10459.51,triangle,0.8212,28.21,10561.52,0.975275,1,52,50.27
2007,5371.61,square,0.8436,24.55,5468.75,1.808485,1,137,138.36
2008,10964.29,triangle,0.4181,32.84,11074.22,1.002602,1,37,39.59
2009,5667.00,sine,0.8149,21.98,5761.72,1.671411,1,125,101.72
2010,6156.25,triangle,0.4118,39.46,6225.59,1.126326,1,106,89.01
2011,19614.95,sine,0.1369,34.10,19677.73,0.320072,1,51,51.26
2012,9568.74,sine,0.7368,20.62,9638.67,0.730799,1,79,70.49
2013,17533.74,sine,0.2146,23.51,17617.19,0.475942,1,33,33.45
2014,19245.06,triangle,0.8212,27.95,19335.94,0.472208,1,1,1.24
2015,7389.94,sine,0.5326,31.04,7495.12,1.423223,1,54,52.22
2016,13003.72,sine,0.9538,23.40,13095.70,0.707344,1,63,53.29
2017,19347.41,sine,0.5330,26.67,19423.83,0.394977,1,55,48.27
2018,9533.34,square,0.4920,28.30,9604.49,0.746300,1,80,86.57
2019,14921.74,triangle,0.8499,25.00,15029.30,0.720773,1,19,22.72
2020,12581.04,square,0.4328,29.72,12656.25,0.597791,1,73,74.47
2021,6961.86,sine,0.2924,22.11,7080.08,1.698072,1,71,66.59
2022,13978.32,square,0.9555,34.59,14106.45,0.916586,1,40,48.11
2023,1988.87,triangle,0.8764,28.87,1992.19,0.166756,1,225,164.75
2024,12131.40,triangle,0.5791,38.11,12236.33,0.864947,1,3,3.63
2025,2577.74,sine,0.4967,31.70,2695.31,4.561215,1,177,125.54
2026,16508.33,triangle,0.4500,20.95,16596.68,0.535187,1,52,50.51
2027,16222.26,square,0.2787,29.90,16328.12,0.652600,1,57,61.99
2028,15103.89,triangle,0.5497,26.10,15205.08,0.669916,1,15,12.47
2029,19501.11,square,0.4674,25.61,19550.78,0.254715,1,53,56.70
2030,14890.96,sine,0.2545,30.60,14985.35,0.633907,1,20,20.44
2031,6509.76,square,0.2061,33.10,6616.21,1.635244,1,90,91.04
2032,6382.63,sine,0.2142,38.67,6469.73,1.364523,1,96,86.69
2033,17479.74,sine,0.8005,32.17,17563.48,0.479060,1,34,33.80
2034,19447.19,square,0.7133,21.27,19550.78,0.532682,1,53,58.78
2035,8528.70,triangle,0.5851,25.76,8618.16,1.048981,1,8,9.97
2036,3285.15,triangle,0.6804,27.48,3295.90,0.327234,1,136,108.37
2037,19067.89,sine,0.3734,38.42,19174.80,0.560728,1,4,3.94
2038,7097.77,sine,0.5808,36.48,7202.15,1.470533,1,66,55.76
2039,2959.79,triangle,0.8156,23.63,2973.63,0.467748,1,158,134.99
2040,14528.15,square,0.4621,35.67,14633.79,0.727125,1,28,36.28
2041,19292.91,sine,0.4786,29.62,19335.94,0.223015,1,1,1.14
2042,8149.92,square,0.1470,33.71,8300.78,1.851020,1,21,26.65
2043,9288.07,sine,0.8344,36.05,9365.23,0.830748,1,87,81.22
2044,10241.44,sine,0.6743,25.76,10356.45,1.122932,1,58,47.29
2045,5484.15,triangle,0.1363,21.90,5566.41,1.499878,1,133,110.22
2046,1128.98,sine,0.1621,39.92,,,0,260,175.33
2047,6487.39,sine,0.3169,38.72,6591.80,1.609391,1,91,74.19
2048,10883.04,square,0.8861,27.90,10971.68,0.814436,1,40,51.14
2049,7365.16,sine,0.4400,26.33,7495.12,1.764447,1,54,52.02
2050,13868.78,sine,0.6195,21.32,13974.61,0.763111,1,43,43.59
2051,4634.49,square,0.9433,27.55,4877.93,5.252692,1,28,33.90
2052,13617.41,sine,0.2143,21.17,13710.94,0.686836,1,49,45.11
2053,6802.86,sine,0.2566,35.22,6909.18,1.562920,1,78,64.47
2054,1300.92,square,0.4415,30.13,,,0,260,185.24
2055,11693.77,sine,0.3656,34.67,11826.17,1.132204,1,15,12.79
2056,17554.26,sine,0.1879,37.96,17670.90,0.664429,1,32,30.57
2057,7648.01,square,0.4236,22.52,7788.09,1.831484,1,42,44.08
2058,12197.30,square,0.2827,29.04,12304.69,0.880410,1,1,1.38
2059,16142.00,square,0.1872,30.96,16220.70,0.487551,1,59,72.70
2060,14352.03,triangle,0.6662,23.05,14458.01,0.738433,1,32,32.38
2061,14493.29,triangle,0.1220,28.23,14589.84,0.666182,1,29,32.48
2062,7326.05,triangle,0.2945,31.82,7421.88,1.307939,1,57,59.21
2063,18350.91,triangle,0.9293,39.57,18476.56,0.684703,1,17,19.98
2064,1202.73,square,0.4716,37.20,,,0,260,190.74
2065,5784.48,triangle,0.6523,35.87,5859.38,1.294769,1,121,119.27
2066,2626.39,sine,0.7826,20.44,2739.26,4.297391,1,174,134.74
2067,16520.68,sine,0.6914,27.30,16596.68,0.460017,1,52,48.34
2068,12618.40,triangle,0.4082,22.16,12700.20,0.648205,1,72,55.81
2069,2323.27,square,0.5686,34.84,2446.29,5.295015,1,194,161.05
2070,10684.97,square,0.4583,20.53,10766.60,0.763941,1,46,51.08
2071,7375.59,triangle,0.8862,26.59,7470.70,1.289610,1,55,58.57
2072,12168.11,triangle,0.4971,20.36,12304.69,1.122399,1,1,1.08
2073,2415.70,square,0.9725,33.86,2534.18,4.904623,1,188,174.76
2074,2347.41,sine,0.7942,36.83,2446.29,4.212367,1,194,144.50
2075,12736.20,square,0.1255,36.57,12832.03,0.752455,1,69,72.03
2076,15977.23,sine,0.7378,24.30,16059.57,0.515367,1,62,47.50
2077,1766.27,sine,0.2608,26.75,1845.70,4.497043,1,235,165.25
2078,8950.54,square,0.5291,25.41,9057.62,1.196316,1,96,107.87
2079,1554.24,square,0.4562,25.97,1625.98,4.615358,1,250,205.26
2080,17471.88,triangle,0.8720,29.90,17563.48,0.524252,1,34,37.91
2081,3487.69,triangle,0.2855,28.82,3515.62,0.800850,1,121,98.77
2082,2235.01,triangle,0.2133,38.06,2241.21,0.277222,1,208,161.67
2083,17420.38,square,0.7699,32.39,17509.77,0.513101,1,35,47.07
2084,16258.44,square,0.8072,29.25,16328.12,0.428625,1,57,70.49
2085,18878.35,square,0.5164,35.70,18959.96,0.432299,1,8,11.58
2086,16609.98,square,0.2618,29.36,16704.10,0.566680,1,50,71.53
2087,19393.38,triangle,0.8300,20.66,19487.30,0.484326,1,54,50.69
2088,9889.33,square,0.8470,20.99,9980.47,0.921589,1,69,79.69
2089,17196.34,square,0.2776,26.35,17294.92,0.573279,1,39,48.51
2090,6356.66,square,0.1465,23.17,6445.31,1.394616,1,97,111.82
2091,16441.17,sine,0.3101,29.07,16542.97,0.619183,1,53,49.28
2092,10825.30,triangle,0.5026,35.80,10937.50,1.036490,1,41,36.62
2093,12748.58,sine,0.2407,28.74,12832.03,0.654594,1,69,56.24
2094,8540.90,triangle,0.6227,27.76,8642.58,1.190503,1,7,5.88
2095,4244.45,sine,0.6180,28.47,4438.48,4.571414,1,58,44.86
2096,10783.62,sine,0.6966,37.05,10903.32,1.109995,1,42,40.69
2097,5900.85,square,0.9780,26.66,6005.86,1.779553,1,115,140.58
2098,12305.88,sine,0.6454,21.79,12392.58,0.704521,1,79,62.70
2099,19225.47,triangle,0.8093,34.08,19335.94,0.574572,1,1,1.34
2100,12204.85,square,0.8725,39.14,12304.69,0.818001,1,1,1.39
2101,10481.69,triangle,0.6250,30.77,10561.52,0.761673,1,52,57.74
2102,9635.17,sine,0.1033,24.83,9741.21,1.100541,1,76,76.43
2103,10684.74,square,0.5036,39.61,10800.78,1.086044,1,45,65.29
2104,7655.18,square,0.2202,20.96,7763.67,1.417300,1,43,63.22
2105,15732.78,square,0.7846,23.00,15820.31,0.556365,1,1,1.52
2106,11864.75,sine,0.3053,20.23,11997.07,1.115267,1,10,12.26
2107,3476.47,sine,0.2052,39.72,3632.81,4.497050,1,113,148.89
2108,6864.02,sine,0.2792,31.75,6982.42,1.724959,1,75,198.95
2109,2216.83,triangle,0.9653,24.93,2226.56,0.439166,1,209,463.08
2110,9551.81,sine,0.6766,28.28,9638.67,0.909375,1,79,78.05
2111,6131.11,sine,0.6886,28.32,6225.59,1.540913,1,106,97.54
2112,4413.53,triangle,0.6086,37.17,4438.48,0.565309,1,58,64.46
2113,3232.04,triangle,0.7062,22.30,3251.95,0.616052,1,139,106.61
2114,14201.59,square,0.9505,22.83,14326.17,0.877211,1,35,37.29
2115,13213.83,square,0.9611,26.60,13315.43,0.768855,1,58,72.76
2116,19281.53,triangle,0.3433,36.07,19335.94,0.282162,1,1,0.89
2117,19916.48,sine,0.4931,30.40,19995.12,0.394836,1,46,43.82
2118,6603.69,sine,0.2981,25.64,6713.87,1.668394,1,86,73.15
2119,9428.39,sine,0.8859,34.10,9536.13,1.142702,1,82,58.47
2120,2618.81,square,0.6883,39.12,2753.91,5.158726,1,173,153.65
2121,1057.40,sine,0.9350,38.64,,,0,260,172.70
2122,14691.14,triangle,0.1823,30.28,14809.57,0.806121,1,24,26.79
2123,5400.08,sine,0.8293,22.70,5468.75,1.271707,1,137,117.03
2124,9904.38,triangle,0.2672,39.56,9980.47,0.768222,1,69,58.69
2125,19891.47,square,0.2531,26.32,19995.12,0.521055,1,46,59.10
2126,9065.36,sine,0.3526,39.44,9160.16,1.045655,1,93,80.19
2127,3913.93,triangle,0.1004,31.92,3940.43,0.677017,1,92,77.64
2128,18402.92,sine,0.2670,33.03,18530.27,0.692044,1,16,16.53
2129,14539.43,triangle,0.3874,25.04,14633.79,0.649010,1,28,30.27
2130,19162.46,triangle,0.5116,36.92,19282.23,0.625021,1,2,2.32
2131,9594.15,square,0.2411,28.53,9707.03,1.176605,1,77,87.09
2132,11210.92,sine,0.4997,35.63,11313.48,0.914775,1,30,28.06
2133,13920.88,square,0.9186,20.36,14018.55,0.701677,1,42,45.80
2134,11583.90,triangle,0.5872,26.48,11689.45,0.911169,1,19,19.63
2135,3588.76,triangle,0.5237,37.56,3618.16,0.819317,1,114,104.64
2136,12131.19,triangle,0.8238,33.18,12236.33,0.866673,1,3,2.47
2137,8563.04,square,0.8227,27.47,8691.41,1.499050,1,5,5.61
2138,8374.31,sine,0.9231,21.82,8496.09,1.454282,1,13,13.03
2139,13315.97,square,0.4651,33.59,13403.32,0.655949,1,56,66.28
2140,2274.78,square,0.7948,36.56,2387.70,4.963748,1,198,172.68
2141,4240.08,triangle,0.6905,37.64,4262.70,0.533432,1,70,56.15
2142,10220.33,square,0.9271,38.00,10322.27,0.997345,1,59,64.01
2143,9515.06,sine,0.4539,27.76,9604.49,0.939938,1,80,69.33
2144,6450.47,sine,0.8750,21.40,6567.38,1.812460,1,92,74.36
2145,13874.61,sine,0.4101,21.23,13974.61,0.720719,1,43,40.69
2146,6129.50,triangle,0.8965,24.43,6201.17,1.169309,1,107,82.85
2147,9807.41,square,0.8862,35.26,9877.93,0.719056,1,72,77.26
2148,10748.47,triangle,0.8626,20.19,10834.96,0.804708,1,44,44.63
2149,8654.91,triangle,0.7663,30.86,8764.65,1.267926,1,2,2.39
2150,11063.25,square,0.5685,33.11,11176.76,1.026026,1,34,35.24
2151,8948.90,triangle,0.8751,23.09,9023.44,0.832949,1,97,83.39
2152,9579.39,square,0.7187,25.00,9672.85,0.975616,1,78,86.43
2153,13164.77,triangle,0.4763,38.22,13271.48,0.810626,1,59,59.83
2154,19870.11,sine,0.3097,39.01,19931.64,0.309659,1,47,40.13
2155,19208.23,sine,0.1135,23.22,19335.94,0.664879,1,1,0.86
2156,19924.24,sine,0.5523,36.97,19995.12,0.355719,1,46,36.38
2157,1387.63,square,0.3493,37.25,,,0,260,194.60
2158,6385.76,triangle,0.7068,24.43,6469.73,1.314874,1,96,79.49
2159,1661.18,square,0.3603,36.18,1743.16,4.934988,1,242,194.50
2160,16206.92,square,0.6459,32.09,16274.41,0.416455,1,58,64.13
2161,16716.00,square,0.3479,25.30,16811.52,0.571420,1,48,48.52
2162,11187.65,square,0.4961,21.82,11313.48,1.124662,1,30,35.94
2163,14653.47,sine,0.2773,28.26,14765.62,0.765374,1,25,25.54
2164,5327.79,square,0.4343,28.98,5419.92,1.729299,1,139,138.58
2165,11206.22,sine,0.2402,37.61,11313.48,0.957142,1,30,24.63
2166,9240.75,square,0.1321,29.96,9331.05,0.977240,1,88,93.83
2167,11529.22,square,0.7363,23.55,11621.09,0.796836,1,21,27.76
2168,5792.24,triangle,0.9525,22.72,5859.38,1.159059,1,121,111.91
2169,10455.34,sine,0.1541,26.51,10561.52,1.015576,1,52,42.22
2170,3730.06,triangle,0.5804,22.88,3764.65,0.927157,1,104,85.83
2171,1175.59,triangle,0.2586,32.12,,,0,260,176.98
2172,7401.52,square,0.3841,21.74,7519.53,1.594469,1,53,62.17
2173,5236.05,sine,0.4852,33.17,5322.27,1.646574,1,143,118.79
2174,6012.32,sine,0.5670,32.12,6103.52,1.516890,1,111,79.68
2175,19294.54,square,0.5241,31.47,19335.94,0.214559,1,1,1.11
2176,18630.11,triangle,0.3907,24.75,18745.12,0.617308,1,12,10.73
2177,5990.04,square,0.7696,30.06,6079.10,1.486851,1,112,113.58
2178,2288.13,triangle,0.8254,25.79,2299.80,0.510162,1,204,147.83
2179,13618.39,square,0.9002,36.90,13710.94,0.679584,1,49,61.26
2180,10983.21,triangle,0.8950,29.91,11074.22,0.828636,1,37,32.28
2181,6951.76,triangle,0.2981,27.77,7031.25,1.143392,1,73,75.55
2182,17448.82,triangle,0.4634,24.29,17563.48,0.657116,1,34,30.85
2183,7763.40,sine,0.2585,34.87,7885.74,1.575892,1,38,34.43
2184,5789.33,square,0.4473,39.64,5883.79,1.631644,1,120,122.15
2185,8430.75,sine,0.1808,31.82,8569.34,1.643783,1,10,10.48
2186,12387.91,square,0.4887,21.08,12480.47,0.747190,1,77,79.85
2187,10814.38,square,0.2346,22.08,10937.50,1.138450,1,41,46.94
2188,3347.88,sine,0.6487,23.93,3500.98,4.573024,1,122,98.13
2189,5777.17,sine,0.9621,37.09,5859.38,1.422878,1,121,103.30
2190,5379.40,sine,0.2889,29.84,5468.75,1.660930,1,137,111.24
2191,1372.60,triangle,0.5708,37.97,,,0,260,191.85
2192,4123.46,triangle,0.8128,22.54,4145.51,0.534668,1,78,83.12
2193,8572.63,sine,0.3292,25.26,8715.82,1.670376,1,4,4.25
2194,11568.49,square,0.9530,22.53,11689.45,1.045613,1,19,25.33
2195,19500.15,sine,0.7956,26.78,19614.26,0.585161,1,52,52.48
2196,3718.55,triangle,0.3780,33.18,3750.00,0.845854,1,105,87.95
2197,11762.43,square,0.5462,34.64,11894.53,1.123078,1,13,17.69
2198,2667.69,triangle,0.9062,21.16,2680.66,0.486515,1,178,145.50
2199,3672.41,triangle,0.4936,28.07,3691.41,0.517175,1,109,103.67
2200,3602.37,square,0.2139,29.53,3793.95,5.318151,1,102,104.32
2201,15508.69,sine,0.5327,39.84,15644.53,0.875900,1,5,5.63
2202,14046.36,triangle,0.4734,35.36,14150.39,0.740637,1,39,38.27
2203,1769.67,sine,0.2828,28.04,1845.70,4.296205,1,235,162.51
2204,17069.15,square,0.6892,34.19,17187.50,0.693340,1,41,40.63
2205,12137.46,square,0.6193,26.85,12236.33,0.814531,1,3,3.09
2206,2593.60,triangle,0.2145,21.45,2607.42,0.532882,1,183,148.54
2207,17692.08,sine,0.6853,26.58,17778.32,0.487427,1,30,30.96
2208,8437.63,sine,0.4087,28.21,8569.34,1.560921,1,10,10.35
2209,14687.91,square,0.9492,20.84,14809.57,0.828335,1,24,31.86
2210,10558.30,square,0.9282,20.98,10664.06,1.001718,1,49,61.79
2211,11896.49,triangle,0.3177,37.53,11997.07,0.845444,1,10,11.41
2212,1361.82,triangle,0.9398,33.14,,,0,260,195.00
2213,9341.56,sine,0.9281,29.41,9433.59,0.985255,1,85,81.90
2214,1550.94,triangle,0.5337,22.49,1552.73,0.115816,1,255,173.63
2215,5071.16,sine,0.6169,32.44,5273.44,3.988692,1,1,1.06
2216,10609.10,triangle,0.8749,32.31,10698.24,0.840208,1,48,46.95
2217,1242.37,triangle,0.4762,31.31,,,0,260,175.15
2218,13332.53,square,0.9254,22.68,13447.27,0.860558,1,55,68.97
2219,13758.72,sine,0.9322,22.25,13842.77,0.610879,1,46,46.07
2220,2802.80,sine,0.4362,24.29,2915.04,4.004520,1,162,131.52
2221,12117.31,square,0.1308,26.39,12270.51,1.264276,1,2,2.68
2222,16398.23,triangle,0.7524,33.96,16489.26,0.555136,1,54,54.24
2223,6908.49,sine,0.3452,36.64,7031.25,1.776982,1,73,65.75
2224,19628.95,square,0.1087,22.80,19741.21,0.571940,1,50,51.56
2225,7119.53,square,0.1676,38.87,7250.98,1.846268,1,64,71.96
2226,7936.59,triangle,0.8025,35.11,8032.23,1.205011,1,32,33.52
2227,12527.67,square,0.6742,32.57,12612.30,0.675566,1,74,88.87
2228,11520.84,triangle,0.7591,35.54,11621.09,0.870226,1,21,21.03
2229,17576.79,sine,0.1754,29.66,17670.90,0.535393,1,32,32.87
2230,10767.53,triangle,0.4994,31.42,10869.14,0.943646,1,43,46.55
2231,11014.35,sine,0.6537,36.56,11142.58,1.164211,1,35,31.24
2232,3992.51,square,0.6342,23.28,4204.10,5.299702,1,74,80.25
2233,3345.81,triangle,0.4543,24.55,3354.49,0.259557,1,132,112.11
2234,4255.17,triangle,0.6485,32.87,4277.34,0.521188,1,69,60.80
2235,2672.11,triangle,0.4503,26.27,2695.31,0.868151,1,177,141.85
2236,9784.87,square,0.8772,38.59,9877.93,0.951083,1,72,80.72
2237,6765.61,triangle,0.8034,38.62,6835.94,1.039468,1,81,72.00
2238,5669.26,square,0.3471,36.48,5761.72,1.630952,1,125,125.38
2239,1101.16,square,0.4053,26.45,,,0,260,187.32
2240,13253.22,triangle,0.6483,37.06,13359.38,0.800974,1,57,57.35
2241,6027.35,square,0.5055,20.23,6127.93,1.668804,1,110,102.89
2242,11579.43,square,0.6327,34.73,11723.63,1.245330,1,18,23.58
2243,11855.45,sine,0.2048,31.93,11962.89,0.906246,1,11,11.76
2244,6224.60,sine,0.4866,31.09,6323.24,1.584639,1,102,92.08
2245,7246.17,triangle,0.6794,26.66,7324.22,1.077051,1,61,63.60
2246,15342.58,square,0.6737,31.07,15468.75,0.822365,1,9,12.05
2247,1216.40,triangle,0.4384,38.85,,,0,260,177.31
2248,16541.71,square,0.3270,24.07,16650.39,0.657006,1,51,61.44
2249,7467.31,square,0.3665,30.30,7592.77,1.680143,1,50,57.34
2250,4142.04,triangle,0.1971,38.64,4174.80,0.791074,1,76,67.58
2251,18357.98,square,0.7524,28.72,18476.56,0.645933,1,17,20.17
2252,12970.66,square,0.3710,31.56,13051.76,0.625264,1,64,64.65
2253,10464.46,square,0.3580,27.34,10595.70,1.254143,1,51,58.01
2254,2594.06,sine,0.3281,21.48,2695.31,3.903194,1,177,140.03
2255,2971.72,triangle,0.1350,33.18,2988.28,0.557313,1,157,128.02
2256,6178.60,triangle,0.5365,26.11,6250.00,1.155647,1,105,82.68
2257,10835.14,square,0.6079,22.29,10937.50,0.944706,1,41,43.16
2258,19942.82,square,0.4134,34.20,19995.12,0.262238,1,46,58.69
2259,7914.09,triangle,0.5088,34.39,8007.81,1.184265,1,33,34.88
2260,3041.61,triangle,0.7621,24.23,3061.52,0.654664,1,152,130.02
2261,3760.43,sine,0.9785,25.14,3925.78,4.397021,1,93,79.40
2262,9666.42,sine,0.4575,31.43,9775.39,1.127343,1,75,64.52
2263,19109.37,square,0.8372,30.94,19228.52,0.623506,1,3,3.26
2264,1774.92,sine,0.6180,39.01,1845.70,3.988239,1,235,162.52
2265,17323.48,sine,0.2981,24.02,17402.34,0.455260,1,37,30.51
2266,18527.48,triangle,0.7974,27.85,18637.70,0.594880,1,14,13.31
2267,10583.23,square,0.3281,30.10,10698.24,1.086708,1,48,46.12
2268,1579.43,sine,0.8979,35.03,1640.62,3.874209,1,249,152.55
2269,9034.50,square,0.4330,34.82,9125.98,1.012527,1,94,100.53
2270,15899.56,triangle,0.7504,24.09,16005.86,0.668591,1,63,59.08
2271,7421.43,square,0.3977,35.10,7543.95,1.650837,1,52,64.46
2272,7257.72,sine,0.4591,39.60,7373.05,1.589066,1,59,56.00
2273,5291.75,square,0.4897,21.42,5371.09,1.499446,1,141,123.71
2274,10269.66,triangle,0.5619,37.44,10356.45,0.845109,1,58,59.44
2275,6489.80,sine,0.9429,27.56,6591.80,1.571597,1,91,79.15
2276,11951.71,triangle,0.3919,34.32,12065.43,0.951531,1,8,9.47
2277,3572.96,sine,0.2302,36.22,3735.35,4.545069,1,106,94.62
2278,5230.34,triangle,0.9490,30.56,5258.79,0.544011,1,2,2.53
2279,11260.55,square,0.3933,29.51,11347.66,0.773511,1,29,36.77
2280,12453.34,triangle,0.9440,37.24,12524.41,0.570698,1,76,78.24
2281,17893.48,square,0.6917,37.90,17993.16,0.557096,1,26,32.63
2282,8466.06,triangle,0.4742,32.02,8569.34,1.219828,1,10,8.26
2283,14486.29,triangle,0.3202,34.92,14589.84,0.714843,1,29,23.90
2284,10895.50,sine,0.7989,31.04,11005.86,1.012925,1,39,37.39
2285,13558.50,sine,0.5331,32.35,13666.99,0.800159,1,50,41.22
2286,8693.31,sine,0.9655,30.23,8789.06,1.101503,1,1,0.84
2287,14944.49,square,0.4196,28.14,15073.24,0.861556,1,18,18.16
2288,8774.74,square,0.5891,29.94,8886.72,1.276192,1,101,108.87
2289,3560.93,square,0.2522,22.52,3750.00,5.309571,1,105,117.16
2290,18720.27,square,0.6935,28.04,18798.83,0.419649,1,11,14.57
2291,18270.64,square,0.7923,27.37,18369.14,0.539137,1,19,25.37
2292,19240.23,triangle,0.8686,23.44,19335.94,0.497457,1,1,1.23
2293,6148.30,sine,0.3438,37.11,6250.00,1.654100,1,105,91.30
2294,1605.81,sine,0.3465,24.00,1669.92,3.992423,1,247,154.88
2295,5405.33,triangle,0.6068,20.12,5468.75,1.173237,1,137,117.51
2296,9157.13,square,0.2026,33.52,9262.70,1.152793,1,90,91.76
2297,14339.85,triangle,0.7556,20.00,14414.06,0.517550,1,33,36.41
2298,19124.50,triangle,0.9136,20.31,19228.52,0.543912,1,3,3.51
2299,18743.32,triangle,0.8535,21.87,18852.54,0.582725,1,10,11.38
2300,15036.78,triangle,0.7107,31.41,15161.13,0.826974,1,16,18.09
2301,18966.96,square,0.6394,29.53,19067.38,0.529441,1,6,8.70
2302,18724.08,sine,0.5510,33.74,18852.54,0.686073,1,10,11.42
2303,16046.22,square,0.9180,38.84,16113.28,0.417899,1,61,76.25
2304,2222.07,square,0.1211,26.59,2329.10,4.816975,1,202,161.89
2305,11200.50,triangle,0.8619,22.55,11279.30,0.703547,1,31,30.82
2306,2767.58,square,0.5789,25.33,2900.39,4.798909,1,163,148.92
2307,18089.61,triangle,0.4624,37.81,18208.01,0.654515,1,22,21.37
2308,8295.03,triangle,0.5283,22.45,8398.44,1.246632,1,17,13.96
2309,18630.75,square,0.7610,27.34,18745.12,0.613863,1,12,14.98
2310,1358.74,sine,0.5466,33.80,,,0,260,171.10
2311,7359.97,triangle,0.7288,34.08,7446.29,1.172802,1,56,58.59
2312,10357.92,triangle,0.5403,29.01,10458.98,0.975767,1,55,45.40
2313,4788.24,sine,0.1381,32.67,4995.12,4.320623,1,20,17.72
2314,5722.18,sine,0.7937,26.54,5810.55,1.544302,1,123,90.84
2315,5601.72,sine,0.7974,22.59,5688.48,1.548713,1,128,114.26
2316,9621.32,square,0.7187,32.67,9741.21,1.246081,1,76,75.90
2317,16403.69,sine,0.3668,25.60,16489.26,0.521621,1,54,47.98
2318,3774.32,sine,0.3788,30.44,3940.43,4.401016,1,92,82.35
2319,13610.39,square,0.7475,26.72,13710.94,0.738792,1,49,51.10
2320,6515.39,square,0.1213,21.60,6616.21,1.547430,1,90,91.11
2321,8941.42,triangle,0.7494,21.76,9023.44,0.917261,1,97,86.35
2322,17080.04,triangle,0.6499,36.41,17187.50,0.629142,1,41,44.63
2323,8678.09,sine,0.5608,30.98,8789.06,1.278800,1,1,1.07
2324,11228.20,square,0.9538,38.04,11347.66,1.063885,1,29,31.86
2325,17638.62,triangle,0.9491,21.97,17724.61,0.487485,1,31,31.37
2326,6037.34,square,0.8619,30.10,6127.93,1.500457,1,110,114.56
2327,15212.66,sine,0.3272,34.64,15336.91,0.816780,1,12,13.24
2328,4129.95,square,0.3384,27.00,4335.94,4.987749,1,65,67.32
2329,14458.16,square,0.5997,22.00,14545.90,0.606865,1,30,38.36
2330,16295.34,square,0.6837,34.51,16381.84,0.530825,1,56,64.35
2331,4983.56,triangle,0.6546,28.57,5024.41,0.819827,1,18,15.05
2332,4464.37,triangle,0.7796,24.16,4497.07,0.732507,1,54,49.20
2333,7416.50,triangle,0.7261,35.32,7495.12,1.059967,1,54,48.56
2334,9382.82,triangle,0.4478,24.23,9467.77,0.905405,1,84,73.55
2335,13020.86,triangle,0.3795,29.22,13095.70,0.574766,1,63,57.30
2336,13806.03,square,0.8591,35.23,13930.66,0.902780,1,44,55.49
2337,2107.65,triangle,0.7772,37.28,2124.02,0.777007,1,216,163.16
2338,13372.76,triangle,0.2011,26.95,13447.27,0.557171,1,55,42.44
2339,17652.00,sine,0.1704,35.76,17724.61,0.411350,1,31,28.59
2340,16874.24,sine,0.8689,33.74,16972.66,0.583252,1,45,36.30
2341,10881.57,triangle,0.4773,23.88,10971.68,0.828085,1,40,39.47
2342,6412.20,square,0.5782,36.11,6518.55,1.658617,1,94,84.44
2343,16035.70,square,0.8027,23.84,16113.28,0.483792,1,61,75.80
2344,1951.23,triangle,0.1680,24.93,1962.89,0.597809,1,227,165.55
2345,14211.06,square,0.8887,25.96,14326.17,0.810016,1,35,44.24
2346,1225.56,sine,0.6203,27.52,,,0,260,171.39
2347,11162.58,triangle,0.9212,25.32,11245.12,0.739388,1,32,30.47
2348,9780.67,square,0.9542,39.97,9877.93,0.994418,1,72,85.10
2349,5472.74,triangle,0.4402,20.16,5541.99,1.265445,1,134,115.93
2350,1175.80,square,0.5395,20.45,,,0,260,190.03
2351,14051.62,sine,0.6039,26.02,14150.39,0.702906,1,39,41.00
2352,4175.55,square,0.3090,30.70,4394.53,5.244319,1,61,57.71
2353,4777.74,square,0.2416,33.42,5024.41,5.162941,1,18,20.25
2354,15324.82,sine,0.5210,21.42,15424.80,0.652463,1,10,9.47
2355,12365.47,sine,0.5749,30.35,12436.52,0.574640,1,78,59.92
2356,18562.73,square,0.6247,28.03,18637.70,0.403835,1,14,16.25
2357,19032.51,triangle,0.3569,36.88,19121.09,0.465421,1,5,4.58
2358,9215.53,triangle,0.8406,23.78,9296.88,0.882686,1,89,75.15
2359,14321.68,sine,0.3677,25.93,14414.06,0.645043,1,33,30.88
2360,14785.80,sine,0.1008,34.30,14897.46,0.755213,1,22,22.26
2361,4252.51,sine,0.3138,27.60,4438.48,4.373098,1,58,52.38
2362,10042.22,sine,0.9735,34.32,10151.37,1.086881,1,64,55.57
2363,7140.69,sine,0.5037,32.52,7250.98,1.544520,1,64,50.46
2364,3781.09,sine,0.8735,25.13,3940.43,4.214168,1,92,73.71
2365,8223.70,triangle,0.6968,26.83,8325.20,1.234120,1,20,17.67
2366,13990.29,sine,0.7621,29.74,14106.45,0.830247,1,40,38.84
2367,16450.46,triangle,0.9332,38.19,16542.97,0.562343,1,53,54.46
2368,10731.23,square,0.5185,33.80,10834.96,0.966635,1,44,56.28
2369,17795.96,sine,0.9264,36.30,17885.74,0.504521,1,28,28.82
2370,19598.26,triangle,0.3519,22.12,19677.73,0.405496,1,51,48.05
2371,3132.58,sine,0.6528,36.09,3266.60,4.278300,1,138,107.92
2372,18085.76,square,0.1051,23.73,18208.01,0.675957,1,22,29.88
2373,2894.80,square,0.5512,20.87,3032.23,4.747436,1,154,144.55
2374,7621.08,sine,0.6824,29.29,7739.26,1.550650,1,44,44.10
2375,10411.04,square,0.9604,24.29,10527.34,1.117165,1,53,69.41
2376,10816.62,triangle,0.6012,38.58,10903.32,0.801538,1,42,45.91
2377,8181.40,square,0.1797,32.18,8325.20,1.757604,1,20,24.97
2378,6476.03,sine,0.5901,30.65,6591.80,1.787662,1,91,81.27
2379,2441.56,triangle,0.6614,23.78,2460.94,0.793604,1,193,154.18
2380,9919.26,triangle,0.5765,27.91,10014.65,0.961624,1,68,68.14
2381,7124.43,square,0.9452,33.43,7250.98,1.776224,1,64,75.66
2382,2420.17,square,0.9017,21.89,2548.83,5.315984,1,187,166.41
2383,19788.64,triangle,0.1704,38.67,19868.16,0.401875,1,48,50.55
2384,7899.52,triangle,0.4765,28.82,7983.40,1.061827,1,34,37.21
2385,13050.62,triangle,0.1304,31.86,13139.65,0.682188,1,62,59.89
2386,4547.93,square,0.4132,29.38,4775.39,5.001482,1,35,42.19
2387,7348.59,sine,0.2311,20.67,7470.70,1.661697,1,55,50.33
2388,9934.73,triangle,0.2041,38.93,10014.65,0.804408,1,68,65.03
2389,14933.87,square,0.6807,36.53,15029.30,0.639005,1,19,20.40
2390,3031.48,square,0.7274,31.74,3178.71,4.856824,1,144,135.76
2391,16822.80,sine,0.7216,30.68,16918.95,0.571504,1,46,46.95
2392,8204.06,square,0.6587,37.82,8349.61,1.774158,1,19,24.73
2393,10427.34,triangle,0.4619,22.05,10527.34,0.959028,1,53,56.12
2394,2168.61,sine,0.4421,26.74,2270.51,4.698810,1,206,143.28
2395,14640.80,triangle,0.1458,24.42,14765.62,0.852559,1,25,24.15
2396,6210.98,square,0.2301,22.68,6323.24,1.807559,1,102,116.69
2397,18931.99,triangle,0.2626,28.13,19013.67,0.431455,1,7,8.34
2398,7756.82,triangle,0.5592,22.56,7861.33,1.347333,1,39,44.12
2399,15040.85,square,0.3366,27.51,15161.13,0.799713,1,16,20.14
2400,10457.37,square,0.3177,27.97,10561.52,0.995936,1,52,57.72
2401,1364.29,triangle,0.2539,20.88,,,0,260,187.20
2402,13420.28,triangle,0.8324,29.87,13491.21,0.528572,1,54,44.67
2403,4902.00,triangle,0.7297,24.93,4936.52,0.704365,1,24,21.40
2404,18164.75,sine,0.9844,37.20,18261.72,0.533844,1,21,18.72
2405,14070.07,triangle,0.7501,23.81,14150.39,0.570831,1,39,36.71
2406,9400.97,sine,0.4507,34.83,9501.95,1.074214,1,83,67.01
2407,8342.42,sine,0.6358,37.44,8471.68,1.549382,1,14,15.55
2408,1904.08,square,0.2424,33.91,1992.19,4.627264,1,225,169.98
2409,3008.77,square,0.3576,23.98,3164.06,5.161446,1,145,124.21
2410,18790.70,sine,0.4940,20.43,18906.25,0.614939,1,9,8.13
2411,10188.27,square,0.3895,22.64,10288.09,0.979735,1,60,68.26
2412,8151.36,triangle,0.8042,30.62,8251.95,1.234026,1,23,21.91
2413,12206.85,sine,0.3586,23.24,12304.69,0.801468,1,1,0.87
2414,5736.61,sine,0.5675,31.25,5834.96,1.714414,1,122,104.43
2415,18954.00,sine,0.6775,36.35,19067.38,0.598195,1,6,7.25
2416,11644.59,sine,0.3363,20.79,11757.81,0.972337,1,17,18.26
2417,6803.44,triangle,0.1428,24.39,6884.77,1.195356,1,79,74.33
2418,14418.42,triangle,0.5098,33.96,14501.95,0.579368,1,31,34.32
2419,8371.09,sine,0.4583,31.60,8496.09,1.493265,1,13,13.10
2420,19013.01,sine,0.5567,26.58,19121.09,0.568460,1,5,5.64
2421,10657.92,sine,0.3817,36.40,10766.60,1.019705,1,46,45.29
2422,11524.89,square,0.3570,25.96,11655.27,1.131295,1,20,26.68
2423,8278.93,triangle,0.9705,28.77,8398.44,1.443548,1,17,19.38
2424,8473.70,triangle,0.4842,31.04,8593.75,1.416689,1,9,10.81
2425,5387.89,triangle,0.5788,36.18,5444.34,1.047614,1,138,120.12
2426,15833.92,sine,0.7441,36.00,15898.44,0.407452,1,65,62.40
2427,7576.04,sine,0.1024,29.02,7690.43,1.509920,1,46,45.84
2428,7696.22,square,0.2692,37.19,7836.91,1.828068,1,40,42.31
2429,5897.35,sine,0.5326,29.98,5981.45,1.426000,1,116,91.40
2430,5086.62,sine,0.2527,34.37,5273.44,3.672737,1,1,1.44
2431,15631.69,square,0.7427,34.72,15732.42,0.644398,1,3,4.19
2432,3627.24,triangle,0.8389,24.09,3647.46,0.557612,1,112,89.00
2433,4537.14,sine,0.2245,34.96,4746.09,4.605506,1,37,32.50
2434,9923.43,triangle,0.7716,32.09,10014.65,0.919214,1,68,67.21
2435,14040.97,sine,0.3806,32.76,14150.39,0.779327,1,39,36.66
2436,1177.55,sine,0.8667,33.68,,,0,260,167.46
2437,6042.02,triangle,0.8132,26.14,6103.52,1.017717,1,111,89.27
2438,1684.71,triangle,0.4107,22.13,1684.57,0.008302,1,246,155.79
2439,10345.28,triangle,0.2995,25.39,10458.98,1.099089,1,55,46.78
2440,5611.58,triangle,0.2777,31.51,5664.06,0.935168,1,129,112.85
2441,18580.03,sine,0.9738,38.95,18691.41,0.599450,1,13,13.79
2442,17806.87,sine,0.6706,35.22,17885.74,0.442944,1,28,23.86
2443,19734.53,sine,0.7894,26.78,19804.69,0.355503,1,49,47.04
2444,4336.90,square,0.8145,29.30,4555.66,5.044181,1,50,59.41
2445,11212.94,triangle,0.4592,32.31,11313.48,0.896622,1,30,32.63
2446,7939.64,square,0.7261,38.76,8081.05,1.781124,1,30,37.59
2447,11304.82,triangle,0.1803,24.22,11416.02,0.983612,1,27,29.84
2448,10540.50,sine,0.3276,30.35,10664.06,1.172253,1,49,46.48
2449,1284.26,sine,0.5626,31.46,,,0,260,164.53
2450,18589.28,square,0.4733,38.61,18691.41,0.549371,1,13,14.27
2451,15912.78,sine,0.2178,33.52,16005.86,0.584956,1,63,55.83
2452,11637.78,triangle,0.7649,32.50,11757.81,1.031402,1,17,16.87
2453,19741.26,square,0.2018,36.57,19804.69,0.321288,1,49,50.04
2454,5785.21,triangle,0.9614,33.94,5859.38,1.281908,1,121,102.68
2455,12324.57,square,0.4280,27.06,12392.58,0.551784,1,79,93.88
2456,13091.08,triangle,0.7107,23.97,13183.59,0.706682,1,61,64.05
2457,10385.76,triangle,0.5281,30.73,10493.16,1.034182,1,54,54.70
2458,15651.58,square,0.4684,37.91,15776.37,0.797250,1,2,2.77
2459,4088.77,triangle,0.2070,20.30,4130.86,1.029283,1,79,65.28
2460,17910.36,sine,0.7567,36.22,17993.16,0.462330,1,26,27.71
2461,17320.74,triangle,0.3646,34.20,17402.34,0.471125,1,37,33.76
2462,3192.60,square,0.8632,27.35,3354.49,5.070946,1,132,121.94
2463,12230.81,square,0.6814,39.46,12304.69,0.604010,1,1,1.42
2464,2058.98,square,0.8767,29.63,2153.32,4.582149,1,214,182.31
2465,2492.02,square,0.3989,23.10,2622.07,5.218817,1,182,161.26
2466,17131.66,square,0.9399,36.12,17241.21,0.639490,1,40,48.30
2467,14166.46,sine,0.4850,23.95,14282.23,0.817159,1,36,34.67
2468,18305.16,sine,0.3575,30.34,18422.85,0.642940,1,18,15.51
2469,6003.91,sine,0.6392,21.78,6103.52,1.659034,1,111,98.91
2470,2105.19,square,0.7486,31.10,2211.91,5.069698,1,210,160.23
2471,9034.65,square,0.4289,38.72,9125.98,1.010815,1,94,103.93
2472,2043.19,triangle,0.9022,36.08,2050.78,0.371395,1,221,149.81
2473,4496.78,sine,0.7453,21.69,4702.15,4.567019,1,40,35.31
2474,16425.37,triangle,0.7566,22.00,16489.26,0.388944,1,54,51.34
2475,14637.45,triangle,0.8478,20.83,14765.62,0.875662,1,25,27.42
2476,1439.10,square,0.2339,31.17,1508.79,4.842348,1,258,195.07
2477,18429.63,square,0.8605,20.00,18530.27,0.546101,1,16,17.95
2478,4201.78,sine,0.3953,38.16,4379.88,4.238791,1,62,46.57
2479,2842.09,square,0.5063,38.77,2988.28,5.143781,1,157,146.73
2480,3327.86,sine,0.1266,28.68,3471.68,4.321571,1,124,104.08
2481,6278.83,triangle,0.6444,32.28,6347.66,1.096243,1,101,90.33
2482,11106.30,sine,0.5005,39.99,11210.94,0.942116,1,33,33.76
2483,16869.36,triangle,0.8409,22.06,16972.66,0.612351,1,45,46.85
2484,5321.52,sine,0.3732,22.17,5395.51,1.390412,1,140,115.34
2485,9983.07,triangle,0.8871,34.98,10083.01,1.001037,1,66,56.13
2486,18833.13,sine,0.1110,33.23,18959.96,0.673466,1,8,7.11
2487,6497.70,sine,0.3978,25.40,6591.80,1.448222,1,91,78.30
2488,10717.29,square,0.5612,33.45,10834.96,1.097938,1,44,56.27
2489,8355.48,sine,0.2496,26.99,8496.09,1.682897,1,13,13.48
2490,15094.32,triangle,0.7002,24.68,15205.08,0.733753,1,15,16.37
2491,12173.64,square,0.5358,31.00,12270.51,0.795729,1,2,2.74
2492,10344.02,square,0.7440,22.19,10424.80,0.780960,1,56,62.99
2493,15242.89,sine,0.1600,39.52,15336.91,0.616843,1,12,13.76
2494,19182.84,sine,0.4989,23.72,19282.23,0.518082,1,2,2.54
2495,10221.55,triangle,0.9556,32.69,10322.27,0.985296,1,59,59.01
2496,7724.21,square,0.3808,38.20,7861.33,1.775204,1,39,50.97
2497,17537.61,square,0.3923,25.87,17617.19,0.453760,1,33,38.07
2498,1634.94,triangle,0.5053,26.50,1640.62,0.347603,1,249,165.58
2499,9951.10,triangle,0.2122,37.15,10048.83,0.982117,1,67,54.31
2500,18052.67,triangle,0.4577,24.34,18154.30,0.562958,1,23,18.72
2501,8099.18,sine,0.2585,32.15,8227.54,1.584896,1,24,23.05
2502,10055.86,triangle,0.1289,32.88,10151.37,0.949776,1,64,61.43
2503,15496.03,triangle,0.8975,34.58,15600.59,0.674736,1,6,6.43
2504,18628.39,sine,0.5529,20.28,18745.12,0.626603,1,12,11.84
2505,1132.19,sine,0.1907,25.20,,,0,260,169.46
2506,4363.82,sine,0.9184,20.16,4555.66,4.396179,1,50,44.40
2507,14985.56,sine,0.9210,37.86,15117.19,0.878357,1,17,13.45
2508,13424.12,triangle,0.1048,39.70,13535.16,0.827127,1,53,46.87
2509,17678.82,triangle,0.6933,26.90,17778.32,0.562825,1,30,24.40
2510,17979.32,sine,0.6064,21.99,18100.59,0.674450,1,24,23.48
2511,18517.16,sine,0.3024,31.16,18637.70,0.650955,1,14,14.89
2512,15517.77,square,0.3089,20.02,15644.53,0.816897,1,5,6.84
2513,15385.86,triangle,0.8289,29.20,15468.75,0.538735,1,9,10.35
2514,18171.58,square,0.5724,29.54,18261.72,0.496054,1,21,28.54
2515,9504.85,triangle,0.5741,26.33,9604.49,1.048292,1,80,75.96
2516,5905.01,sine,0.6249,24.60,6005.86,1.707944,1,115,89.00
2517,3814.54,square,0.7131,35.04,4013.67,5.220213,1,87,86.97
2518,10567.96,triangle,0.9427,36.15,10664.06,0.909366,1,49,42.21
2519,13076.28,sine,0.9847,25.48,13183.59,0.820705,1,61,47.19
2520,4850.48,square,0.1512,39.57,5097.66,5.095880,1,13,13.46
2521,12180.24,square,0.6902,29.94,12304.69,1.021736,1,1,1.13
2522,1609.21,square,0.7446,28.33,1684.57,4.683269,1,246,180.06
2523,15388.62,sine,0.2991,23.23,15468.75,0.520736,1,9,7.23
2524,8067.90,triangle,0.8451,27.66,8178.71,1.373474,1,26,27.39
2525,12193.26,triangle,0.3171,23.36,12304.69,0.913878,1,1,1.26
2526,19469.82,square,0.9833,26.76,19550.78,0.415810,1,53,63.68
2527,14357.60,sine,0.3351,30.24,14458.01,0.699320,1,32,29.54
2528,7072.74,sine,0.3366,20.71,7177.73,1.484431,1,67,58.62
2529,14384.05,square,0.1848,23.43,14501.95,0.819688,1,31,41.39
2530,2948.16,square,0.1848,35.09,3090.82,4.839095,1,150,141.98
2531,1389.71,sine,0.9016,34.37,,,0,260,161.31
2532,2386.40,triangle,0.5437,36.94,2402.34,0.668180,1,197,152.30
2533,12414.06,triangle,0.9942,24.65,12524.41,0.888979,1,76,77.57
2534,12854.97,square,0.1355,20.29,12963.87,0.847153,1,66,77.58
2535,3265.34,square,0.6104,31.07,3427.73,4.973180,1,127,131.90
2536,1605.28,square,0.9322,27.95,1684.57,4.939444,1,246,189.82
2537,12873.53,triangle,0.8055,30.39,12963.87,0.701752,1,66,62.14
2538,17301.09,square,0.8998,24.80,17402.34,0.585263,1,37,48.94
2539,6324.11,sine,0.8160,28.34,6420.90,1.530440,1,98,91.28
2540,5353.22,sine,0.9113,36.68,5444.34,1.702160,1,138,116.61
2541,11517.09,square,0.5269,27.83,11655.27,1.199840,1,20,26.71
2542,18394.06,sine,0.4766,26.89,18476.56,0.448524,1,17,17.83
2543,10464.86,square,0.5670,22.80,10561.52,0.923660,1,52,65.17
2544,10749.69,sine,0.2659,21.30,10834.96,0.793255,1,44,43.47
2545,15490.40,square,0.6640,34.55,15600.59,0.711327,1,6,8.12
2546,13907.02,square,0.4491,27.52,14018.55,0.802027,1,42,56.49
2547,13160.93,square,0.8642,37.49,13271.48,0.840041,1,59,73.31
2548,4240.65,sine,0.6674,26.02,4438.48,4.665075,1,58,56.56
2549,1352.84,triangle,0.3042,38.59,,,0,260,203.95
2550,14631.25,triangle,0.2813,24.68,14721.68,0.618027,1,26,28.27
2551,10904.09,sine,0.3749,26.43,11005.86,0.933339,1,39,38.73
2552,4032.97,sine,0.8097,23.34,4204.10,4.243346,1,74,67.22
2553,1540.69,square,0.9784,26.62,1611.33,4.584807,1,251,191.60
2554,3254.46,square,0.9157,35.68,3413.09,4.874162,1,128,130.40
2555,12827.80,sine,0.5877,21.82,12919.92,0.718131,1,67,63.75
2556,13899.96,triangle,0.9685,25.21,14018.55,0.853179,1,42,45.27
2557,1350.67,square,0.7361,35.81,,,0,260,196.12
2558,4681.04,sine,0.5613,26.61,4892.58,4.519047,1,27,25.43
2559,17349.72,square,0.8196,31.61,17456.05,0.612900,1,36,46.09
2560,15688.71,sine,0.8483,25.49,15820.31,0.838818,1,1,1.30
2561,11375.88,sine,0.5280,26.36,11484.38,0.953752,1,25,26.69
2562,6067.37,triangle,0.2441,35.75,6127.93,0.998201,1,110,102.27
2563,19699.13,sine,0.7291,25.06,19804.69,0.535827,1,49,42.87
2564,1769.27,square,0.9417,20.24,1845.70,4.320116,1,235,204.48
2565,12169.83,square,0.8860,21.68,12304.69,1.108145,1,1,1.07
2566,13948.99,triangle,0.7022,38.85,14062.50,0.813718,1,41,40.84
2567,16638.66,sine,0.5240,27.96,16704.10,0.393292,1,50,49.58
2568,6892.80,square,0.4458,28.65,7006.84,1.654462,1,74,86.78
2569,19605.98,sine,0.9300,29.60,19677.73,0.366005,1,51,44.67
2570,12851.10,triangle,0.4244,28.61,12919.92,0.535512,1,67,57.17
2571,8780.85,square,0.9330,36.58,8886.72,1.205665,1,101,117.36
2572,3071.00,sine,0.4851,21.97,3208.01,4.461349,1,142,106.24
2573,12762.77,sine,0.5701,20.14,12875.98,0.887016,1,68,63.08
2574,7015.33,triangle,0.5356,39.57,7104.49,1.270953,1,70,71.50
2575,17607.97,square,0.1409,36.91,17724.61,0.662412,1,31,40.21
2576,18313.45,triangle,0.2152,39.96,18422.85,0.597373,1,18,20.24
2577,5913.10,triangle,0.9172,24.71,5981.45,1.155825,1,116,102.02
2578,18256.91,sine,0.9788,25.63,18369.14,0.614716,1,19,20.68
2579,19115.28,sine,0.7383,30.64,19228.52,0.592379,1,3,3.66
2580,10079.66,sine,0.7350,23.82,10185.55,1.050456,1,63,62.70
2581,11503.99,sine,0.9601,20.57,11621.09,1.017904,1,21,17.71
2582,4794.84,sine,0.4727,24.65,5009.77,4.482494,1,19,16.86
2583,10335.63,triangle,0.7409,31.60,10424.80,0.862763,1,56,57.92
2584,2691.06,triangle,0.2498,35.73,2709.96,0.702346,1,176,141.31
2585,5751.08,square,0.4154,37.18,5859.38,1.883066,1,121,130.33
2586,3404.34,square,0.2279,34.10,3574.22,4.989919,1,117,119.11
2587,18196.48,square,0.5393,38.55,18315.43,0.653672,1,20,24.64
2588,10898.84,square,0.6205,33.78,11005.86,0.981967,1,39,46.82
2589,3030.78,triangle,0.4920,21.45,3046.88,0.530915,1,153,125.74
2590,15937.47,square,0.1903,32.68,16005.86,0.429106,1,63,75.45
2591,17722.50,triangle,0.9619,37.35,17832.03,0.618059,1,29,26.96
2592,1040.68,square,0.8367,27.33,,,0,260,197.59
2593,12429.42,square,0.4285,38.09,12524.41,0.764255,1,76,79.46
2594,10561.34,square,0.9978,29.87,10664.06,0.972641,1,49,63.95
2595,4389.57,square,0.8326,35.54,4614.26,5.118752,1,46,53.48
2596,15983.05,triangle,0.3288,37.24,16059.57,0.478737,1,62,60.53
2597,17975.43,sine,0.2174,39.51,18100.59,0.696284,1,24,21.40
2598,17498.16,triangle,0.8977,30.83,17617.19,0.680256,1,33,34.87
2599,13281.63,square,0.1461,34.91,13403.32,0.916207,1,56,67.85
2600,10601.31,square,0.5524,29.84,10698.24,0.914355,1,48,54.39
2601,4263.99,sine,0.2430,23.91,4453.12,4.435559,1,57,51.11
2602,19486.57,sine,0.3423,31.81,19550.78,0.329514,1,53,53.03
2603,12593.39,sine,0.8143,35.70,12700.20,0.848083,1,72,60.01
2604,5509.04,sine,0.9442,36.51,5590.82,1.484542,1,132,96.83
2605,14258.14,sine,0.4764,31.19,14370.12,0.785331,1,34,27.72
2606,4560.81,square,0.6409,26.55,4790.04,5.025957,1,34,34.29
2607,15837.95,triangle,0.3912,36.77,15898.44,0.381905,1,65,56.72
2608,2967.95,triangle,0.2375,21.66,2988.28,0.684865,1,157,111.06
2609,13193.73,square,0.9171,27.26,13271.48,0.589308,1,59,61.74
2610,6455.89,square,0.5104,26.89,6542.97,1.348779,1,93,97.23
2611,14181.08,triangle,0.8677,39.46,14282.23,0.713217,1,36,30.76
2612,6066.47,triangle,0.4548,33.54,6127.93,1.013144,1,110,100.29
2613,10043.65,triangle,0.7560,39.05,10117.19,0.732158,1,65,59.47
2614,16864.42,triangle,0.8330,29.18,16972.66,0.641794,1,45,39.43
2615,5783.98,square,0.1182,30.48,5883.79,1.725601,1,120,116.73
2616,10596.10,square,0.9766,38.23,10698.24,0.963977,1,48,60.45
2617,4072.54,square,0.4816,27.21,4277.34,5.028823,1,69,77.81
2618,16171.42,square,0.6149,37.06,16274.41,0.636869,1,58,67.03
2619,16312.63,sine,0.7425,28.71,16381.84,0.424217,1,56,51.38
2620,6598.33,sine,0.5385,27.11,6713.87,1.751019,1,86,76.43
2621,5778.75,triangle,0.7925,24.90,5859.38,1.395237,1,121,91.11
2622,1939.50,triangle,0.1090,38.74,1948.24,0.450677,1,228,169.59
2623,12924.78,sine,0.3218,20.18,13007.81,0.642447,1,65,56.30
2624,5473.96,sine,0.6509,23.33,5566.41,1.688894,1,133,94.59
2625,11043.97,square,0.3682,20.70,11176.76,1.202384,1,34,37.26
2626,1707.82,sine,0.7652,26.36,1772.46,3.784770,1,240,166.56
2627,16129.70,square,0.5077,30.26,16220.70,0.564174,1,59,69.50
2628,14547.60,sine,0.2094,31.12,14633.79,0.592479,1,28,24.68
2629,7212.57,square,0.6823,29.88,7324.22,1.547906,1,61,63.69
2630,12785.30,square,0.7658,34.12,12875.98,0.709245,1,68,63.73
2631,11149.61,triangle,0.8862,28.65,11245.12,0.856615,1,32,30.57
2632,8842.50,triangle,0.6243,21.42,8920.90,0.886628,1,100,87.40
2633,17950.13,sine,0.7736,35.18,18046.88,0.538975,1,25,25.97
2634,19109.11,sine,0.6372,28.56,19228.52,0.624859,1,3,3.78
2635,7282.03,sine,0.6064,29.58,7397.46,1.585202,1,58,54.50
2636,2986.53,square,0.7642,35.35,3134.77,4.963308,1,147,120.27
2637,18202.09,square,0.9578,37.31,18315.43,0.622671,1,20,21.02
2638,6633.53,sine,0.4919,28.04,6738.28,1.579120,1,85,69.96
2639,11938.67,square,0.7750,30.20,12031.25,0.775490,1,9,9.43
2640,2991.63,triangle,0.3788,39.43,3017.58,0.867351,1,155,135.32
2641,3239.34,triangle,0.1819,24.62,3266.60,0.841513,1,138,108.52
2642,1885.02,triangle,0.8653,28.68,1889.65,0.245596,1,232,170.84
2643,18641.92,square,0.6670,36.91,18745.12,0.553579,1,12,17.57
2644,6639.20,square,0.9154,38.02,6762.70,1.860033,1,84,103.53
2645,19553.17,triangle,0.2146,36.47,19614.26,0.312405,1,52,53.96
2646,8786.93,triangle,0.5251,31.08,8789.06,0.024257,1,1,1.34
2647,11065.72,sine,0.1675,37.91,11176.76,1.003409,1,34,30.96
2648,16250.84,sine,0.7991,32.52,16328.12,0.475573,1,57,54.46
2649,8773.73,sine,0.8738,34.00,8852.54,0.898216,1,102,86.30
2650,11407.06,square,0.1820,29.48,11552.73,1.277070,1,23,25.54
2651,4680.31,sine,0.6952,38.23,4892.58,4.535442,1,27,26.03
2652,8671.38,sine,0.6839,37.42,8789.06,1.357188,1,1,1.13
2653,15218.06,triangle,0.5829,35.04,15336.91,0.781025,1,12,13.70
2654,3661.23,square,0.4506,30.23,3852.54,5.225364,1,98,114.94
2655,18652.45,triangle,0.2211,23.46,18745.12,0.496805,1,12,14.03
2656,7795.17,sine,0.6533,38.06,7934.57,1.788285,1,36,37.92
2657,19283.54,square,0.8543,30.50,19335.94,0.271725,1,1,1.42
2658,4958.21,square,0.5996,34.85,5214.84,5.175893,1,5,7.01
2659,5177.78,square,0.4276,39.19,5273.44,1.847525,1,145,151.56
2660,9434.95,triangle,0.7757,25.31,9501.95,0.710113,1,83,78.01
2661,11865.52,triangle,0.5277,38.90,11962.89,0.820583,1,11,9.71
2662,5074.71,sine,0.9023,36.95,5273.44,3.916111,1,1,1.10
2663,19859.21,triangle,0.9430,36.54,19931.64,0.364732,1,47,44.32
2664,17044.10,square,0.4441,38.69,17133.79,0.526216,1,42,58.81
2665,9210.23,square,0.5015,31.30,9296.88,0.940788,1,89,105.27
2666,9939.60,sine,0.8938,28.89,10048.83,1.098954,1,67,63.11
2667,12189.93,sine,0.1030,24.91,12304.69,0.941418,1,1,1.11
2668,14387.13,sine,0.9180,24.30,14501.95,0.798064,1,31,29.58
2669,4887.28,sine,0.1126,35.44,5112.30,4.604321,1,12,12.88
2670,17625.66,square,0.2694,25.71,17724.61,0.561416,1,31,34.35
2671,10042.61,triangle,0.3226,34.63,10117.19,0.742638,1,65,62.92
2672,9349.52,sine,0.5103,21.42,9433.59,0.899271,1,85,64.27
2673,16175.06,sine,0.7529,21.37,16274.41,0.614242,1,58,57.69
2674,19146.87,sine,0.8945,36.19,19282.23,0.706925,1,2,2.24
2675,19389.34,square,0.7547,27.41,19487.30,0.505258,1,54,67.35
2676,4503.00,square,0.2492,39.64,4731.45,5.073262,1,38,46.83
2677,2828.68,square,0.6638,30.76,2973.63,5.124274,1,158,149.24
2678,13581.53,sine,0.5995,25.74,13666.99,0.629239,1,50,48.79
2679,18863.35,triangle,0.9753,20.75,18959.96,0.512188,1,8,8.97
2680,6417.53,sine,0.1100,24.85,6518.55,1.574194,1,94,87.41
2681,13896.74,sine,0.5581,37.76,13974.61,0.560316,1,43,36.48
2682,14181.40,square,0.4352,29.11,14282.23,0.710974,1,36,36.95
2683,4363.79,square,0.4277,37.05,4584.96,5.068385,1,48,54.87
2684,15374.50,square,0.4278,24.20,15468.75,0.613025,1,9,13.30
2685,15746.89,square,0.3023,23.90,15820.31,0.466296,1,1,1.60
2686,4142.62,triangle,0.3061,30.53,4174.80,0.776985,1,76,71.91
2687,9579.38,square,0.8894,37.35,9672.85,0.975749,1,78,99.10
2688,9570.45,sine,0.4838,32.12,9672.85,1.070025,1,78,68.92
2689,11597.53,square,0.2387,32.93,11723.63,1.087321,1,18,17.94
2690,4470.38,triangle,0.4052,34.20,4497.07,0.597031,1,54,60.74
2691,1909.45,square,0.7345,24.54,2006.84,5.100408,1,224,173.91
2692,16110.45,square,0.6288,27.07,16220.70,0.684334,1,59,68.76
2693,10166.58,square,0.5252,33.97,10253.91,0.858975,1,61,80.24
2694,9240.24,sine,0.2925,20.12,9331.05,0.982799,1,88,80.38
2695,6718.20,triangle,0.8147,24.05,6787.11,1.025763,1,83,83.02
2696,19221.84,square,0.9253,34.14,19335.94,0.593604,1,1,1.54
2697,14726.24,sine,0.2980,20.18,14809.57,0.565897,1,24,25.76
2698,14606.43,square,0.8080,26.78,14721.68,0.789067,1,26,26.99
2699,16567.34,sine,0.2560,26.82,16650.39,0.501283,1,51,50.57
2700,8761.26,square,0.7873,21.94,8789.06,0.317330,1,1,1.45
2701,7673.12,triangle,0.1601,38.85,7763.67,1.180074,1,43,46.31
2702,19740.02,sine,0.3621,27.45,19804.69,0.327596,1,49,47.70
2703,15751.44,square,0.6799,35.15,15820.31,0.437271,1,1,1.39
2704,3241.60,triangle,0.7351,31.55,3266.60,0.771242,1,138,112.45
2705,17904.97,triangle,0.2815,28.59,17993.16,0.492560,1,26,28.50
2706,10386.81,sine,0.9592,22.57,10493.16,1.023890,1,54,48.77
2707,14251.76,square,0.1231,38.49,14370.12,0.830445,1,34,43.72
2708,17184.90,square,0.3060,22.43,17294.92,0.640228,1,39,47.38
2709,7904.46,sine,0.5560,39.33,8032.23,1.616423,1,32,33.59
2710,11924.12,triangle,0.6858,29.50,12031.25,0.898462,1,9,10.80
2711,17237.54,square,0.8818,25.83,17348.63,0.644460,1,38,45.69
2712,3447.45,triangle,0.6287,37.78,3471.68,0.702876,1,124,112.64
2713,18818.72,sine,0.5509,27.50,18906.25,0.465138,1,9,9.63
2714,12891.31,triangle,0.3525,31.14,12963.87,0.562842,1,66,60.39
2715,14465.84,sine,0.8327,32.12,14589.84,0.857197,1,29,29.66
2716,19041.21,square,0.1973,30.13,19174.80,0.701601,1,4,6.01
2717,2630.40,triangle,0.1348,35.07,2651.37,0.796932,1,180,159.18
2718,10976.95,square,0.1593,32.44,11108.40,1.197536,1,36,46.21
2719,12119.19,sine,0.9192,26.08,12236.33,0.966582,1,3,3.29
2720,9544.78,square,0.1902,38.64,9638.67,0.983669,1,79,90.86
2721,8116.19,sine,0.4486,32.00,8251.95,1.672783,1,23,21.79
2722,10759.40,triangle,0.1499,25.69,10869.14,1.019944,1,43,40.75
2723,16565.38,sine,0.8699,21.84,16650.39,0.513177,1,51,48.11
2724,16854.63,square,0.6510,23.06,16972.66,0.700260,1,45,58.09
2725,2257.21,sine,0.2151,26.25,2358.40,4.483097,1,200,150.77
2726,10773.28,square,0.8109,33.12,10903.32,1.207048,1,42,56.30
2727,12566.41,square,0.5264,28.29,12656.25,0.714936,1,73,86.38
2728,17001.15,sine,0.1051,33.03,17080.08,0.464225,1,43,37.46
2729,4846.78,triangle,0.8731,21.53,4877.93,0.642657,1,28,23.31
2730,3021.38,square,0.6483,25.50,3178.71,5.207265,1,144,137.77
2731,14619.16,square,0.3923,20.51,14721.68,0.701293,1,26,32.30
2732,15252.86,sine,0.8510,28.41,15380.86,0.839214,1,11,11.46
2733,11964.47,triangle,0.8773,27.43,12065.43,0.843817,1,8,9.16
2734,4968.89,triangle,0.4898,23.84,4995.12,0.527849,1,20,22.64
2735,18184.08,sine,0.1232,20.41,18315.43,0.722325,1,20,20.67
2736,12823.99,square,0.3799,26.40,12919.92,0.748052,1,67,76.17
2737,7450.38,triangle,0.1523,38.58,7543.95,1.255787,1,52,50.16
2738,5227.90,triangle,0.2544,35.43,5273.44,0.871051,1,1,0.92
2739,5244.84,sine,0.8874,37.18,5322.27,1.476257,1,143,113.99
2740,8667.84,triangle,0.6014,37.06,8789.06,1.398562,1,1,0.91
2741,6986.06,square,0.5368,27.08,7104.49,1.695215,1,70,68.48
2742,17937.65,sine,0.2346,31.54,18046.88,0.608936,1,25,23.09
2743,13492.39,sine,0.4516,38.93,13579.10,0.642667,1,52,44.66
2744,5685.73,triangle,0.7661,28.96,5737.30,0.907072,1,126,100.64
2745,18812.99,triangle,0.5121,31.39,18906.25,0.495701,1,9,10.22
2746,14159.66,square,0.8908,27.14,14282.23,0.865636,1,36,46.31
2747,6697.83,sine,0.1340,20.86,6811.52,1.697481,1,82,72.23
2748,17531.05,triangle,0.6945,32.29,17617.19,0.491350,1,33,30.22
2749,17135.16,square,0.8834,27.19,17241.21,0.618886,1,40,53.67
2750,18607.44,triangle,0.3315,31.28,18691.41,0.451237,1,13,12.93
2751,11127.58,sine,0.6321,26.30,11245.12,1.056263,1,32,25.90
2752,1994.63,triangle,0.6773,37.54,2006.84,0.612113,1,224,167.10
2753,13845.06,square,0.5614,33.51,13930.66,0.618271,1,44,61.30
2754,19244.79,sine,0.8875,38.48,19335.94,0.473600,1,1,1.16
2755,13737.89,triangle,0.4581,39.06,13842.77,0.763426,1,46,47.81
2756,14352.87,sine,0.9162,29.69,14458.01,0.732488,1,32,31.94
2757,9746.21,square,0.2344,29.38,9843.75,1.000771,1,73,90.58
2758,16791.42,sine,0.3456,20.05,16865.23,0.439613,1,47,46.76
2759,8898.51,triangle,0.8189,38.90,8989.26,1.019754,1,98,82.18
2760,12561.59,sine,0.9317,35.51,12656.25,0.753586,1,73,69.91
2761,11914.14,triangle,0.9319,34.25,12031.25,0.982940,1,9,9.73
2762,7999.12,triangle,0.1363,27.73,8105.47,1.329561,1,29,30.07
2763,8720.14,sine,0.1208,22.67,8789.06,0.790411,1,1,0.82
2764,13437.81,triangle,0.9894,26.93,13535.16,0.724432,1,53,47.28
2765,12388.21,triangle,0.2503,34.35,12480.47,0.744769,1,77,62.46
2766,15344.60,sine,0.8751,36.26,15468.75,0.809106,1,9,7.67
2767,1634.66,sine,0.1442,26.69,1699.22,3.949552,1,245,165.81
2768,10676.49,square,0.3409,38.23,10800.78,1.164151,1,45,54.45
2769,7996.99,sine,0.3702,30.62,8129.88,1.661747,1,28,29.65
2770,8756.21,sine,0.2182,36.38,8789.06,0.375138,1,1,1.12
2771,19926.76,sine,0.4435,32.36,19995.12,0.343044,1,46,39.79
2772,14650.39,square,0.9144,31.20,14765.62,0.786580,1,25,32.88
2773,9557.41,square,0.9575,35.89,9638.67,0.850235,1,79,93.77
2774,1760.25,sine,0.5235,26.29,1831.05,4.022453,1,236,160.95
2775,14303.56,triangle,0.7582,39.79,14414.06,0.772527,1,33,31.00
2776,6178.41,triangle,0.7900,27.24,6250.00,1.158789,1,105,96.88
2777,14948.37,sine,0.8104,30.65,15073.24,0.835381,1,18,14.28
2778,6553.51,square,0.6775,24.19,6665.04,1.701771,1,88,92.00
2779,1577.55,square,0.6126,37.53,1655.27,4.926786,1,248,192.78
2780,18636.12,square,0.7784,28.79,18745.12,0.584875,1,12,16.31
2781,15175.56,sine,0.4340,32.68,15292.97,0.773663,1,13,10.92
2782,1345.00,triangle,0.8520,27.98,,,0,260,170.43
2783,9510.91,triangle,0.7981,25.76,9604.49,0.983989,1,80,77.67
2784,7155.55,triangle,0.6069,23.24,7250.98,1.333658,1,64,62.94
2785,6888.67,triangle,0.7194,39.72,6982.42,1.360983,1,75,69.07
2786,15573.24,triangle,0.2946,35.43,15688.48,0.739978,1,4,3.69
2787,1384.13,triangle,0.5224,26.94,,,0,260,172.38
2788,17385.68,triangle,0.1201,32.19,17456.05,0.404770,1,36,31.30
2789,7988.81,square,0.8488,26.20,8129.88,1.765851,1,28,28.52
2790,18917.93,sine,0.6965,33.44,19013.67,0.506104,1,7,5.95
2791,5791.71,sine,0.8513,35.24,5883.79,1.589876,1,120,84.60
2792,7252.82,square,0.1555,24.17,7373.05,1.657633,1,59,64.81
2793,10230.59,sine,0.8590,34.36,10322.27,0.896087,1,59,49.66
2794,18929.04,triangle,0.9464,31.09,19013.67,0.447102,1,7,5.88
2795,12404.15,triangle,0.6779,20.62,12480.47,0.615239,1,77,72.88
2796,14752.25,triangle,0.8160,31.68,14853.52,0.686423,1,23,23.11
2797,13754.77,triangle,0.1816,33.34,13842.77,0.639827,1,46,45.60
2798,6384.56,square,0.6469,23.07,6494.14,1.716399,1,95,96.92
2799,4928.19,square,0.2154,25.30,5185.55,5.222218,1,7,6.78
2800,16869.67,sine,0.5393,38.82,16972.66,0.610509,1,45,38.02
2801,5315.83,square,0.6458,35.11,5395.51,1.498827,1,140,130.15
2802,18131.41,triangle,0.7990,24.57,18208.01,0.422435,1,22,25.33
2803,1471.38,square,0.2274,34.21,1538.09,4.533757,1,256,195.61
2804,13561.48,sine,0.8529,24.97,13666.99,0.778020,1,50,50.80
2805,9212.31,triangle,0.4865,28.83,9296.88,0.917908,1,89,82.19
2806,2246.93,square,0.7884,38.30,2358.40,4.960832,1,200,168.66
2807,8856.45,square,0.7324,38.86,8920.90,0.727751,1,100,109.63
2808,6074.16,square,0.8164,32.19,6176.76,1.689122,1,108,118.83
2809,3101.14,square,0.2681,30.20,3251.95,4.863133,1,139,135.54
2810,11052.96,triangle,0.5162,25.59,11142.58,0.810788,1,35,38.67
2811,5388.36,triangle,0.2539,28.52,5468.75,1.491908,1,137,102.90
2812,4556.29,triangle,0.5269,27.02,4584.96,0.629279,1,48,42.60
2813,7860.89,triangle,0.5984,34.36,7958.98,1.247838,1,35,36.01
2814,18043.73,triangle,0.3957,39.05,18154.30,0.612762,1,23,25.60
2815,1472.64,square,0.9062,25.49,1538.09,4.443999,1,256,186.62
2816,6188.55,sine,0.6511,28.77,6274.41,1.387507,1,104,97.74
2817,14807.96,triangle,0.7068,24.09,14897.46,0.604398,1,22,22.16
2818,18720.96,sine,0.2349,21.80,18852.54,0.702864,1,10,8.16
2819,11704.29,sine,0.2249,26.00,11826.17,1.041334,1,15,12.03
2820,6351.41,square,0.8351,35.23,6469.73,1.862884,1,96,85.50
2821,5987.20,sine,0.9692,20.16,6079.10,1.534889,1,112,90.26
2822,17714.69,sine,0.9526,26.85,17832.03,0.662394,1,29,30.17
2823,9366.68,triangle,0.6289,26.36,9433.59,0.714341,1,85,87.42
2824,11522.79,triangle,0.1381,20.22,11621.09,0.853147,1,21,21.15
2825,9703.27,sine,0.6979,24.28,9809.57,1.095491,1,74,69.65
2826,9224.17,sine,0.5936,22.32,9296.88,0.788190,1,89,80.48
2827,1439.03,sine,0.9588,22.85,1494.14,3.829692,1,259,169.56
2828,14461.09,sine,0.1973,30.18,14545.90,0.586482,1,30,27.33
2829,9832.55,triangle,0.9504,35.59,9912.11,0.809167,1,71,71.30
2830,12439.93,square,0.4206,38.94,12524.41,0.679098,1,76,89.32
2831,12455.27,square,0.3087,20.93,12524.41,0.555160,1,76,81.05
2832,18958.58,sine,0.4983,22.29,19067.38,0.573881,1,6,6.54
2833,16901.56,sine,0.8506,22.81,17026.37,0.738422,1,44,38.45
2834,17844.72,triangle,0.2482,31.32,17939.45,0.530885,1,27,29.83
2835,6940.47,sine,0.8733,28.07,7055.66,1.659745,1,72,68.88
2836,8572.33,sine,0.4448,37.43,8715.82,1.673871,1,4,4.03
2837,7899.45,triangle,0.9517,22.90,8007.81,1.371830,1,33,36.05
2838,4368.91,triangle,0.4535,20.09,4394.53,0.586357,1,61,59.49
2839,6203.56,square,0.8193,22.67,6298.83,1.535626,1,103,119.84
2840,3100.29,triangle,0.7760,31.80,3120.12,0.639659,1,148,129.49
2841,15614.55,square,0.7826,27.44,15732.42,0.754891,1,3,4.16
2842,5637.80,triangle,0.4777,39.63,5712.89,1.331970,1,127,119.88
2843,7640.22,triangle,0.9397,24.84,7739.26,1.296289,1,44,45.14
2844,16166.20,square,0.9258,29.00,16274.41,0.669369,1,58,73.09
2845,15141.77,square,0.3050,23.99,15249.02,0.708324,1,14,18.51
2846,9083.19,triangle,0.6446,33.77,9160.16,0.847318,1,93,91.34
2847,6364.20,square,0.1400,36.35,6469.73,1.658117,1,96,103.40
2848,19807.95,square,0.1099,23.40,19868.16,0.303984,1,48,49.84
2849,13398.01,square,0.8091,25.08,13491.21,0.695628,1,54,65.85
2850,15509.01,triangle,0.3905,30.91,15644.53,0.873846,1,5,5.75
2851,3798.20,square,0.8931,28.42,3984.38,4.901599,1,89,98.97
2852,16951.77,square,0.2727,31.62,17026.37,0.440071,1,44,56.58
2853,10613.68,square,0.2077,28.33,10698.24,0.796697,1,48,52.92
2854,2382.49,sine,0.4743,26.11,2490.23,4.522556,1,191,139.52
2855,18585.34,square,0.7821,30.60,18691.41,0.570687,1,13,17.53
2856,14377.63,sine,0.9477,30.60,14458.01,0.559064,1,32,32.62
2857,16795.16,square,0.1902,33.47,16918.95,0.737046,1,46,47.72
2858,1147.43,square,0.2735,32.55,,,0,260,185.88
2859,19608.98,square,0.8357,30.16,19677.73,0.350639,1,51,62.03
2860,10420.96,triangle,0.9010,35.72,10527.34,1.020858,1,53,52.38
2861,6628.86,square,0.3015,28.88,6738.28,1.650690,1,85,96.02
2862,10200.05,triangle,0.9064,28.29,10288.09,0.863111,1,60,53.44
2863,1336.38,triangle,0.2569,32.44,,,0,260,181.73
2864,1474.45,square,0.9874,22.01,1552.73,5.309602,1,255,208.36
2865,9050.17,sine,0.9146,37.39,9125.98,0.837627,1,94,79.70
2866,5516.28,sine,0.6644,26.73,5590.82,1.351344,1,132,102.33
2867,13769.60,sine,0.2201,33.73,13886.72,0.850535,1,45,44.71
2868,5035.04,triangle,0.1527,24.31,5068.36,0.661701,1,15,17.21
2869,19972.64,square,0.7327,23.65,20058.59,0.430334,1,45,58.12
2870,12587.51,triangle,0.3830,36.58,12656.25,0.546129,1,73,74.88
2871,12464.93,square,0.6019,31.54,12568.36,0.829731,1,75,91.12
2872,4145.17,square,0.4091,28.02,4365.23,5.308921,1,63,71.03
2873,15461.10,square,0.9463,25.87,15556.64,0.617934,1,7,10.25
2874,8898.37,triangle,0.5914,30.94,8989.26,1.021421,1,98,99.41
2875,2013.46,square,0.3437,39.99,2109.38,4.763529,1,217,185.61
2876,6858.75,triangle,0.7086,26.82,6933.59,1.091270,1,77,68.32
2877,11327.15,triangle,0.8950,23.21,11416.02,0.784508,1,27,29.65
2878,7451.89,square,0.1378,31.96,7568.36,1.562955,1,51,60.52
2879,17241.58,square,0.7660,32.55,17348.63,0.620893,1,38,51.28
2880,8137.33,sine,0.7384,37.09,8276.37,1.708684,1,22,21.74
2881,14031.24,sine,0.2946,21.39,14150.39,0.849214,1,39,37.16
2882,11837.34,triangle,0.1995,36.77,11962.89,1.060667,1,11,12.26
2883,11554.67,triangle,0.9743,21.67,11655.27,0.870668,1,20,16.89
2884,18123.26,sine,0.4537,37.03,18208.01,0.467639,1,22,18.21
2885,18218.83,square,0.6347,34.16,18315.43,0.530216,1,20,25.97
2886,16822.41,sine,0.8291,29.63,16918.95,0.573821,1,46,45.99
2887,9561.85,square,0.5583,38.90,9672.85,1.160932,1,78,91.83
2888,11415.87,triangle,0.2623,34.48,11518.55,0.899476,1,24,27.23
2889,16432.55,triangle,0.6462,31.30,16542.97,0.671944,1,53,51.30
2890,17357.68,triangle,0.2101,36.97,17456.05,0.566755,1,36,35.75
2891,8867.30,sine,0.8828,28.64,8955.08,0.989865,1,99,85.89
2892,16358.93,sine,0.1035,29.91,16435.55,0.468354,1,55,54.34
2893,2904.34,triangle,0.3485,28.87,2929.69,0.872854,1,161,127.78
2894,2653.64,sine,0.8033,23.03,2783.20,4.882557,1,171,117.37
2895,13296.03,triangle,0.7119,36.22,13403.32,0.806922,1,56,44.15
2896,3070.46,sine,0.9051,34.30,3208.01,4.479681,1,142,115.63
2897,13151.52,square,0.4728,20.89,13227.54,0.578004,1,60,72.29
2898,15904.39,triangle,0.5255,38.00,16005.86,0.638000,1,63,58.40
2899,7387.03,sine,0.8855,35.94,7495.12,1.463152,1,54,51.12
2900,10784.62,sine,0.2936,33.12,10903.32,1.100678,1,42,40.00
2901,8315.78,triangle,0.9550,36.11,8422.85,1.287528,1,16,13.34
2902,8173.36,triangle,0.4163,23.34,8276.37,1.260242,1,22,17.91
2903,1634.47,square,0.9132,24.78,1713.87,4.857614,1,244,181.53
2904,4923.75,triangle,0.1225,35.72,4965.82,0.854434,1,22,23.46
2905,7106.03,sine,0.9260,22.79,7202.15,1.352644,1,66,60.82
2906,11483.81,sine,0.1587,21.00,11621.09,1.195487,1,21,21.02
2907,3195.58,sine,0.7845,29.71,3339.84,4.514567,1,133,114.24
2908,7514.95,square,0.9361,38.22,7641.60,1.685332,1,48,56.81
2909,14597.85,triangle,0.3877,27.62,14721.68,0.848252,1,26,28.75
2910,12660.53,square,0.5335,28.01,12744.14,0.660392,1,71,82.79
2911,19737.43,triangle,0.4915,34.55,19804.69,0.340782,1,49,47.80
2912,6121.67,sine,0.4172,28.06,6225.59,1.697474,1,106,84.04
2913,1314.21,triangle,0.4233,31.61,,,0,260,180.01
2914,2405.30,sine,0.9007,32.17,2504.88,4.140117,1,190,131.64
2915,19055.40,triangle,0.4347,25.98,19174.80,0.626635,1,4,4.50
2916,17308.77,triangle,0.6667,35.90,17402.34,0.540643,1,37,40.86
2917,15853.17,square,0.6168,36.66,15952.15,0.624336,1,64,78.50
2918,14074.16,sine,0.4030,22.89,14194.34,0.853850,1,38,38.17
2919,5426.47,triangle,0.1332,24.40,5493.16,1.229013,1,136,116.99
2920,6881.82,square,0.5807,24.37,7006.84,1.816646,1,74,84.32
2921,4120.58,sine,0.5523,25.42,4306.64,4.515392,1,67,62.91
2922,19004.45,square,0.1529,34.59,19121.09,0.613784,1,5,7.27
2923,7248.06,square,0.3516,31.41,7373.05,1.724412,1,59,67.02
2924,15670.90,triangle,0.3350,26.70,15776.37,0.673028,1,2,2.29
2925,9821.06,triangle,0.9112,21.80,9912.11,0.927063,1,71,71.54
2926,3506.67,square,0.1960,26.91,3691.41,5.268238,1,109,105.02
2927,3819.32,square,0.9545,39.93,4013.67,5.088591,1,87,96.94
2928,8129.58,square,0.8706,22.35,8276.37,1.805575,1,22,25.37
2929,14101.72,square,0.2855,28.06,14194.34,0.656743,1,38,49.16
2930,2443.25,triangle,0.3275,26.23,2446.29,0.124572,1,194,156.08
2931,3300.54,triangle,0.5441,31.44,3325.20,0.746866,1,134,119.72
2932,11819.22,square,0.2733,34.90,11928.71,0.926372,1,12,15.54
2933,3414.07,sine,0.7391,24.18,3574.22,4.690875,1,117,104.21
2934,6828.68,square,0.5044,34.17,6933.59,1.536336,1,77,89.33
2935,12845.20,square,0.7426,25.85,12963.87,0.923793,1,66,78.71
2936,7124.33,square,0.3767,39.70,7250.98,1.777621,1,64,76.72
2937,16466.99,sine,0.1050,20.86,16596.68,0.787595,1,52,49.46
2938,5637.21,sine,0.5800,37.16,5712.89,1.342599,1,127,99.93
2939,14998.25,sine,0.4594,30.16,15117.19,0.792981,1,17,16.15
2940,16393.91,triangle,0.9187,30.18,16489.26,0.581598,1,54,48.73
2941,14191.22,sine,0.6088,24.97,14282.23,0.641287,1,36,36.29
2942,9202.62,square,0.3313,21.04,9296.88,1.024210,1,89,87.76
2943,1194.44,sine,0.1075,22.21,,,0,260,166.57
2944,5550.29,sine,0.9881,26.12,5639.65,1.610059,1,130,112.08
2945,3420.99,square,0.8722,33.56,3588.87,4.907119,1,116,102.65
2946,6625.56,square,0.7434,34.56,6738.28,1.701314,1,85,81.68
2947,13664.23,triangle,0.8831,31.58,13754.88,0.663427,1,48,50.67
2948,9167.27,square,0.8364,20.11,9262.70,1.040924,1,90,98.81
2949,19847.94,sine,0.5232,37.44,19931.64,0.421693,1,47,45.10
2950,5275.77,square,0.2193,27.90,5346.68,1.344110,1,142,127.44
2951,4365.57,square,0.4361,39.86,4584.96,5.025394,1,48,54.20
2952,19901.45,sine,0.7534,21.03,19995.12,0.470667,1,46,46.19
2953,1573.65,sine,0.9689,38.82,1640.62,4.256142,1,249,160.22
2954,4684.63,sine,0.3165,30.31,4892.58,4.438976,1,27,27.40
2955,11824.39,sine,0.7810,26.19,11962.89,1.171330,1,11,11.87
2956,18520.50,square,0.4927,35.80,18637.70,0.632813,1,14,19.51
2957,16540.38,sine,0.4057,38.72,16650.39,0.665116,1,51,48.42
2958,4130.08,sine,0.5086,36.02,4321.29,4.629677,1,66,57.67
2959,15661.69,triangle,0.5799,22.00,15776.37,0.732189,1,2,1.76
2960,12185.09,triangle,0.1840,23.45,12304.69,0.981503,1,1,0.95
2961,1233.52,square,0.8981,33.41,,,0,260,176.22
2962,19658.76,sine,0.9127,36.28,19741.21,0.419402,1,50,49.08
2963,6970.59,triangle,0.3591,37.79,7055.66,1.220488,1,72,72.11
2964,17734.22,triangle,0.6071,22.40,17832.03,0.551523,1,29,32.53
2965,11107.46,square,0.8130,35.16,11245.12,1.239295,1,32,38.12
2966,18301.64,sine,0.8282,38.77,18422.85,0.662312,1,18,19.12
2967,15996.71,sine,0.1732,20.42,16059.57,0.392967,1,62,57.42
2968,12946.16,square,0.9882,27.96,13051.76,0.815675,1,64,69.79
2969,7306.22,square,0.8430,38.74,7421.88,1.582974,1,57,59.00
2970,16259.36,square,0.6714,37.13,16328.12,0.422931,1,57,59.88
2971,10321.58,sine,0.2528,20.00,10424.80,1.000046,1,56,51.61
2972,14646.52,sine,0.3195,25.96,14765.62,0.813183,1,25,25.24
2973,11647.22,square,0.7072,21.11,11757.81,0.949541,1,17,22.51
2974,3354.84,square,0.4033,25.92,3530.27,5.229117,1,120,115.20
2975,2273.53,triangle,0.7226,22.43,2285.16,0.511220,1,205,146.70
2976,2235.87,triangle,0.7131,28.35,2255.86,0.893887,1,207,161.55
2977,14332.89,triangle,0.8020,29.56,14414.06,0.566339,1,33,32.15
2978,9167.77,sine,0.9339,32.07,9262.70,1.035398,1,90,84.00
2979,4859.92,triangle,0.9234,39.78,4892.58,0.671889,1,27,32.01
2980,17607.07,triangle,0.3202,36.84,17724.61,0.667542,1,31,35.13
2981,16637.54,sine,0.1886,39.59,16704.10,0.400081,1,50,49.06
2982,6624.47,triangle,0.1037,20.42,6713.87,1.349553,1,86,83.00
2983,9851.55,sine,0.7209,31.31,9946.29,0.961617,1,70,64.52
2984,2472.23,sine,0.4492,23.71,2578.12,4.283373,1,185,144.91
2985,16052.22,square,0.1841,29.69,16113.28,0.380363,1,61,74.42
2986,2725.93,sine,0.3156,37.19,2841.80,4.250719,1,167,134.91
2987,18567.64,triangle,0.4007,25.45,18691.41,0.666580,1,13,14.99
2988,11433.96,triangle,0.9940,22.63,11552.73,1.038803,1,23,26.11
2989,1936.55,triangle,0.8490,36.93,1948.24,0.603869,1,228,159.98
2990,13890.81,triangle,0.5599,38.28,13974.61,0.603291,1,43,45.81
2991,19388.43,triangle,0.3788,23.92,19487.30,0.509964,1,54,58.33
2992,11414.28,square,0.8900,22.00,11518.55,0.913535,1,24,32.59
2993,5897.06,triangle,0.1855,26.42,5957.03,1.016949,1,117,101.34
2994,8355.95,square,0.2423,37.21,8496.09,1.677143,1,13,16.16
2995,9503.30,triangle,0.5211,25.50,9604.49,1.064785,1,80,74.62
2996,3694.75,sine,0.5789,22.14,3867.19,4.667159,1,97,79.86
2997,8442.83,square,0.3481,23.50,8569.34,1.498413,1,10,14.09
2998,15719.71,triangle,0.1904,23.11,15820.31,0.639972,1,1,1.22
2999,19240.24,sine,0.9799,20.09,19335.94,0.497380,1,1,1.52
3000,17599.70,sine,0.9447,26.34,17724.61,0.709699,1,31,28.04
3001,13431.82,sine,0.3181,35.47,13535.16,0.769338,1,53,41.29
3002,11045.03,triangle,0.4859,37.40,11142.58,0.883175,1,35,33.65
3003,9530.15,triangle,0.9639,26.58,9604.49,0.780039,1,80,79.65
3004,17832.55,triangle,0.2896,32.49,17939.45,0.599485,1,27,29.29
3005,2380.96,triangle,0.2571,21.42,2387.70,0.282714,1,198,165.29
3006,8604.16,square,0.8694,39.48,8764.65,1.865209,1,2,2.69
3007,9350.36,sine,0.7742,31.30,9433.59,0.890191,1,85,82.12
3008,9509.94,sine,0.5522,26.77,9604.49,0.994293,1,80,71.76
3009,15383.23,square,0.8892,30.87,15512.70,0.841630,1,8,8.88
3010,5526.99,triangle,0.6015,24.14,5590.82,1.154960,1,132,113.26
3011,12846.65,square,0.8600,29.07,12919.92,0.570370,1,67,77.47
3012,14802.39,sine,0.4564,39.66,14897.46,0.642296,1,22,22.54
3013,16360.75,sine,0.3500,26.60,16435.55,0.457200,1,55,52.86
3014,13356.95,triangle,0.7746,30.20,13447.27,0.676202,1,55,53.51
3015,16405.59,square,0.2115,31.29,16489.26,0.509994,1,54,61.69
3016,19093.73,triangle,0.6208,32.94,19174.80,0.424634,1,4,3.41
3017,18680.68,square,0.3983,39.54,18798.83,0.632470,1,11,12.22
3018,17405.42,sine,0.5174,28.30,17509.77,0.599503,1,35,35.89
3019,3832.82,triangle,0.4639,37.51,3867.19,0.896719,1,97,96.14
3020,4597.77,square,0.1216,35.28,4833.98,5.137624,1,31,35.62
3021,12037.36,square,0.1465,24.22,12133.79,0.801047,1,6,7.74
3022,2412.29,sine,0.6647,31.32,2519.53,4.445768,1,189,137.60
3023,12630.85,square,0.3457,24.89,12744.14,0.896963,1,71,84.05
3024,3604.13,triangle,0.6548,23.73,3632.81,0.795712,1,113,101.95
3025,4366.98,triangle,0.7685,33.19,4394.53,0.630940,1,61,55.40
3026,8730.42,sine,0.9815,35.94,8789.06,0.671726,1,1,0.87
3027,6733.81,triangle,0.7830,25.94,6811.52,1.154150,1,82,72.16
3028,9104.50,sine,0.1999,34.46,9194.34,0.986673,1,92,86.53
3029,6082.73,triangle,0.9960,21.53,6152.34,1.144527,1,109,105.64
3030,9987.67,triangle,0.8101,35.20,10083.01,0.954582,1,66,60.93
3031,7630.90,square,0.6355,39.48,7763.67,1.739874,1,43,53.84
3032,7223.40,triangle,0.3424,39.78,7324.22,1.395750,1,61,60.10
3033,13735.01,square,0.6521,25.45,13842.77,0.784589,1,46,49.57
3034,6209.30,sine,0.2026,26.95,6298.83,1.441785,1,103,92.23
3035,15494.25,square,0.1923,37.04,15600.59,0.686266,1,6,7.40
3036,12425.98,triangle,0.7032,23.50,12524.41,0.792124,1,76,73.00
3037,10001.88,square,0.1254,20.30,10083.01,0.811086,1,66,75.62
3038,3458.66,sine,0.4866,29.75,3603.52,4.188291,1,115,100.88
3039,3622.52,triangle,0.6365,25.89,3647.46,0.688370,1,112,103.83
3040,1259.54,sine,0.4525,23.08,,,0,260,169.81
3041,8159.57,square,0.5925,24.62,8300.78,1.730590,1,21,20.20
3042,7532.63,square,0.8748,35.06,7666.02,1.770807,1,47,45.72
3043,11514.60,square,0.4285,37.59,11655.27,1.221692,1,20,25.26
3044,1745.63,triangle,0.6979,33.62,1757.81,0.698004,1,241,178.31
3045,1721.96,square,0.5363,22.12,1801.76,4.634193,1,238,176.89
3046,6280.52,triangle,0.5950,28.27,6347.66,1.068989,1,101,80.98
3047,2380.96,triangle,0.7326,32.28,2387.70,0.282842,1,198,156.11
3048,10694.99,square,0.6339,24.67,10800.78,0.989164,1,45,57.42
3049,18883.92,square,0.3801,28.99,19013.67,0.687091,1,7,9.13
3050,16308.01,sine,0.3636,33.59,16381.84,0.452691,1,56,49.86
3051,6994.29,triangle,0.2174,35.25,7080.08,1.226474,1,71,69.95
3052,2298.68,sine,0.9084,31.63,2402.34,4.509590,1,197,148.93
3053,7684.71,sine,0.6552,30.18,7812.50,1.662899,1,41,41.15
3054,19840.36,triangle,0.6715,28.86,19931.64,0.460087,1,47,48.70
3055,10331.68,triangle,0.1914,26.57,10424.80,0.901366,1,56,61.01
3056,2430.17,sine,0.2763,29.71,2534.18,4.279824,1,188,141.82
3057,15910.71,square,0.4019,21.65,16005.86,0.598008,1,63,73.18
3058,11455.61,sine,0.6534,39.54,11586.91,1.146155,1,22,19.87
3059,3114.97,sine,0.5258,39.37,3251.95,4.397504,1,139,102.62
3060,15664.39,triangle,0.4003,39.84,15776.37,0.714879,1,2,2.21
3061,2953.82,sine,0.8700,38.55,3076.17,4.142034,1,151,120.49
3062,2721.12,sine,0.1299,22.09,2827.15,3.896431,1,168,120.26
3063,4978.98,triangle,0.7011,35.57,5024.41,0.912588,1,18,20.64
3064,15746.65,square,0.8177,31.92,15820.31,0.467806,1,1,1.38
3065,6976.38,square,0.5802,36.47,7104.49,1.836431,1,70,72.83
3066,19652.82,square,0.7871,22.00,19741.21,0.449777,1,50,60.67
3067,15759.80,square,0.1355,27.26,15820.31,0.383993,1,1,1.43
3068,12602.21,sine,0.9316,21.55,12700.20,0.777507,1,72,60.61
3069,18670.13,triangle,0.3967,27.82,18745.12,0.401655,1,12,10.08
3070,15075.38,square,0.7045,27.78,15205.08,0.860345,1,15,20.82
3071,10268.46,triangle,0.2925,28.36,10356.45,0.856888,1,58,58.72
3072,6544.64,triangle,0.7876,25.85,6640.62,1.466611,1,89,81.08
3073,2546.42,sine,0.4847,28.21,2651.37,4.121525,1,180,130.54
3074,19779.41,square,0.3308,37.82,19868.16,0.448731,1,48,57.71
3075,10330.29,square,0.1861,27.66,10458.98,1.245786,1,55,65.45
3076,18940.25,square,0.4101,32.51,19013.67,0.387651,1,7,9.57
3077,18297.81,sine,0.5546,39.17,18422.85,0.683365,1,18,19.19
3078,4275.53,triangle,0.6530,33.59,4306.64,0.727721,1,67,61.45
3079,7673.17,sine,0.7158,24.31,7788.09,1.497594,1,42,34.45
3080,8973.44,sine,0.1075,39.40,9057.62,0.938069,1,96,88.40
3081,9202.36,triangle,0.2263,31.75,9296.88,1.027111,1,89,76.00
3082,4818.51,triangle,0.8053,22.25,4863.28,0.929222,1,29,27.45
3083,18329.22,sine,0.6517,39.71,18422.85,0.510807,1,18,18.79
3084,17765.53,triangle,0.4083,22.11,17832.03,0.374304,1,29,32.34
3085,4578.59,square,0.8139,23.00,4819.34,5.258067,1,32,39.44
3086,13534.90,sine,0.4071,33.24,13623.05,0.651263,1,51,49.95
3087,9872.99,triangle,0.2403,35.80,9980.47,1.088625,1,69,68.09
3088,2220.47,sine,0.6905,37.10,2314.45,4.232591,1,203,142.06
3089,5800.91,sine,0.5834,24.23,5883.79,1.428674,1,120,100.62
3090,16411.97,triangle,0.2308,29.28,16489.26,0.470930,1,54,48.37
3091,15721.73,square,0.6698,21.00,15820.31,0.627062,1,1,1.65
3092,12565.09,sine,0.8475,27.11,12656.25,0.725531,1,73,68.68
3093,6349.52,triangle,0.1451,27.93,6420.90,1.124101,1,98,89.12
3094,8030.07,sine,0.9206,35.02,8154.30,1.547056,1,27,22.67
3095,2214.54,triangle,0.5746,38.02,2226.56,0.542884,1,209,165.16
3096,6945.97,square,0.5507,29.79,7055.66,1.579295,1,72,75.72
3097,9666.00,sine,0.7801,29.03,9775.39,1.131678,1,75,66.06
3098,19211.81,sine,0.7145,38.81,19335.94,0.646104,1,1,1.40
3099,13605.71,triangle,0.8447,27.20,13710.94,0.773421,1,49,42.25
3100,12402.35,sine,0.5820,24.61,12480.47,0.629831,1,77,69.32
3101,15131.00,square,0.4701,25.38,15249.02,0.780014,1,14,19.05
3102,19975.27,sine,0.1392,24.35,20058.59,0.417129,1,45,45.37
3103,19450.38,triangle,0.6894,37.60,19550.78,0.516209,1,53,57.13
3104,5065.27,triangle,0.2285,22.02,5097.66,0.639321,1,13,14.98
3105,3132.02,square,0.8029,27.33,3295.90,5.232381,1,136,129.24
3106,19580.02,square,0.2354,29.32,19677.73,0.499032,1,51,55.01
3107,13901.71,triangle,0.5129,31.87,14018.55,0.840534,1,42,44.25
3108,6079.55,square,0.9874,20.98,6176.76,1.598939,1,108,122.37
3109,17844.08,square,0.3269,39.10,17939.45,0.534465,1,27,36.08
3110,10183.73,sine,0.2633,24.89,10288.09,1.024715,1,60,55.37
3111,16824.13,square,0.9219,24.64,16918.95,0.563557,1,46,47.35
3112,3301.63,sine,0.5571,39.97,3442.38,4.263039,1,126,99.27
3113,14204.34,sine,0.8892,35.63,14326.17,0.857708,1,35,34.50
3114,1292.89,triangle,0.3705,22.99,,,0,260,186.81
3115,5300.29,square,0.4824,25.78,5395.51,1.796542,1,140,120.05
3116,4272.15,triangle,0.9911,35.56,4306.64,0.807381,1,67,68.22
3117,6622.80,sine,0.2959,22.73,6738.28,1.743656,1,85,67.49
3118,11475.28,square,0.7350,33.60,11621.09,1.270673,1,21,26.08
3119,6554.33,sine,0.7134,26.99,6665.04,1.689053,1,88,77.21
3120,5039.84,square,0.3449,21.77,5273.44,4.635006,1,1,1.32
3121,16772.64,triangle,0.2978,21.30,16865.23,0.552061,1,47,50.82
3122,15037.72,sine,0.4541,21.28,15161.13,0.820680,1,16,17.26
3123,5299.12,triangle,0.8240,24.14,5273.44,0.484696,1,1,1.20
3124,7382.36,sine,0.1668,39.84,7495.12,1.527345,1,54,52.28
3125,13456.29,square,0.7889,36.80,13579.10,0.912707,1,52,63.79
3126,16327.58,sine,0.2681,33.10,16435.55,0.661251,1,55,49.89
3127,8139.43,triangle,0.6989,39.13,8227.54,1.082526,1,24,20.51
3128,4827.48,triangle,0.3892,39.79,4863.28,0.741548,1,29,32.81
3129,3996.08,square,0.8136,28.65,4204.10,5.205515,1,74,71.24
3130,9893.60,triangle,0.4828,32.08,9980.47,0.878059,1,69,64.25
3131,2036.25,triangle,0.6834,28.08,2050.78,0.713452,1,221,167.44
3132,1307.22,square,0.1114,20.02,,,0,260,188.39
3133,12705.87,sine,0.2727,33.07,12788.09,0.647049,1,70,58.34
3134,2020.25,sine,0.2345,31.60,2094.73,3.686678,1,218,139.06
3135,13573.54,triangle,0.3297,21.78,13666.99,0.688503,1,50,50.87
3136,2494.99,square,0.9513,24.35,2622.07,5.093442,1,182,173.37
3137,5878.09,sine,0.6450,33.60,5981.45,1.758307,1,116,98.76
3138,13215.69,triangle,0.5378,22.69,13315.43,0.754684,1,58,57.86
3139,6498.70,square,0.6518,30.62,6591.80,1.432585,1,91,103.28
3140,13976.32,square,0.8932,31.72,14062.50,0.616586,1,41,51.08
3141,15793.43,sine,0.7104,38.04,15820.31,0.170240,1,1,1.10
3142,8328.91,triangle,0.7523,21.19,8447.27,1.420970,1,15,17.00
3143,12048.66,sine,0.9706,36.23,12167.97,0.990242,1,5,5.70
3144,3084.75,sine,0.6350,26.90,3222.66,4.470506,1,141,117.29
3145,1663.21,square,0.4491,22.02,1743.16,4.807131,1,242,185.49
3146,16236.49,triangle,0.7809,36.45,16328.12,0.564393,1,57,52.56
3147,5113.32,sine,0.2877,35.30,5273.44,3.131365,1,1,0.89
3148,19010.42,triangle,0.8933,32.77,19121.09,0.582150,1,5,4.26
3149,8365.54,square,0.1678,20.63,8520.51,1.852477,1,12,12.06
3150,14214.04,square,0.5970,31.15,14326.17,0.788906,1,35,38.00
3151,6270.14,square,0.5237,27.77,6372.07,1.625639,1,100,111.44
3152,16592.83,square,0.6433,37.91,16704.10,0.670586,1,50,65.06
3153,17458.44,triangle,0.3430,20.70,17563.48,0.601644,1,34,37.40
3154,5960.27,sine,0.9184,32.98,6054.69,1.584128,1,113,88.66
3155,2552.38,sine,0.2401,32.61,2666.02,4.452339,1,179,140.68
3156,14972.87,triangle,0.9466,24.03,15073.24,0.670384,1,18,20.12
3157,6885.68,sine,0.4229,38.29,7006.84,1.759576,1,74,69.10
3158,11927.14,triangle,0.5411,20.58,12031.25,0.872894,1,9,10.15
3159,2219.71,square,0.7469,24.31,2329.10,4.927991,1,202,173.63
3160,14716.28,triangle,0.4707,34.93,14809.57,0.633913,1,24,23.56
3161,8676.57,triangle,0.7876,39.84,8789.06,1.296520,1,1,1.42
3162,7562.54,square,0.2491,24.08,7690.43,1.691140,1,46,56.59
3163,14174.51,triangle,0.4551,23.60,14282.23,0.759967,1,36,35.20
3164,6416.89,square,0.3616,24.67,6518.55,1.584322,1,94,100.94
3165,14983.71,sine,0.5853,35.88,15073.24,0.597562,1,18,17.57
3166,6058.34,square,0.7020,33.10,6152.34,1.551685,1,109,112.15
3167,9471.14,square,0.8523,35.17,9570.31,1.047070,1,81,91.65
3168,7103.85,sine,0.1646,21.89,7226.56,1.727433,1,65,66.91
3169,12074.52,sine,0.4032,35.06,12202.15,1.057024,1,4,3.95
3170,6592.62,triangle,0.7709,24.92,6665.04,1.098561,1,88,78.99
3171,14847.62,triangle,0.4577,24.21,14941.41,0.631649,1,21,18.62
3172,10904.15,triangle,0.6757,23.46,11005.86,0.932802,1,39,33.52
3173,13972.38,square,0.6324,34.68,14062.50,0.644975,1,41,53.09
3174,10784.00,triangle,0.7499,32.30,10869.14,0.789512,1,43,39.21
3175,3865.06,triangle,0.9423,22.74,3881.84,0.433950,1,96,78.98
3176,10276.58,sine,0.7791,34.43,10390.62,1.109742,1,57,46.34
3177,3676.82,triangle,0.2629,35.95,3706.05,0.795182,1,108,95.32
3178,9682.63,sine,0.2424,23.35,9775.39,0.958044,1,75,69.61
3179,13575.92,square,0.2099,22.25,13666.99,0.670832,1,50,61.02
3180,2373.90,triangle,0.7407,21.17,2387.70,0.581085,1,198,136.17
3181,11645.13,sine,0.9134,38.14,11757.81,0.967624,1,17,14.67
3182,14266.43,triangle,0.8303,36.57,14370.12,0.726814,1,34,37.25
3183,11824.45,sine,0.2960,26.54,11928.71,0.881747,1,12,12.73
3184,12941.41,sine,0.3328,29.36,13051.76,0.852648,1,64,57.51
3185,5427.95,square,0.9309,34.96,5517.58,1.651198,1,135,131.37
3186,13662.11,square,0.5392,23.73,13754.88,0.679084,1,48,60.00
3187,17999.50,sine,0.1822,35.00,18100.59,0.561612,1,24,26.71
3188,4336.70,square,0.1255,22.74,4555.66,5.049211,1,50,52.42
3189,4290.87,sine,0.6910,36.74,4482.42,4.464198,1,55,47.03
3190,8092.99,triangle,0.2920,26.51,8203.12,1.360835,1,25,25.83
3191,3864.00,square,0.4779,32.27,4057.62,5.010719,1,84,93.79
3192,15471.82,square,0.6649,38.71,15600.59,0.832240,1,6,6.77
3193,6682.22,square,0.7459,32.23,6787.11,1.569650,1,83,90.73
3194,4392.13,square,0.5211,28.39,4614.26,5.057520,1,46,52.46
3195,4387.22,triangle,0.7861,29.63,4409.18,0.500507,1,60,54.35
3196,13921.16,triangle,0.2226,25.01,14018.55,0.699620,1,42,45.44
3197,11311.32,triangle,0.1326,39.68,11416.02,0.925550,1,27,30.36
3198,9643.23,square,0.3635,23.49,9741.21,1.016107,1,76,82.88
3199,16039.90,triangle,0.4723,39.05,16113.28,0.457465,1,61,57.31
3200,16652.15,square,0.7066,28.70,16757.81,0.634499,1,49,54.10
3201,11615.74,sine,0.7266,21.06,11757.81,1.223062,1,17,17.20
3202,16524.61,triangle,0.3134,26.47,16596.68,0.436111,1,52,55.05
3203,10144.90,square,0.3586,31.85,10219.73,0.737606,1,62,74.52
3204,6657.95,sine,0.1023,22.02,6762.70,1.573170,1,84,72.12
3205,16052.76,triangle,0.4843,30.25,16113.28,0.376994,1,61,61.33
3206,3790.12,square,0.2302,32.22,3984.38,5.125432,1,89,92.69
3207,18731.91,sine,0.7881,20.47,18852.54,0.643951,1,10,9.10
3208,8134.45,sine,0.4172,23.47,8276.37,1.744674,1,22,22.67
3209,8092.79,square,0.3705,33.13,8227.54,1.664990,1,24,30.08
3210,18458.19,square,0.2731,25.41,18583.98,0.681515,1,15,20.35
3211,17226.02,square,0.5095,22.99,17294.92,0.400013,1,39,40.40
3212,9544.82,sine,0.9488,37.68,9638.67,0.983288,1,79,62.41
3213,2594.15,square,0.3026,28.22,2724.61,5.029053,1,175,154.01
3214,17660.11,square,0.4008,24.16,17778.32,0.669352,1,30,42.00
3215,16206.17,square,0.5213,24.35,16274.41,0.421085,1,58,67.99
3216,7350.68,triangle,0.5681,28.01,7446.29,1.300668,1,56,51.69
3217,10907.02,triangle,0.4061,23.57,11005.86,0.906211,1,39,38.83
3218,12113.79,square,0.7414,37.64,12236.33,1.011590,1,3,4.38
3219,8052.31,sine,0.9625,28.70,8178.71,1.569769,1,26,26.83
3220,12841.89,square,0.5919,24.11,12919.92,0.607614,1,67,80.78
3221,15347.72,triangle,0.5977,29.77,15468.75,0.788600,1,9,8.41
3222,3164.83,sine,0.4056,26.22,3295.90,4.141554,1,136,99.91
3223,19119.47,triangle,0.6939,30.35,19228.52,0.570325,1,3,3.69
3224,4179.98,triangle,0.4375,22.14,4204.10,0.576999,1,74,75.52
3225,10382.18,triangle,0.8986,20.22,10493.16,1.068996,1,54,57.04
3226,17839.62,sine,0.1351,36.96,17939.45,0.559619,1,27,28.58
3227,17413.47,square,0.6170,36.26,17509.77,0.553004,1,35,40.33
3228,15939.88,triangle,0.5975,39.35,16005.86,0.413917,1,63,59.80
3229,19926.79,sine,0.8646,30.00,19995.12,0.342892,1,46,42.12
3230,8363.76,square,0.1504,30.13,8520.51,1.874126,1,12,16.22
3231,17546.92,sine,0.4838,38.79,17670.90,0.706549,1,32,30.34
3232,9142.71,square,0.4965,30.39,9228.52,0.938482,1,91,100.04
3233,13007.84,triangle,0.5069,36.35,13095.70,0.675497,1,63,66.40
3234,11140.69,square,0.6922,34.35,11279.30,1.244127,1,31,40.67
3235,11602.93,sine,0.2529,25.71,11723.63,1.040274,1,18,18.96
3236,6369.89,triangle,0.1165,35.11,6445.31,1.184103,1,97,82.41
3237,6041.51,sine,0.5751,24.32,6127.93,1.430482,1,110,89.67
3238,17804.95,sine,0.4999,36.99,17885.74,0.453735,1,28,29.01
3239,12701.03,sine,0.4787,34.13,12788.09,0.685393,1,70,58.51
3240,19491.95,triangle,0.4082,39.96,19550.78,0.301802,1,53,45.61
3241,1066.59,sine,0.8415,23.99,,,0,260,171.37
3242,2154.62,sine,0.4835,34.61,2241.21,4.019038,1,208,146.44
3243,12862.38,sine,0.5529,38.52,12963.87,0.789063,1,66,50.49
3244,16485.15,sine,0.9840,34.17,16596.68,0.676560,1,52,49.28
3245,2186.54,sine,0.2516,34.56,2285.16,4.510258,1,205,147.93
3246,4491.04,square,0.1839,38.42,4716.80,5.026838,1,39,46.20
3247,7535.25,triangle,0.9504,20.12,7617.19,1.087367,1,49,51.00
3248,9818.57,sine,0.9178,30.37,9912.11,0.952693,1,71,64.09
3249,2423.94,sine,0.4452,38.80,2534.18,4.548117,1,188,140.60
3250,14165.27,triangle,0.4298,20.86,14238.28,0.515397,1,37,39.89
3251,19512.04,sine,0.9529,27.37,19614.26,0.523896,1,52,48.72
3252,1191.72,triangle,0.9825,39.31,,,0,260,190.65
3253,4057.80,sine,0.6090,32.75,4233.40,4.327347,1,72,65.50
3254,15048.94,sine,0.9631,32.77,15161.13,0.745517,1,16,17.87
3255,17093.89,square,0.4728,39.54,17187.50,0.547614,1,41,51.03
3256,12060.31,triangle,0.9580,33.51,12167.97,0.892703,1,5,4.42
3257,11429.83,sine,0.1360,24.02,11552.73,1.075252,1,23,20.23
3258,4534.16,sine,0.3744,27.20,4731.45,4.351084,1,38,33.75
3259,8990.22,sine,0.1381,33.48,9091.80,1.129903,1,95,77.24
3260,11209.36,square,0.6710,36.55,11313.48,0.928821,1,30,35.93
3261,9126.17,square,0.9582,36.79,9228.52,1.121504,1,91,89.54
3262,9094.02,square,0.2594,31.21,9194.34,1.103149,1,92,92.44
3263,19645.24,square,0.9349,28.15,19741.21,0.488533,1,50,62.22
3264,19978.05,square,0.1380,31.74,20058.59,0.403153,1,45,56.56
3265,6216.88,sine,0.8388,25.51,6323.24,1.710841,1,102,90.98
3266,16134.42,sine,0.2749,39.48,16220.70,0.534761,1,59,58.25
3267,7871.26,square,0.6490,31.21,8007.81,1.734808,1,33,32.71
3268,18379.22,triangle,0.4634,37.25,18476.56,0.529638,1,17,18.89
3269,4440.20,square,0.9555,32.51,4672.85,5.239781,1,42,48.12
3270,16522.40,square,0.8554,38.89,16596.68,0.449566,1,52,59.71
3271,6185.51,sine,0.5356,34.04,6274.41,1.437249,1,104,91.67
3272,5316.63,sine,0.4086,39.38,5395.51,1.483533,1,140,104.75
3273,14204.38,square,0.2733,27.12,14326.17,0.857412,1,35,39.91
3274,4226.95,sine,0.9161,39.95,4409.18,4.311158,1,60,53.93
3275,4118.17,sine,0.3968,29.23,4291.99,4.220750,1,68,49.23
3276,4891.60,sine,0.2808,35.49,5112.30,4.511833,1,12,9.68
3277,14538.98,square,0.4485,38.18,14633.79,0.652096,1,28,32.62
3278,19421.12,sine,0.3007,30.51,19487.30,0.340796,1,54,50.62
3279,2733.76,square,0.6236,30.44,2871.09,5.023590,1,165,156.99
3280,7287.26,square,0.9629,24.12,7421.88,1.847222,1,57,66.52
3281,13441.80,sine,0.1598,31.04,13535.16,0.694553,1,53,48.67
3282,2993.84,sine,0.2544,31.30,3120.12,4.217746,1,148,107.78
3283,14363.48,sine,0.7014,23.65,14458.01,0.658125,1,32,34.06
3284,12655.69,square,0.6884,39.90,12744.14,0.698891,1,71,82.80
3285,18818.52,sine,0.8969,21.33,18906.25,0.466177,1,9,9.39
3286,19107.89,sine,0.4438,21.83,19228.52,0.631313,1,3,3.78
3287,3133.18,triangle,0.9499,32.21,3149.41,0.518056,1,146,118.86
3288,14601.15,triangle,0.3365,20.90,14677.73,0.524507,1,27,29.26
3289,1035.58,square,0.3173,21.25,,,0,260,184.72
3290,4411.04,sine,0.9234,22.81,4599.61,4.274999,1,47,43.63
3291,11215.32,square,0.5891,21.98,11347.66,1.179952,1,29,36.85
3292,7057.17,sine,0.4561,23.77,7177.73,1.708412,1,67,54.10
3293,11671.02,triangle,0.5789,28.68,11791.99,1.036534,1,16,13.03
3294,8359.33,triangle,0.2974,34.68,8447.27,1.051885,1,15,12.33
3295,15392.16,square,0.3676,29.41,15512.70,0.783068,1,8,8.35
3296,2771.06,sine,0.2004,23.74,2885.74,4.138395,1,164,127.64
3297,10579.36,triangle,0.3121,38.70,10664.06,0.800643,1,49,50.98
3298,19143.25,triangle,0.8538,27.28,19228.52,0.445407,1,3,3.49
3299,2380.99,square,0.6028,37.00,2504.88,5.203226,1,190,166.69
3300,19923.83,square,0.4107,23.72,19995.12,0.357799,1,46,56.34
3301,1091.20,square,0.6000,36.50,,,0,260,190.99
3302,10586.96,triangle,0.6653,36.81,10698.24,1.051102,1,48,43.56
3303,3817.73,triangle,0.7076,23.40,3837.89,0.528001,1,99,98.19
3304,4605.51,triangle,0.1290,29.25,4643.55,0.826121,1,44,42.96
3305,6956.03,square,0.8557,27.21,7080.08,1.783310,1,71,81.00
3306,9111.14,triangle,0.8055,37.94,9194.34,0.913127,1,92,86.38
3307,9336.48,sine,0.4707,34.32,9433.59,1.040130,1,85,72.77
3308,3079.18,sine,0.1420,28.65,3208.01,4.183913,1,142,109.49
3309,16721.47,sine,0.7078,38.65,16811.52,0.538556,1,48,39.94
3310,5501.63,triangle,0.9776,39.25,5566.41,1.177413,1,133,116.16
3311,5463.65,sine,0.2335,34.04,5541.99,1.433793,1,134,106.79
3312,14789.42,triangle,0.4025,23.40,14897.46,0.730538,1,22,24.16
3313,12034.46,square,0.7560,28.83,12167.97,1.109381,1,5,5.72
3314,7434.15,sine,0.2903,25.31,7543.95,1.476847,1,52,44.10
3315,2801.78,square,0.1329,23.73,2944.34,5.088111,1,160,141.06
3316,15188.64,sine,0.7014,34.34,15292.97,0.686897,1,13,10.47
3317,12042.52,triangle,0.1193,34.77,12133.79,0.757877,1,6,5.10
3318,19216.95,triangle,0.2511,26.54,19335.94,0.619200,1,1,1.22
3319,4276.58,square,0.7410,26.34,4497.07,5.155641,1,54,61.02
3320,11250.62,triangle,0.4792,37.08,11347.66,0.862453,1,29,24.06
3321,15659.45,sine,0.6590,24.71,15776.37,0.746632,1,2,1.68
3322,11592.85,triangle,0.8912,28.09,11689.45,0.833325,1,19,20.79
3323,6538.76,sine,0.5793,22.28,6640.62,1.557813,1,89,78.70
3324,11436.23,sine,0.3915,24.40,11552.73,1.018773,1,23,19.04
3325,19453.16,triangle,0.4147,21.86,19550.78,0.501843,1,53,47.88
3326,10819.21,sine,0.5828,36.71,10937.50,1.093321,1,41,40.01
3327,12700.06,square,0.5869,38.55,12788.09,0.693126,1,70,78.25
3328,18706.15,square,0.3752,29.19,18798.83,0.495437,1,11,15.76
3329,4544.60,square,0.5501,22.07,4775.39,5.078341,1,35,36.65
3330,4755.31,square,0.8988,31.33,4995.12,5.042983,1,20,26.51
3331,13949.17,square,0.6143,28.95,14062.50,0.812486,1,41,48.48
3332,13523.47,sine,0.5440,25.92,13623.05,0.736339,1,51,46.83
3333,7197.52,triangle,0.2644,26.22,7275.39,1.081963,1,63,55.51
3334,10687.96,triangle,0.4750,34.88,10800.78,1.055602,1,45,44.59
3335,17271.11,sine,0.4535,27.13,17348.63,0.448871,1,38,30.81
3336,16824.26,sine,0.3776,33.59,16918.95,0.562788,1,46,43.09
3337,11743.43,square,0.5860,23.95,11860.35,0.995664,1,14,17.37
3338,9183.62,square,0.9111,25.22,9296.88,1.233274,1,89,96.52
3339,17488.74,square,0.1183,34.49,17617.19,0.734449,1,33,40.64
3340,1675.49,triangle,0.8854,25.95,1684.57,0.542209,1,246,161.03
3341,5890.81,square,0.4206,27.45,5981.45,1.538530,1,116,105.29
3342,7047.25,square,0.2478,36.92,7177.73,1.851501,1,67,77.23
3343,16435.65,square,0.8675,24.94,16542.97,0.652980,1,53,66.18
3344,1333.74,square,0.5121,31.34,,,0,260,203.61
3345,18087.45,triangle,0.6710,35.28,18208.01,0.666534,1,22,22.04
3346,2592.36,sine,0.7599,28.63,2709.96,4.536434,1,176,129.70
3347,9473.34,sine,0.6466,23.70,9570.31,1.023634,1,81,76.43
3348,12911.41,sine,0.1574,26.61,13007.81,0.746651,1,65,55.91
3349,5391.67,triangle,0.1495,23.53,5444.34,0.976868,1,138,119.48
3350,11425.67,square,0.1413,20.15,11552.73,1.112073,1,23,30.14
3351,19773.29,square,0.4289,29.41,19868.16,0.479805,1,48,60.72
3352,6064.45,square,0.6841,37.66,6176.76,1.851866,1,108,121.30
3353,4498.47,triangle,0.2094,24.30,4511.72,0.294507,1,53,57.10
3354,1706.33,sine,0.9256,29.19,1772.46,3.875595,1,240,161.60
3355,2475.65,triangle,0.8911,35.09,2490.23,0.589057,1,191,154.96
3356,18735.98,sine,0.8527,33.80,18852.54,0.622097,1,10,12.14
3357,17525.43,triangle,0.4118,35.49,17617.19,0.523592,1,33,34.67
3358,5986.67,sine,0.1971,38.70,6079.10,1.543960,1,112,101.66
3359,6529.06,square,0.4522,39.20,6640.62,1.708684,1,89,93.35
3360,7365.93,triangle,0.8699,28.71,7446.29,1.090898,1,56,51.85
3361,8185.26,triangle,0.9216,35.10,8276.37,1.113009,1,22,21.63
3362,5315.40,triangle,0.4488,31.52,5273.44,0.789469,1,1,0.90
3363,16797.28,sine,0.8061,31.92,16918.95,0.724335,1,46,42.17
3364,17973.49,sine,0.4786,36.66,18100.59,0.707123,1,24,20.81
3365,1365.40,sine,0.9915,25.61,,,0,260,156.85
3366,19535.32,sine,0.4250,35.06,19614.26,0.404074,1,52,39.50
3367,13497.79,square,0.5769,36.87,13579.10,0.602408,1,52,61.52
3368,5464.02,square,0.2399,31.92,5566.41,1.873776,1,133,131.09
3369,5760.34,square,0.5241,20.54,5859.38,1.719184,1,121,118.11
3370,2746.82,triangle,0.4861,37.30,2768.55,0.791239,1,172,137.34
3371,14198.77,sine,0.6550,21.87,14282.23,0.587787,1,36,35.83
3372,15837.73,triangle,0.5781,33.66,15898.44,0.383307,1,65,64.08
3373,5508.97,square,0.8705,23.35,5590.82,1.485782,1,132,133.55
3374,6045.18,square,0.7410,27.52,6152.34,1.772773,1,109,116.59
3375,18626.91,sine,0.4337,34.18,18745.12,0.634586,1,12,12.78
3376,5293.75,square,0.2478,21.12,5395.51,1.922253,1,140,142.51
3377,3299.30,triangle,0.5966,35.93,3325.20,0.784915,1,134,121.22
3378,7320.44,square,0.5455,38.91,7446.29,1.719208,1,56,59.76
3379,15203.92,triangle,0.1417,30.99,15292.97,0.585709,1,13,14.99
3380,9872.84,triangle,0.3316,25.40,9946.29,0.743975,1,70,54.73
3381,8815.58,sine,0.2163,37.15,8886.72,0.806981,1,101,88.05
3382,11607.25,triangle,0.8480,25.64,11723.63,1.002639,1,18,20.53
3383,11407.01,sine,0.9237,28.09,11518.55,0.977848,1,24,25.21
3384,8479.85,sine,0.5146,25.04,8618.16,1.631121,1,8,7.34
3385,8122.19,triangle,0.8508,26.08,8227.54,1.297013,1,24,22.18
3386,9911.27,triangle,0.1474,37.78,10014.65,1.042997,1,68,70.65
3387,5164.50,triangle,0.6243,31.06,5200.20,0.691117,1,6,5.53
3388,17327.84,sine,0.4123,30.77,17402.34,0.429941,1,37,39.53
3389,16414.49,sine,0.8226,27.99,16489.26,0.455510,1,54,52.52
3390,4589.36,triangle,0.1818,30.30,4628.91,0.861622,1,45,40.53
3391,2213.64,square,0.6410,31.12,2329.10,5.215919,1,202,158.53
3392,8688.45,square,0.3041,29.12,8789.06,1.157969,1,1,1.03
3393,19111.84,triangle,0.2307,20.60,19228.52,0.610477,1,3,2.59
3394,18736.96,square,0.5841,35.61,18852.54,0.616840,1,10,11.62
3395,6979.09,square,0.9718,33.44,7104.49,1.796820,1,70,73.46
3396,3921.16,sine,0.2838,35.33,4101.56,4.600860,1,81,74.29
3397,6612.16,sine,0.9498,23.39,6713.87,1.538137,1,86,79.56
3398,1181.61,sine,0.3115,28.44,,,0,260,169.63
3399,18487.41,triangle,0.5112,28.22,18583.98,0.522397,1,15,14.58
3400,11545.17,sine,0.1470,38.78,11655.27,0.953652,1,20,18.45
3401,4547.28,sine,0.5252,29.83,4746.09,4.372130,1,37,29.05
3402,1350.25,sine,0.4403,33.67,,,0,260,154.44
3403,5339.95,square,0.6016,37.77,5419.92,1.497602,1,139,132.99
3404,7195.34,sine,0.5403,34.93,7299.80,1.451845,1,62,57.02
3405,3087.34,square,0.1160,20.67,3237.30,4.857564,1,140,134.75
3406,10176.11,sine,0.8606,32.04,10288.09,1.100342,1,60,57.13
3407,9624.73,square,0.5475,20.81,9707.03,0.855141,1,77,84.99
3408,17963.07,triangle,0.2633,22.41,18046.88,0.466519,1,25,22.67
3409,3727.97,square,0.6953,36.96,3925.78,5.306087,1,93,97.54
3410,15284.70,square,0.6516,33.77,15380.86,0.629113,1,11,13.34
3411,10741.99,square,0.6806,31.15,10869.14,1.183651,1,43,53.90
3412,13234.90,square,0.7473,32.86,13315.43,0.608436,1,58,65.46
3413,10875.11,triangle,0.5045,24.83,10971.68,0.888014,1,40,43.51
3414,1026.95,square,0.6316,39.44,,,0,260,193.38
3415,7868.09,square,0.2816,21.41,8007.81,1.775834,1,33,37.90
3416,15683.29,sine,0.6480,33.76,15820.31,0.873714,1,1,1.20
3417,9953.50,triangle,0.4994,25.70,10048.83,0.957765,1,67,67.25
3418,18024.29,triangle,0.2476,20.52,18154.30,0.721259,1,23,26.57
3419,2709.73,sine,0.9750,31.17,2827.15,4.333386,1,168,129.62
3420,8091.97,triangle,0.5078,26.30,8178.71,1.071902,1,26,29.88
3421,18883.17,triangle,0.8593,30.25,18959.96,0.406658,1,8,10.45
3422,15999.33,sine,0.6159,39.68,16059.57,0.376520,1,62,51.68
3423,6528.21,triangle,0.5414,20.80,6591.80,0.974030,1,91,87.82
3424,15497.37,sine,0.6683,21.71,15600.59,0.666032,1,6,4.87
3425,18990.48,sine,0.3038,22.58,19121.09,0.687782,1,5,4.15
3426,18974.04,triangle,0.7675,29.99,19067.38,0.491941,1,6,5.63
3427,10019.83,sine,0.6039,24.94,10117.19,0.971669,1,65,48.42
3428,19565.76,triangle,0.4717,23.03,19677.73,0.572291,1,51,41.54
3429,15921.30,sine,0.2704,24.23,16005.86,0.531095,1,63,60.58
3430,11580.92,triangle,0.3829,21.69,11689.45,0.937153,1,19,21.14
3431,9826.23,triangle,0.2995,24.40,9912.11,0.873973,1,71,72.13
3432,18997.31,triangle,0.9914,36.15,19121.09,0.651567,1,5,5.98
3433,4575.50,sine,0.4062,26.36,4775.39,4.368734,1,35,33.44
3434,19174.03,triangle,0.7516,23.72,19282.23,0.564302,1,2,1.69
3435,18280.99,triangle,0.2473,37.42,18369.14,0.482222,1,19,15.77
3436,6172.70,sine,0.6911,33.08,6274.41,1.647753,1,104,91.39
3437,2803.71,sine,0.9935,33.57,2929.69,4.493311,1,161,132.18
3438,14871.43,sine,0.1709,25.54,14985.35,0.766056,1,20,16.91
3439,5729.07,sine,0.2735,31.50,5810.55,1.422178,1,123,107.56
3440,7233.97,triangle,0.2656,29.29,7324.22,1.247624,1,61,63.20
3441,1259.50,square,0.1503,39.55,,,0,260,186.40
3442,16021.25,square,0.1779,31.85,16113.28,0.574430,1,61,69.72
3443,15416.51,sine,0.6114,36.28,15512.70,0.623903,1,8,6.52
3444,15596.71,triangle,0.8914,38.75,15688.48,0.588386,1,4,3.40
3445,8704.90,square,0.8116,33.94,8789.06,0.966818,1,1,1.07
3446,19914.88,sine,0.4196,25.62,19995.12,0.402879,1,46,44.74
3447,5984.00,sine,0.7382,21.70,6054.69,1.181256,1,113,101.39
3448,15090.57,triangle,0.3257,25.06,15205.08,0.758820,1,15,15.82
3449,12948.35,triangle,0.8888,37.04,13051.76,0.798609,1,64,57.68
3450,19332.78,square,0.9178,36.17,19423.83,0.470968,1,55,67.07
3451,17998.68,sine,0.9693,29.47,18100.59,0.566158,1,24,26.62
3452,16165.48,sine,0.4563,25.43,16274.41,0.673888,1,58,48.11
3453,6541.52,sine,0.8252,20.18,6640.62,1.515067,1,89,74.91
3454,6937.60,sine,0.6301,25.09,7055.66,1.701746,1,72,62.21
3455,5920.97,square,0.6874,22.43,6030.27,1.846028,1,114,115.41
3456,4334.72,sine,0.9764,27.94,4526.37,4.421271,1,52,43.61
3457,12380.81,sine,0.5414,21.48,12480.47,0.804931,1,77,64.86
3458,1660.10,square,0.4588,22.74,1743.16,5.003509,1,242,190.76
3459,14064.43,triangle,0.4561,32.49,14150.39,0.611212,1,39,35.76
3460,19296.54,triangle,0.5172,34.75,19335.94,0.204154,1,1,1.26
3461,3434.57,square,0.3512,23.22,3603.52,4.919104,1,115,111.47
3462,9099.34,sine,0.7291,29.12,9194.34,1.044018,1,92,81.26
3463,11091.75,sine,0.2258,31.67,11210.94,1.074578,1,33,26.70
3464,19715.19,sine,0.3572,37.39,19804.69,0.453976,1,49,38.27
3465,2373.17,triangle,0.5719,28.17,2387.70,0.612139,1,198,154.16
3466,6883.93,sine,0.3752,37.70,7006.84,1.785393,1,74,65.99
3467,14752.11,triangle,0.8189,25.14,14853.52,0.687402,1,23,25.03
3468,12742.81,square,0.8042,26.19,12832.03,0.700142,1,69,78.15
3469,13220.39,triangle,0.4619,21.33,13315.43,0.718859,1,58,61.29
3470,10804.97,square,0.7050,39.02,10937.50,1.226606,1,41,52.63
3471,10226.56,square,0.6891,22.07,10322.27,0.935873,1,59,64.00
3472,5816.62,triangle,0.7029,20.27,5883.79,1.154820,1,120,113.75
3473,4887.88,triangle,0.7880,36.80,4921.88,0.695414,1,25,28.14
3474,6551.36,triangle,0.5977,33.93,6640.62,1.362553,1,89,87.51
3475,12338.04,sine,0.9668,22.46,12436.52,0.798223,1,78,68.81
3476,5842.76,triangle,0.6567,36.76,5908.20,1.120121,1,119,93.61
3477,10798.99,square,0.9297,20.73,10937.50,1.282643,1,41,51.87
3478,17266.47,sine,0.8639,22.78,17348.63,0.475827,1,38,34.23
3479,12024.16,triangle,0.5262,34.93,12133.79,0.911737,1,6,7.09
3480,16288.76,triangle,0.9328,28.94,16381.84,0.571407,1,56,59.10
3481,4289.38,sine,0.3218,22.86,4482.42,4.500380,1,55,53.29
3482,11601.03,sine,0.1350,20.72,11723.63,1.056861,1,18,18.60
3483,16799.82,square,0.4223,37.88,16865.23,0.389373,1,47,61.92
3484,2333.74,triangle,0.6547,23.67,2343.75,0.429114,1,201,166.89
3485,13902.31,triangle,0.4864,37.23,14018.55,0.836133,1,42,44.73
3486,3863.92,sine,0.1841,24.22,4028.32,4.254870,1,86,78.26
3487,5535.85,triangle,0.1703,28.55,5590.82,0.993035,1,132,122.78
3488,11115.58,triangle,0.9979,35.07,11210.94,0.857917,1,33,30.61
3489,19445.03,triangle,0.9669,34.15,19550.78,0.543853,1,53,53.80
3490,2515.51,square,0.6819,27.01,2651.37,5.400987,1,180,174.60
3491,6194.29,square,0.9402,20.70,6298.83,1.687580,1,103,121.65
3492,15615.39,triangle,0.9676,38.61,15732.42,0.749446,1,3,3.44
3493,15482.42,square,0.2838,30.90,15600.59,0.763235,1,6,8.57
3494,15541.69,triangle,0.8107,23.91,15644.53,0.661726,1,5,5.72
3495,12394.04,sine,0.1083,24.00,12480.47,0.697341,1,77,69.63
3496,3151.19,triangle,0.3327,25.69,3178.71,0.873275,1,144,107.57
3497,19238.79,square,0.1086,25.68,19335.94,0.504931,1,1,1.50
3498,3266.69,sine,0.1697,31.87,3413.09,4.481411,1,128,108.91
3499,4597.61,square,0.8758,28.49,4833.98,5.141319,1,31,38.64
3500,18398.14,square,0.4590,35.01,18530.27,0.718213,1,16,23.22
3501,2390.33,sine,0.6868,29.74,2490.23,4.179658,1,191,140.42
3502,16017.89,triangle,0.4495,31.93,16113.28,0.595531,1,61,51.20
3503,10513.24,triangle,0.8480,38.23,10595.70,0.784413,1,51,51.92
3504,5832.46,triangle,0.3389,24.17,5908.20,1.298619,1,119,110.81
3505,18941.06,sine,0.9688,22.99,19067.38,0.666942,1,6,6.92
3506,16569.32,sine,0.4156,24.34,16650.39,0.489260,1,51,47.84
3507,12124.77,square,0.6917,20.31,12270.51,1.202011,1,2,2.12
3508,2223.12,sine,0.4771,36.30,2314.45,4.108200,1,203,135.34
3509,17875.38,sine,0.6169,35.37,17993.16,0.658916,1,26,24.89
3510,6487.76,square,0.5716,22.70,6591.80,1.603600,1,91,95.81
3511,1493.66,sine,0.6642,21.47,1552.73,3.954759,1,255,173.05
3512,4604.23,square,0.1701,23.83,4848.63,5.308202,1,30,37.10
3513,18314.13,sine,0.6881,27.69,18422.85,0.593671,1,18,18.51
3514,13780.33,square,0.3011,36.94,13886.72,0.772062,1,45,53.24
3515,10346.87,triangle,0.4654,39.69,10424.80,0.753247,1,56,52.38
3516,15639.30,triangle,0.5629,29.47,15732.42,0.595449,1,3,2.49
3517,15353.62,triangle,0.9677,26.49,15468.75,0.749840,1,9,7.63
3518,16175.39,sine,0.5910,23.60,16274.41,0.612209,1,58,48.67
3519,7600.55,triangle,0.2315,32.65,7690.43,1.182544,1,46,42.09
3520,12266.13,sine,0.3934,31.26,12304.69,0.314332,1,1,0.83
3521,4556.39,triangle,0.9749,24.30,4584.96,0.626973,1,48,47.08
3522,4551.33,square,0.7730,25.63,4790.04,5.244882,1,34,38.07
3523,1377.72,square,0.9609,27.83,,,0,260,202.35
3524,8982.56,triangle,0.7251,34.38,9057.62,0.835627,1,96,88.37
3525,11691.34,triangle,0.7200,37.90,11791.99,0.860929,1,16,16.26
3526,14288.20,triangle,0.3614,26.07,14414.06,0.880895,1,33,30.45
3527,15876.71,sine,0.6065,24.99,15952.15,0.475162,1,64,55.79
3528,16522.68,sine,0.8465,32.05,16596.68,0.447842,1,52,46.71
3529,4551.28,square,0.3542,26.47,4775.39,4.924096,1,35,39.22
3530,7679.03,sine,0.9874,20.63,7812.50,1.738073,1,41,33.23
3531,13587.44,square,0.6814,27.12,13710.94,0.908905,1,49,54.32
3532,13801.26,triangle,0.7215,22.28,13886.72,0.619193,1,45,47.97
3533,13480.97,sine,0.1259,28.30,13579.10,0.727916,1,52,44.71
3534,9237.32,square,0.7343,26.18,9331.05,1.014750,1,88,85.79
3535,6990.33,sine,0.7181,31.36,7104.49,1.633148,1,70,55.54
3536,7639.08,triangle,0.5836,29.38,7739.26,1.311424,1,44,42.52
3537,10715.17,square,0.6940,25.78,10834.96,1.117991,1,44,54.36
3538,3674.12,sine,0.6755,37.46,3837.89,4.457300,1,99,82.07
3539,8780.43,sine,0.7809,36.65,8852.54,0.821256,1,102,74.12
3540,17731.07,square,0.8747,20.31,17832.03,0.569423,1,29,36.03
3541,3037.48,sine,0.7413,21.39,3178.71,4.649601,1,144,120.85
3542,10430.92,square,0.3796,37.41,10527.34,0.924373,1,53,64.41
3543,4238.23,square,0.7968,20.61,4438.48,4.724748,1,58,65.55
3544,13786.06,triangle,0.9390,37.53,13886.72,0.730166,1,45,40.92
3545,7068.30,square,0.1696,25.16,7202.15,1.893670,1,66,74.36
3546,2790.23,sine,0.8877,26.94,2915.04,4.473254,1,162,129.39
3547,11676.06,square,0.5130,39.39,11826.17,1.285604,1,15,19.42
3548,6626.93,square,0.4781,21.22,6738.28,1.680209,1,85,88.92
3549,10297.29,triangle,0.1889,21.39,10390.62,0.906445,1,57,46.45
3550,3919.00,triangle,0.7516,31.30,3940.43,0.546844,1,92,81.49
3551,9896.30,triangle,0.7900,36.24,9980.47,0.850490,1,69,68.17
3552,16451.98,square,0.5122,37.29,16542.97,0.553034,1,53,57.04
3553,18594.14,sine,0.1464,39.17,18691.41,0.523097,1,13,13.29
3554,6266.05,triangle,0.4499,22.38,6323.24,0.912704,1,102,95.06
3555,2528.42,sine,0.3249,29.77,2636.72,4.283225,1,181,143.76
3556,14328.46,triangle,0.4974,30.36,14414.06,0.597429,1,33,32.31
3557,10914.50,square,0.5660,20.18,11040.04,1.150220,1,38,44.13
3558,1032.77,sine,0.1914,34.10,,,0,260,171.64
3559,4893.40,triangle,0.9357,39.52,4921.88,0.581811,1,25,25.18
3560,18842.54,sine,0.5588,23.51,18959.96,0.623144,1,8,6.96
3561,16317.98,triangle,0.8662,28.67,16381.84,0.391301,1,56,55.52
3562,15414.80,sine,0.1362,35.06,15512.70,0.635049,1,8,6.94
3563,9081.75,triangle,0.1875,37.11,9160.16,0.863336,1,93,80.49
3564,10119.68,triangle,0.8354,38.32,10219.73,0.988651,1,62,49.50
3565,6659.15,triangle,0.2365,21.64,6738.28,1.188305,1,85,67.66
3566,9200.69,triangle,0.5261,36.59,9296.88,1.045358,1,89,84.40
3567,14864.05,sine,0.9540,21.22,14985.35,0.816078,1,20,20.11
3568,18067.31,sine,0.5501,28.45,18154.30,0.481435,1,23,25.02
3569,4264.86,square,0.2736,24.08,4482.42,5.101351,1,55,61.27
3570,4554.08,square,0.8181,31.38,4790.04,5.181270,1,34,39.32
3571,17970.93,square,0.7204,33.35,18046.88,0.422626,1,25,29.66
3572,9539.72,triangle,0.1627,37.20,9638.67,1.037212,1,79,75.19
3573,15778.43,sine,0.7912,20.25,15820.31,0.265437,1,1,0.86
3574,5127.68,sine,0.8022,35.12,5273.44,2.842465,1,1,1.17
3575,16459.08,sine,0.5511,34.10,16542.97,0.509653,1,53,47.01
3576,3952.62,square,0.1757,23.63,4160.16,5.250561,1,77,86.93
3577,10040.14,square,0.2313,23.70,10151.37,1.107830,1,64,68.09
3578,4884.48,sine,0.3039,27.90,5112.30,4.664236,1,12,11.74
3579,13422.00,square,0.7984,34.39,13535.16,0.843040,1,53,67.55
3580,3404.01,sine,0.8901,21.60,3559.57,4.569872,1,118,94.82
3581,3818.44,sine,0.6655,31.65,3984.38,4.345502,1,89,84.00
3582,19751.17,triangle,0.4698,27.43,19868.16,0.592342,1,48,42.34
3583,6640.19,sine,0.2243,22.65,6738.28,1.477256,1,85,72.70
3584,3168.18,sine,0.3760,39.23,3310.55,4.493636,1,135,115.18
3585,11990.99,triangle,0.4352,29.15,12099.61,0.905827,1,7,7.96
3586,7166.99,sine,0.2288,38.90,7275.39,1.512435,1,63,61.96
3587,19749.40,sine,0.2353,28.47,19868.16,0.601340,1,48,47.58
3588,4540.34,square,0.2162,29.13,4775.39,5.177030,1,35,41.25
3589,6162.20,square,0.1849,28.56,6274.41,1.821044,1,104,108.39
3590,19681.89,sine,0.8888,36.86,19741.21,0.301375,1,50,46.66
3591,19089.11,triangle,0.6936,37.13,19174.80,0.448920,1,4,3.78
3592,2437.25,square,0.9903,35.39,2563.48,5.179103,1,186,180.00
3593,19279.43,triangle,0.8874,34.13,19335.94,0.293086,1,1,1.18
3594,15449.54,square,0.9318,36.50,15556.64,0.693241,1,7,8.20
3595,17033.81,triangle,0.3741,20.71,17080.08,0.271600,1,43,41.01
3596,18777.45,square,0.3683,22.98,18906.25,0.685943,1,9,12.36
3597,16760.94,triangle,0.8331,32.90,16865.23,0.622246,1,47,50.64
3598,7954.29,sine,0.1077,36.67,8081.05,1.593634,1,30,31.35
3599,2661.22,square,0.5537,30.53,2797.85,5.134121,1,170,141.71
3600,18607.54,sine,0.7961,21.04,18691.41,0.450689,1,13,11.07
3601,1724.92,square,0.1568,35.78,1816.41,5.303887,1,237,184.73
3602,11061.70,sine,0.1365,32.25,11176.76,1.040157,1,34,34.07
3603,16316.12,square,0.5991,36.00,16435.55,0.731928,1,55,65.58
3604,12599.62,sine,0.6517,32.57,12700.20,0.798262,1,72,62.11
3605,14948.03,square,0.9723,23.95,15073.24,0.837632,1,18,26.41
3606,19070.72,square,0.7048,21.99,19174.80,0.545767,1,4,4.53
3607,8230.94,triangle,0.7362,20.80,8325.20,1.145099,1,20,23.41
3608,11385.29,sine,0.9963,37.95,11518.55,1.170490,1,24,23.53
3609,1400.53,triangle,0.9275,27.07,,,0,260,193.05
3610,14670.53,square,0.6897,26.81,14765.62,0.648194,1,25,25.58
3611,7128.63,square,0.2310,36.62,7250.98,1.716335,1,64,66.99
3612,7625.26,square,0.9046,29.93,7739.26,1.495002,1,44,46.59
3613,11340.82,triangle,0.8981,23.39,11450.20,0.964401,1,26,27.66
3614,9991.09,triangle,0.4351,27.43,10083.01,0.920043,1,66,63.09
3615,4705.57,sine,0.7663,35.40,4921.88,4.596688,1,25,19.35
3616,19411.25,triangle,0.3190,20.80,19487.30,0.391826,1,54,47.87
3617,19723.31,square,0.3808,38.12,19804.69,0.412594,1,49,56.53
3618,12116.90,sine,0.9002,39.87,12236.33,0.985649,1,3,2.48
3619,2646.89,triangle,0.4515,30.48,2666.02,0.722468,1,179,138.55
3620,18381.50,triangle,0.3359,24.26,18476.56,0.517145,1,17,18.79
3621,2529.81,square,0.1122,28.24,2651.37,4.804802,1,180,166.98
3622,2394.30,square,0.1359,36.70,2519.53,5.230553,1,189,158.32
3623,4985.04,sine,0.8830,34.93,5214.84,4.609849,1,5,5.51
3624,5161.73,sine,0.7441,27.81,5273.44,2.164171,1,1,1.10
3625,15555.52,square,0.4114,29.02,15688.48,0.854723,1,4,5.06
3626,15222.62,triangle,0.1448,30.48,15336.91,0.750812,1,12,13.66
3627,1623.87,square,0.8968,27.23,1699.22,4.639870,1,245,200.88
3628,18716.56,square,0.9407,35.14,18852.54,0.726528,1,10,11.89
3629,2965.27,sine,0.4548,23.40,3090.82,4.234091,1,150,106.81
3630,10403.32,square,0.9606,28.67,10527.34,1.192151,1,53,66.35
3631,15926.91,triangle,0.8893,24.17,16005.86,0.495703,1,63,61.79
3632,10424.57,square,0.4599,27.22,10527.34,0.985899,1,53,61.52
3633,16700.82,square,0.5713,39.65,16811.52,0.662832,1,48,54.83
3634,2139.61,square,0.7967,23.02,2241.21,4.748760,1,208,176.59
3635,12619.10,sine,0.8807,26.54,12700.20,0.642637,1,72,62.00
3636,7252.19,square,0.2652,25.70,7373.05,1.666439,1,59,55.77
3637,8916.01,square,0.5724,31.99,9023.44,1.204938,1,97,103.21
3638,11766.68,square,0.3770,22.53,11860.35,0.796061,1,14,16.34
3639,15455.34,triangle,0.3313,28.14,15556.64,0.655420,1,7,7.01
3640,10472.82,square,0.6935,20.83,10595.70,1.173400,1,51,55.68
3641,14708.06,sine,0.5215,36.55,14809.57,0.690137,1,24,24.66
3642,9573.09,sine,0.9865,37.79,9672.85,1.042094,1,78,72.42
3643,15654.96,square,0.2655,38.83,15776.37,0.775525,1,2,3.19
3644,11114.67,triangle,0.4079,26.71,11210.94,0.866117,1,33,28.79
3645,19725.27,square,0.2266,24.39,19804.69,0.402622,1,49,53.12
3646,10156.94,sine,0.5163,28.38,10253.91,0.954667,1,61,54.84
3647,15807.39,square,0.9843,23.62,15820.31,0.081756,1,1,1.48
3648,12228.75,sine,0.7605,39.90,12304.69,0.621000,1,1,1.10
3649,16563.63,square,0.5363,36.70,16650.39,0.523777,1,51,63.95
3650,18783.51,triangle,0.4569,39.82,18906.25,0.653458,1,9,10.70
3651,3962.60,sine,0.1801,25.43,4130.86,4.246218,1,79,67.53
3652,15590.81,triangle,0.8010,32.62,15688.48,0.626414,1,4,3.32
3653,10765.36,triangle,0.4518,36.83,10869.14,0.963989,1,43,47.80
3654,13866.61,triangle,0.5823,37.70,13974.61,0.778832,1,43,44.71
3655,5788.28,square,0.7999,29.85,5883.79,1.650043,1,120,132.47
3656,17895.07,square,0.4324,37.77,17993.16,0.548184,1,26,33.29
3657,9823.04,square,0.3995,25.53,9946.29,1.254734,1,70,85.01
3658,13463.03,sine,0.8913,35.58,13579.10,0.862184,1,52,41.91
3659,4624.22,triangle,0.6424,23.69,4658.20,0.734959,1,43,45.47
3660,6190.87,square,0.7293,32.77,6298.83,1.743884,1,103,106.82
3661,11112.46,triangle,0.7821,32.36,11210.94,0.886171,1,33,31.40
3662,15952.81,square,0.8931,32.30,16059.57,0.669216,1,62,64.91
3663,16624.91,square,0.2966,30.85,16704.10,0.476362,1,50,63.54
3664,8051.12,triangle,0.5282,36.72,8154.30,1.281502,1,27,26.70
3665,13883.38,triangle,0.2954,39.68,13974.61,0.657129,1,43,39.15
3666,16991.83,triangle,0.3972,30.71,17080.08,0.519362,1,43,44.10
3667,3604.96,square,0.2313,31.06,3793.95,5.242352,1,102,108.00
3668,13325.72,square,0.5487,37.51,13403.32,0.582367,1,56,66.96
3669,3062.70,triangle,0.2537,20.73,3076.17,0.439877,1,151,129.12
3670,4525.92,triangle,0.4646,37.45,4555.66,0.657250,1,50,39.22
3671,10969.44,sine,0.7450,22.20,11074.22,0.955158,1,37,34.77
3672,15998.21,sine,0.4109,35.23,16059.57,0.383526,1,62,51.48
3673,19130.40,square,0.8465,23.82,19282.23,0.793662,1,2,2.74
3674,16336.42,square,0.2735,26.05,16435.55,0.606811,1,55,63.94
3675,3503.65,square,0.2833,32.88,3676.76,4.940878,1,110,110.62
3676,19895.60,sine,0.5868,31.47,19995.12,0.500212,1,46,45.80
3677,18369.97,square,0.5893,29.43,18476.56,0.580270,1,17,18.51
3678,6109.18,sine,0.4678,21.05,6201.17,1.505768,1,107,94.50
3679,11459.36,sine,0.5802,22.69,11552.73,0.814858,1,23,23.24
3680,18719.97,triangle,0.2710,26.87,18798.83,0.421255,1,11,9.63
3681,12656.36,sine,0.4191,25.02,12744.14,0.693548,1,71,60.57
3682,18394.82,triangle,0.6218,30.41,18476.56,0.444390,1,17,19.09
3683,18683.79,triangle,0.9724,22.51,18798.83,0.615710,1,11,12.20
3684,4050.60,triangle,0.5873,20.37,4086.91,0.896550,1,82,80.30
3685,2177.53,triangle,0.8820,27.15,2197.27,0.906531,1,211,174.36
3686,17929.96,square,0.8253,28.55,18046.88,0.652055,1,25,32.43
3687,3154.57,square,0.5116,31.02,3310.55,4.944533,1,135,131.22
3688,3006.07,triangle,0.3197,23.97,3017.58,0.382778,1,155,131.52
3689,11009.26,square,0.4958,35.44,11142.58,1.211005,1,35,47.52
3690,10816.43,square,0.7514,20.50,10937.50,1.119282,1,41,46.08
3691,11842.24,triangle,0.1156,28.10,11962.89,1.018820,1,11,12.49
3692,18598.32,square,0.5129,39.63,18691.41,0.500501,1,13,17.11
3693,4787.15,sine,0.8735,37.37,4995.12,4.344207,1,20,21.50
3694,9969.48,square,0.8522,34.77,10083.01,1.138765,1,66,77.68
3695,6037.83,sine,0.5317,37.18,6127.93,1.492235,1,110,92.15
3696,18020.86,triangle,0.8916,31.60,18100.59,0.442416,1,24,26.34
3697,9447.51,triangle,0.7658,30.76,9536.13,0.938093,1,82,76.00
3698,2659.22,triangle,0.5100,27.27,2680.66,0.806401,1,178,148.70
3699,12961.78,triangle,0.2896,36.74,13051.76,0.694174,1,64,51.90
3700,6508.80,sine,0.4658,34.61,6616.21,1.650167,1,90,82.79
3701,19343.71,triangle,0.9463,22.81,19423.83,0.414206,1,55,50.47
3702,2352.36,square,0.3613,36.56,2475.59,5.238433,1,192,153.11
3703,13767.77,triangle,0.3293,29.72,13886.72,0.863969,1,45,46.04
3704,10523.57,sine,0.6311,28.87,10629.88,1.010244,1,50,48.75
3705,9487.71,square,0.1152,30.44,9604.49,1.230883,1,80,86.10
3706,7369.71,sine,0.3771,25.57,7495.12,1.701672,1,54,53.67
3707,8475.51,sine,0.5569,33.85,8618.16,1.683074,1,8,8.45
3708,12973.53,triangle,0.5068,30.38,13051.76,0.603013,1,64,61.42
3709,16397.64,square,0.7314,28.69,16489.26,0.558745,1,54,58.18
3710,8936.99,triangle,0.2574,26.77,9023.44,0.967326,1,97,93.17
3711,5259.27,square,0.3073,31.59,5346.68,1.661949,1,142,128.18
3712,16165.25,triangle,0.4281,39.78,16274.41,0.675330,1,58,53.99
3713,12283.23,square,0.8520,34.60,12304.69,0.174666,1,1,1.05
3714,15236.23,sine,0.5215,37.24,15336.91,0.660811,1,12,10.01
3715,10576.72,triangle,0.6291,36.85,10664.06,0.825779,1,49,37.76
3716,6406.66,square,0.2109,33.80,6518.55,1.746601,1,94,91.70
3717,14907.39,sine,0.7082,28.29,15029.30,0.817769,1,19,18.03
3718,3357.84,square,0.2748,28.31,3530.27,5.135229,1,120,115.49
3719,8302.44,triangle,0.7968,32.14,8398.44,1.156238,1,17,17.07
3720,1431.05,triangle,0.7176,20.68,,,0,260,176.41
3721,16557.83,sine,0.6213,29.33,16650.39,0.559044,1,51,50.92
3722,8976.94,triangle,0.4936,21.51,9057.62,0.898751,1,96,78.10
3723,18986.14,triangle,0.7160,29.36,19067.38,0.427928,1,6,5.08
3724,2764.33,triangle,0.1679,21.37,2783.20,0.682738,1,171,133.39
3725,11210.29,sine,0.1070,28.46,11313.48,0.920436,1,30,31.37
3726,3607.13,sine,0.1692,24.10,3764.65,4.366939,1,104,84.29
3727,14594.20,triangle,0.5073,30.13,14677.73,0.572385,1,27,29.66
3728,1620.45,sine,0.3318,30.88,1684.57,3.957223,1,246,172.85
3729,15051.47,square,0.4529,22.37,15161.13,0.728573,1,16,19.07
3730,15834.69,square,0.7624,30.26,15898.44,0.402572,1,65,76.78
3731,15034.58,triangle,0.9289,30.70,15117.19,0.549457,1,17,17.64
3732,10718.66,sine,0.9422,29.16,10834.96,1.085043,1,44,37.37
3733,3424.23,square,0.2143,30.05,3603.52,5.235685,1,115,102.02
3734,11664.23,square,0.1645,38.87,11791.99,1.095292,1,16,15.80
3735,15693.71,triangle,0.4302,35.22,15820.31,0.806714,1,1,0.88
3736,10222.09,sine,0.2120,26.90,10322.27,0.980041,1,59,48.67
3737,3613.49,triangle,0.1443,28.82,3632.81,0.534729,1,113,90.71
3738,9589.78,sine,0.6142,23.00,9672.85,0.866283,1,78,62.06
3739,15894.34,sine,0.6322,34.31,16005.86,0.701660,1,63,59.82
3740,17891.80,triangle,0.6475,27.77,17993.16,0.566538,1,26,28.99
3741,10560.89,triangle,0.8898,22.08,10664.06,0.976942,1,49,46.97
3742,8312.27,triangle,0.4885,26.64,8422.85,1.330354,1,16,17.81
3743,8815.13,square,0.9998,29.86,8920.90,1.199837,1,100,118.27
3744,4961.40,sine,0.1381,31.18,5185.55,4.517920,1,7,6.68
3745,11346.87,sine,0.7258,34.82,11450.20,0.910609,1,26,27.24
3746,5922.87,square,0.9914,27.49,6030.27,1.813439,1,114,129.67
3747,15455.23,square,0.8140,35.38,15556.64,0.656146,1,7,7.87
3748,13687.36,triangle,0.9453,31.60,13798.83,0.814354,1,47,43.23
3749,5511.91,square,0.7825,33.02,5615.23,1.874580,1,131,126.33
3750,4378.17,sine,0.7147,25.02,4570.31,4.388686,1,49,42.79
3751,10493.73,triangle,0.6064,21.67,10595.70,0.971708,1,51,52.51
3752,4526.02,sine,0.3321,31.31,4731.45,4.538659,1,38,37.82
3753,10575.35,sine,0.1608,23.43,10698.24,1.162064,1,48,45.16
3754,19703.24,square,0.8806,36.98,19804.69,0.514852,1,49,54.92
3755,10718.87,triangle,0.2735,33.77,10800.78,0.764163,1,45,48.75
3756,6175.31,triangle,0.1754,35.46,6250.00,1.209543,1,105,98.90
3757,2898.80,triangle,0.3738,33.09,2915.04,0.560157,1,162,126.03
3758,10262.54,square,0.6809,38.95,10390.62,1.248050,1,57,65.02
3759,1784.13,triangle,0.6482,36.15,1787.11,0.167263,1,239,158.26
3760,8293.62,square,0.8820,28.30,8447.27,1.852526,1,15,17.75
3761,11158.53,sine,0.2427,32.83,11279.30,1.082267,1,31,32.79
3762,14622.56,square,0.2290,28.91,14721.68,0.677847,1,26,37.55
3763,7746.80,square,0.8833,35.52,7885.74,1.793536,1,38,56.04
3764,2595.80,triangle,0.5246,34.88,2607.42,0.447698,1,183,152.91
3765,3660.75,triangle,0.3127,28.77,3691.41,0.837558,1,109,91.15
3766,1320.39,sine,0.1829,24.79,,,0,260,170.91
3767,2900.34,triangle,0.1261,32.35,2915.04,0.506676,1,162,113.36
3768,3673.45,triangle,0.9398,24.51,3691.41,0.488845,1,109,99.35
3769,12674.00,sine,0.9386,30.46,12744.14,0.553384,1,71,65.40
3770,1821.24,square,0.1692,27.86,1904.30,4.560465,1,231,181.68
3771,13728.60,square,0.4453,22.38,13842.77,0.831643,1,46,56.45
3772,5653.84,sine,0.8267,22.70,5737.30,1.476214,1,126,101.51
3773,12312.09,square,0.3034,32.79,12392.58,0.653700,1,79,82.57
3774,9683.04,square,0.6336,29.83,9775.39,0.953695,1,75,72.82
3775,6766.20,square,0.7025,20.53,6860.35,1.391499,1,80,90.00
3776,9851.56,sine,0.2678,31.21,9946.29,0.961535,1,70,61.02
3777,17457.59,triangle,0.1629,28.38,17563.48,0.606539,1,34,26.99
3778,12077.12,sine,0.7889,34.88,12202.15,1.035224,1,4,3.37
3779,18163.48,sine,0.2950,36.54,18261.72,0.540863,1,21,19.92
3780,13741.02,triangle,0.1515,31.94,13842.77,0.740502,1,46,46.08
3781,11811.88,sine,0.5622,32.19,11928.71,0.989055,1,12,9.61
3782,4634.57,sine,0.6763,29.37,4848.63,4.618821,1,30,23.20
3783,17302.26,square,0.3400,39.70,17402.34,0.578446,1,37,40.18
3784,18311.58,sine,0.7937,22.21,18422.85,0.607659,1,18,14.36
3785,1522.22,sine,0.3424,36.39,1582.03,3.929301,1,253,170.71
3786,14502.68,triangle,0.7404,28.37,14589.84,0.601034,1,29,28.84
3787,14279.63,triangle,0.7391,35.23,14370.12,0.633712,1,34,32.58
3788,18828.94,sine,0.7343,37.02,18959.96,0.695874,1,8,9.08
3789,19133.19,sine,0.5535,33.61,19228.52,0.498203,1,3,3.51
3790,5701.89,square,0.3318,26.67,5786.13,1.477510,1,124,121.55
3791,9388.86,square,0.5044,29.86,9501.95,1.204597,1,83,92.40
3792,6673.19,sine,0.1426,23.92,6787.11,1.707176,1,83,74.86
3793,12056.93,triangle,0.2523,22.17,12167.97,0.920961,1,5,5.11
3794,15236.52,sine,0.9563,34.29,15336.91,0.658925,1,12,12.95
3795,7208.36,sine,0.5713,21.58,7324.22,1.607214,1,61,59.10
3796,3235.85,sine,0.7973,30.28,3383.79,4.571756,1,130,112.70
3797,1200.78,triangle,0.4813,30.22,,,0,260,162.18
3798,5068.21,square,0.9812,21.47,5273.44,4.049338,1,1,1.43
3799,6394.43,sine,0.3237,27.57,6494.14,1.559326,1,95,83.16
3800,16544.09,triangle,0.2820,30.86,16650.39,0.642554,1,51,39.54
3801,13101.08,square,0.4907,23.84,13183.59,0.629820,1,61,70.30
3802,10276.17,square,0.8160,35.27,10390.62,1.113812,1,57,68.80
3803,3545.97,sine,0.9173,30.71,3706.05,4.514407,1,108,95.33
3804,17298.22,sine,0.5739,30.79,17402.34,0.601946,1,37,38.05
3805,17353.34,sine,0.3164,28.13,17456.05,0.591910,1,36,36.27
3806,17450.99,triangle,0.9935,39.18,17563.48,0.644597,1,34,27.85
3807,1112.89,sine,0.2328,26.98,,,0,260,164.44
3808,16768.44,triangle,0.2682,32.39,16865.23,0.577226,1,47,43.61
3809,18429.88,square,0.1932,29.16,18530.27,0.544744,1,16,21.16
3810,8140.10,square,0.4948,20.35,8276.37,1.673984,1,22,28.84
3811,19885.96,square,0.5263,39.09,19995.12,0.548931,1,46,63.08
3812,3961.35,sine,0.8272,25.22,4130.86,4.279160,1,79,74.57
3813,16185.32,sine,0.1299,30.34,16274.41,0.550493,1,58,55.77
3814,4737.04,triangle,0.6771,38.47,4775.39,0.809543,1,35,40.40
3815,15876.78,sine,0.8201,32.83,15952.15,0.474716,1,64,59.47
3816,13710.08,triangle,0.6164,29.32,13798.83,0.647311,1,47,48.55
3817,13096.18,sine,0.2643,32.33,13183.59,0.667478,1,61,56.85
3818,5443.12,sine,0.1005,32.17,5517.58,1.367949,1,135,111.96
3819,7880.83,triangle,0.4377,29.72,7983.40,1.301533,1,34,33.57
3820,8734.61,square,0.4205,39.28,8789.06,0.623359,1,1,1.38
3821,18786.79,triangle,0.9283,28.98,18906.25,0.635858,1,9,10.19
3822,11192.18,triangle,0.7265,37.81,11279.30,0.778395,1,31,29.83
3823,14610.29,triangle,0.4137,36.66,14721.68,0.762409,1,26,27.61
3824,14255.06,triangle,0.3933,35.71,14370.12,0.807121,1,34,34.30
3825,18107.14,sine,0.6629,27.84,18208.01,0.557036,1,22,21.82
3826,19801.41,square,0.3055,27.64,19868.16,0.337096,1,48,56.85
3827,13422.93,sine,0.6432,38.62,13535.16,0.836083,1,53,51.95
3828,17156.89,sine,0.9941,33.97,17241.21,0.491452,1,40,35.61
3829,4083.34,sine,0.2542,36.76,4262.70,4.392479,1,70,65.76
3830,1411.15,sine,0.7816,31.72,,,0,260,176.86
3831,15871.98,triangle,0.1455,37.85,15952.15,0.505104,1,64,63.59
3832,5313.60,square,0.6799,23.37,5395.51,1.541382,1,140,149.96
3833,19548.39,square,0.1519,38.75,19614.26,0.336928,1,52,68.35
3834,12139.09,triangle,0.5727,36.69,12236.33,0.801041,1,3,3.91
3835,1629.54,sine,0.5227,21.53,1699.22,4.276247,1,245,170.92
3836,14412.23,square,0.3454,20.07,14545.90,0.927488,1,30,33.70
3837,14676.78,triangle,0.4555,31.28,14765.62,0.605372,1,25,27.93
3838,5326.05,square,0.1109,29.77,5395.51,1.304193,1,140,143.68
3839,13239.90,triangle,0.4432,35.30,13315.43,0.570439,1,58,58.77
3840,12356.05,triangle,0.4585,26.38,12436.52,0.651259,1,78,65.63
3841,17855.70,sine,0.2227,21.65,17939.45,0.469067,1,27,28.30
3842,17019.09,sine,0.8755,29.03,17133.79,0.673948,1,42,41.89
3843,1076.48,square,0.2681,32.49,,,0,260,198.83
3844,13907.82,square,0.1365,33.12,14018.55,0.796226,1,42,50.13
3845,16998.74,triangle,0.8470,24.01,17080.08,0.478513,1,43,41.15
3846,17888.87,sine,0.1121,36.87,17993.16,0.583006,1,26,21.68
3847,18894.60,square,0.3083,25.03,19013.67,0.630168,1,7,8.44
3848,9865.26,triangle,0.2346,36.52,9946.29,0.821311,1,70,60.69
3849,6534.75,triangle,0.9282,28.55,6616.21,1.246529,1,90,92.55
3850,7935.96,triangle,0.5765,33.69,8032.23,1.213011,1,32,31.50
3851,12833.76,sine,0.8603,23.92,12919.92,0.671404,1,67,57.93
3852,18713.36,sine,0.7605,25.69,18798.83,0.456719,1,11,10.21
3853,7037.92,sine,0.7731,31.14,7153.32,1.639654,1,68,61.92
3854,17776.10,sine,0.7228,35.06,17885.74,0.616814,1,28,22.53
3855,3878.16,square,0.5345,27.11,4072.27,5.005092,1,83,91.88
3856,7120.14,triangle,0.2943,34.19,7202.15,1.151791,1,66,67.60
3857,18765.84,square,0.6503,21.38,18906.25,0.748223,1,9,12.23
3858,17425.06,sine,0.6535,39.58,17509.77,0.486107,1,35,35.97
3859,12314.55,triangle,0.5008,21.21,12304.69,0.080083,1,1,1.21
3860,16154.39,sine,0.7306,20.46,16220.70,0.410511,1,59,56.57
3861,17383.80,sine,0.5628,31.94,17456.05,0.415647,1,36,30.31
3862,9693.36,square,0.5210,26.23,9809.57,1.198837,1,74,82.94
3863,9324.32,square,0.6096,24.76,9433.59,1.171872,1,85,94.40
3864,19784.47,square,0.2747,29.54,19868.16,0.423006,1,48,53.79
3865,17461.89,sine,0.7116,30.96,17563.48,0.581776,1,34,27.98
3866,4221.60,triangle,0.4320,25.88,4248.05,0.626421,1,71,70.46
3867,16734.38,square,0.9084,32.60,16811.52,0.460996,1,48,58.45
3868,15075.54,triangle,0.1493,35.52,15205.08,0.859290,1,15,14.87
3869,12660.42,sine,0.5577,21.65,12744.14,0.661253,1,71,61.77
3870,14983.00,square,0.9582,23.66,15117.19,0.895620,1,17,18.58
3871,12514.64,sine,0.6527,34.45,12612.30,0.780439,1,74,62.62
3872,14723.78,triangle,0.8682,21.55,14853.52,0.881114,1,23,20.78
3873,7522.08,triangle,0.5487,23.81,7617.19,1.264432,1,49,56.19
3874,11501.48,square,0.4510,36.20,11621.09,1.039970,1,21,28.24
3875,8744.37,sine,0.1523,37.12,8789.06,0.511119,1,1,0.83
3876,19251.42,triangle,0.4279,38.77,19335.94,0.439044,1,1,0.87
3877,13593.26,triangle,0.7893,27.58,13666.99,0.542427,1,50,48.64
3878,10095.34,sine,0.3628,35.56,10185.55,0.893531,1,63,50.41
3879,17985.59,triangle,0.5187,21.73,18100.59,0.639381,1,24,25.66
3880,2082.01,square,0.5174,32.18,2182.62,4.832163,1,212,180.42
3881,1123.30,triangle,0.4275,36.96,,,0,260,183.41
3882,11164.37,sine,0.8178,34.20,11279.30,1.029431,1,31,29.58
3883,11021.29,square,0.1787,33.12,11142.58,1.100530,1,35,44.88
3884,18313.66,sine,0.3372,38.05,18422.85,0.596241,1,18,22.37
3885,6402.53,square,0.5813,31.93,6518.55,1.812101,1,94,95.31
3886,8899.99,sine,0.1437,34.89,8989.26,1.003020,1,98,83.52
3887,15175.78,triangle,0.6793,24.87,15292.97,0.772237,1,13,15.63
3888,1424.55,triangle,0.5420,26.14,,,0,260,193.65
3889,2936.71,sine,0.4140,36.09,3061.52,4.250245,1,152,114.15
3890,18455.75,triangle,0.9280,38.15,18583.98,0.694814,1,15,14.52
3891,11017.27,sine,0.8182,24.27,11108.40,0.827139,1,36,36.49
3892,6076.94,sine,0.5635,26.44,6176.76,1.642596,1,108,94.56
3893,3928.96,square,0.8865,31.41,4130.86,5.138616,1,79,87.49
3894,17688.38,sine,0.2503,31.51,17778.32,0.508491,1,30,26.56
3895,9803.25,square,0.8152,35.03,9912.11,1.110451,1,71,73.49
3896,18902.96,square,0.2857,31.02,19013.67,0.585673,1,7,9.39
3897,3104.12,sine,0.2871,27.93,3237.30,4.290602,1,140,110.25
3898,3113.11,sine,0.6911,32.20,3251.95,4.459784,1,139,112.73
3899,14458.82,square,0.2029,25.82,14545.90,0.602253,1,30,35.59
3900,3461.01,triangle,0.7722,24.03,3486.33,0.731653,1,123,113.45
3901,7484.88,triangle,0.6347,36.02,7568.36,1.115367,1,51,48.75
3902,6027.23,sine,0.8055,33.72,6127.93,1.670751,1,110,90.99
3903,13938.58,square,0.6072,34.71,14062.50,0.889038,1,41,45.90
3904,6130.05,square,0.8845,26.18,6225.59,1.558533,1,106,110.79
3905,11379.88,triangle,0.9999,28.71,11484.38,0.918227,1,25,29.73
3906,9133.76,triangle,0.8250,34.62,9228.52,1.037370,1,91,81.48
3907,9801.36,sine,0.6479,37.52,9912.11,1.129907,1,71,65.51
3908,17791.77,sine,0.4855,29.29,17885.74,0.528168,1,28,28.48
3909,19574.69,triangle,0.4665,20.52,19677.73,0.526406,1,51,51.89
3910,11742.32,sine,0.8510,35.05,11860.35,1.005198,1,14,14.66
3911,9749.67,square,0.9076,25.77,9843.75,0.964914,1,73,82.61
3912,5731.38,triangle,0.8283,36.41,5786.13,0.955329,1,124,107.89
3913,4708.68,sine,0.1234,24.74,4921.88,4.527647,1,25,21.68
3914,15709.62,sine,0.7562,25.04,15820.31,0.704620,1,1,1.11
3915,8510.56,triangle,0.3203,27.53,8618.16,1.264390,1,8,8.20
3916,6720.66,sine,0.5409,27.57,6835.94,1.715325,1,81,64.75
3917,14202.85,triangle,0.5898,20.64,14282.23,0.558845,1,36,38.35
3918,12759.52,sine,0.6547,33.70,12832.03,0.568254,1,69,65.33
3919,4757.58,triangle,0.9200,36.26,4790.04,0.682156,1,34,38.81
3920,6797.07,square,0.9233,26.41,6909.18,1.649314,1,78,75.26
3921,16580.53,sine,0.1033,35.19,16650.39,0.421350,1,51,47.58
3922,15467.50,triangle,0.9370,22.36,15600.59,0.860397,1,6,6.22
3923,5407.71,triangle,0.2595,33.64,5468.75,1.128671,1,137,116.65
3924,11078.80,sine,0.3567,30.41,11210.94,1.192733,1,33,31.89
3925,17194.65,triangle,0.6597,29.92,17294.92,0.583144,1,39,41.12
3926,6675.00,sine,0.4682,20.57,6762.70,1.313853,1,84,76.48
3927,5010.06,square,0.4767,20.89,5273.44,5.256933,1,1,1.63
3928,12192.14,square,0.1703,38.86,12304.69,0.923091,1,1,1.33
3929,2888.27,triangle,0.1003,37.65,2900.39,0.419553,1,163,137.83
3930,1374.67,triangle,0.4255,34.76,,,0,260,173.44
3931,8633.16,sine,0.7908,21.43,8764.65,1.523076,1,2,2.39
3932,18520.29,sine,0.5314,34.46,18637.70,0.633937,1,14,19.04
3933,8471.68,sine,0.7832,35.69,8618.16,1.729069,1,8,6.60
3934,18531.20,square,0.5556,27.26,18637.70,0.574656,1,14,14.65
3935,5884.55,triangle,0.4057,28.56,5957.03,1.231642,1,117,98.06
3936,8669.80,triangle,0.9260,33.34,8764.65,1.094015,1,2,1.82
3937,9960.07,triangle,0.6769,21.21,10048.83,0.891146,1,67,53.35
3938,2817.61,sine,0.5111,36.52,2944.34,4.497708,1,160,117.47
3939,6948.58,square,0.9185,36.74,7055.66,1.541090,1,72,73.56
3940,13635.91,sine,0.2053,20.32,13710.94,0.550189,1,49,40.00
3941,3033.20,sine,0.5966,21.28,3164.06,4.314242,1,145,119.20
3942,3588.33,sine,0.6688,32.32,3750.00,4.505503,1,105,86.28
3943,11464.55,sine,0.4340,21.93,11586.91,1.067336,1,22,23.70
3944,5302.75,triangle,0.9817,32.95,5273.44,0.552807,1,1,1.15
3945,18419.64,square,0.1299,39.94,18530.27,0.600614,1,16,23.41
3946,2880.09,triangle,0.3276,27.84,2900.39,0.704730,1,163,132.35
3947,13272.75,square,0.3255,26.69,13359.38,0.652657,1,57,53.32
3948,7489.41,triangle,0.8188,29.17,7568.36,1.054090,1,51,40.50
3949,4796.60,triangle,0.2415,24.21,4833.98,0.779446,1,31,25.86
3950,7954.25,triangle,0.2186,22.44,8056.64,1.287188,1,31,26.72
3951,10385.52,sine,0.6119,29.03,10493.16,1.036436,1,54,44.93
3952,9264.22,sine,0.2269,36.42,9365.23,1.090338,1,87,76.48
3953,17831.77,sine,0.2021,21.07,17939.45,0.603872,1,27,31.00
3954,12557.65,triangle,0.4355,33.59,12656.25,0.785141,1,73,71.22
3955,14546.22,triangle,0.1584,23.85,14633.79,0.602023,1,28,29.66
3956,2301.99,triangle,0.8133,31.49,2314.45,0.541242,1,203,144.76
3957,2589.60,sine,0.3679,31.21,2695.31,4.082002,1,177,134.80
3958,5902.83,sine,0.7577,25.98,5981.45,1.331756,1,116,85.73
3959,9595.11,sine,0.8223,31.31,9707.03,1.166447,1,77,67.15
3960,18130.13,square,0.9473,37.84,18261.72,0.725819,1,21,24.91
3961,11952.74,triangle,0.3908,27.31,12065.43,0.942817,1,8,8.92
3962,1864.08,square,0.7497,35.47,1962.89,5.300711,1,227,169.30
3963,3846.51,square,0.2592,33.24,4042.97,5.107470,1,85,87.47
3964,4000.98,triangle,0.3076,25.83,4028.32,0.683313,1,86,77.89
3965,17167.22,square,0.1216,29.89,17241.21,0.431001,1,40,44.34
3966,2606.32,triangle,0.6293,25.13,2622.07,0.604182,1,182,144.08
3967,11710.64,sine,0.8199,38.51,11826.17,0.986590,1,15,12.81
3968,17614.44,square,0.3932,20.70,17724.61,0.625430,1,31,36.35
3969,13376.61,square,0.5134,38.15,13491.21,0.856750,1,54,63.57
3970,4189.70,sine,0.1660,24.47,4365.23,4.189686,1,63,61.06
3971,1632.43,square,0.3827,23.61,1713.87,4.989003,1,244,202.38
3972,15251.60,sine,0.7188,26.99,15380.86,0.847531,1,11,8.89
3973,10724.73,triangle,0.1336,30.01,10834.96,1.027844,1,44,37.76
3974,17234.04,square,0.3492,27.95,17348.63,0.664943,1,38,43.41
3975,13925.05,triangle,0.1370,21.43,14018.55,0.671508,1,42,41.78
3976,7175.98,sine,0.3384,24.43,7299.80,1.725559,1,62,47.22
3977,4720.68,sine,0.9406,22.88,4907.23,3.951778,1,26,25.65
3978,4883.67,sine,0.9397,35.11,5097.66,4.381632,1,13,10.62
3979,16004.29,sine,0.8527,28.16,16113.28,0.681018,1,61,48.88
3980,5993.64,square,0.8400,35.57,6103.52,1.833246,1,111,102.43
3981,17909.95,triangle,0.3143,28.48,17993.16,0.464613,1,26,25.32
3982,1277.94,triangle,0.2391,37.23,,,0,260,170.89
3983,7258.36,square,0.1352,26.54,7373.05,1.580078,1,59,63.17
3984,17878.91,sine,0.4657,20.63,17993.16,0.639044,1,26,27.14
3985,8047.55,sine,0.3270,37.55,8178.71,1.629887,1,26,21.97
3986,9284.94,sine,0.6304,22.84,9365.23,0.864833,1,87,75.95
3987,5928.44,square,0.3138,33.58,6030.27,1.717701,1,114,113.22
3988,10338.33,triangle,0.9534,22.32,10424.80,0.836401,1,56,64.47
3989,7358.64,sine,0.2361,36.21,7470.70,1.522945,1,55,53.05
3990,15437.70,square,0.5840,21.19,15556.64,0.770486,1,7,9.30
3991,11554.64,triangle,0.6164,25.31,11655.27,0.870938,1,20,20.24
3992,13683.42,square,0.5904,29.75,13798.83,0.843437,1,47,53.79
3993,8242.33,triangle,0.8955,20.10,8325.20,1.005424,1,20,22.26
3994,18738.71,square,0.7307,37.11,18852.54,0.607433,1,10,13.46
3995,9874.97,triangle,0.2599,23.18,9946.29,0.722219,1,70,69.38
3996,13491.96,triangle,0.9032,32.87,13579.10,0.645907,1,52,56.52
3997,10984.30,sine,0.9820,26.39,11108.40,1.129823,1,36,36.48
3998,15139.54,square,0.6477,27.87,15249.02,0.723189,1,14,19.30
3999,19331.64,square,0.9440,20.15,19423.83,0.476880,1,55,73.45
4000,11880.74,triangle,0.7706,38.10,11997.07,0.979141,1,10,15.02
