:020000040800F2
:1000000018280124AD020008591D010869020108E1
:10001000511D0108B91F0008095A0108000000001D
:10002000000000000000000000000000293101086D
:100030007144000800000000592B0108F137010845
:10004000CB020008CB020008CB020008CB0200085C
:10005000CB020008CB020008CB020008CB0200084C
:10006000CB020008CB020008CB0200085138000880
:10007000613800087138000881380008CB02000898
:10008000CB020008CB020008CB020008CB0200081C
:10009000CB020008CB020008CB020008CB0200080C
:1000A000CB020008CB020008CB020008CB020008FC
:1000B000CB020008CB020008CB020008CB020008EC
:1000C000CB020008CB020008CB020008CB020008DC
:1000D000CB020008CB020008CB020008CB020008CC
:1000E000CB020008CB02000800000000CB02000891
:1000F000CB020008CB020008CB020008CB020008AC
:10010000CB020008CB020008CB020008CB0200089B
:10011000CB020008CB020008CB020008CB0200088B
:10012000CB020008CB020008CB020008CB0200087B
:10013000CB020008CB020008CB020008CB0200086B
:1001400000000000000000000000000000000000AF
:10015000CB020008CB020008CB020008CB0200084B
:10016000CB020008CB020008CB020008CB0200083B
:10017000CB020008CB020008CB0200080000000000
:10018000CB020008CB020008CB020008CB0200081B
:10019000CB020008CB020008CB020008CB0200080B
:1001A000CB020008CB020008CB020008CB020008FB
:1001B000CB020008CB020008CB020008CB020008EB
:1001C000CB020008CB020008CB020008CB020008DB
:1001D000CB020008CB020008CB020008CB020008CB
:1001E000CB020008CB020008CB020008CB020008BB
:1001F000CB020008CB020008CB020008CB020008AB
:10020000CB020008CB020008CB020008CB0200089A
:10021000CB020008CB020008CB020008CB0200088A
:10022000CB020008CB020008CB020008000000004F
:10023000CB020008CB02000800000000CB0200083F
:10024000CB020008CB020008CB020008CB0200085A
:10025000CB020008CB020008CB020008CB0200084A
:10026000CB020008CB020008CB020008CB0200083A
:10027000CB020008CB020008CB02000800000000FF
:10028000CB020008CB020008CB02000800000000EF
:1002900000000000CB020008DFF80CD000F0A0FA4C
:1002A0000048004751810108182801240748804769
:1002B0000748804707480047FEE7FEE7FEE7FEE7FE
:1002C000FEE7FEE7FEE7FEE7FEE7FEE76147000820
:1002D000E1380108990200082DE9F05F0546002089
:1002E00092469B4688460646814640241BE02846A7
:1002F00041464746224600F0ABF853465A46C01ADC
:10030000914110D311461846224600F092F82D1A5A
:1003100067EB01084F4622460120002100F089F8D2
:1003200017EB00094E41201EA4F10104DFDC484612
:1003300031462A464346BDE8F09F2DE9F0410024AE
:10034000061B254671F1000605DA01240027D0EBD3
:10035000070067EB0101161E73F1000605DA00279E
:10036000D2EB0702012567EB0303FFF7B5FF8646D3
:100370000E4617469C46AC4204D00025D0EB050E35
:1003800065EB010624B10020D2EB000760EB030C03
:10039000704631463A466346BDE8F081D2B201E08C
:1003A00000F8012B491EFBD270470022F6E710B57A
:1003B00013460A4604461946FFF7F0FF204610BDD3
:1003C00010B5044604E00B7800F8013B03B1491C6A
:1003D000521EF8D2204610BD10B5002200E0521C7B
:1003E000835C8C5CA34201D1002BF8D1D8B2E1B27E
:1003F000401A10BD034611F8012B00F8012B002A0A
:10040000F9D11846704730B50B460146002020222E
:10041000012409E021FA02F59D4205D303FA02F511
:10042000491B04FA02F52844151EA2F10102F1DC71
:1004300030BD202A04DB203A00FA02F10020704788
:100440009140C2F1200320FA03F319439040704712
:10045000202A04DB203A21FA02F00021704721FA19
:1004600002F3D040C2F12002914008431946704780
:100470002DE9FE4F804681EA0300C00F0C46009034
:1004800021F0004123F00045B8EB0200A94105D25C
:100490004046214690461C460B46024623F000404B
:1004A000104347D0270DC7F30A00C3F30A51029047
:1004B000401A019040286BDAC3F3130040F4801B0C
:1004C0000098924620B10023D2EB030A63EB0B0B9A
:1004D00001985946C0F140025046FFF7AAFF064670
:1004E0000D4650465946019A00F092F910EB08006B
:1004F0006141002487EA115284EAE7731A4340D02D
:10050000009A62B3019A012A4FEA075215DC001BD8
:1005100061EB02014FF0004202EA0752CDE90042CE
:10052000001C41F5801132462B4600F092F903B0D1
:10053000BDE8F08F40462146F9E7001B61EB020160
:10054000001C41F5801300185B412018A2F500172C
:1005500047EB030140EAD570B6196D4111E06D0813
:100560004FEA360645EAC0754FEA0752001B61EBB9
:100570000201001C41F5801149084FEA30000019C2
:10058000514132462B4603B0BDE8F04F00F052B95E
:100590000098012240000023D0EB020263EBE073DD
:1005A000009821464FEAE074B8EB000061EB0401CB
:1005B000E9E783F000435BE781F0004158E72DE96C
:1005C000FE4F81EA030404F0004421F0004100944E
:1005D0004FF0000B23F0004350EA01045ED052EAD2
:1005E00003045BD0C3F30A54C1F30A552C44A4F2AC
:1005F000F3340194A0FB0254C1F3130141F48011C0
:10060000C3F3130343F4801301FB024400FB034EC6
:10061000840A970A44EA815447EA8357A4FB07688F
:1006200002958D0A05FB07854FEA932C04FB0C54B9
:100630002705029D4FEA065847EA1637B5EB08052D
:100640006EEB070C870E920E47EA811742EA83127F
:10065000A7FB0201B6EB0B0164EB00042B0D43EA90
:100660000C335E1844EB1C50DA465146E7FB02019E
:10067000C5F313044FEA0B3343EA14534FEA043231
:10068000019C43EA0603A4F10C040294009CCDE90A
:1006900000B400F0DEF803B0BDE8F08F00200146A2
:1006A000F9E72DE9F04D81EA030404F0004B21F055
:1006B000004514464FF0000A23F0004150EA0502BD
:1006C00020D054EA01021DD0C5F30A570246C5F3F3
:1006D0001303C1F31300C1F30A5640F4801543F429
:1006E0008013A7EB0608101BD64608F2FD3873EB03
:1006F000050002D308F1010801E092185B41B8F14E
:10070000000F03DA00200146BDE8F08D00204FF411
:100710008011064684460EE0171B73EB050705D3D0
:10072000121B63EB050306434CEA010C49084FEA30
:10073000300092185B4150EA0107EDD152EA030004
:1007400012D082EA040083EA0501084305D0101B99
:10075000AB4106D20122002306E000224FF0004305
:1007600002E06FF0010253101AEB06004CEB085147
:1007700010EB0A0041EB0B01BDE8F04D00F05AB858
:10078000C1F30A52C1F3130140F2FF3341F4801167
:100790009A4202DA00200146704740F233439A42FF
:1007A000A2F2334202DC5242FFF752BEFFF741BED3
:1007B00030B5041E71F1000404DB4FF000444042E8
:1007C00064EB0101141E73F1000405DB1C464FF0BD
:1007D0000043524263EB0403994208BF904230BD8C
:1007E0001CB509480090094801900546009C06E0A8
:1007F000E06840F0010394E8070098471034AC42E9
:10080000F6D3FFF74DFD0000A4600308C4600308A1
:10081000202A06DBCB17203A41FA02F043EAE073C4
:1008200006E041FA02F3D040C2F1200291400843B1
:100830001946704710B5141E73F1000408DA401C05
:1008400041F1000192185B411A4301D120F00100EF
:1008500010BD2DE9F04D92469B4611B1B1FA81F2DF
:1008600002E0B0FA80F220329046FFF7E2FD044643
:100870000F4640EA0A0041EA0B0153465A46084334
:1008800013D0114653EA010019D0C8F14002504676
:10089000FFF7DEFD05460E46504659464246FFF735
:1008A000C8FD084305D0012004E020463946BDE8D4
:1008B000F08D0020054346EAE0762C4337430A9842
:1008C0006305E40AA0EB08000022FD0A44EA47544D
:1008D0000A3002D500200146E9E7010510196941F7
:1008E000DDE9084500196941BDE8F04DA2E70000C7
:1008F00080B584B003900398006842F20001C4F20E
:100900000201884209D0FFE70398006842F2001113
:10091000C4F20201884209D1FFE742F20830C4F272
:100920000200006810F4403F09D129E046F2083087
:10093000C5F60200006810F4403F21D0FFE70DF03B
:10094000DFFB0290039840680190B0F5803F0AD029
:10095000FFE70198B0F5003F05D0FFE70198B0F53B
:10096000403F07D00AE00398C1880298B0FBF1F03D
:10097000029004E002988008029000E0FFE75FE048
:100980004FF4002000210BF0F7FA02900398406822
:100990000090B0F5802F32D0FFE70098B0F5002F1F
:1009A0002DD0FFE70098B0F5402F28D0FFE7009842
:1009B000B0F5801F23D0FFE70098B0F5A01F1ED030
:1009C000FFE70098B0F5C01F19D0FFE70098B0F519
:1009D000E01F1FD0FFE70098B0F5001F1ED0FFE713
:1009E0000098B0F5101F1DD0FFE70098B0F5201F4C
:1009F0001CD0FFE70098B0F5301F1BD01EE0039815
:100A000041686FF0010000EA51410298B0FBF1F03B
:100A1000029014E002980009029010E00298400948
:100A200002900CE002988009029008E00298C00948
:100A3000029004E00298000A029000E0FFE7FFE75E
:100A400009F0BAFF41F20301884217D8FFE7029884
:100A500042F60151C0F23111884207D3FFE70398F3
:100A60000168886840F48070886006E00398016837
:100A7000886820F480708860FFE743E002984008AF
:100A80000290029845F61061C0F25F01884209D8D1
:100A9000FFE703980068806820F4407003990968B4
:100AA00088602EE002984BF62041C0F2BE018842D9
:100AB0000AD8FFE7039800688068012161F30920E4
:100AC0000399096888601BE0029847F64001C0F26C
:100AD0007D1188420AD8FFE70398006880680221E8
:100AE00061F3092003990968886008E003980068A9
:100AF000806840F44070039909688860FFE7FFE769
:100B0000FFE7FFE704B080BD80B58AB00890079189
:100B100000200590079804900898006810F07CF970
:100B200002900898006810F02FF90190029828B9F7
:100B3000FFE70198002800F0A880FFE70898006808
:100B4000C0688001002836D5FFE70898407D01285D
:100B500031D1FFE70898007D01282CD1FFE7012063
:100B60000490FFE708980068006800F0400100204A
:100B7000B0EB911F1AD1FFE705984DF60041C0F286
:100B80000C0188420ED3FFE70899486D40F0100031
:100B900048650899886D40F00100886501208DF84E
:100BA000270076E0059801300590DBE7089801689A
:100BB00040200860FFE70498022813D0FFE7089858
:100BC000006810F029F960B1FFE70898006810F09C
:100BD00003F928B9FFE70898006810F079F9FFE7F2
:100BE000FFE7FFE70498012813D0FFE708980068A3
:100BF00010F0CAF860B1FFE70898006810F0ECF850
:100C000028B9FFE70898006810F0C6F8FFE7FFE78B
:100C1000FFE704980090022807D0FFE70098032818
:100C200006D1FFE70C20039005E00820039002E0C6
:100C300004200390FFE709F0C7FE0690FFE708983D
:100C400000688068039908421ED0FFE709F0BCFEE7
:100C50000699401A062816D3FFE7089800688068AE
:100C6000039908420ED0FFE70899486D40F0100044
:100C700048650899886D40F00100886501208DF86D
:100C8000270006E0FFE7DAE7FFE700208DF82700FE
:100C9000FFE79DF827000AB080BD000000000000BB
:100CA00080B582B001900198806B00900098406DF3
:100CB00010F0500F4AD1FFE70099486D40F40070E2
:100CC00048650098006800680007002821D5FFE704
:100CD0000098006810F0B0F8D0B1FFE70098006805
:100CE000C0688004002812D4FFE70099486D20F402
:100CF000807048650098406DC004002806D4FFE766
:100D00000099486D40F001004865FFE7FFE7FFE705
:100D100018E000980068C068800790B9FFE7009964
:100D2000486D20F4807048650098406DC00400282C
:100D300006D4FFE70099486D40F001004865FFE7E1
:100D4000FFE7FFE7009805F02FFB10E00098406DEB
:100D5000C006002804D5FFE7009805F06DFB05E00C
:100D60000098C06CC16C01988847FFE7FFE702B0AC
:100D700080BD00000000000080B582B001900198A5
:100D8000806B00900099486D40F0400048650099E4
:100D9000886D40F004008865009805F04DFB02B0B6
:100DA00080BD00000000000080B582B00190019875
:100DB000806B0090009805F01BFB02B080BD000026
:100DC00080B584B002900298006810F005F8009099
:100DD0000298006810F008F800284BD0FFE7009850
:100DE000002847D1FFE702980068806800F00D00F6
:100DF000012809D1FFE7029800680FF079FF0298F7
:100E00000168032008600DE00299486D40F0100071
:100E100048650299886D40F00100886501208DF8D1
:100E20000F002BE009F0D0FD0190FFE70298006869
:100E30008068C007E8B1FFE709F0C6FD0199401AD4
:100E4000032815D3FFE7029800688068C00770B1D7
:100E5000FFE70299486D40F0100048650299886DDF
:100E600040F00100886501208DF80F0006E0FFE7E3
:100E7000DCE7FFE700208DF80F00FFE79DF80F008B
:100E800004B080BD0000000080B586B004900498D6
:100E900000680FF0A9FF002840F09280FFE7049857
:100EA000006880683F21C8F2000108420ED0FFE7C9
:100EB0000499486D40F0100048650499886D40F031
:100EC0000100886501208DF817007DE00498006816
:100ED0000FF02AFF09F078FD0390049801680120C3
:100EE00042F20002C4F20202914201900CD0FFE7EC
:100EF000049800684DF60071CBF6FD710844B0FA15
:100F000080F040090190FFE70198C10746F20030E8
:100F1000C5F6020000291CBF42F20030C4F20200F4
:100F20000FF02AFF02900498006842F20011C4F208
:100F30000201884206D1FFE742F20000C4F202003B
:100F4000009003E0049800680090FFE7009804997F
:100F50000968884203D0FFE7029880BBFFE7FFE7FC
:100F6000049800680068C00740BBFFE70498006869
:100F70000FF03AFF28B9FFE7049800680FF0D4FE9D
:100F8000FFE709F021FD0399401A032815D3FFE775
:100F9000049800680068C00770B9FFE70499486DBD
:100FA00040F0100048650499886D40F001008865A4
:100FB00001208DF8170007E0FFE7D1E7FFE7FFE723
:100FC00000208DF81700FFE79DF8170006B080BDE0
:100FD00080B584B040F20000C3F200004FF400611D
:100FE000FFF7E3F940F60000C3F200004FF4805130
:100FF0000291FFF7DAF944F20000C2F200404FF428
:101000000041FFF7D2F94CF20000C2F200404FF469
:101010008041FFF7CAF940F29400C2F20140282152
:10102000FFF7C3F9029840F2D402C2F20142002154
:10103000019151611161D16091605160116040F284
:10104000BC02C2F2014251611161D16091605160F4
:10105000116017F045F8029940F2D072C2F20142D5
:10106000106040F2F000C2F2014016F0B9FF01201A
:101070008DF80F00FFE79DF80F00022813DCFFE753
:101080009DF80F0012F020FA9DF80F004EF68061D7
:10109000C0F236010FF0B0FBFFE79DF80F00013002
:1010A0008DF80F00E7E704B080BD000000000000ED
:1010B00080B582B0019001984FF47A71484300F0F6
:1010C00003F802B080BD000083B0029041F204003A
:1010D000CEF2000000680190029840F20C01C2F2CA
:1010E000014109684DF68362C4F21B32A1FB022163
:1010F000890C48430090FFE741F20400CEF2000063
:1011000000680199401A0099884201D2FFE7F3E78D
:1011100003B070470000000041F20400CEF200006E
:10112000006870470000000084B0039002910298AC
:101130000399884205D3FFE702980399401A00906B
:1011400005E003980299C04308440090FFE7009827
:1011500001909DED010AB8EE400A40F20C00C2F287
:10116000014090ED001AB8EE411A9FED042A81EE7D
:10117000021A80EE010A04B0704700BF00247449CF
:101180004EF6FC51CEF20001086840F08070086015
:1011900041F20401CEF200010020086041F200019A
:1011A000CEF20001086840F00100086070470000BE
:1011B00080B582B0019001986946086000214FF423
:1011C00048724FF4F073084600F01AFB02B080BD7D
:1011D00082B0ADF80600ADF804100092BDF806002C
:1011E000B0F5487F06DAFFE7BDF80400B0F5F07F00
:1011F00001DBFFE70DE00098BDF80410BDF80630F4
:101200004FF4487201FB02324FF0404141F8220096
:10121000FFE702B07047000080B58CB0DDF838C041
:10122000ADF80E00ADF80C10ADF80A20ADF808309E
:10123000BDF80C00BDF80E204FF4487100FB0120F2
:10124000800000F14040019040F24420C2F2014091
:1012500041F20001C5F2002101600021416081607E
:10126000BDF80A10C1F54871C16006F039F90028CF
:1012700073D1FFE70E99BDF80A00BDF8082050436E
:101280008000079106900698012820DBFFE706986A
:10129000079901F01F010844059007980490BFF3D7
:1012A0004F8FFFE704984EF66871CEF20001086098
:1012B000049820300490059820380590059800285F
:1012C000F0DCFFE7BFF34F8FBFF36F8FFFE70199AC
:1012D000BDF808004FF4486250430B910A900A98F9
:1012E000012820DBFFE70A980B9901F01F01084451
:1012F00009900B980890BFF34F8FFFE708984EF6C0
:101300005C71CEF2000108600898203008900998BE
:101310002038099009980028F0DCFFE7BFF34F8FD1
:10132000BFF36F8FFFE70E99019ABDF80A30BDF841
:101330000800EC46CCF8000040F24420C2F2014024
:1013400006F04EFA40B9FFE740F24420C2F20140F5
:10135000642106F045F9FFE7FFE70CB080BD00000F
:1013600080B588B084460B980A98ADF81EC0ADF8D9
:101370001C10069205938DF81300FFE7069800787D
:10138000002800F0D880FFE70698411C06910078FD
:101390008DF812009DF81200202805DBFFE79DF86C
:1013A00012007F2801DBFFE7E8E79DF812009DF8B7
:1013B000131004F021F803909DF81300002856D173
:1013C000FFE700208DF80B00FFE79DF80B000F28CA
:1013D00047DCFFE703989DF80B10405C8DF80A008E
:1013E00000208DF80900FFE79DF80900072831DC8F
:1013F000FFE79DF80A009DF80910C1F10701C840F8
:10140000C00780B1FFE7BDF81E009DF80910084431
:10141000BDF81C109DF80B201144059A80B289B2CA
:10142000FFF7D6FE0FE0BDF81E009DF80910084436
:10143000BDF81C109DF80B2011440B9A80B289B2A4
:10144000FFF7C6FEFFE7FFE79DF8090001308DF8C2
:101450000900C9E7FFE79DF80B0001308DF80B008C
:10146000B3E7BDF81E000830ADF81E0062E09DF83D
:10147000130001285CD1FFE700208DF80800FFE78A
:101480009DF808001F284DDCFFE703999DF8082010
:1014900001EB420011F81210407840EA0120ADF84B
:1014A000060000208DF80500FFE79DF805000F28D5
:1014B00031DCFFE7BDF806009DF80510C1F10F0112
:1014C000C840C00780B1FFE7BDF81E009DF80510B9
:1014D0000844BDF81C109DF808201144059A80B2FC
:1014E00089B2FFF775FE0FE0BDF81E009DF80510EC
:1014F0000844BDF81C109DF8082011440B9A80B2D6
:1015000089B2FFF765FEFFE7FFE79DF805000130B0
:101510008DF80500C9E7FFE79DF8080001308DF858
:101520000800ADE7BDF81E001030ADF81E0000E069
:1015300001E0FFE722E708B080BD000000000000E6
:1015400080B592B0DDF850C0ADF84600ADF844105B
:10155000ADF84220ADF84030BDF84600B0F5487F08
:1015600012DAFFE7BDF84400B0F5F07F0CDAFFE7D0
:10157000BDF84200B0F5487F06DAFFE7BDF840004D
:10158000B0F5F07F01DBFFE735E1BDF84200BDF8C3
:101590004610401A012807DBFFE7BDF84200BDF8FE
:1015A0004610401A069006E0BDF84210BDF846000D
:1015B000401A0690FFE70698ADF83E00BDF84000DF
:1015C000BDF84410401A012807DBFFE7BDF84000D2
:1015D000BDF84410401A059006E0BDF84010BDF873
:1015E0004400401A0590FFE70598ADF83C00BDF8AF
:1015F0004610BDF842204FF0FF3091420146B8BF7F
:101600000121ADF83A10BDF84410BDF840209142D8
:10161000B8BF0120ADF83800BDF84400BDF8401057
:10162000884247D1FFE7BDF84600BDF84210884226
:1016300004DAFFE7BDF84600049003E0BDF842007D
:101640000490FFE70498ADF83600BDF84600BDF8F9
:101650004210884204DAFFE7BDF84200039003E03D
:10166000BDF846000390FFE70398ADF83400BDF8DD
:101670004400BDF836204FF4487100FB0120800083
:1016800000F140400C90BDF83400BDF83610401A0F
:101690000130ADF82E00FFE7BDF82E00411EADF879
:1016A0002E1030B1FFE714980C990A1D0C920860B7
:1016B000F2E7A0E0BDF84600BDF84210884249D1EB
:1016C000FFE7BDF84400BDF84010884204DAFFE7A8
:1016D000BDF84400029003E0BDF840000290FFE72F
:1016E0000298ADF82C00BDF84400BDF840108842C7
:1016F00004DAFFE7BDF84000019003E0BDF84400C4
:101700000190FFE70198ADF82A00BDF82C00BDF864
:1017100046204FF4487100FB0120800000F140405A
:101720000990BDF82A00BDF82C10401A0130ADF820
:101730002200FFE7BDF82200411EADF8221040B1A3
:10174000FFE7149809990860099800F54860099026
:10175000F0E750E0BDF83E00BDF83C10401AADF88F
:101760002000FFE7BDF84600BDF84410149AFFF7CB
:101770002FFDBDF84600BDF84210884208D1FFE7B2
:10178000BDF84400BDF84010884201D1FFE732E0C7
:10179000BDF820004000ADF81E00BDF91E00BDF9E7
:1017A0003C10494288420FDDFFE7BDF83C10BDF810
:1017B0002000401AADF82000BDF83A10BDF84600F0
:1017C0000844ADF84600FFE7BDF91E00BDF93E1024
:1017D00088420FDAFFE7BDF83E10BDF8200008444C
:1017E000ADF82000BDF83810BDF844000844ADF84D
:1017F0004400FFE7B6E712B080BD00000000000023
:1018000080B588B0DDF828C0ADF80E00ADF80C103A
:10181000ADF80A20ADF80830BDF80E00B0F5487FED
:1018200006DAFFE7BDF80C00B0F5F07F01DBFFE75B
:1018300089E0BDF80E00BDF80A100844B0F5487FF5
:1018400007DDFFE7BDF80E00C0F54870ADF80A00EF
:10185000FFE7BDF80C00BDF808100844B0F5F07FB4
:1018600007DDFFE7BDF80C00C0F5F070ADF808002B
:10187000FFE7BDF80C00BDF80E204FF4487100FBE7
:101880000120800000F14040019040F24420C2F26B
:10189000014041F20001C5F2002101604FF44031E6
:1018A000416000218160BDF80A10C1F54871C16036
:1018B00005F016FE002846D1FFE70199BDF80800A3
:1018C0004FF448625043079106900698012820DBA8
:1018D000FFE70698079901F01F0108440590079853
:1018E0000490BFF34F8FFFE704984EF67071CEF26D
:1018F0000001086004982030049005982038059075
:1019000005980028F0DCFFE7BFF34F8FBFF36F8F20
:10191000FFE70A99019ABDF80A30BDF80800EC46C5
:10192000CCF8000040F24420C2F2014005F058FF1C
:1019300040B9FFE740F24420C2F20140322105F0F5
:101940004FFEFFE7FFE708B080BD00000000000089
:1019500080B582B040F24420C2F2014041F2000161
:10196000C5F2002101604FF44031416000218160E7
:101970004FF44871C16005F0B3FDB0B9FFE76946A7
:101980004FF4F070086040F24420C2F20140019030
:101990004FF0FF314FF040424FF4487305F020FF05
:1019A0000198322105F01CFEFFE702B080BD000067
:1019B00080B540F28850C2F2014011F079FB80BD41
:1019C00080B58CB00B900A91099247F64000C0F2A6
:1019D0007D10089000208DF81F000B980690FFE7FF
:1019E000069900204AF21F12C0F2070291420390AA
:1019F00008DCFFE79DF81F1000200729B8BF012071
:101A00000390FFE70398C00748B1FFE7069840003E
:101A100006909DF81F0001308DF81F00E0E79DF84B
:101A20001F0009990873069841F2FF11C0F27A016C
:101A3000884209DCFFE7069944F20060C2F2C33035
:101A400090FBF1F0029008E006994EF60010C3F208
:101A5000A45090FBF1F00290FFE70298099908600A
:101A600009980068B0F5006F05DDFFE709994FF4AC
:101A700000600860FFE7099800230193436009991B
:101A80000120886006980999096880FB0101059189
:101A900004900498059947F64002C0F27D12009226
:101AA000FEF74BFC009A019B0A990860049805997F
:101AB000FEF743FC10461946019B1922FEF73DFC38
:101AC0000A9948600A9944F24020C0F20F008860E9
:101AD0000CB080BD0000000080B582B08DF807001A
:101AE0008DF806109DF8060068B1FFE79DF8071015
:101AF000012000FA01F240F22001C2F2014108780F
:101B0000104308700CE09DF80710012000FA01F264
:101B100040F22001C2F20141087890430870FFE7CB
:101B200040F22000C2F20140007880F0FF01032063
:101B300000F0EAF802B080BD80B582B08DF80700F1
:101B40009DF8070080F0FF01032000F0DDF802B0EF
:101B500080BD00000000000080B5B720802100F0AB
:101B6000D3F80020FFF7E8FF80BD00000000000070
:101B700080B58CB084460E988DF82FC00A918DF8F0
:101B800027208DF826308DF825000A9801684FF639
:101B90000060CFF6FF7000EBC110089000200790A6
:101BA0000A98806806900698000A8DF8100006983A
:101BB0008DF81100BDF8220000F003000A99097B9E
:101BC00040EA01108DF812000898000A8DF8130001
:101BD00008988DF814000699F02000EA1130BDF83D
:101BE0001E1001F00F0108448DF815000798000A37
:101BF0008DF8160007988DF8170040F20800C2F221
:101C0000014000689DF82F206B46642199600821EF
:101C1000596004A91960C021012309F009F89DF851
:101C200025009DF827104901C9B29DF826201143CF
:101C300041F00C0100F068F80CB080BD000000001D
:101C400080B584B08DF80F000291029A1168506837
:101C50009268C00190FBF2F000EBC110A0F500709B
:101C60000190029841688068CA0192FBF0F25043EB
:101C7000C0EBC11000909DF80F000199009A029BE3
:101C80009B6800F061F8B120A02100F03DF804B09D
:101C900080BD00000000000080B58CB00B908DF876
:101CA0002B100B9807A9019103AA0292FFF788FE57
:101CB00001991A20FFF7C4FF02999DF82B306A465C
:101CC000102010602A200022FFF752FF0CB080BDC8
:101CD00080B58CB00B908DF82B100B9807A9019153
:101CE00003AA0292FFF76CFE01992220FFF7A8FFDA
:101CF00002999DF82B306A46122010603A2001228A
:101D0000FFF736FF0CB080BD80B584B08DF80F00B2
:101D10008DF80E1040F20800C2F2014000689DF8F4
:101D20000F20EC466421CCF808100123CCF80430D5
:101D30000DF10E01CCF80010C02108F079FF04B0BD
:101D400080BD00000000000080B58AB08DF827003B
:101D50000891079206930698000A8DF810000698DD
:101D60008DF81100BDF8220000F003008DF812007C
:101D70000898000A8DF8130008988DF81400069949
:101D8000F02000EA1130BDF81E1001F00F010844E8
:101D90008DF815000798000A8DF8160007988DF841
:101DA000170040F20800C2F2014000689DF82720A9
:101DB0006B46642199600821596004A91960C0210B
:101DC000012308F035FF0AB080BD000000000000CC
:101DD00083B00290029808B9FFE717E002990889DA
:101DE00049894843019000200090FFE7009801993D
:101DF00088420BD2FFE702990868009A01EB820142
:101E00000863FFE7009801300090EFE703B07047E8
:101E100080B588B084460B980A98CDF81CC0ADF800
:101E20001A10ADF81820ADF81630ADF81400BDF852
:101E30001600BDF81A10401A012807DBFFE7BDF8AD
:101E40001600BDF81A10401A019006E0BDF81610F1
:101E5000BDF81A00401A0190FFE70198ADF8120092
:101E6000BDF81400BDF81810401A012807DBFFE781
:101E7000BDF81400BDF81810401A009006E0BDF837
:101E80001410BDF81800401A0090FFE70098ADF854
:101E90001000BDF81A10BDF816204FF0FF30914227
:101EA0000146B8BF0121ADF80E10BDF81810BDF8FD
:101EB00014209142B8BF0120ADF80C00BDF812000B
:101EC000BDF81010401AADF80A00FFE70798BDF8FA
:101ED0001A10BDF818200B9B00F046F8BDF81A0048
:101EE000BDF81610884208D1FFE7BDF81800BDF80C
:101EF0001410884201D1FFE732E0BDF80A0040002B
:101F0000ADF80800BDF90800BDF91010494288423B
:101F10000FDDFFE7BDF81010BDF80A00401AADF85C
:101F20000A00BDF80E10BDF81A000844ADF81A00FA
:101F3000FFE7BDF90800BDF9121088420FDAFFE78C
:101F4000BDF81210BDF80A000844ADF80A00BDF84B
:101F50000C10BDF818000844ADF81800FFE7B5E70D
:101F600008B080BD0000000083B00290ADF80610FC
:101F7000ADF804200093BDF8060002990989884253
:101F800007DAFFE7BDF8040002994989884201DBBE
:101F9000FFE70CE000980299BDF804200B89BDF81A
:101FA00006C002FB03C201EB82010863FFE703B036
:101FB0007047000000000000FFE7FEE7000000009F
:101FC00080B5A8B02790279808B9FFE7EFE02798D9
:101FD0000C304EF65101C0F60101FEF7FDF958B183
:101FE000FFE727980C304EF67C01C0F60101FEF7A2
:101FF000F3F9002863D1FFE7279848F20001CFF6F4
:10200000007143F23332CFF6337210F0D1FD01206C
:1020100003F04EFA269027980C304EF65101C0F688
:102020000101FEF7D9F958B9FFE72698013026904B
:102030002698642803D3FFE763202690FFE709E092
:10204000269801382690269818B9FFE70120269097
:10205000FFE7FFE79DF898100120079011F068F85E
:102060000DF166000A903221FEF79FF9079803F000
:1020700067FA0798B7EEC00A8DED080B03F03CFA3B
:102080009DED080B01460A98269B4EF21A6CC0F68D
:10209000010C6A46C2F808C05360116053EC102B63
:1020A0004EF65911C0F6010116F09CFA0A9940F259
:1020B000F870C2F201400068C26D904777E027983F
:1020C0000C304EF6AD01C0F60101FEF785F958B1AE
:1020D000FFE727980C304EF6D801C0F60101FEF755
:1020E0007BF9002862D1FFE727980021CFF6FF7126
:1020F00043F23332CFF6337210F05AFD022003F070
:10210000D7F9189027980C304EF6AD01C0F60101B2
:10211000FEF762F958B9FFE718980130189018983F
:10212000642803D3FFE763201890FFE709E01898BD
:1021300001381890189818B9FFE701201890FFE7A8
:10214000FFE79DF860100220039010F0F1FF0DF101
:102150002E0006903221FEF728F9039803F0F0F9DB
:102160000398B7EEC00A8DED040B03F0C5F99DEDA1
:10217000040B01460698189B4EF21A6CC0F6010C2F
:102180006A46C2F808C05360116053EC102B4EF63B
:102190007E11C0F6010116F025FA069940F60000FE
:1021A000C2F201400068C26D9047FFE7FFE728B028
:1021B00080BD00000000000080B5AEB01EA91091E7
:1021C0002D902D9808B9FFE709E12D980C304EF6B7
:1021D0004301C0F60101FEF7FFF858B1FFE72D9863
:1021E0000C304EF66D01C0F60101FEF7F5F800283F
:1021F00070D1FFE72D9848F20001CFF6007143F24D
:102200003332CFF6337210F0D3FC012003F074F9AF
:102210002C902D980C304EF64301C0F60101FEF7CC
:10222000DBF878B9FFE72C9800F57A702C902C98A1
:102230004CF25131884204D3FFE74CF250302C90DD
:10224000FFE70DE02C98A0F57A702C902C98C00830
:102250007C2804D8FFE74FF47A702C90FFE7FFE763
:10226000109890ED0E0AB8EE400A01200A9010F086
:102270008BFF0DF17E000F903221FEF796F80A9841
:1022800003F05EF90A98B7EEC00A8DED0C0B2C999D
:102290000B9103F00DF90B999DED0C0B03460F9874
:1022A0004EF21A6CC0F6010C6A46C2F808C05360C0
:1022B000116053EC102B4EF65911C0F6010116F0C7
:1022C00091F90F9940F2F870C2F201400068C26DB6
:1022D000904784E02D980C304EF69F01C0F6010126
:1022E000FEF77AF858B1FFE72D980C304EF6C90189
:1022F000C0F60101FEF770F800286FD1FFE72D98B6
:102300000021CFF6FF7143F23332CFF6337210F073
:102310004FFC022003F0F0F81E902D980C304EF682
:102320009F01C0F60101FEF757F878B9FFE71E9844
:1023300000F57A701E901E984CF25131884204D3F9
:10234000FFE74CF250301E90FFE70DE01E98A0F51D
:102350007A701E901E98C0087C2804D8FFE74FF4BE
:102360007A701E90FFE7FFE7109890ED000AB8EE34
:10237000400A0220049010F007FF0DF1460009907A
:102380003221FEF712F8049803F0DAF80498B7EE59
:10239000C00A8DED060B1E99059103F089F8059989
:1023A0009DED060B034609984EF21A6CC0F6010C1F
:1023B0006A46C2F808C05360116053EC102B4EF609
:1023C0007E11C0F6010116F00DF9099940F60000E2
:1023D000C2F201400068C26D9047FFE7FFE72EB0F0
:1023E00080BD00000000000080B5AEB01EA91091B5
:1023F0002D902D9808B9FFE73BE12D980C304EF653
:102400003601C0F60101FDF7E7FF60B1FFE72D9847
:102410000C304EF65F01C0F60101FDF7DDFF00282C
:1024200040F08980FFE72D9848F20001CFF6007157
:1024300043F23332CFF6337210F0BAFB012003F0CF
:102440007FF8109880ED0E0A2D980C304EF636016C
:10245000C0F60101FDF7C0FFD0B9FFE7109890ED7D
:102460000E0A9FED851A30EE010A80ED0E0A90EDFE
:102470000E0A9FED821AB4EE410AF1EE10FA06DD63
:10248000FFE743F23330C4F253002C90FFE717E02C
:10249000109890ED0E0A9FED781A30EE410A80ED0B
:1024A0000E0A90ED0E0AB4EE410AF1EE10FA06DAC9
:1024B000FFE74CF6CD40C3F6CC502C90FFE7FFE78A
:1024C000109890ED0E0A01200A9010F0A5FE0DF173
:1024D0007E000F903221FDF768FF10990A9891ED68
:1024E0000E0AB7EEC00A8DED0C0B03F005F801469D
:1024F0000A980B9102F0DCFF0B999DED0C0B034643
:102500000F984EF21A6CC0F6010C6A46C2F808C069
:102510005360116053EC102B4EF65911C0F60101B7
:1025200016F060F80F9940F2F870C2F201400068AE
:10253000C26D90479DE02D980C304EF69201C0F68A
:102540000101FDF749FF60B1FFE72D980C304EF611
:10255000BB01C0F60101FDF73FFF002840F0888075
:10256000FFE72D980021CFF6FF7143F23332CFF60B
:10257000337210F01DFB022002F0E2FF109880ED94
:10258000000A2D980C304EF69201C0F60101FDF7BD
:1025900023FFD0B9FFE7109890ED000A9FED361A9F
:1025A00030EE010A80ED000A90ED000A9FED331A2B
:1025B000B4EE410AF1EE10FA06DDFFE743F23330E4
:1025C000C4F253001E90FFE717E0109890ED000A48
:1025D0009FED291A30EE410A80ED000A90ED000AC5
:1025E000B4EE410AF1EE10FA06DAFFE74CF6CD4000
:1025F000C3F6CC501E90FFE7FFE7109890ED000A5D
:102600000220049010F008FE0DF1460009903221DE
:10261000FDF7CBFE1099049891ED000AB7EEC00AC1
:102620008DED060B02F068FF01460498059102F05B
:102630003FFF05999DED060B034609984EF21A6C73
:10264000C0F6010C6A46C2F808C05360116053EC32
:10265000102B4EF67E11C0F6010115F0C3FF09994B
:1026600040F60000C2F201400068C26D9047FFE7EB
:10267000FFE72EB080BD00BFCDCCCC3D33335340FF
:1026800010B584B00390039808B9FFE7FFE0039802
:102690000C304EF62F01C0F60101FDF79DFE00281B
:1026A00075D1FFE7039848F20001CFF6007143F2BD
:1026B0003332CFF6337212F03BF800208DF80B0066
:1026C000039890F85C0078B9FFE70399012081F83E
:1026D0005C008DF80B00039824304EF6EF01C0F635
:1026E0000101FDF787FE2BE0039890F85C000128BC
:1026F0000FD1FFE70399022081F85C008DF80B00F1
:10270000039824304EF6E701C0F60101FDF772FE92
:1027100015E0039890F85C0002280FD1FFE70399B9
:10272000002081F85C008DF80B00039824304EF6F1
:10273000EB01C0F60101FDF75DFEFFE7FFE7FFE7F4
:10274000DDF80CE0BEF804000530BEF806100531D7
:102750000EF12402DEF858309EF856C0DEF8004034
:10276000EE46CEF80440CEF800C080B289B2FEF743
:10277000F7FD9DF80B1040F21010C2F2014010F06E
:10278000CFFE9DF80B10012010F096FD7FE003981E
:102790000C304EF68B01C0F60101FDF71DFE00283E
:1027A00074D1FFE703980021CFF6FF7143F2333273
:1027B000CFF6337211F0BCFF00208DF80A000398A9
:1027C00090F85C0078B9FFE70399012081F85C007C
:1027D0008DF80A00039824304EF6EF01C0F601018F
:1027E000FDF708FE2BE0039890F85C0001280FD15C
:1027F000FFE70399022081F85C008DF80A00039836
:1028000024304EF6E701C0F60101FDF7F3FD15E0B7
:10281000039890F85C0002280FD1FFE7039900208D
:1028200081F85C008DF80A00039824304EF6EB0125
:10283000C0F60101FDF7DEFDFFE7FFE7FFE7DDF88A
:102840000CE0BEF804000530BEF8061005310EF1AC
:102850002402DEF858309EF856C0DEF80040EE46FE
:10286000CEF80440CEF800C080B289B2FEF778FD01
:102870009DF80A1040F23C10C2F2014010F050FEE8
:102880009DF80A10022010F017FDFFE7FFE704B0E3
:1028900010BD00000000000080B590B08DF83E0033
:1028A0009DF83E0002F070FD8DF83D009DF93D0061
:1028B000B0F1FF3F04DCFFE700208DF83F0084E12A
:1028C00000200E909DF93D1044F20000C2F200403D
:1028D000099000EB81304FF480510A910EAA14F058
:1028E00083FA09980A9A9DF93D1000EB81319DED1C
:1028F0000E0AB1EE400A084614F0C2FA40F2D07057
:10290000C2F20140006898B1FFE79DF93D1044F222
:102910000000C2F2004000EB813240F2D070C2F2FF
:10292000014001684FF48053104614F085FAFFE728
:102930009DF93D1044F20000C2F20040059000EB0A
:10294000813240F2F000C2F201400023114615F03E
:10295000BBF905989DF93D2000EB82304CF2000157
:10296000C2F20041079101EB42314FF4006206923E
:1029700014F0BEF9069907989DF93D2000EB42300E
:1029800002EB820340F29402C2F20142089202EB8F
:10299000830303F1080214F0EFF9079908989DF9F1
:1029A0003D2002EB820200EB820350F8222001322C
:1029B0005A609DF93D2001EB423102EB820200EBAF
:1029C0008202536851F82310D1609DF93D1001EB4C
:1029D000810100EB810090ED021A90ED030A31EEC7
:1029E000400A80EE010A8DED0D0A9DED0D0A9FED66
:1029F000791AB4EE410AF1EE10FA5FDAFFE79DF8BA
:102A00003E0002F08DFE00EE100AB8EE400A8DED99
:102A10000C0A9DF93D1001EB810240F29400C2F2D4
:102A2000014000EB820292ED000AB8EE400AB6EED9
:102A3000001A30EE010A9DED0C1A20EE010A9FEDFE
:102A4000661A80EE010A01EB410140F2D403C2F2A2
:102A5000014303EB810181ED000A9DF93D1001EB7B
:102A6000810100EB8102002111619DF83E109DF96A
:102A70003D2002EB420C03EB8C0393ED000AB7EE12
:102A8000C00A9DED0D1A9FED552A21EE021AB7EEF0
:102A9000C11A02EB820200EB820002696846826082
:102AA00080ED001B53EC102B4EF22460C0F60100A9
:102AB00015F088FD01208DF83F0086E09DF93D006E
:102AC00000EB800140F29400C2F20140049000EB60
:102AD00081010869013008619DF83E0002F084FD23
:102AE000B7EEC00A53EC102B4EF28860C0F601001E
:102AF00015F068FD04989DF93D1001EB810100EB94
:102B000081000069B0F5027F5BD3FFE79DF83E00CE
:102B100002F006FE00EE100AB8EE400A8DED0B0A38
:102B20009DF93D1001EB810240F29400C2F2014098
:102B300000EB820292ED000AB8EE400A9DED0B1AFE
:102B400020EE010A9FED241A80EE010A01EB4101FB
:102B500040F2D403C2F2014303EB810181ED000A8C
:102B60009DF93D1001EB810100EB81020021116113
:102B70009DF83E109DF93D2002EB420C03EB8C03C7
:102B800093ED000AB7EEC00A9DED0D1A9FED132AD2
:102B900021EE021AB7EEC11A02EB820200EB8200AC
:102BA00002696846826080ED001B53EC102B4EF2E8
:102BB0002460C0F6010015F005FD01208DF83F00EE
:102BC00003E000208DF83F00FFE79DF83F0010B0C4
:102BD00080BD00BFCDCC4C3D000080450000C84208
:102BE00080B58EB08DF837009DF8370002F0E8FB15
:102BF0008DF836009DF93600B0F1FF3F01DCFFE7AC
:102C000091E100200C909DF9360041F60002C3F2DC
:102C10000002D82110FB012090F8C80000284ED1F6
:102C2000FFE79DF9360041F60002C3F20002D82109
:102C300010FB012090ED340A9FEDBC1A20EE010A32
:102C40009FEDBC1A80EE010A8DED0C0A00200B905E
:102C5000FFE70B98632831D8FFE79DED0C0A8DED57
:102C6000030A9DED0B0AB8EEC00A9FEDB31A20EEE1
:102C7000010A9FEDB21A80EE010A15F0DBFCB0EEFE
:102C8000401A9DED030AB7EE002A31EE021A20EE3B
:102C9000010ABCEEC00A10EE100A9DF9361041F68A
:102CA0000003C3F20003D82211FB02310B9A21F872
:102CB0001200FFE70B9801300B90CAE726E19DF95F
:102CC000360041F60002C3F20002D82110FB0120B9
:102CD00090F8C800012850D1FFE79DF9360041F671
:102CE0000002C3F20002D82110FB012090ED340A4B
:102CF0009FED8E1A20EE010A9FED8D1A80EE010ADB
:102D00008DED0C0A9DF9360010FB012090F8C900EA
:102D10006421484345F62941C0F28F21A0FB0110F0
:102D2000ADF82A0000200990FFE70998632823D80E
:102D3000FFE70998BDF82A10884208DAFFE79DED01
:102D40000C0ABCEEC00A10EE100A029002E000204D
:102D50000290FFE702989DF9361041F60003C3F296
:102D60000003D82211FB0231099A21F81200FFE773
:102D7000099801300990D8E7C7E09DF9360041F67F
:102D80000002C3F20002D82110FB012090F8C80015
:102D9000022840F0B980FFE79DF9360041F60002B5
:102DA000C3F20002D82110FB012090ED340A9FED00
:102DB0005F1A20EE010A9FED5E1A80EE010A8DED8A
:102DC0000C0A9DF9360010FB012090F8C900642818
:102DD00003DBFFE7632001901FE09DF9360041F619
:102DE0000002C3F20002D82110FB012090F8C900B4
:102DF00018B9FFE7012000900CE09DF9360041F67C
:102E00000002C3F20002D82110FB012090F8C90093
:102E10000090FFE700980190FFE701988DF82300EC
:102E20009DF823006421484345F62941C0F28F21D3
:102E3000A0FB0110ADF820009DED0C0ABDF82000AC
:102E400001EE100AB8EE411A80EE010A8DED070A74
:102E50009DED0C0ABDF82000C0F1640001EE100ADF
:102E6000B8EE411A80EE010A8DED060A00200590A9
:102E7000FFE70598BDF8201088421DDAFFE79DEDB9
:102E8000070A059A01EE102AB8EEC11A20EE010ACF
:102E9000BCEEC00A10EE100A9DF9361041F6000C87
:102EA000C3F2000CD82311FB03C121F81200FFE785
:102EB000059801300590DCE7BDF820000490FFE79D
:102EC000049863281FD8FFE79DED060A049AC2F113
:102ED000640001EE100AB8EE411A20EE010ABCEEC1
:102EE000C00A10EE100A9DF9361041F6000CC3F22C
:102EF000000CD82311FB03C121F81200FFE704984E
:102F000001300490DCE7FFE7FFE7FFE79DF93600BB
:102F100041F60002C3F20002D82110FB012100207B
:102F200081F8D400FFE70EB080BD00BF00F07F4500
:102F3000333353403333D340DB0FC9400000C84222
:102F400080B586B08DF813009DF8130002F01CFACE
:102F50008DF812009DF91200B0F1FF3F03DCFFE78E
:102F60000020059041E0002003909DF9121001EB34
:102F7000410240F2D401C2F2014101EB8201097A1F
:102F800049088DF80B100190FFE7019840F2FE719F
:102F9000884227D8FFE79DF9121040F60000C3F2DF
:102FA000000000EBC1200199405C9DF80B108842A5
:102FB00013DCFFE79DF9121040F60000C3F2000099
:102FC00000EBC1210198084440789DF80B1088421D
:102FD00003DBFFE70198039004E0FFE7019801306D
:102FE0000190D2E703980590FFE7059806B080BDF1
:102FF00080B584B08DF80E009DF80E0002F0C4F983
:103000008DF80D009DF90D00B0F1FF3F04DCFFE7E6
:1030100000208DF80F0054E000208DF80C00FF21F7
:103020008DF80B100190FFE701990020B0EBD12F34
:1030300029D1FFE79DF90D1040F60000C3F2000012
:1030400000EBC1200199405C8DF803009DF803005E
:103050009DF80C10884205DDFFE79DF803008DF810
:103060000C00FFE79DF803009DF80B10884205DA7D
:10307000FFE79DF803008DF80B00FFE7FFE70198DD
:1030800001300190D0E79DF80C009DF80B10411A1B
:103090009DF90D0000EB400240F2D400C2F2014065
:1030A00000EB820211729DF90D1001EB410100EB62
:1030B0008100017A00200529C8BF01208DF80F008A
:1030C000FFE79DF80F0004B080BD00000000000085
:1030D00080B588B08DF81F00069105929DF81F00FD
:1030E00002F052F98DF813009DF91300B0F1FF3F83
:1030F00001DCFFE7FFE09DF9130000EB400140F227
:10310000BC00C2F2014000EB8100807A012873D13B
:10311000FFE79DF9130000EB400140F2BC00C2F252
:10312000014050F821100020B0EB113F64D1FFE7BF
:103130009DF9130000EB400140F2BC00C2F20140D7
:1031400050F82100039000200290FFE702980599B3
:10315000884225D2FFE79DF9131040F20000C3F228
:10316000000000EB8120069A029B1A446FF39F2215
:10317000805C00EE100AB8EE400A44F20000C2F291
:10318000004000EB8130039900EB810080ED000AE4
:10319000039801300390FFE7029801300290D5E7D1
:1031A00003989DF9131001EB410240F2BC01C2F2F9
:1031B000014141F822000398B0F5805F1BD3FFE77F
:1031C0009DF9130000EB400140F2BC00C2F2014047
:1031D00000EB8102002191729DF9132002EB420263
:1031E00040F822109DF9131001EB410100EB810121
:1031F00001200872FFE77EE09DF9130000EB40011B
:1032000040F2BC00C2F2014000EB8100807A02284B
:1032100070D1FFE79DF9130000EB400140F2BC00C4
:10322000C2F2014000EB810041680020B0EBD12FD9
:1032300060D1FFE79DF9130000EB400140F2BC00B4
:10324000C2F2014000EB8100406801900020009034
:10325000FFE70098059988421ED2FFE79DF91320E9
:1032600040F20000C3F2000000EB82200699009BB0
:1032700019446FF39F21405C40F60001C3F2000146
:1032800001EBC221019A8854019801300190FFE7B7
:10329000009801300090DCE701989DF9131001EBD4
:1032A000410240F2BC01C2F2014101EB82014860DF
:1032B0000198B0F5006F1CD3FFE79DF9130000EBF8
:1032C000400140F2BC00C2F2014000EB810200214B
:1032D00091729DF9132002EB420200EB82025160D1
:1032E0009DF9131001EB410100EB810101204872AF
:1032F000FFE7FFE7FFE708B080BD00000000000027
:1033000080B582B08DF807008DF806109DF8070093
:1033100002F03AF88DF805009DF90500B0F1FF3F85
:1033200001DCFFE723E09DF8060068B9FFE79DF99F
:10333000050000EB400140F2BC00C2F2014000EB8E
:1033400081010020087212E09DF8060001280DD1CD
:10335000FFE79DF9050000EB400140F2BC00C2F21E
:10336000014000EB810100204872FFE7FFE702B057
:1033700080BD00000000000080B582B08DF807001D
:103380008DF806109DF8070001F0FEFF8DF805008E
:103390009DF90500B0F1FF3F01DCFFE725E09DF856
:1033A000060088B1FFE79DF9051040F20000C3F266
:1033B000000000EB81204FF48061FCF7F6FF9DF8E0
:1033C000070010F031F810E09DF9050000EB400116
:1033D00040F2BC00C2F2014000EB81010020887283
:1033E0009DF8070010F070F8FFE702B080BD000004
:1033F00080B586B08DF817008DF816109DF817006F
:1034000001F0DEFF8DF815009DF91500B0F1FF3FCA
:1034100001DCFFE749E09DF81600A8B3FFE79DF83F
:103420001700FFF7DDFB9DF8170002F035F8049058
:1034300004999DF9150041F60003C3F200030193BE
:10344000D822029210FB02326B460020186040F234
:103450003020C2F201406423039303F059FEDDF8EB
:1034600004C0029B039A9DF817009DF9151011FBEB
:1034700003C1D1F8CC1051430FF0AAFF9DF81700FB
:10348000012100F015F810E09DF81700002100F070
:103490000FF89DF8170001F0FFFF014640F23020C1
:1034A000C2F2014003F008FFFFE706B080BD000054
:1034B00080B582B08DF807008DF806109DF80700E2
:1034C000012822D1FFE79DF8060040F28401C2F2F4
:1034D000014108719DF8060058B1FFE70020012165
:1034E000FEF7FAFA40F20860C2F201400BF0E4FF86
:1034F0000AE000210846FEF7EFFA40F20860C2F247
:1035000001400CF055F8FFE727E09DF8070002287E
:1035100022D1FFE79DF8060040F28C01C2F2014182
:1035200008719DF8060058B1FFE702200121FEF75F
:10353000D3FA40F25460C2F201400BF0BDFF0AE042
:1035400002200021FEF7C8FA40F25460C2F20140A6
:103550000CF02EF8FFE7FFE7FFE702B080BD0000A8
:10356000B0B584B094468E4604460C980B990A9ADE
:10357000099A089A0394ADF80AE0ADF808C0ADF8CE
:103580000630ADF804208DF803108DF80200039882
:1035900008B9FFE720E0BDF80A0003998880BDF86C
:1035A00008000399C880BDF8060003990881BDF89A
:1035B0000400039948810998039908600A980399BF
:1035C00048629DF80300039981F828009DF80200E5
:1035D000039981F82900FFE704B0B0BD00000000A6
:1035E00080B582B001900198806B0090009803F044
:1035F000BBFC00990120087102B080BD00000000F2
:1036000080B582B001900198806B0090009803F023
:103610003FFB00990120087102B080BD000000004E
:1036200080B582B001900198806B00900099086984
:1036300040F004000861009803F09EFC009901200E
:10364000087102B080BD000080B582B00190019881
:10365000806B00900099086940F0040008610098B0
:1036600003F01EFB00990120087102B080BD00002C
:1036700080B582B001900198806B0090009803F0B3
:1036800077FC02B080BD000080B582B00190019847
:10369000806B0090009803F0FFFA02B080BD00003C
:1036A00080B582B041F60000C3F200004FF4D8713B
:1036B000FCF77BFE00200190FFE7019801281FD84E
:1036C000FFE7019841F60002C3F20002D82100FB97
:1036D0000123322083F8C900019800FB01234FF435
:1036E0007A70C3F8CC00019800FB01210020C4F2DD
:1036F0004000C1F8D000FFE7019801300190DCE7FD
:1037000001208DF80300FFE79DF80300022817DC75
:10371000FFE79DF803000021FFF7CAFE9DF80300B4
:1037200001F0BAFE014640F23020C2F2014003F03F
:10373000C3FDFFE79DF8030001308DF80300E3E7C8
:1037400002B080BD00000000B0B58CB040F2EC01CA
:10375000C2F2014101200A9008700DF0A9F84FF063
:103760007F400690FDF724FD069A0A9869460A6193
:10377000C8604EF2DA60C0F6010088604FF0FF3496
:103780004C6028200B9008604EF2E760C0F6010004
:103790004FF48C711422DC230DF0FEF80A9A0146D6
:1037A0000B9840F60403C2F20143196069460C61AC
:1037B000CA604EF2B962C0F601028A6048F20002A5
:1037C000CFF6007207924A6008604EF2CD60C0F6F4
:1037D0000100B421C8220892A02309930DF06CF8CF
:1037E000DDF81CC0089A099BDDF828E005460B9817
:1037F00040F26001C2F201410D600D6842F6D10154
:10380000C0F60101696669460C61C1F80CE04EF230
:10381000C36EC0F6010EC1F808E0C1F804C008602C
:103820004EF2F160C0F601004FF4F0710DF044F873
:10383000014640F25C00C2F201400160016842F6BC
:103840003900C0F6010048660DF08EF90CB0B0BD2D
:1038500080B540F2AC20C2F2014004F0B5FC80BD5E
:1038600080B540F22430C2F2014004F0ADFC80BDCE
:1038700080B540F29C30C2F2014004F0A5FC80BD4E
:1038800080B540F21440C2F2014004F09DFC80BDBE
:1038900089B0DDF824C00890079106920593089836
:1038A0000068406C00F040400999059A41EA0241E5
:1038B0000843089909684864069808990968C86324
:1038C00008984068B0F5403F7CD1FFE79DF81F00A5
:1038D000000603909DF81E00000402909DF81D0054
:1038E000000201909DF81C0000900898806848B97B
:1038F000FFE7019802990843039908430099084398
:1039000004905AE008988068012807D1FFE70198E1
:10391000029908430099084304904DE00898806894
:10392000022812D1FFE70298C00C02900198800A89
:1039300001900098C008009001984001029940EA67
:10394000C12000990843049035E008988068032856
:1039500018D1FFE70398C00F03900298C00C0290A3
:103960000198C00A01900098C00800900198400199
:10397000029940EA8120039940EAC1300099084346
:10398000049017E00398000F03900298000D029036
:103990000198000B01900098000900900198000127
:1039A000029940EA0120039940EA01300099084356
:1039B0000490FFE7FFE7FFE7FFE70498089909682D
:1039C000886310E008984068B0F5802F05D1FFE7C4
:1039D000079808990968486104E0079808990968F8
:1039E000C860FFE7FFE709B0704700000000000073
:1039F00083B002900298016801201022C4F20202F2
:103A00009142009000F0A380FFE702980168012036
:103A10002822C4F202029142009000F09880FFE751
:103A20000298016801204022C4F2020291420090F3
:103A300000F08D80FFE70298016801205822C4F24F
:103A400002029142009000F08280FFE70298016834
:103A500001207022C4F202029142009077D0FFE769
:103A60000298016801208822C4F20202914200906B
:103A70006DD0FFE7029801680120A022C4F2020283
:103A80009142009063D0FFE7029801680120B822BC
:103A9000C4F202029142009059D0FFE702980168F7
:103AA000012040F21042C4F20202914200904ED036
:103AB000FFE702980168012040F22842C4F20202A6
:103AC0009142009043D0FFE702980168012040F244
:103AD0004042C4F202029142009038D0FFE70298BF
:103AE0000168012040F25842C4F202029142009063
:103AF0002DD0FFE702980168012040F27042C4F225
:103B000002029142009022D0FFE702980168012052
:103B100040F28842C4F202029142009017D0FFE7BF
:103B200002980168012040F2A042C4F202029142D0
:103B300000900CD0FFE7029800684FF64831CBF6B2
:103B4000FD710844B0FA80F040090090FFE700984A
:103B5000C00740B3FFE70298007810384AF6AB215F
:103B6000CAF6AA21A0FB011000090190019800F0FB
:103B7000070149F25820C0F60100405C0299C8656F
:103B80000198042807D3FFE702990868042262F32A
:103B90000900886506E00299086840F2FF32904308
:103BA0008865FFE705E00299086820F0FF00886556
:103BB000FFE70298806D03B070470000000000002E
:103BC00084B0039003980068019003980168012075
:103BD00045F20842C5F60202914200904ED0FFE73E
:103BE00003980168012045F21C42C5F60202914289
:103BF000009043D0FFE703980168012045F230426E
:103C0000C5F602029142009038D0FFE703980168A0
:103C1000012045F24442C5F60202914200902DD0A7
:103C2000FFE703980168012045F25842C5F60202F9
:103C30009142009022D0FFE703980168012045F2ED
:103C40006C42C5F602029142009017D0FFE703983C
:103C50000168012045F28042C5F6020291420090BF
:103C60000CD0FFE7039800684AF66C31CAF2FD7188
:103C70000844B0FA80F040090090FFE70098C007C0
:103C800010B3FFE70398007808384CF6CD41CCF626
:103C9000CC41A0FB011000090290029945F60000FA
:103CA000C5F6020000EB810003990866039945F60A
:103CB0008000C5F602004866029800F01F0101204E
:103CC00088400399886635E00398007810384AF6F2
:103CD000AB21CAF6AA21A0FB0110000902900198AD
:103CE00040F2B841C4F2020188420CD8FFE70198C3
:103CF00040F21041C4F20201884204D3FFE7029867
:103D000008300290FFE7029940F60000C4F202007A
:103D100000EB810003990866039940F68000C4F225
:103D200002004866029800F01F01012088400399B4
:103D30008866FFE704B0704783B00290029800796C
:103D400001900198002800F08A80FFE70198082878
:103D500000F28580FFE702980168012045F20842E1
:103D6000C5F60202914200904ED0FFE7029801682A
:103D7000012045F21C42C5F602029142009043D058
:103D8000FFE702980168012045F23042C5F60202C1
:103D90009142009038D0FFE702980168012045F277
:103DA0004442C5F60202914200902DD0FFE70298EE
:103DB0000168012045F25842C5F602029142009086
:103DC00022D0FFE702980168012045F26C42C5F657
:103DD00002029142009017D0FFE70298016801208B
:103DE00045F28042C5F60202914200900CD0FFE7F6
:103DF000029800684AF66C31CAF2FD710844B0FAC4
:103E000080F040090090FFE70098C00780B1FFE70D
:103E1000019945F6FC00C5F6020000EB810002990D
:103E2000C866029945F64010C5F6020008670FE023
:103E3000019940F6FC00C4F2020000EB81000299F7
:103E4000C866029940F64010C4F202000867FFE716
:103E50000198411E0120884002994867FFE703B09E
:103E6000704700000000000085B0049000208DF82D
:103E70000F000498806918BBFFE70498806A0290DD
:103E800003281BD80299DFE801F0020D02180498FC
:103E900090F82F00C00720B1FFE701208DF80F0038
:103EA000FFE70CE00498C06AB0F1C07F04D1FFE7DF
:103EB00001208DF80F00FFE701E000E0FFE747E099
:103EC00004988069B0F5005F26D1FFE70498806A06
:103ED000019003281ED80199DFE801F002060211C3
:103EE00001208DF80F0016E0049890F82F00C0070D
:103EF00020B1FFE701208DF80F00FFE70BE00498E9
:103F0000C06AB0F1C07F04D1FFE701208DF80F0037
:103F1000FFE700E0FFE71AE00498806A00900328BA
:103F200004D3FFE70098032804D00EE001208DF8A9
:103F30000F000BE0049890F82F00C00720B1FFE7B6
:103F400001208DF80F00FFE700E0FFE7FFE7FFE744
:103F50009DF80F0005B0704789B008900791069250
:103F600005930898806D04900898806D03900898D8
:103F7000016801201022C4F202029142029000F076
:103F80000381FFE70898016801202822C4F2020299
:103F90009142029000F0F880FFE708980168012044
:103FA0004022C4F202029142029000F0ED80FFE74D
:103FB0000898016801205822C4F20202914202903E
:103FC00000F0E280FFE70898016801207022C4F247
:103FD00002029142029000F0D780FFE70898016842
:103FE00001208822C4F202029142029000F0CC80AB
:103FF000FFE7089801680120A022C4F20202914262
:10400000029000F0C180FFE7089801680120B82203
:10401000C4F202029142029000F0B680FFE70898D5
:104020000168012040F21042C4F202029142029063
:1040300000F0AA80FFE708980168012040F22842BA
:10404000C4F202029142029000F09E80FFE70898BD
:104050000168012040F24042C4F202029142029003
:1040600000F09280FFE708980168012040F2584272
:10407000C4F202029142029000F08680FFE70898A5
:104080000168012040F27042C4F2020291420290A3
:104090007AD0FFE708980168012040F28842C4F214
:1040A0000202914202906FD0FFE708980168012058
:1040B00040F2A042C4F202029142029064D0FFE7B3
:1040C00008980168012040F2B842C4F2020291420D
:1040D000029059D0FFE708980168012045F2084294
:1040E000C5F60202914202904ED0FFE7089801689F
:1040F000012045F21C42C5F602029142029043D0D3
:10410000FFE708980168012045F23042C5F6020237
:104110009142029038D0FFE708980168012045F2EB
:104120004442C5F60202914202902DD0FFE7089862
:104130000168012045F25842C5F602029142029000
:1041400022D0FFE708980168012045F26C42C5F6CD
:1041500002029142029017D0FFE7089801680120FF
:1041600045F28042C5F60202914202900CD0FFE770
:10417000089800684AF66C31CAF2FD710844B0FA3A
:1041800080F040090290FFE70298C00770B1FFE796
:104190000898416E806E48600898C06E28B1FFE7AD
:1041A0000898016F406F4860FFE7FFE708980168D3
:1041B00001201022C4F202029142019000F0A3807B
:1041C000FFE70898016801202822C4F20202914208
:1041D000019000F09880FFE70898016801204022D4
:1041E000C4F202029142019000F08D80FFE708982E
:1041F000016801205822C4F202029142019000F0AD
:104200008280FFE70898016801207022C4F2020250
:104210009142019077D0FFE7089801680120882239
:10422000C4F20202914201906DD0FFE70898016844
:104230000120A022C4F202029142019063D0FFE764
:10424000089801680120B822C4F20202914201904C
:1042500059D0FFE708980168012040F21042C4F2EB
:104260000202914201904ED0FFE7089801680120B8
:1042700040F22842C4F202029142019043D0FFE78B
:1042800008980168012040F24042C4F202029142C3
:10429000019038D0FFE708980168012040F25842A9
:1042A000C4F20202914201902DD0FFE70898016804
:1042B000012040F27042C4F202029142019022D0E9
:1042C000FFE708980168012040F28842C4F2020228
:1042D0009142019017D0FFE708980168012040F251
:1042E000A042C4F20202914201900CD0FFE708986C
:1042F00000684FF64831CBF6FD710844B0FA80F003
:1043000040090190FFE70198C00750B3FFE7089804
:10431000C06D00F01F013F20884004998860089814
:104320000168086820F480200860059808990968E9
:10433000486008988068402809D1FFE706980899E6
:1043400009688860079808990968C86008E00798B4
:10435000089909688860069808990968C860FFE7A5
:1043600082E008980168012045F20842C5F6020281
:10437000914200904ED0FFE708980168012045F275
:104380001C42C5F602029142009043D0FFE7089814
:104390000168012045F23042C5F6020291420090C8
:1043A00038D0FFE708980168012045F24442C5F67D
:1043B0000202914200902DD0FFE708980168012089
:1043C00045F25842C5F602029142009022D0FFE722
:1043D00008980168012045F26C42C5F6020291423C
:1043E000009017D0FFE708980168012045F280424D
:1043F000C5F60202914200900CD0FFE708980068D1
:104400004AF66C31CAF2FD710844B0FA80F04009F6
:104410000090FFE70098C00720B3FFE70898C06D41
:1044200000F01F0101208840039948600598089911
:104430000968486008988068402809D1FFE7069815
:10444000089909688860079808990968C86008E0B1
:104450000798089909688860069808990968C860EB
:10446000FFE700E0FFE7FFE709B07047000000004A
:10447000704700000000000010B58EB00DF1180C60
:10448000CDF80CC0DDF844C0DDF840C00D900C91B3
:104490000B920A930D9848B1FFE70C9830B1FFE7F3
:1044A000109818B1FFE70A9808B9FFE7AEE0039843
:1044B0009DED100AB8EE400A0D99098901EE101A17
:1044C000B8EEC11A80EE010A80ED030A90ED030AEE
:1044D000B7EE001AB4EE410AF1EE10FA04DAFFE783
:1044E0004FF07E500990FFE70020ADF82200ADF8B4
:1044F000200001218DF81F10ADF81C00FFE7BDF86A
:104500001C000D990989884280F28080FFE703989A
:10451000BDF81C1000EE101AB8EEC00A90ED031A98
:1045200020EE010ABCEEC00A80ED000A0698109940
:10453000884201D3FFE769E0002005900B9801282D
:1045400005D1FFE70C980699405C059015E00B98A3
:10455000022806D1FFE70C98069930F81100059063
:104560000AE00B98042806D1FFE70C98069950F84A
:1045700021000590FFE7FFE7FFE705980A998842C9
:1045800003D9FFE70A980590FFE70A9A0598111AE0
:104590000D9840890138C317A1FB000C01FB03C132
:1045A0000023FBF799FEADF812009DF81F0060B1E3
:1045B000FFE70D98BDF81C10BDF81220119BFDF708
:1045C000D3FC00208DF81F0011E00D98BDF82210DB
:1045D000BDF82020BDF81C30BDF812C0119CEE467D
:1045E000CEF80440CEF800C0FDF712FCFFE7BDF89E
:1045F0001C00ADF82200BDF81200ADF82000FFE766
:10460000BDF81C000130ADF81C0078E70EB010BDFD
:1046100080B582B00190019808B9FFE71CE0DDF891
:1046200004C0BCF80400BCF80610BCF80820BCF8B4
:104630000A300CF1300CEE46CEF800C0FCF7ECFD71
:104640000198303047F28031C0F20C01FBF7ADFE2B
:104650006420FCF72DFDFFE702B080BD00000000E4
:1046600080B586B084460898ADF816C0ADF8141031
:10467000ADF8122003938DF80B009DF80B00400855
:10468000ADF80800BDF808004042ADF80600FFE7AD
:10469000BDF90600BDF90810884218DCFFE7BDF837
:1046A0001600BDF81210BDF806201144BDF8142004
:1046B000039BEC46CCF800308BB21946FCF740FF68
:1046C000FFE7BDF806000130ADF80600E0E706B0F0
:1046D00080BD00000000000080B586B084460898C8
:1046E000ADF816C0ADF81410ADF8122003938DF894
:1046F0000B009DF80B004008ADF80800BDF808005D
:104700004042ADF80600FFE7BDF90600BDF908100C
:10471000884218DCFFE7BDF81600BDF80610084413
:10472000BDF81410BDF81230039AEC46CCF8002006
:1047300082B21046FCF704FFFFE7BDF80600013027
:10474000ADF80600E0E706B080BD00000000000004
:1047500081B0EFF3108072B60090FFE7FEE7000033
:1047600044F60C01C5F60201086840F0020008603A
:10477000FFE744F60400C5F6020000688004002844
:1047800001D4FFE7F5E7704780B583B0029001914F
:104790000198006800BBFFE70298006847F6FF71C8
:1047A0008843019A00925168D2F808E0D2F80CC010
:1047B000136941EA0E0141EA0C0119435369194397
:1047C00093691943D3691943136A1943526A114310
:1047D00008430299086025E00298006820F4F84038
:1047E000019AD169136A526A194311430843029925
:1047F00008600298406847F6FF718843019A516843
:10480000D2F808E0D2F80CC0136941EA0E0141EA7F
:104810000C011943536919439269114308430299E2
:104820004860FFE7002003B080BD000000000000EA
:1048300082B0019000910198406943F6FE7188436F
:10484000009940EA410001994861002002B0704798
:1048500083B0029001910092029800696FF31500F5
:10486000019A11685368D2F808C0D26819436FF0F2
:104870001F0303EB4C13194341EA422108430299F9
:104880000861002003B0704710B583B00290019119
:1048900000920098A8BBFFE70298806800F0704083
:1048A000019A11685468D2F808E0D2F80CC00139B6
:1048B0006FF00F0303EB041319436FF0FF0303EBD7
:1048C0000E2319434FF20003CFF6FF7303EB0C33B3
:1048D0001943D2F810C00023CFF6FF7303EB0C434B
:1048E0001943D2F814C00023CFF6F07303EB0C5336
:1048F00019439269013A41EA0261084302998860CA
:104900003CE00298806840F6FF71CFF60F710840D6
:104910000199CA684B694FF20001CFF6FF7101EBB4
:1049200002310022CFF6F07202EB0352114308432A
:10493000029988600298C06800F07040019A11687E
:104940005468D2F808E0D2F810C001396FF00F03B4
:1049500003EB041319436FF0FF0303EB0E2319431A
:104960000023CFF6FF7303EB0C4319439269013A1E
:1049700041EA026108430299C860FFE7002003B0E2
:1049800010BD00000000000080B5FEF789FE80BD6C
:1049900080B582B08DF807009DF8070038B1FFE7B9
:1049A0000120FEF71DF90220FEF71AF9FFE702B019
:1049B00080BD0000000000002DE9F043B9B040F2D6
:1049C0000C10C2F20140012606700BF071FF4FF08F
:1049D0007F40FCF7EDFB69464FF0FF3726970F61EC
:1049E000CE604EF28070C0F60100886048F2000090
:1049F000CFF6007020904860282008604EF28A7040
:104A0000C0F601000A2250231C9311460BF054FFFC
:104A1000014640F26800C2F201400160016842F6BE
:104A2000F110C0F60100486629A809904021FBF763
:104A3000BCFC09984EF60D11C0F601014EF21A6247
:104A4000C0F60102059213F0CDFD099869460F6189
:104A50000025CD608860FF20CFF60070069048608A
:104A600020200A9008604EF6F300C0F601001421E1
:104A70002191AA2207924FF4827308930BF08CFFC6
:104A8000059A0346099840F2F871C2F201410B60A1
:104A90000B6843F26101C0F601010B91D9654EF636
:104AA0003311C0F6010113F09DFDDDF818C0079A1F
:104AB000089BDDF824E00A9869460F61CD60C1F8D3
:104AC00008E0C1F804C008604EF60010C0F601000E
:104AD0004FF4E67123910BF05FFF0B9A1C9B219919
:104AE0008646209840F6000CC2F2014CCCF800E05B
:104AF000DCF800C0CCF85C206A461761D6604EF244
:104B0000687CC0F6010CC2F808C0506032201E90CC
:104B100010604EF26C70C0F60100D2220F920BF0C2
:104B2000CBFE0F9A1C9BDDF880C086461E9840F293
:104B30003001C2F20141C1F800E0D1F800E042F2D8
:104B40009171C0F601010D91CEF8641069460F61B4
:104B5000CE604EF6EB0EC0F6010ECDF838E0C1F88F
:104B600008E0C1F804C008604EF62F00C0F601004E
:104B70006E210C910BF0A0FE1C9BDDF880C02199EA
:104B800086461E9840F27C02C2F20142C2F800E062
:104B9000D2F800E042F28162C0F600021092CEF834
:104BA00064206A461761D6604EF6110EC0F6010EFB
:104BB000CDF844E0C2F808E0C2F804C010604EF638
:104BC0003600C0F601004FF4877212920BF074FEAB
:104BD0000C99129A1C9BDDF880E004461E9840F266
:104BE000740CC2F2014CCCF80040DCF8004042F2F8
:104BF000E93CC0F6000CCDF850C0C4F864C0EC46E7
:104C0000CCF81070CCF80C604EF62204C0F601040B
:104C10001394CCF80840CCF804E0CCF800004EF631
:104C20005F00C0F601000BF047FE149A1C9BDDF8F4
:104C300080C0219904461E9840F26C0EC2F2014ECB
:104C4000CEF80040DEF800E0CEF864206A46176136
:104C5000D6604EF6180EC0F6010ECDF854E0C2F83C
:104C600008E0C2F804C010604EF64300C0F6010030
:104C70004FF4A57216920BF01FFE0C99169A1C9B0E
:104C8000DDF880E004461E9840F2540CC2F2014C5C
:104C9000CCF80040DCF8004042F2B91CC0F6000C31
:104CA000CDF860C0C4F864C0EC46CCF81070CCF805
:104CB0000C604EF62904C0F601041794CCF80840A5
:104CC000CCF804E0CCF800004EF66D00C0F6010010
:104CD0000BF0F2FD189A1C9BDDF880C02199044668
:104CE0001E9840F24C0EC2F2014ECEF80040DEF8A3
:104CF00000E0CEF864206A461761D6604EF60D0ECD
:104D0000C0F6010ECDF864E0C2F808E0C2F804C0B5
:104D100010604EF65100C0F601004FF4C3721B92B2
:104D20000BF0CAFD0C991B9A1C9BDDF880E0044631
:104D30001E9840F2440CC2F2014CCCF80040DCF862
:104D4000004041F6C17CC0F6000CCDF87CC0C4F830
:104D500064C0EC46CCF81070CCF80C604EF61E0423
:104D6000C0F601041D94CCF80840CCF804E0CCF85F
:104D700000004EF67C00C0F601000BF09DFD0F9A7E
:104D80001C9BDDF87CC0239904461E9840F23C0E23
:104D9000C2F2014ECEF80040DEF800E0CEF864C06A
:104DA000EC46CCF81070CCF80C604EF2747EC0F675
:104DB000010ECCF808E00024CFF6FF74CCF80440D4
:104DC000CCF800004EF27870C0F601000BF074FDD4
:104DD0000D99DDF838C00F9A1C9B80461E9840F252
:104DE000380EC2F2014ECEF80080DEF800E0CEF8B8
:104DF000641069460F61CE60C1F808C04C6008605D
:104E00004EF68B00C0F6010040F226211A910BF0FD
:104E100053FDDDF840C0129A1C9B2399DDF844E055
:104E200081461E9840F28008C2F20148C8F80090FE
:104E3000D8F80080C8F864C0EC46CCF81070CCF804
:104E40000C60CCF808E0CCF80440CCF800004EF63A
:104E50009200C0F601000BF02FFD129ADDF850C051
:104E60001A991C9BDDF84CE081461E9840F27808A8
:104E7000C2F20148C8F80090D8F80080C8F864C0B1
:104E8000EC46CCF81070CCF80C60CCF808E0CCF80C
:104E90000440CCF800004EF6BB00C0F601000BF059
:104EA0000BFDDDF850C0169A1C9B2399DDF854E0E9
:104EB00081461E9840F27008C2F20148C8F800907E
:104EC000D8F80080C8F864C0EC46CCF81070CCF874
:104ED0000C60CCF808E0CCF80440CCF800004EF6AA
:104EE0009F00C0F601000BF0E7FC169ADDF860C0E9
:104EF0001A991C9BDDF85CE081461E9840F2580828
:104F0000C2F20148C8F80090D8F80080C8F864C020
:104F1000EC46CCF81070CCF80C60CCF808E0CCF87B
:104F20000440CCF800004EF6C900C0F601000BF0BA
:104F3000C3FCDDF860C01B9A1C9B2399DDF864E07C
:104F400081461E9840F25008C2F20148C8F800900D
:104F5000D8F80080C8F864C0EC46CCF81070CCF8E3
:104F60000C60CCF808E0CCF80440CCF800004EF619
:104F7000AD00C0F601000BF09FFC1A991B9A1C9B18
:104F8000DDF87CC0DDF874E081461E9840F24808E8
:104F9000C2F20148C8F80090D8F80080C8F864C090
:104FA000EC46CCF81070CCF80C60CCF808E0CCF8EB
:104FB0000440CCF800004EF6D800C0F601000BF01B
:104FC0007BFC1F9A209B21998646269840F2400C34
:104FD000C2F2014CCCF800E0DCF800C0CCF8642050
:104FE0006A4603261661D560936050606420229063
:104FF000106040F21010C2F2014027903C2224922F
:10500000F0232593FEF7ACFA22982399249A259B46
:10501000DDF898E0EC46CCF81060CCF80C50CCF8F9
:105020000840CCF804E0CCF8000040F23C10C2F29A
:1050300001402890FEF794FA279890F828100EF077
:105040006FFA289890F828100EF06AFA0BF08CFD91
:1050500039B0BDE8F083000080B584B0ADF80E0033
:1050600002918DF807200FF0A7FCBA200FF03CFD4D
:105070009DF80F000FF038FD9DF80E000FF034FD85
:105080000FF0C2FC0FF098FCBB200FF02DFD0020AC
:105090008DF80600FFE79DF806009DF8071088428E
:1050A00015DAFFE79DF806009DF807100139401A50
:1050B00018BF01200FF008FC02999DF806208854C3
:1050C000FFE79DF8060001308DF80600E3E70FF0DA
:1050D0009BFC04B080BD000080B58EB0002006901F
:1050E0000D900C900B900A90099008200190099067
:1050F000012004900A9041F60000C5F602000790D6
:1051000009A9089105F044FA069A41F60040C5F64F
:10511000020002901021039105F036FC0199069AD5
:10512000079805F031FC0A20059005F065F9029812
:105130000399049A05F028FC059805F05DF9069A94
:10514000079808990A920B9205F022FA322005F08E
:1051500053F90EB080BD000080B58CB000208DF8F2
:10516000050048F24E100DF12E010122FFF774FFE9
:105170009DF82E000006002804D4FFE700208DF8DB
:105180002F0075E09DF82E0000F00F008DF8040050
:105190009DF80400012855DBFFE79DF80400052871
:1051A00050DCFFE79DF80400C000C2B248F24F1087
:1051B0000DF10601FFF750FF9DF8040040F2D47195
:1051C000C2F20141087000208DF80300FFE79DF84E
:1051D00003009DF80410884230DAFFE79DF80330A1
:1051E0000DF1060000EBC3025178927841EA0222E9
:1051F00040F2D471C2F2014101EB43035A809DF8A1
:10520000033000EBC30C9CF803209CF804C042EA76
:105210000C2201EB43039A819DF8032000EBC203AB
:1052200058799B7940EA032001EB4201C882FFE7ED
:105230009DF8030001308DF80300C8E701208DF8C8
:10524000050006E040F2D471C2F20141002008706E
:10525000FFE700208DF8020048F24E100DF1020128
:10526000012200F009F89DF805008DF82F00FFE7F6
:105270009DF82F000CB080BD80B584B0ADF80E0055
:1052800002918DF807200FF097FBBA200FF02CFC4D
:105290009DF80F000FF028FC9DF80E000FF024FC85
:1052A00000208DF80600FFE79DF806009DF8071026
:1052B00088420DDAFFE702989DF80610405C0FF077
:1052C00013FCFFE79DF8060001308DF80600EBE7C0
:1052D0000FF09AFB04B080BD80B582B08DF8060057
:1052E0008DF805109DF8060000F04EF88DF80400CA
:1052F0009DF90400B0F1FF3F04DCFFE700208DF8CA
:10530000070029E09DF8050070B9FFE79DF904004A
:1053100000EB400140F2BC00C2F2014000EB810012
:10532000007A8DF8070017E09DF8050001280ED1DE
:10533000FFE79DF9040000EB400140F2BC00C2F21F
:10534000014000EB8100407A8DF8070004E0FFE7A0
:1053500000208DF80700FFE79DF8070002B080BD30
:1053600081B08DF803009DF8032040F26811C2F26D
:10537000014140F2CC10C2F20140012A08BF0846A8
:1053800001B070470000000081B08DF802009DF868
:105390000200012809D0FFE79DF80200022804D08E
:1053A000FFE7FF208DF8030005E09DF802000138BB
:1053B0008DF80300FFE79DF9030001B0704700007E
:1053C00081B08DF802009DF80200012809D0FFE7A6
:1053D0009DF80200022804D0FFE7FF208DF80300AB
:1053E00005E09DF8020001388DF80300FFE79DF904
:1053F000030001B07047000083B08DF807008DF8FE
:1054000006109DF80700202805DBFFE79DF8070040
:105410007F2803DBFFE70020029024E09DF80600D0
:105420000146009180B1FFE70098012818D1FFE7FD
:105430009DF807104CF66000C0F6010000EB8110EB
:10544000A0F5006002900EE09DF807104EF22000DB
:10545000C0F6010000EB0110A0F50070029002E020
:1054600000200290FFE7029803B0704700000000A0
:1054700083B002900298C0F500600190019818B1C5
:10548000FFE70198009002E000200090FFE70098FD
:1054900003B070470000000081B08DF803009DF854
:1054A0000300013818BF0120000101B0704700005F
:1054B00080B582B08DF807009DF80700FFF780FFE8
:1054C0008DF806009DF9060000280DD4FFE79DF930
:1054D000060041F60002C3F20002D82110FB0120B1
:1054E00090F8C900009002E000200090FFE70098CB
:1054F000C0B202B080BD000080B582B08DF8070058
:105500009DF80700FFF75CFF8DF806009DF9060087
:1055100000280DD4FFE79DF9060041F60002C3F212
:105520000002D82110FB0120D0F8CC00009002E04E
:1055300000200090FFE7009802B080BD000000004E
:1055400080B582B08DF807009DF80700FFF738FF9F
:105550008DF806009DF9060000280ED4FFE79DF99E
:10556000060041F60002C3F20002D82110FB012020
:1055700090ED340A8DED000A04E09FED040A8DEDF4
:10558000000AFFE79DED000A02B080BD00000000A8
:1055900080B582B08DF807009DF80700FFF7F4FE94
:1055A0008DF806009DF9060000280FD4FFE79DF94D
:1055B000060000EB400140F2D400C2F2014000EBD3
:1055C000810090ED000A8DED000A04E09FED040AD1
:1055D0008DED000AFFE79DED000A02B080BD00BF1F
:1055E000000000000000000080B582B08DF80700C8
:1055F0009DF80700FFF7C8FE8DF806009DF906002C
:1056000000280FD4FFE79DF9060000EB400140F2AF
:10561000D400C2F2014000EB810090ED010A8DED53
:10562000000A04E09FED040A8DED000AFFE79DEDFE
:10563000000A02B080BD00BF0000000000000000B2
:1056400080B582B08DF807009DF80700FFF79CFE3B
:105650008DF806009DF9060000280AD4FFE79DF9A1
:10566000061040F60000C3F2000000EBC1200090DD
:1056700002E000200090FFE7009802B080BD00002B
:1056800080B586B002AB009303460098ADF81630A3
:10569000ADF81410ADF81220BDF8161000EE101A77
:1056A000B8EE400ABDF81410013901EE101AB8EE38
:1056B000C11A80EE010A80ED010A90ED010A30EE78
:1056C000000A9FED151A20EE010A12F0B3FF0098B0
:1056D000B0EE401AB7EE000A31EE001AB0EE002A22
:1056E00081EE021A80ED001A90ED001A30EE410AA8
:1056F000BDF81200013801EE100AB8EEC11A20EE12
:10570000010ABCEEC00A10EE100AADF80600BDF8A2
:10571000060006B080BD00BFD00F49400000000069
:1057200082B08DF803009DF80300012807D1FFE740
:1057300040F28400C2F20140006801900FE09DF841
:105740000300022807D1FFE740F28C00C2F20140BB
:105750000068019003E0FFE700200190FFE7019857
:1057600002B070470000000080B582B08DF80700DD
:105770009DF80700FFF708FE8DF806009DF906006A
:1057800000280DD4FFE79DF9060000EB400140F230
:10579000D400C2F2014000EB8100007A009002E0E8
:1057A00000200090FFE70098C0B202B080BD00006A
:1057B00080B586B004900391029200200090FFE72C
:1057C000049890F85000012804D1FFE702208DF8DA
:1057D00017005BE00499012081F85000FFE7FFE724
:1057E0000498FBF7EDFA8DF807009DF80700E0BB81
:1057F000FFE70498406D40F0020020F488500499BF
:105800004865049800680399029A0BF03DFCFFE795
:10581000049800680BF0D0FAF0B1FFE7009801306F
:10582000009000984FF60001C2F2C351884212D393
:10583000FFE70498406D40F0100020F0020004994A
:105840004865FFE70499002081F85000FFE7012038
:105850008DF817001AE0DBE70498406D40F0010076
:1058600020F002000499486505E00499486D40F075
:1058700010004865FFE7FFE70499002081F8500019
:10588000FFE79DF807008DF81700FFE79DF8170068
:1058900006B080BD0000000080B5A6B02490239122
:1058A00000208DF88B002398006808B1FFE7FFE720
:1058B000FFE7249890F85000012804D1FFE7022068
:1058C0008DF897002DE12499012081F85000FFE721
:1058D000FFE700201D901E902498006842F200010E
:1058E000C4F20201884206D1FFE742F20010C4F27E
:1058F0000200089002E000200890FFE7089878B9BD
:10590000FFE72499486D40F020004865FFE724999F
:10591000002081F85000FFE701208DF8970000E19A
:1059200008980BF081FA0790249800680BF07CFA35
:10593000002840F0E280FFE70798002840F0DD8073
:10594000FFE724980168012042F20002C4F202023B
:10595000914206900CD0FFE7249800684DF6007144
:10596000CBF6FD710844B0FA80F040090690FFE7DD
:105970000698C10746F20030C5F6020000291CBF98
:1059800042F20030C4F202002190239800680028FF
:105990005ED0FFE72198806820F440402399496851
:1059A00008432199886024980168012042F200028E
:1059B000C4F20202914205900CD0FFE724980068DF
:1059C0004DF60071CBF6FD710844B0FA80F0400945
:1059D0000590FFE70598C10746F20030C5F60200C2
:1059E00000291CBF42F20030C4F2020042F2003132
:1059F000C4F20201884212D1FFE742F20000C4F271
:105A000002000BF0F9F9039042F20010C4F2020018
:105A10000BF0F2F9014603980843049007E046F2C0
:105A20000000C5F602000BF0E7F90490FFE70498C8
:105A300068B9FFE72198806840F61F718843239A70
:105A4000116892681143084321998860FFE753E089
:105A50002199886820F440408860249801680120DA
:105A600042F20002C4F20202914202900CD0FFE71F
:105A7000249800684DF60071CBF6FD710844B0FA29
:105A800080F040090290FFE70298C10746F200301B
:105A9000C5F6020000291CBF42F20030C4F2020029
:105AA00042F20031C4F20201884212D1FFE742F211
:105AB0000000C4F202000BF09FF9009042F20010C7
:105AC000C4F202000BF098F90146009808430190D7
:105AD00007E046F20000C5F602000BF08DF90190D8
:105AE000FFE7019838B9FFE72199886840F61F72EF
:105AF00090438860FFE7FFE708E02499486D40F095
:105B00002000486501208DF88B00FFE7FFE724990E
:105B1000002081F85000FFE79DF88B008DF897007A
:105B2000FFE79DF8970026B080BD00000000000050
:105B300080B5AAB02690259100208DF89300219081
:105B4000269890F83800012801D1FFE700E0FFE730
:105B50002598C0680021C4F2FF71884201D0FFE798
:105B60001EE02698006842F20001C4F20201884259
:105B700001D1FFE7FFE72698006842F20011C4F266
:105B80000201884201D1FFE7FFE72698006846F24C
:105B90000001C5F60201884201D1FFE7FFE7FFE7F8
:105BA000FFE7269890F85000012804D1FFE7022073
:105BB0008DF89F00F1E32699012081F85000FFE75E
:105BC000FFE7269800680BF027F9002840F0D18302
:105BD000FFE72598C078000600282DD4FFE7259818
:105BE0000068000330B9FFE725980068C0F38460BF
:105BF0001E9015E02598006890FAA0F0289028984B
:105C000020B9FFE720208DF8A70005E02898B0FA1A
:105C100080F08DF8A700FFE79DF8A7001E90FFE732
:105C20001E9800F01F01012000FA01F22698016879
:105C3000C8691043C861FFE72698006825990A687B
:105C400049680BF015F9269800680BF0E5F82090EC
:105C5000269800680BF098F81F902098002840F0D4
:105C6000B580FFE71F98002840F0B080FFE7269836
:105C70000068259A116892680BF06AF941F20000F9
:105C8000C5F60040006800F07040B0F1805F0BD1B5
:105C9000FFE72598406926990968C96801F01C0149
:105CA000490888401D901FE026980068C068C0061B
:105CB00000280BD4FFE72598406926990968C96830
:105CC00001F01C01490888401C900AE025984069B1
:105CD00026990968C96801F01001490888401C909C
:105CE000FFE71C981D90FFE71D98239025980069F9
:105CF000042821D0FFE72698006825990A680969D9
:105D0000239B0BF091F926980068259A1169527E21
:105D1000013AB2FA82F25209D2070BF0A1F92698A1
:105D20000068259A1169127E013AB2FA82F252098C
:105D3000D2020BF065F948E026980068006E00F08A
:105D4000F84025990968B0EB816F07D1FFE72698E5
:105D50000168086E20F000400866FFE7269800689A
:105D6000406E00F0F84025990968B0EB816F07D1CB
:105D7000FFE726980168486E20F000404866FFE77C
:105D800026980068806E00F0F84025990968B0EB0D
:105D9000816F07D1FFE726980168886E20F00040E8
:105DA0008866FFE726980068C06E00F0F8402599E5
:105DB0000968B0EB816F07D1FFE726980168C86ECC
:105DC00020F00040C866FFE7FFE7FFE7269800687D
:105DD0000BF00AF8002840F0CB82FFE72698006815
:105DE000259A1168D2680BF0CFF82598C068002179
:105DF000C4F2FF71884240F05781FFE7269800689F
:105E00001B9042F20001C4F20201884240F0A480DB
:105E1000FFE7259800680221C0F23041884203D193
:105E2000FFE701201A9094E0259800680421C0F64D
:105E30006001884205D1FFE74020C1F6201019908B
:105E400084E0259800680821C0F69041884205D179
:105E5000FFE78020C1F65050189074E02598006844
:105E60001021C1F2C001884206D1FFE740F20010C4
:105E7000C2F28010179063E0259800682021C1F2DB
:105E8000F041884206D1FFE740F20020C2F2B05054
:105E9000169052E02598006840F20041C2F60021B9
:105EA000884206D1FFE740F60000C2F63060159048
:105EB00040E02598006840F60001C2F63061884253
:105EC00006D1FFE741F20000C3F2602014902EE0FB
:105ED0002598006841F20001C3F26021884206D192
:105EE000FFE742F20000C3F2906013901CE0259897
:105EF00000680021C4F22131884205D1FFE700206B
:105F0000C4F2527012900CE0259801680022C4F689
:105F100084320020914204BF0020C4F6B870129071
:105F2000FFE712981390FFE713981490FFE7149877
:105F30001590FFE715981690FFE716981790FFE762
:105F400017981890FFE718981990FFE719981A907A
:105F5000FFE71A981190A2E02698006842F200111B
:105F6000C4F20201884240F09480FFE7259800685F
:105F70000221C0F23041884203D1FFE70120109096
:105F800084E0259800680421C0F66001884205D1AC
:105F9000FFE74020C1F620100F9074E025980068BC
:105FA0000821C0F69041884205D1FFE78020C1F664
:105FB00050500E9064E0259800681021C1F2C00195
:105FC000884206D1FFE740F20010C2F280100D9027
:105FD00053E0259800682021C1F2F041884206D1A3
:105FE000FFE740F20020C2F2B0500C9042E025984A
:105FF000006840F20041C2F60021884206D1FFE766
:1060000040F60000C2F630600B9030E02598006842
:1060100040F60001C2F63061884206D1FFE741F246
:106020000000C3F260200A901EE02598006841F24B
:106030000001C3F26021884206D1FFE742F200006E
:10604000C3F2906009900CE0259801680022C4F624
:1060500084320020914204BF0020C4F6B870099039
:10606000FFE709980A90FFE70A980B90FFE70B9863
:106070000C90FFE70C980D90FFE70D980E90FFE74E
:106080000E980F90FFE70F981090FFE71098089078
:1060900002E000200890FFE708981190FFE71B98A6
:1060A00011990AF025FFFFE72598C078000600281F
:1060B00040F15D81FFE726980168012042F200026D
:1060C000C4F20202914207900CD0FFE726980068C4
:1060D0004DF60071CBF6FD710844B0FA80F040092E
:1060E0000790FFE70798C10746F20030C5F60200A7
:1060F00000291CBF42F20030C4F202000AF034FE54
:106100002290269801684FF0010042F20002C4F28A
:106110000202914206900CD0FFE7269800684DF6E7
:106120000071CBF6FD710844B0FA80F0400906908A
:10613000FFE70698C10746F20030C5F602000029C5
:106140001CBF42F20030C4F2020042F20031C4F23D
:106150000201884212D1FFE742F20000C4F20200BD
:106160000AF042FE049042F20010C4F202000AF06B
:106170003BFE014604980843059007E046F2000004
:10618000C5F602000AF030FE0590FFE705980028EA
:1061900040F0E380FFE7259800680021CCF68431C9
:1061A000884255D1FFE79DF88A00000600284FD4A9
:1061B000FFE72698006846F20001C5F60201884212
:1061C00045D1FFE726980168012042F20002C4F29F
:1061D0000202914203900CD0FFE7269800684DF62A
:1061E0000071CBF6FD710844B0FA80F040090390CD
:1061F000FFE70398C10746F20030C5F60200002908
:106200001CBF42F20030C4F20200229941F40001A6
:106210000AF0E6FE40F20C00C2F2014000684FEACC
:10622000901042F66351C0F23E51A0FB01104FEABC
:1062300090114FF0020000EB41002190FFE7219800
:1062400020B1FFE7219801382190F8E7FFE783E0CC
:10625000259800680021CCF25271884238D1FFE7BE
:106260009DF88B00C00798BBFFE72698006846F2B0
:106270000001C5F60201884229D1FFE7269801688E
:10628000012042F20002C4F20202914202900CD0BC
:10629000FFE7269800684DF60071CBF6FD710844C3
:1062A000B0FA80F040090290FFE70298C10746F279
:1062B0000030C5F6020000291CBF42F20030C4F2D3
:1062C0000200229941F080710AF08AFEFFE742E065
:1062D000259800680021CCF6B871884239D1FFE7D3
:1062E0009DF88A004006002833D4FFE7269800680E
:1062F00046F20001C5F60201884229D1FFE726983F
:106300000168012042F20002C4F2020291420190AF
:106310000CD0FFE7269800684DF60071CBF6FD71B2
:106320000844B0FA80F040090190FFE70198C107E6
:1063300046F20030C5F6020000291CBF42F20030D0
:10634000C4F20200229941F480010AF049FEFFE7FD
:1063500000E0FFE7FFE7FFE708E02699486D40F01F
:106360002000486501208DF89300FFE7FFE7FFE775
:1063700008E02699486D40F02000486501208DF81E
:106380009300FFE7FFE72699002081F85000FFE720
:106390009DF893008DF89F00FFE79DF89F002AB0BD
:1063A00080BD00000000000080B582B0019001981F
:1063B00040F26811C2F20141884207D1FFE7012093
:1063C0004FF400721146FCF783FE0FE0019840F293
:1063D000CC11C2F20141884207D1FFE702204FF4FD
:1063E00000721146FCF774FEFFE7FFE702B080BDC4
:1063F00080B582B00190019840F26811C2F201416B
:10640000884207D1FFE7012000214FF40072FCF71A
:106410005FFE0FE0019840F2CC11C2F201418842C8
:1064200007D1FFE7022000214FF40072FCF750FE75
:10643000FFE7FFE702B080BD81B0009001B0704778
:1064400010B58CB00A9000208DF8270006900A98AD
:1064500020B9FFE701208DF82F00D1E10A98C0682C
:1064600038B1FFE70A98007F012801D1FFE7FFE775
:10647000FFE70A98406D50B9FFE70A9800F0C4F9A9
:106480000A99002088650A9981F85000FFE70A9868
:1064900000680AF099FC28B1FFE70A9800680AF042
:1064A00037FCFFE70A9800680AF0AEFCE8B9FFE79E
:1064B0000A9800680AF048FC40F20C00C2F2014061
:1064C0000068800942F66351C0F23E51A0FB010111
:1064D000012000EB91100690FFE7069820B1FFE73E
:1064E000069801380690F8E7FFE70A9800680AF076
:1064F0008BFC70B9FFE70A99486D40F010004865C1
:106500000A99886D40F00100886501208DF8270008
:10651000FFE70A9800680AF07FFC07900A98406D30
:10652000C006002800F15E81FFE70798002840F0D0
:106530005981FFE70A98406D40F0020020F4807016
:106540000A9948650A9800680AF04EFC002870D144
:10655000FFE70A980168012042F20002C4F2020239
:10656000914203900CD0FFE70A9800684DF6007145
:10657000CBF6FD710844B0FA80F040090390FFE7C4
:106580000398C10746F20030C5F6020000291CBF7F
:1065900042F20030C4F2020042F20031C4F20201C1
:1065A000884212D1FFE742F20000C4F202000AF072
:1065B0001BFC019042F20010C4F202000AF014FC2D
:1065C000014601980843029007E046F20000C5F634
:1065D00002000AF009FC0290FFE7029840BBFFE7C7
:1065E0000A980168012042F20002C4F202029142BC
:1065F00000900CD0FFE70A9800684DF60071CBF6CA
:10660000FD710844B0FA80F040090090FFE700985F
:10661000C10746F20030C5F6020000291CBF42F255
:106620000030C4F202000A9949680AF0C9FCFFE789
:10663000FFE704F0C1F941F20401884213D3FFE7F8
:106640000A98806810280ED1FFE70A994A7D086BE6
:1066500040EA42308A681043097F40EA014040F036
:106660000C0008900BE00A994A7D086B40EA423022
:106670008A681043097F40EA01400890FFE70A98C2
:10668000007F01280BD1FFE70A98016A0020CFF6AE
:10669000FE7000EB4141089808430890FFE70A9814
:1066A000406A50B1FFE70A99486A896A00F4787035
:1066B0000143089808430890FFE70A980068C068FB
:1066C0004CF20301CFF6F0710840089908430A998B
:1066D0000968C8600A9800680AF09EFB05900A984D
:1066E00000680AF051FB04900598002859D1FFE793
:1066F0000498002855D1FFE70A98017DC06A40EA56
:10670000813008900A980068C06844F20301884309
:10671000089908430A990968C8600A9890F83800EF
:10672000012829D1FFE70A98406A20B1FFE70A98BB
:10673000806A08B9FFE7FFE70A98006800694FF62A
:106740001E01CFF6004100EA01020A9B1968DC6BCA
:10675000D3F840E0D3F844C00020CFF6FF7000EB40
:10676000044040EA0E0040EA0C009B6C18431043C2
:1067700040F00100086106E00A980168086920F00D
:1067800001000861FFE70A980068006920F0704086
:106790000A9A1168526B104308610A98FAF7A8F830
:1067A000FFE70A98C06801280CD1FFE70A98006843
:1067B000006B20F00F000A9A11689269013A1043A9
:1067C000086306E00A980168086B20F00F00086370
:1067D000FFE70A98406D40F0010020F002000A999E
:1067E000486508E00A99486D40F0100048650120AE
:1067F0008DF82700FFE79DF827008DF82F00FFE7B1
:106800009DF82F000CB010BD80B58EB00D9000200B
:106810000C900B900A90099008900D98006842F235
:106820000001C4F20201884261D1FFE740F2280072
:10683000C2F201400168013101600068012810D1F5
:10684000FFE7FFE744F2D840C5F60200016841F0D7
:1068500020010160006800F0200007900798FFE722
:10686000FFE7FFE744F2E040C5F60200016841F0AF
:1068700001010160006800F0010006900698FFE742
:106880000120089003200990002002900A90002027
:10689000C5F6020008A903F07BFE029940F2AC2085
:1068A000C2F2014003901022C4F2020202600922E7
:1068B00042608160C1604FF4806202614161816128
:1068C0004FF48072C2610162416202F05DFD18B155
:1068D000FFE7FDF73DFFFFE7FFE70D9840F2AC2132
:1068E000C2F20141C1640D988863FFE76BE00D9827
:1068F000006842F20011C4F20201884262D1FFE74F
:1069000040F22800C2F201400168013101600068D4
:10691000012810D1FFE7FFE744F2D840C5F6020096
:10692000016841F020010160006800F0200005903E
:106930000598FFE7FFE7FFE744F2E040C5F60200F5
:10694000016841F004010160006800F00400049057
:106950000498FFE70220089003200990002000908F
:106960000A9040F60000C5F6020008A903F010FEE8
:10697000009940F22430C2F2014001902822C4F272
:10698000020202600A2242608160C1604FF48062AC
:106990000261416181614FF48072C26101624162B2
:1069A00002F0F2FC18B1FFE7FDF7D2FEFFE7FFE7C8
:1069B0000D9840F22431C2F20141C1640D98886300
:1069C000FFE7FFE7FFE70EB080BD0000000000001A
:1069D00080B588B006900591049206980168012060
:1069E00042F20002C4F20202914201900CD0FFE791
:1069F000069800684DF60071CBF6FD710844B0FAB8
:106A000080F040090190FFE70198C10746F200308D
:106A1000C5F6020000291CBF42F20030C4F2020099
:106A20000AF0AAF90290069800680AF0F5F9002821
:106A300040F0AF80FFE7FFE7069890F8500001288C
:106A400004D1FFE702208DF81F00ABE0069901207A
:106A500081F85000FFE7FFE7029848B1FFE702988E
:106A6000052805D0FFE70298092840F08780FFE756
:106A70000698FAF709FA8DF80F009DF80F00002824
:106A800074D1FFE70698406D40F4807040F60161D4
:106A90008843069948650698006842F20011C4F2DE
:106AA0000201884206D1FFE742F20000C4F2020070
:106AB000009003E0069800680090FFE700980699B0
:106AC0000968884203D0FFE7029830B9FFE70699CA
:106AD000486D20F480104865FFE70698406DC004BB
:106AE000002806D5FFE70699886D20F00600886526
:106AF00003E0069900208865FFE70698C16C40F620
:106B0000A140C0F60000C8630698C16C40F6A950C9
:106B1000C0F6000008640698C16C40F67950C0F6D3
:106B20000000C864069801681C200860FFE7069909
:106B3000002081F85000FFE706980168486840F09F
:106B40001000486006990868C96A0AF081F9069839
:106B50000168C06C4031059A049B03F0C9F88DF8B8
:106B60000F00069800680AF0A3F906E0FFE706990F
:106B7000002081F85000FFE7FFE709E001208DF8D1
:106B80000F00FFE70699002081F85000FFE7FFE7BC
:106B900003E002208DF80F00FFE79DF80F008DF84D
:106BA0001F00FFE79DF81F0008B080BD0000000037
:106BB00080B584B00290FFE7029890F85000012859
:106BC00004D1FFE702208DF80F005DE0029901205B
:106BD00081F85000FFE7FFE702980321F9F794FFDF
:106BE0008DF807009DF80700002842D1FFE70298C2
:106BF0000068C06820F0030002990968C860029824
:106C0000C06C90F83500022811D1FFE70298C06CE3
:106C100000F01EFE8DF807009DF8070030B1FFE779
:106C20000299486D40F040004865FFE7FFE7029891
:106C30000168486820F0100048609DF8070030B9EE
:106C4000FFE70298FAF7BCF88DF8070003E0029816
:106C5000FAF7B6F8FFE79DF8070048B9FFE7029892
:106C6000406D40F0010020F4885002994865FFE72C
:106C7000FFE7FFE70299002081F85000FFE79DF849
:106C800007008DF80F00FFE79DF80F0004B080BDEE
:106C900081B0009001B0704781B0009001B07047A2
:106CA00081B0009001B0704780B58AB0089007911C
:106CB000069200208DF81700089818B1FFE7079892
:106CC00020B9FFE701208DF8270049E10798006906
:106CD000012801D1FFE7FFE707980068042801D1E8
:106CE000FFE706E007988068022801D1FFE7FFE789
:106CF000FFE7FFE708984079012804D1FFE7022069
:106D00008DF827002CE1089901204871FFE7FFE783
:106D10000899022008710798006804287ED1FFE7CF
:106D200003F052FE0290069878BBFFE7FFE7089851
:106D30000068406B48F20001C2F2000108421ED018
:106D4000FFE703F041FE0299401A022816D3FFE73D
:106D500008980068406B48F20001C2F20001084246
:106D60000BD0FFE70899086940F00800086108990E
:106D7000032008718DF82700F2E0FFE7D7E70798B6
:106D8000806908990968086426E0FFE708980068A8
:106D9000406BC00FD0B1FFE703F016FE0299401A16
:106DA000022812D3FFE708980068406BC00F58B163
:106DB000FFE70899086940F0080008610899032076
:106DC00008718DF82700CBE0FFE7DFE707988069BF
:106DD000089909684864FFE708980068806C06997C
:106DE00001F0100240F2FF31914088430799C969D0
:106DF0009140084308990968886408980068C06C45
:106E0000069901F01002FF21914088430799096A11
:106E10009140084308990968C864FFE7079800692A
:106E200001281ED1FFE708980068806B049006983F
:106E300000F010011F2000FA01F10498884304902B
:106E40000798406903900398069901F0100100FA31
:106E500001F104980843049004980899096888632C
:106E6000FFE708980068C06B0490069800F01001D6
:106E7000072000FA01F10498884304900798C0683D
:106E8000012803D1FFE70020019013E00798C068B4
:106E9000022803D1FFE7012001900AE007988068EB
:106EA00018B9FFE70120019002E000200190FFE700
:106EB000FFE7FFE7079908688968084301990843D5
:106EC00003900398069901F0100100FA01F104986B
:106ED00008430490049808990968C863069800F06C
:106EE00010014FF4804000FA01F208980168086828
:106EF000904308600898006800680490069800F0C5
:106F0000100140F6FE7000FA01F1049888430490E5
:106F10000798406803900398069901F0100100FA61
:106F200001F10498084304900498089909680860DE
:106F3000069800F01001C02000FA01F208980168DC
:106F4000086890430860089901200871FFE70899D4
:106F500000204871FFE79DF817008DF82700FFE734
:106F60009DF827000AB080BD81B0009001B0704745
:106F700081B0009001B0704781B0009001B07047BF
:106F800080B582B00090009820B9FFE701208DF80D
:106F9000070016E00098007938B9FFE70099002053
:106FA0004871009800F014F8FFE70099022008717A
:106FB000009900200861009A012111718DF80700E5
:106FC000FFE79DF8070002B080BD00000000000050
:106FD00080B58CB00B9000200A9009900890079023
:106FE00006900B98006847F20041C4F20001884205
:106FF00040F08980FFE7FFE744F2E840C5F6020071
:10700000016841F000510160006800F000500590F7
:107010000598FFE7FFE744F2E040C5F6020001688B
:1070200041F001010160006800F001000490049843
:10703000FFE7302006900320079000200290089080
:107040000020C5F6020006A903F0A2FA029940F258
:107050009C30C2F2014003904022C4F2020202605E
:107060004322426040228260C1604FF4806202612C
:107070004FF4006242614FF4005282614FF480721B
:10708000C2610162416202F07FF918B1FFE7FDF7CA
:107090005FFBFFE7FFE70B9840F29C31C2F2014132
:1070A00081600B988863FFE740F21440C2F2014010
:1070B00001905821C4F20201016044214160402145
:1070C00081600021C1604FF4806202614FF4006270
:1070D00042614FF4005282614FF48072C2610162DA
:1070E000416202F051F918B1FFE7FDF731FBFFE70C
:1070F000FFE70B9840F21441C2F20141C1600B98C6
:107100008863FFE7FFE70CB080BD000000000000CF
:1071100080B58AB0DDF830C00890079106920593DB
:10712000089820B9FFE701208DF82700BDE0FFE7B0
:1071300008984079012804D1FFE702208DF8270044
:10714000B3E0089901204871FFE7FFE708990220A2
:107150000871079898BBFFE70898816843F2E150EF
:10716000C0F60000C8630898816843F27160C0F6F9
:10717000000008640898816843F22160C0F60000AE
:10718000C86408980168086840F4805008600C984A
:10719000029020B1FFE70298042805D009E0089882
:1071A00000680830039009E0089800680C300390EC
:1071B00004E00898006810300390FFE732E0089878
:1071C000C16843F20160C0F60000C8630898C16856
:1071D00043F28960C0F6000008640898C16843F271
:1071E0004960C0F60000C86408980168086840F06B
:1071F000805008600C98019020B1FFE701980428A6
:1072000005D009E0089800681430039009E0089858
:1072100000681830039004E0089800681C30039060
:10722000FFE7FFE7079880B9FFE70898016808685B
:1072300040F400500860089880680699039A059BFE
:1072400002F056FD8DF813000FE0089801680868F9
:1072500040F0005008600898C0680699039A059BA2
:1072600002F046FD8DF81300FFE7FFE708990020C4
:107270004871FFE79DF8130060B9FFE7079800F039
:107280001001012000FA01F2089801680868104313
:10729000086005E00899086940F004000861FFE70C
:1072A0009DF813008DF82700FFE79DF827000AB02E
:1072B00080BD00000000000080B584B00290019104
:1072C000029820B9FFE701208DF80F0036E0019801
:1072D00000F010014FF4805000FA01F202980168AA
:1072E000086890430860019800F01001012000FA3E
:1072F00001F202980168086890430860019858B943
:10730000FFE70298806800F0A3FA02980168086815
:1073100020F4005008600AE00298C06800F098FA73
:1073200002980168086820F000500860FFE70299A1
:107330000120087100208DF80F00FFE79DF80F0075
:1073400004B080BD0000000086B004900391049852
:107350004068B0F5403F06D0FFE70498406808B1A8
:10736000FFE7FFE7FFE7039801280BD1FFE7049849
:107370000399C1EBC10100EB8100C06A0B2801D168
:10738000FFE7FFE7FFE7049890F86000012804D1C9
:10739000FFE702208DF817009EE00499012081F894
:1073A0006000FFE7FFE70499022081F8610004987C
:1073B0000399C1EBC10100EB8100283002900299D2
:1073C00048688B680A69496940EA034040EA02500C
:1073D00040EA415000900F20CFF6337001900298A0
:1073E00040680A2805D0FFE702984068092807D1BD
:1073F000FFE70298C17B009840EA0160009006E038
:107400000298C168009840EA01600090FFE7039885
:1074100010BBFFE704980068406A0199884300990F
:107420000843049909684862029800680499096849
:107430008861029840680A2805D0FFE702984068F2
:10744000092808D1FFE70298C06820F07F4004991E
:1074500009688862FFE731E0029840680B280BD189
:10746000FFE702988169009840EA81400090019806
:1074700040F440200190FFE704980068C06901993A
:1074800088430099084304990968C8610298006814
:10749000049909680861029840680A2805D0FFE746
:1074A00002984068092808D1FFE70298C06820F0D8
:1074B0007F40049909680862FFE7FFE7049901200B
:1074C00081F86100FFE70499002081F86000FFE780
:1074D00000208DF81700FFE79DF8170006B07047F1
:1074E00080B582B00090009820B9FFE701208DF8A8
:1074F00007004FE0009890F8610040B9FFE700995D
:10750000002081F86000009800F04AF8FFE7009939
:10751000022081F861000098006800684FF6BF7192
:10752000CFF6F8710840009B19685A68DB691A4366
:107530001043086000980068406B40F207118843D0
:10754000009B19689A689B691A4310434863009826
:107550000068006C4FF6FF718843009A1168D2688A
:107560001043086400980068406B20F44010009BB2
:1075700019681A695B69120542EA4352104348636D
:10758000009900204866009A012182F861108DF868
:107590000700FFE79DF8070002B080BD0000000073
:1075A00082B001900198006841F20001C5F200210B
:1075B000884210D1FFE7FFE744F2D440C5F602004D
:1075C000016841F010010160006800F010000090B7
:1075D0000098FFE7FFE702B07047000000000000DE
:1075E00080B586B004900391002000900498006854
:1075F0000068C007002860D0FFE703F0E5F90290BB
:10760000FFE70498006840688007002854D4FFE72B
:107610000498006840680090009810F0210F27D06F
:10762000FFE700988006002806D5FFE70499486E1A
:1076300040F002004866FFE70098C00730B1FFE75E
:107640000499486E40F001004866FFE7049801681D
:10765000212088600499042081F86100FFE70499E3
:10766000002081F86000FFE701208DF81700B3E0EB
:1076700003980130F8B1FFE703F0A6F90299401A28
:107680000399884203D8FFE7039898B9FFE7049964
:10769000486E40F0200048660499032081F861009C
:1076A000FFE70499002081F86000FFE703208DF8D0
:1076B000170091E0FFE7A4E7FFE704980068C069BE
:1076C00000F02000019004980068406A00F020015A
:1076D000019808430190019800286BD0FFE703F060
:1076E00073F90290FFE7049800684068C00600281C
:1076F0005FD4FFE70498006840680090009810F09D
:10770000290F32D0FFE700980007002806D5FFE7D1
:107710000499486E40F004004866FFE70098800630
:10772000002806D5FFE70499486E40F0020048663D
:10773000FFE70098C00730B1FFE70499486E40F0BA
:1077400001004866FFE704980168292088600499D1
:10775000042081F86100FFE70499002081F86000AF
:10776000FFE701208DF8170036E003980130F8B1EB
:10777000FFE703F029F90299401A0399884203D8D8
:10778000FFE7039898B9FFE70499486E40F020009E
:1077900048660499032081F86100FFE704990020FE
:1077A00081F86000FFE703208DF8170014E0FFE781
:1077B00099E7FFE704980168122088600499012086
:1077C00081F86100FFE70499002081F86000FFE77D
:1077D00000208DF81700FFE79DF8170006B080BD68
:1077E00080B586B0DDF820C0049003910292019329
:1077F000FFE7049890F86000012804D1FFE7022019
:107800008DF817001EE00499012081F86000FFE761
:10781000FFE70499022081F8610004980399029A15
:10782000019BDDF820C0EE46CEF800C0FCF730F832
:1078300004980168086840F00100086000208DF895
:107840001700FFE79DF8170006B080BD000000009C
:1078500080B58AB0089003F0B7F80490089828B96A
:10786000FFE701208DF8270000F0AABC089890F8E7
:10787000350002280ED0FFE7089980204865FFE711
:107880000899002081F83400FFE701208DF82700D7
:1078900000F096BC0898016801201022C4F2020290
:1078A0009142039000F0A380FFE70898016801204F
:1078B0002822C4F202029142039000F09880FFE770
:1078C0000898016801204022C4F20202914203900C
:1078D00000F08D80FFE70898016801205822C4F26B
:1078E00002029142039000F08280FFE7089801684D
:1078F00001207022C4F202029142039077D0FFE788
:107900000898016801208822C4F202029142039083
:107910006DD0FFE7089801680120A022C4F202029E
:107920009142039063D0FFE7089801680120B822D4
:10793000C4F202029142039059D0FFE7089801680F
:10794000012040F21042C4F20202914203904ED054
:10795000FFE708980168012040F22842C4F20202C1
:107960009142039043D0FFE708980168012040F25C
:107970004042C4F202029142039038D0FFE70898D7
:107980000168012040F25842C4F202029142039081
:107990002DD0FFE708980168012040F27042C4F240
:1079A00002029142039022D0FFE70898016801206B
:1079B00040F28842C4F202029142039017D0FFE7DE
:1079C00008980168012040F2A042C4F202029142EC
:1079D00003900CD0FFE7089800684FF64831CBF6CB
:1079E000FD710844B0FA80F040090390FFE7039866
:1079F000C00780B1FFE708980168086820F01E0002
:107A0000086008980168486920F08000486108987B
:107A10000068059009E008980168086820F00E00E9
:107A20000860089800680590FFE708980168012041
:107A30001022C4F202029142029000F00381FFE79B
:107A40000898016801202822C4F2020291420290A3
:107A500000F0F880FFE70898016801204022C4F296
:107A600002029142029000F0ED80FFE70898016861
:107A700001205822C4F202029142029000F0E280FA
:107A8000FFE70898016801207022C4F202029142C7
:107A9000029000F0D780FFE7089801680120882253
:107AA000C4F202029142029000F0CC80FFE70898F5
:107AB00001680120A022C4F202029142029000F06B
:107AC000C180FFE7089801680120B822C4F20202D1
:107AD0009142029000F0B680FFE70898016801200B
:107AE00040F21042C4F202029142029000F0AA80D9
:107AF000FFE708980168012040F22842C4F2020220
:107B00009142029000F09E80FFE7089801680120F2
:107B100040F24042C4F202029142029000F0928090
:107B2000FFE708980168012040F25842C4F20202BF
:107B30009142029000F08680FFE7089801680120DA
:107B400040F27042C4F20202914202907AD0FFE702
:107B500008980168012040F28842C4F20202914272
:107B600002906FD0FFE708980168012040F2A04220
:107B7000C4F202029142029064D0FFE708980168C3
:107B8000012040F2B842C4F202029142029059D060
:107B9000FFE708980168012045F20842C5F6020295
:107BA000914202904ED0FFE708980168012045F20B
:107BB0001C42C5F602029142029043D0FFE70898AA
:107BC0000168012045F23042C5F60202914202905E
:107BD00038D0FFE708980168012045F24442C5F615
:107BE0000202914202902DD0FFE70898016801201F
:107BF00045F25842C5F602029142029022D0FFE7B8
:107C000008980168012045F26C42C5F602029142D3
:107C1000029017D0FFE708980168012045F28042E2
:107C2000C5F60202914202900CD0FFE70898006866
:107C30004AF66C31CAF2FD710844B0FA80F040098E
:107C40000290FFE70298C00738B1FFE70898016E7D
:107C5000086820F480700860FFE708980068102129
:107C6000C4F20201884200F08180FFE708980068B2
:107C70002821C4F20201884278D0FFE70898006802
:107C80004021C4F20201884270D0FFE708980068E2
:107C90005821C4F20201884268D0FFE708980068C2
:107CA0007021C4F20201884260D0FFE708980068A2
:107CB0008821C4F20201884258D0FFE70898006882
:107CC000A021C4F20201884250D0FFE70898006862
:107CD000B821C4F20201884248D0FFE70898006842
:107CE00040F21041C4F2020188423FD0FFE70898F9
:107CF000006840F22841C4F20201884236D0FFE712
:107D00000898006840F24041C4F2020188422DD038
:107D1000FFE70898006840F25841C4F20201884227
:107D200024D0FFE70898006840F27041C4F20201D5
:107D300088421BD0FFE70898006840F28841C4F2EF
:107D40000201884212D0FFE70898006840F2A04183
:107D5000C4F20201884209D0FFE70898006840F2A7
:107D6000B841C4F20201884207D1FFE708980168D0
:107D7000086820F00100086006E0089801680868BB
:107D800020F001000860FFE7FFE705980068C007E2
:107D9000C8B1FFE702F018FE0499401A062811D373
:107DA000FFE70899202048650899032081F83500ED
:107DB000FFE70899002081F83400FFE701208DF8E3
:107DC0002700FDE1E1E70898016801201022C4F2D4
:107DD00002029142019000F0A380FFE70898016839
:107DE00001202822C4F202029142019000F0988002
:107DF000FFE70898016801204022C4F20202914284
:107E0000019000F08D80FFE708980168012058225A
:107E1000C4F202029142019000F08280FFE70898CC
:107E2000016801207022C4F202029142019077D0D1
:107E3000FFE70898016801208822C4F202029142FB
:107E400001906DD0FFE7089801680120A022C4F2DC
:107E500002029142019063D0FFE708980168012077
:107E6000B822C4F202029142019059D0FFE708986B
:107E70000168012040F21042C4F2020291420190D6
:107E80004ED0FFE708980168012040F22842C4F272
:107E900002029142019043D0FFE708980168012057
:107EA00040F24042C4F202029142019038D0FFE712
:107EB00008980168012040F25842C4F2020291423F
:107EC00001902DD0FFE708980168012040F2704230
:107ED000C4F202029142019022D0FFE708980168A3
:107EE000012040F28842C4F202029142019017D070
:107EF000FFE708980168012040F2A042C4F20202A4
:107F0000914201900CD0FFE7089800684FF6483185
:107F1000CBF6FD710844B0FA80F040090190FFE70C
:107F20000198C00760B1FFE70898806D0790089836
:107F3000C06D00F01F013F208840079988600BE06A
:107F40000898806D06900898C06D00F01F01012010
:107F5000884006994860FFE70898016801201022D0
:107F6000C4F202029142009000F00381FFE70898FA
:107F7000016801202822C4F202029142009000F020
:107F8000F880FFE70898016801204022C4F202024D
:107F90009142009000F0ED80FFE708980168012011
:107FA0005822C4F202029142009000F0E280FFE702
:107FB0000898016801207022C4F2020291420090E8
:107FC00000F0D780FFE70898016801208822C4F2FA
:107FD00002029142009000F0CC80FFE7089801680F
:107FE0000120A022C4F202029142009000F0C18060
:107FF000FFE7089801680120B822C4F2020291420A
:10800000009000F0B680FFE708980168012040F278
:108010001042C4F202029142009000F0AA80FFE7F1
:1080200008980168012040F22842C4F202029142FD
:10803000009000F09E80FFE708980168012040F260
:108040004042C4F202029142009000F09280FFE7A9
:1080500008980168012040F25842C4F2020291429D
:10806000009000F08680FFE708980168012040F248
:108070007042C4F20202914200907AD0FFE7089861
:108080000168012040F28842C4F20202914200904D
:108090006FD0FFE708980168012040F2A042C4F2C7
:1080A00002029142009064D0FFE708980168012025
:1080B00040F2B842C4F202029142009059D0FFE768
:1080C00008980168012045F20842C5F60202914273
:1080D00000904ED0FFE708980168012045F21C424D
:1080E000C5F602029142009043D0FFE7089801686C
:1080F000012045F23042C5F602029142009038D08C
:10810000FFE708980168012045F24442C5F60202E3
:10811000914200902DD0FFE708980168012045F2B8
:108120005842C5F602029142009022D0FFE708981B
:108130000168012045F26C42C5F6020291420090AE
:1081400017D0FFE708980168012045F28042C5F684
:108150000202914200900CD0FFE7089800684AF6AE
:108160006C31CAF2FD710844B0FA80F04009009009
:10817000FFE70098C007A0B1FFE70898416E806E46
:1081800048600898C06E58B1FFE70898C16E08684B
:1081900020F4807008600898016F406F4860FFE726
:1081A000FFE70899012081F83500FFE708990020D2
:1081B00081F83400FFE7FFE700208DF82700FFE794
:1081C0009DF827000AB080BD80B590B00F900020C8
:1081D0000B9040F20C00C2F20140006848F2B51169
:1081E000C1F64E31A0FB0110800A0A900F98806DF5
:1081F00009900F98806D0890099800680E90089873
:1082000000680D900F98016801201022C4F202024C
:108210009142079000F0A380FFE70F9801680120CA
:108220002822C4F202029142079000F09880FFE7F2
:108230000F98016801204022C4F202029142079087
:1082400000F08D80FFE70F98016801205822C4F2EA
:1082500002029142079000F08280FFE70F980168C8
:1082600001207022C4F202029142079077D0FFE70A
:108270000F98016801208822C4F2020291420790FF
:108280006DD0FFE70F9801680120A022C4F202021E
:108290009142079063D0FFE70F9801680120B82250
:1082A000C4F202029142079059D0FFE70F9801688B
:1082B000012040F21042C4F20202914207904ED0D7
:1082C000FFE70F980168012040F22842C4F2020241
:1082D0009142079043D0FFE70F980168012040F2D8
:1082E0004042C4F202029142079038D0FFE70F9853
:1082F0000168012040F25842C4F202029142079004
:108300002DD0FFE70F980168012040F27042C4F2BF
:1083100002029142079022D0FFE70F9801680120E6
:1083200040F28842C4F202029142079017D0FFE760
:108330000F980168012040F2A042C4F2020291426B
:1083400007900CD0FFE70F9800684FF64831CBF646
:10835000FD710844B0FA80F040090790FFE70798E4
:10836000C007002800F01385FFE70E980F99C96D2C
:1083700001F01F01C8400007002840F1B080FFE76E
:108380000F9800681021C4F20201884200F0818039
:10839000FFE70F9800682821C4F20201884278D0D4
:1083A000FFE70F9800684021C4F20201884270D0B4
:1083B000FFE70F9800685821C4F20201884268D094
:1083C000FFE70F9800687021C4F20201884260D074
:1083D000FFE70F9800688821C4F20201884258D054
:1083E000FFE70F980068A021C4F20201884250D034
:1083F000FFE70F980068B821C4F20201884248D014
:10840000FFE70F98006840F21041C4F20201884271
:108410003FD0FFE70F98006840F22841C4F2020104
:10842000884236D0FFE70F98006840F24041C4F21E
:10843000020188422DD0FFE70F98006840F25841B2
:10844000C4F20201884224D0FFE70F98006840F28E
:108450007041C4F2020188421BD0FFE70F98006808
:1084600040F28841C4F20201884212D0FFE70F981F
:10847000006840F2A041C4F20201884209D0FFE73F
:108480000F98006840F2B841C4F20201884207D157
:10849000FFE70F980068006800F00400069006E00F
:1084A0000F980068006800F008000690FFE7069843
:1084B000A0B1FFE70F980168086820F00400086089
:1084C0000F98C06D00F01F0108208840099988604E
:1084D0000F99486D40F001004865FFE7FFE70E98EF
:1084E0000F99C96D01F01F01C840C007002800F0B6
:1084F000A980FFE70F9800681021C4F202018842AA
:1085000000F08180FFE70F9800682821C4F2020183
:10851000884278D0FFE70F9800684021C4F202013A
:10852000884270D0FFE70F9800685821C4F202011A
:10853000884268D0FFE70F9800687021C4F20201FA
:10854000884260D0FFE70F9800688821C4F20201DA
:10855000884258D0FFE70F980068A021C4F20201BA
:10856000884250D0FFE70F980068B821C4F202019A
:10857000884248D0FFE70F98006840F21041C4F2EB
:10858000020188423FD0FFE70F98006840F228417F
:10859000C4F20201884236D0FFE70F98006840F22B
:1085A0004041C4F2020188422DD0FFE70F980068D5
:1085B00040F25841C4F20201884224D0FFE70F98EC
:1085C000006840F27041C4F2020188421BD0FFE70C
:1085D0000F98006840F28841C4F20201884212D02C
:1085E000FFE70F98006840F2A041C4F20201884200
:1085F00009D0FFE70F98006840F2B841C4F20201C9
:10860000884207D1FFE70F980068406900F08000BA
:10861000059005E00F980068006800200590FFE7CE
:10862000059870B1FFE70F98C06D00F01F010120A1
:108630008840099988600F99486D40F002004865AC
:10864000FFE7FFE70E980F99C96D01F01F01C840C1
:108650004007002840F1A980FFE70F98006810212B
:10866000C4F20201884200F08180FFE70F980068A1
:108670002821C4F20201884278D0FFE70F980068F1
:108680004021C4F20201884270D0FFE70F980068D1
:108690005821C4F20201884268D0FFE70F980068B1
:1086A0007021C4F20201884260D0FFE70F98006891
:1086B0008821C4F20201884258D0FFE70F98006871
:1086C000A021C4F20201884250D0FFE70F98006851
:1086D000B821C4F20201884248D0FFE70F98006831
:1086E00040F21041C4F2020188423FD0FFE70F98E8
:1086F000006840F22841C4F20201884236D0FFE708
:108700000F98006840F24041C4F2020188422DD027
:10871000FFE70F98006840F25841C4F20201884216
:1087200024D0FFE70F98006840F27041C4F20201C4
:1087300088421BD0FFE70F98006840F28841C4F2DE
:108740000201884212D0FFE70F98006840F2A04172
:10875000C4F20201884209D0FFE70F98006840F296
:10876000B841C4F20201884207D1FFE70F980068C0
:10877000006800F00200049005E00F9800680068AF
:1087800000200490FFE7049870B1FFE70F98C06DD8
:1087900000F01F0104208840099988600F99486DF6
:1087A00040F004004865FFE7FFE70E980F99C96D98
:1087B00001F01F01C840C006002840F1DE80FFE73D
:1087C0000F9800681021C4F20201884200F08180F5
:1087D000FFE70F9800682821C4F20201884278D090
:1087E000FFE70F9800684021C4F20201884270D070
:1087F000FFE70F9800685821C4F20201884268D050
:10880000FFE70F9800687021C4F20201884260D02F
:10881000FFE70F9800688821C4F20201884258D00F
:10882000FFE70F980068A021C4F20201884250D0EF
:10883000FFE70F980068B821C4F20201884248D0CF
:10884000FFE70F98006840F21041C4F2020188422D
:108850003FD0FFE70F98006840F22841C4F20201C0
:10886000884236D0FFE70F98006840F24041C4F2DA
:10887000020188422DD0FFE70F98006840F258416E
:10888000C4F20201884224D0FFE70F98006840F24A
:108890007041C4F2020188421BD0FFE70F980068C4
:1088A00040F28841C4F20201884212D0FFE70F98DB
:1088B000006840F2A041C4F20201884209D0FFE7FB
:1088C0000F98006840F2B841C4F20201884207D113
:1088D000FFE70F980068006800F00800039006E0CA
:1088E0000F980068006800F004000390FFE7039809
:1088F000002841D0FFE70F98C06D00F01F01102045
:108900008840099988600F98006800684003002833
:108910001AD5FFE70F98006800680003002809D403
:10892000FFE70F98006C20B1FFE70F98016C8847B4
:10893000FFE708E00F98806C20B1FFE70F98816C8B
:108940008847FFE7FFE716E00F9800680068C0055A
:10895000002807D4FFE70F980168086820F0080096
:108960000860FFE70F98006C20B1FFE70F98016CDB
:108970008847FFE7FFE7FFE7FFE70E980F99C96D0C
:1089800001F01F01C8408006002840F12681FFE762
:108990000F9800681021C4F20201884200F0818023
:1089A000FFE70F9800682821C4F20201884278D0BE
:1089B000FFE70F9800684021C4F20201884270D09E
:1089C000FFE70F9800685821C4F20201884268D07E
:1089D000FFE70F9800687021C4F20201884260D05E
:1089E000FFE70F9800688821C4F20201884258D03E
:1089F000FFE70F980068A021C4F20201884250D01E
:108A0000FFE70F980068B821C4F20201884248D0FD
:108A1000FFE70F98006840F21041C4F2020188425B
:108A20003FD0FFE70F98006840F22841C4F20201EE
:108A3000884236D0FFE70F98006840F24041C4F208
:108A4000020188422DD0FFE70F98006840F258419C
:108A5000C4F20201884224D0FFE70F98006840F278
:108A60007041C4F2020188421BD0FFE70F980068F2
:108A700040F28841C4F20201884212D0FFE70F9809
:108A8000006840F2A041C4F20201884209D0FFE729
:108A90000F98006840F2B841C4F20201884207D141
:108AA000FFE70F980068006800F01000029006E0F1
:108AB0000F980068006800F002000290FFE702983B
:108AC000002800F08980FFE70F98C06D00F01F01BB
:108AD00020208840099988600F9890F83500042874
:108AE00037D1FFE70F980168086820F0160008608A
:108AF0000F980168486920F0800048610F98006C69
:108B000020B9FFE70F98806C38B1FFE70F98016834
:108B1000086820F008000860FFE70F98C06D00F0BB
:108B20001F013F208840099988600F99012081F832
:108B30003500FFE70F99002081F83400FFE70F9818
:108B4000006D20B1FFE70F98016D8847FFE700F047
:108B500019BC0F9800680068400300281AD5FFE789
:108B60000F98006800680003002809D4FFE70F98F9
:108B7000406C20B1FFE70F98416C8847FFE708E0A1
:108B80000F98C06B20B1FFE70F98C16B8847FFE7D4
:108B9000FFE720E00F9800680068C005002811D4A6
:108BA000FFE70F980168086820F0100008600F992F
:108BB000012081F83500FFE70F99002081F834008B
:108BC000FFE7FFE70F98C06B20B1FFE70F98C16B7D
:108BD0008847FFE7FFE7FFE7FFE70F98406D0028B2
:108BE00000F0D480FFE70F98406DC007002800F028
:108BF000C480FFE70F99042081F835000F980068C2
:108C00001021C4F20201884200F08180FFE70F9832
:108C100000682821C4F20201884278D0FFE70F984B
:108C200000684021C4F20201884270D0FFE70F982B
:108C300000685821C4F20201884268D0FFE70F980B
:108C400000687021C4F20201884260D0FFE70F98EB
:108C500000688821C4F20201884258D0FFE70F98CB
:108C60000068A021C4F20201884250D0FFE70F98AB
:108C70000068B821C4F20201884248D0FFE70F988B
:108C8000006840F21041C4F2020188423FD0FFE781
:108C90000F98006840F22841C4F20201884236D0A1
:108CA000FFE70F98006840F24041C4F20201884299
:108CB0002DD0FFE70F98006840F25841C4F202013E
:108CC000884224D0FFE70F98006840F27041C4F258
:108CD000020188421BD0FFE70F98006840F28841EC
:108CE000C4F20201884212D0FFE70F98006840F2F8
:108CF000A041C4F20201884209D0FFE70F98006842
:108D000040F2B841C4F20201884207D1FFE70F9850
:108D10000168086820F00100086006E00F9801680B
:108D2000086820F001000860FFE7FFE70B980130BA
:108D30000B900A99884201D9FFE707E0FFE70F98F7
:108D400000680068C0070028F0D1FFE70F980068AE
:108D50000068C00728B1FFE70F99032081F83500AC
:108D600004E00F99012081F83500FFE7FFE70F9934
:108D7000002081F83400FFE7FFE70F98C06C20B1B6
:108D8000FFE70F98C16C8847FFE7FFE7FAE20F980B
:108D90000168012045F20842C5F6020291420190A5
:108DA0004ED0FFE70F980168012045F21C42C5F63E
:108DB00002029142019043D0FFE70F980168012021
:108DC00045F23042C5F602029142019038D0FFE7E9
:108DD0000F980168012045F24442C5F60202914213
:108DE00001902DD0FFE70F980168012045F258420D
:108DF000C5F602029142019022D0FFE70F98016868
:108E0000012045F26C42C5F602029142019017D052
:108E1000FFE70F980168012045F28042C5F6020283
:108E2000914201900CD0FFE70F9800684AF66C3130
:108E3000CAF2FD710844B0FA80F040090190FFE7E2
:108E40000198C007002800F09B82FFE70F98006898
:108E500000680C900D980F99C96D01F01F01C84072
:108E60004007002840F1D780FFE79DF83000400719
:108E7000002840F1D080FFE70F98C06D00F01F017F
:108E800004208840089948609DF8310000060028B9
:108E900018D5FFE79DF83200C00748B9FFE70F98E3
:108EA000806C20B1FFE70F98816C8847FFE708E0EE
:108EB0000F98006C20B1FFE70F98016C8847FFE71F
:108EC000FFE7A7E09DF830008006002800F19980B8
:108ED000FFE70F9800681021C4F20201884200F0F9
:108EE0008180FFE70F9800682821C4F202018842C0
:108EF00078D0FFE70F9800684021C4F20201884251
:108F000070D0FFE70F9800685821C4F20201884230
:108F100068D0FFE70F9800687021C4F20201884210
:108F200060D0FFE70F9800688821C4F202018842F0
:108F300058D0FFE70F980068A021C4F202018842D0
:108F400050D0FFE70F980068B821C4F202018842B0
:108F500048D0FFE70F98006840F21041C4F20201C8
:108F600088423FD0FFE70F98006840F22841C4F2E2
:108F70000201884236D0FFE70F98006840F2404176
:108F8000C4F2020188422DD0FFE70F98006840F23A
:108F90005841C4F20201884224D0FFE70F980068CC
:108FA00040F27041C4F2020188421BD0FFE70F98E3
:108FB000006840F28841C4F20201884212D0FFE703
:108FC0000F98006840F2A041C4F20201884209D023
:108FD000FFE70F98006840F2B841C4F202018842EE
:108FE00007D1FFE70F980168086820F008000860C3
:108FF00006E00F980168086820F004000860FFE7A9
:10900000FFE70F98006C20B1FFE70F98016C8847CD
:10901000FFE7FFE7B3E10D980F99C96D01F01F015C
:10902000C8408007002840F1E180FFE79DF830004C
:109030008007002840F1DA80FFE70F98C06D00F04C
:109040001F0102208840089948609DF83100000601
:10905000002818D5FFE79DF83200C00748B9FFE7A0
:109060000F98406C20B1FFE70F98416C8847FFE7ED
:1090700008E00F98C06B20B1FFE70F98C16B8847DD
:10908000FFE7FFE7B1E09DF830008006002800F11F
:10909000A380FFE70F9800681021C4F20201884204
:1090A00000F08180FFE70F9800682821C4F20201D8
:1090B000884278D0FFE70F9800684021C4F202018F
:1090C000884270D0FFE70F9800685821C4F202016F
:1090D000884268D0FFE70F9800687021C4F202014F
:1090E000884260D0FFE70F9800688821C4F202012F
:1090F000884258D0FFE70F980068A021C4F202010F
:10910000884250D0FFE70F980068B821C4F20201EE
:10911000884248D0FFE70F98006840F21041C4F23F
:10912000020188423FD0FFE70F98006840F22841D3
:10913000C4F20201884236D0FFE70F98006840F27F
:109140004041C4F2020188422DD0FFE70F98006829
:1091500040F25841C4F20201884224D0FFE70F9840
:10916000006840F27041C4F2020188421BD0FFE760
:109170000F98006840F28841C4F20201884212D080
:10918000FFE70F98006840F2A041C4F20201884254
:1091900009D0FFE70F98006840F2B841C4F202011D
:1091A000884207D1FFE70F980168086820F0140093
:1091B000086006E00F980168086820F00A0008605F
:1091C000FFE70F99012081F83500FFE70F99002094
:1091D00081F83400FFE7FFE70F98C06B20B1FFE78D
:1091E0000F98C16B8847FFE7FFE7C7E00D980F991D
:1091F000C96D01F01F01C8400007002840F1BC8084
:10920000FFE79DF830000007002840F1B580FFE738
:109210000F9800681021C4F20201884200F081809A
:10922000FFE70F9800682821C4F20201884278D035
:10923000FFE70F9800684021C4F20201884270D015
:10924000FFE70F9800685821C4F20201884268D0F5
:10925000FFE70F9800687021C4F20201884260D0D5
:10926000FFE70F9800688821C4F20201884258D0B5
:10927000FFE70F980068A021C4F20201884250D095
:10928000FFE70F980068B821C4F20201884248D075
:10929000FFE70F98006840F21041C4F202018842D3
:1092A0003FD0FFE70F98006840F22841C4F2020166
:1092B000884236D0FFE70F98006840F24041C4F280
:1092C000020188422DD0FFE70F98006840F2584114
:1092D000C4F20201884224D0FFE70F98006840F2F0
:1092E0007041C4F2020188421BD0FFE70F9800686A
:1092F00040F28841C4F20201884212D0FFE70F9881
:10930000006840F2A041C4F20201884209D0FFE7A0
:109310000F98006840F2B841C4F20201884207D1B8
:10932000FFE70F980168086820F01C00086006E05D
:109330000F980168086820F00E000860FFE70F989A
:10934000C06D00F01F01012000FA01F1089A516080
:109350000F9948650F9981F83500FFE70F990020B4
:1093600081F83400FFE70F98C06C20B1FFE70F9839
:10937000C16C8847FFE700E0FFE7FFE7FFE700E099
:10938000FFE7FFE710B080BD10B58EB00C9001F084
:109390001BFB0A900C9828B9FFE701208DF83700D5
:1093A00000F09FBC0C98016801201022C4F2020258
:1093B0009142079000F0A380FFE70C98016801201C
:1093C0002822C4F202029142079000F09880FFE741
:1093D0000C98016801204022C4F2020291420790D9
:1093E00000F08D80FFE70C98016801205822C4F23C
:1093F00002029142079000F08280FFE70C9801681A
:1094000001207022C4F202029142079077D0FFE758
:109410000C98016801208822C4F202029142079050
:109420006DD0FFE70C9801680120A022C4F202026F
:109430009142079063D0FFE70C9801680120B822A1
:10944000C4F202029142079059D0FFE70C980168DC
:10945000012040F21042C4F20202914207904ED025
:10946000FFE70C980168012040F22842C4F2020292
:109470009142079043D0FFE70C980168012040F229
:109480004042C4F202029142079038D0FFE70C98A4
:109490000168012040F25842C4F202029142079052
:1094A0002DD0FFE70C980168012040F27042C4F211
:1094B00002029142079022D0FFE70C980168012038
:1094C00040F28842C4F202029142079017D0FFE7AF
:1094D0000C980168012040F2A042C4F202029142BD
:1094E00007900CD0FFE70C9800684FF64831CBF698
:1094F000FD710844B0FA80F040090790FFE7079833
:10950000C007002800F07981FFE70C98406A08B195
:10951000FFE7FFE70C99022081F83500FFE70C997F
:10952000002081F83400FFE70C9800681021C4F295
:109530000201884200F08180FFE70C980068282132
:10954000C4F20201884278D0FFE70C9800684021FD
:10955000C4F20201884270D0FFE70C9800685821DD
:10956000C4F20201884268D0FFE70C9800687021BD
:10957000C4F20201884260D0FFE70C98006888219D
:10958000C4F20201884258D0FFE70C980068A0217D
:10959000C4F20201884250D0FFE70C980068B8215D
:1095A000C4F20201884248D0FFE70C98006840F2FC
:1095B0001041C4F2020188423FD0FFE70C980068D6
:1095C00040F22841C4F20201884236D0FFE70C98ED
:1095D000006840F24041C4F2020188422DD0FFE70A
:1095E0000C98006840F25841C4F20201884224D02D
:1095F000FFE70C98006840F27041C4F20201884213
:109600001BD0FFE70C98006840F28841C4F20201C9
:10961000884212D0FFE70C98006840F2A041C4F2E3
:109620000201884209D0FFE70C98006840F2B84177
:10963000C4F20201884207D1FFE70C98016808686C
:1096400020F00100086006E00C980168086820F02E
:1096500001000860FFE7FFE70C9800680068C0079A
:1096600098B1FFE701F0B0F90A99401A06280BD328
:10967000FFE70C99202048650C99032081F83500FC
:1096800001208DF837002CE3E6E70C9800680068AD
:109690000B900B9848F23F01CFF6106108400B90F9
:1096A0000C998868D1F80CC00B694A6940EA0C0033
:1096B000184310438A691043CA691043096A014379
:1096C0000B9808430B900C98406A042808D1FFE7D8
:1096D0000C99C86A096B01430B9808430B90FFE78C
:1096E00041F20000C5F6004000684FF6FF71884364
:1096F000B0F1005F40D3FFE70C984068292807D3FA
:10970000FFE70C98416801202F2906902AD3FFE734
:109710000C9840683F2807D3FFE70C984168012068
:10972000432906901ED3FFE70C984068472807D3CB
:10973000FFE70C98416801204929069012D3FFE702
:109740000C98416800204F29059008D3FFE70C983A
:1097500041680020532938BF01200590FFE7059894
:109760000690FFE70698C00728B1FFE70B9840F482
:1097700080100B90FFE7FFE70B980C9909680860D1
:109780000C98006840690B900B9820F007000B9034
:109790000C98416A0B9808430B900C98406A042877
:1097A0001AD1FFE70C98816A0B9808430B900C982C
:1097B000C06A80B1FFE70C98FAF756FB50B1FFE79B
:1097C0000C99402048650C99012081F835008DF8EE
:1097D000370086E2FFE7FFE70B980C9909684861BC
:1097E0000C98FAF705F909900C98C06D00F01F016C
:1097F0003F2088400999886026E10C980168012083
:1098000045F20842C5F60202914204904ED0FFE7AD
:109810000C980168012045F21C42C5F602029142F3
:10982000049043D0FFE70C980168012045F23042D4
:10983000C5F602029142049038D0FFE70C98016807
:10984000012045F24442C5F60202914204902DD017
:10985000FFE70C980168012045F25842C5F6020264
:109860009142049022D0FFE70C980168012045F254
:109870006C42C5F602029142049017D0FFE70C98A3
:109880000168012045F28042C5F60202914204902F
:109890000CD0FFE70C9800684AF66C31CAF2FD71F3
:1098A0000844B0FA80F040090490FFE70498C0072C
:1098B000002800F0BD80FFE70C980168012045F208
:1098C0000842C5F60202914203904ED0FFE70C9881
:1098D0000168012045F21C42C5F602029142039044
:1098E00043D0FFE70C980168012045F23042C5F6ED
:1098F00002029142039038D0FFE70C9801680120E2
:1099000045F24442C5F60202914203902DD0FFE792
:109910000C980168012045F25842C5F602029142B6
:10992000039022D0FFE70C980168012045F26C42B9
:10993000C5F602029142039017D0FFE70C98016828
:10994000012045F28042C5F60202914203900CD0FC
:10995000FFE70C9800684AF66C31CAF2FD710844C2
:10996000B0FA80F040090390FFE70398C00708B100
:10997000FFE7FFE70C99022081F83500FFE70C991B
:10998000002081F83400FFE70C98006800680B9015
:109990000B986FF310100B900C988068402803D13F
:1099A000FFE71020029008E00C9880688038B0FA39
:1099B00080F0400980030290FFE702980C99CA6882
:1099C0000B69D1F814C0D1F818E0CC694EEA040E46
:1099D0004CEA0E0C43EA0C031A4340EAD200096A2F
:1099E00040EA11110B9808430B900B980C990968E9
:1099F00008600C9908684AF6F832CAF2FD72104401
:109A00004CF6CD42CCF6CC42A0FB02026FF0030034
:109A100000EA9200C8650C98F9F7EAFF08900C98E4
:109A2000C06D00F01F0101208840089948600AE0DD
:109A30000C99402048650C99032081F835000120DD
:109A40008DF837004DE1FFE70C98016801201022E6
:109A5000C4F202029142019000F00381FFE70C98EA
:109A6000016801202822C4F202029142019000F014
:109A7000F880FFE70C98016801204022C4F202023E
:109A80009142019000F0ED80FFE70C980168012001
:109A90005822C4F202029142019000F0E280FFE7F6
:109AA0000C98016801207022C4F2020291420190D8
:109AB00000F0D780FFE70C98016801208822C4F2EB
:109AC00002029142019000F0CC80FFE70C980168FF
:109AD0000120A022C4F202029142019000F0C18054
:109AE000FFE70C9801680120B822C4F202029142FB
:109AF000019000F0B680FFE70C980168012040F269
:109B00001042C4F202029142019000F0AA80FFE7E5
:109B10000C980168012040F22842C4F202029142EE
:109B2000019000F09E80FFE70C980168012040F250
:109B30004042C4F202029142019000F09280FFE79D
:109B40000C980168012040F25842C4F2020291428E
:109B5000019000F08680FFE70C980168012040F238
:109B60007042C4F20202914201907AD0FFE70C9851
:109B70000168012040F28842C4F202029142019041
:109B80006FD0FFE70C980168012040F2A042C4F2B8
:109B900002029142019064D0FFE70C980168012015
:109BA00040F2B842C4F202029142019059D0FFE75C
:109BB0000C980168012045F20842C5F60202914264
:109BC00001904ED0FFE70C980168012045F21C423D
:109BD000C5F602029142019043D0FFE70C9801685C
:109BE000012045F23042C5F602029142019038D080
:109BF000FFE70C980168012045F24442C5F60202D5
:109C0000914201902DD0FFE70C980168012045F2A8
:109C10005842C5F602029142019022D0FFE70C980B
:109C20000168012045F26C42C5F6020291420190A2
:109C300017D0FFE70C980168012045F28042C5F675
:109C40000202914201900CD0FFE70C9800684AF69E
:109C50006C31CAF2FD710844B0FA80F040090190FD
:109C6000FFE70198C00790B3FFE70C98F9F7A8FF4A
:109C70000C988068802804D1FFE70C990020486088
:109C8000FFE70C990879096E08600C98416E806EA8
:109C900048600C98406888B1FFE70C984068082835
:109CA0000CD8FFE70C98FAF747F80C98C16E002023
:109CB00008600C98016F406F486007E00C99002025
:109CC000C8660C9908670C994867FFE7FFE70C998D
:109CD000002048650C9A012182F835108DF8370074
:109CE000FFE79DF837000EB010BD00000000000037
:109CF00080B588B0069005910492039300208DF8FA
:109D00000B00069820B9FFE701208DF81F006CE3D7
:109D1000FFE7069890F83400012804D1FFE70220FD
:109D20008DF81F0061E30699012081F83400FFE7F8
:109D3000FFE7069890F83500012840F04383FFE7DD
:109D40000699022081F8350006990020486506989A
:109D500000681021C4F20201884200F08180FFE710
:109D6000069800682821C4F20201884278D0FFE7F3
:109D7000069800684021C4F20201884270D0FFE7D3
:109D8000069800685821C4F20201884268D0FFE7B3
:109D9000069800687021C4F20201884260D0FFE793
:109DA000069800688821C4F20201884258D0FFE773
:109DB00006980068A021C4F20201884250D0FFE753
:109DC00006980068B821C4F20201884248D0FFE733
:109DD0000698006840F21041C4F2020188423FD068
:109DE000FFE70698006840F22841C4F20201884269
:109DF00036D0FFE70698006840F24041C4F2020105
:109E000088422DD0FFE70698006840F25841C4F21E
:109E10000201884224D0FFE70698006840F27041B2
:109E2000C4F2020188421BD0FFE70698006840F2A6
:109E30008841C4F20201884212D0FFE70698006808
:109E400040F2A041C4F20201884209D0FFE706981F
:109E5000006840F2B841C4F20201884207D1FFE72E
:109E600006980168086820F00100086006E006987E
:109E70000168086820F001000860FFE7069805996E
:109E8000049A039BFAF768F80698016801201022EB
:109E9000C4F202029142019000F0A380FFE706980D
:109EA000016801202822C4F202029142019000F0D0
:109EB0009880FFE70698016801204022C4F2020260
:109EC0009142019000F08D80FFE706980168012023
:109ED0005822C4F202029142019000F08280FFE712
:109EE0000698016801207022C4F20202914201909A
:109EF00077D0FFE70698016801208822C4F20202A9
:109F0000914201906DD0FFE7069801680120A022E0
:109F1000C4F202029142019063D0FFE70698016803
:109F20000120B822C4F202029142019059D0FFE709
:109F300006980168012040F21042C4F202029142E8
:109F400001904ED0FFE706980168012040F22842B8
:109F5000C4F202029142019043D0FFE706980168E3
:109F6000012040F24042C4F202029142019038D0F6
:109F7000FFE706980168012040F25842C4F202024D
:109F8000914201902DD0FFE706980168012040F230
:109F90007042C4F202029142019022D0FFE706987B
:109FA0000168012040F28842C4F20202914201900D
:109FB00017D0FFE706980168012040F2A042C4F2E2
:109FC0000202914201900CD0FFE7069800684FF61C
:109FD0004831CBF6FD710844B0FA80F04009019099
:109FE000FFE70198C007A8B1FFE70698006800687E
:109FF0000B2161F344000699096808600698006C1B
:10A0000038B1FFE706980168086840F0080008606A
:10A01000FFE714E0069800680068052161F343003B
:10A020000699096808600698006C38B1FFE7069841
:10A030000168086840F004000860FFE7FFE7069841
:10A04000016801201022C4F202029142009000F047
:10A050000381FFE70698016801202822C4F202026A
:10A060009142009000F0F880FFE706980168012017
:10A070004022C4F202029142009000F0ED80FFE71E
:10A080000698016801205822C4F202029142009011
:10A0900000F0E280FFE70698016801207022C4F218
:10A0A00002029142009000F0D780FFE70698016815
:10A0B00001208822C4F202029142009000F0CC807C
:10A0C000FFE7069801680120A022C4F20202914233
:10A0D000009000F0C180FFE7069801680120B822D7
:10A0E000C4F202029142009000F0B680FFE70698A9
:10A0F0000168012040F21042C4F202029142009035
:10A1000000F0AA80FFE706980168012040F228428B
:10A11000C4F202029142009000F09E80FFE7069890
:10A120000168012040F24042C4F2020291420090D4
:10A1300000F09280FFE706980168012040F2584243
:10A14000C4F202029142009000F08680FFE7069878
:10A150000168012040F27042C4F202029142009074
:10A160007AD0FFE706980168012040F28842C4F2E5
:10A170000202914200906FD0FFE70698016801202B
:10A1800040F2A042C4F202029142009064D0FFE784
:10A1900006980168012040F2B842C4F202029142DE
:10A1A000009059D0FFE706980168012045F2084267
:10A1B000C5F60202914200904ED0FFE70698016872
:10A1C000012045F21C42C5F602029142009043D0A4
:10A1D000FFE706980168012045F23042C5F6020209
:10A1E0009142009038D0FFE706980168012045F2BF
:10A1F0004442C5F60202914200902DD0FFE7069836
:10A200000168012045F25842C5F6020291420090D1
:10A2100022D0FFE706980168012045F26C42C5F69E
:10A2200002029142009017D0FFE7069801680120D2
:10A2300045F28042C5F60202914200900CD0FFE741
:10A24000069800684AF66C31CAF2FD710844B0FA0B
:10A2500080F040090090FFE70098C007D0B1FFE709
:10A260000698006E0068C003002807D5FFE706982F
:10A27000016E086840F480700860FFE70698C06EC1
:10A2800038B1FFE70698C16E086840F48070086036
:10A29000FFE7FFE7069800681021C4F20201884238
:10A2A00000F08180FFE7069800682821C4F20201CF
:10A2B000884278D0FFE7069800684021C4F2020186
:10A2C000884270D0FFE7069800685821C4F2020166
:10A2D000884268D0FFE7069800687021C4F2020146
:10A2E000884260D0FFE7069800688821C4F2020126
:10A2F000884258D0FFE706980068A021C4F2020106
:10A30000884250D0FFE706980068B821C4F20201E5
:10A31000884248D0FFE70698006840F21041C4F236
:10A32000020188423FD0FFE70698006840F22841CA
:10A33000C4F20201884236D0FFE70698006840F276
:10A340004041C4F2020188422DD0FFE70698006820
:10A3500040F25841C4F20201884224D0FFE7069837
:10A36000006840F27041C4F2020188421BD0FFE74E
:10A370000698006840F28841C4F20201884212D077
:10A38000FFE70698006840F2A041C4F2020188424B
:10A3900009D0FFE70698006840F2B841C4F2020114
:10A3A000884207D1FFE706980168086840F001007D
:10A3B000086006E006980168086840F0010008603F
:10A3C000FFE70DE006994FF400604865FFE7069946
:10A3D000002081F83400FFE701208DF80B00FFE733
:10A3E0009DF80B008DF81F00FFE79DF81F0008B0D7
:10A3F00080BD00000000000080B584B0039000F034
:10A40000E3FA0290039801900198013048B1FFE708
:10A4100040F21500C2F20140017801980844019011
:10A42000FFE7FFE700F0D0FA0299401A019988424D
:10A4300001D2FFE7F6E704B080BD00000000000095
:10A4400080B5BEB000203D903C903B903A90399052
:10A4500040F22400C2F20140006808B1FFE793E037
:10A4600040F22401C2F201410120086008A80690D0
:10A47000C021F5F79AFF0698002109914FF08072EC
:10A4800008921A9102F0A0FB18B1FFE7FAF760F901
:10A49000FFE7FFE744F2D440C5F60200016841F44B
:10A4A00080510160006800F4805007900798FFE732
:10A4B0004FF63F003990022001903A900020029020
:10A4C0003B90032003903C900C2004903D9041F27F
:10A4D0000040C5F6020039A9059100F059F8DDF8F1
:10A4E00004C0029B039A049805994FF02C0ECDF8F6
:10A4F000E4E0CDF8E8C03B933C923D9041F600404B
:10A50000C5F6020000F044F8DDF804C0029B039A8F
:10A510000498059948F2371ECDF8E4E0CDF8E8C07C
:10A520003B933C923D9041F60000C5F6020000F0DE
:10A530002FF8DDF804C0029B039A049805994FF6A2
:10A54000837ECDF8E4E0CDF8E8C03B933C923D90AB
:10A5500041F20000C5F6020000F01AF8DDF804C070
:10A56000029B039A049805994CF2037ECDF8E4E02F
:10A57000CDF8E8C03B933C923D9040F60040C5F6D4
:10A58000020000F005F8FFE73EB080BD00000000CB
:10A5900090B00F900E9100200D908020C5F6000025
:10A5A0000A90FFE70E9800680D99C840002800F057
:10A5B000CF81FFE70E9800680D9A01219140084075
:10A5C0000C900C98002800F0BF81FFE70E984068BF
:10A5D00000F00300012807D0FFE70E98406800F064
:10A5E000030002282FD1FFE70F9880680B900D9889
:10A5F0004100032000FA01F10B9888430B900E985C
:10A60000C0680D99490000FA01F10B9808430B90BE
:10A610000B980F9988600F9840680B900D99012056
:10A6200000FA01F10B9888430B900E984068C0F334
:10A6300000100D9900FA01F10B9808430B900B984C
:10A640000F994860FFE70E98406800F00300032868
:10A6500018D0FFE70F98C0680B900D9841000320B9
:10A6600000FA01F10B9888430B900E9880680D99C1
:10A67000490000FA01F10B9808430B900B980F99D1
:10A68000C860FFE70E98406800F00300022826D15A
:10A69000FFE70F980D996FF0030202EA5101084499
:10A6A000006A0B900D9800F0070081000F2000FA5F
:10A6B00001F10B9888430B900E9800690D9901F0F9
:10A6C0000701890000FA01F10B9808430B900B98E1
:10A6D0000F990D9B02EA530211440862FFE70F989D
:10A6E00000680B900D984100032000FA01F10B98CF
:10A6F00088430B900E98406800F003000D994900C4
:10A7000000FA01F10B9808430B900B980F99086021
:10A710000E9880798007002800F01581FFE7FFE799
:10A7200044F2F440C5F60200016841F00201016004
:10A73000006800F0020009900998FFE70D9820F0EA
:10A74000030040F20841C5F6000140580B900D98F7
:10A7500000F0030081000F2000FA01F10B988843FC
:10A760000B900F980021C5F60201884203D1FFE744
:10A77000002008907AE00F9840F20041C5F60201EF
:10A78000884203D1FFE7012007906CE00F9840F664
:10A790000001C5F60201884203D1FFE702200690BE
:10A7A0005EE00F9840F60041C5F60201884203D1F1
:10A7B000FFE70320059050E00F9841F20001C5F635
:10A7C0000201884203D1FFE70420049042E00F9881
:10A7D00041F20041C5F60201884203D1FFE705209E
:10A7E000039034E00F9841F60001C5F6020188425B
:10A7F00003D1FFE70620029026E00F9841F60041C2
:10A80000C5F60201884203D1FFE70720019018E056
:10A810000F9842F20001C5F60201884203D1FFE71A
:10A82000082000900AE00F9942F20042C5F60202A9
:10A830000A20914208BF09200090FFE7009801908C
:10A84000FFE701980290FFE702980390FFE7039863
:10A850000490FFE704980590FFE705980690FFE74E
:10A8600006980790FFE707980890FFE708980D996A
:10A8700001F00301890000FA01F10B9808430B90E5
:10A880000B980D9921F0030140F20842C5F6000231
:10A8900088504FF0B04000680B900C990B9888439B
:10A8A0000B900E988079C006002805D5FFE70C991B
:10A8B0000B9808430B90FFE70B984FF0B0410860EE
:10A8C0000420C5F6000000680B900C990B98884393
:10A8D0000B900E9880798006002805D5FFE70C992B
:10A8E0000B9808430B90FFE70B980421C5F6000175
:10A8F00008600A9840680B900C990B9888430B905D
:10A900000E9880798007002805D5FFE70C990B98F1
:10A9100008430B90FFE70B980A9948600A98006873
:10A920000B900C990B9888430B900E988079C00778
:10A9300028B1FFE70C990B9808430B90FFE70B98A1
:10A940000A990860FFE7FFE70D9801300D9029E6AE
:10A9500010B070470000000082B00190ADF8021006
:10A9600001980069BDF80210084204D0FFE70120F9
:10A970008DF8010003E000208DF80100FFE79DF84D
:10A98000010002B07047000082B00190ADF80210E3
:10A990008DF801209DF8010028B1FFE7BDF8020005
:10A9A0000199886105E0BDF8020000040199886101
:10A9B000FFE702B07047000041F20000C5F600401A
:10A9C0000068000C7047000040F60800C2F2014029
:10A9D000006870470000000083B00190009101986A
:10A9E00090F8410020283BD1FFE7FFE7019890F85D
:10A9F0004000012804D1FFE702208DF80B0033E06E
:10AA00000199012081F84000FFE7FFE70199242028
:10AA100081F8410001980168086820F00100086091
:10AA200001980168086820F480500860009A019835
:10AA3000016808681043086001980168086840F0E0
:10AA4000010008600199202081F84100FFE7019989
:10AA5000002081F84000FFE700208DF80B0003E0A4
:10AA600002208DF80B00FFE79DF80B0003B0704744
:10AA700084B002900191029890F84100202840D1C2
:10AA8000FFE7FFE7029890F84000012804D1FFE7B4
:10AA900002208DF80F0038E00299012081F8400073
:10AAA000FFE7FFE70299242081F84100029801683E
:10AAB000086820F0010008600298006800680090B3
:10AAC000009820F4706000900199009840EA0120FD
:10AAD0000090009802990968086002980168086867
:10AAE00040F0010008600299202081F84100FFE752
:10AAF0000299002081F84000FFE700208DF80F0048
:10AB000003E002208DF80F00FFE79DF80F0004B06E
:10AB1000704700000000000080B582B000900098EF
:10AB200020B9FFE701208DF807007BE0009890F83E
:10AB3000410040B9FFE70099002081F840000098EB
:10AB400000F0B2F9FFE70099242081F84100009855
:10AB50000168086820F001000860009801684068FA
:10AB600020F07060086100980168886820F4004057
:10AB700088600098C068012807D1FFE70098016845
:10AB8000806840F40040886006E0009801688068B2
:10AB900040F404408860FFE70098C068022807D1AD
:10ABA000FFE700980168486840F40060486006E0EC
:10ABB00000980168486820F400604860FFE700984A
:10ABC0000168486848F20002C0F200221043486061
:10ABD00000980168C86820F40040C860009A1168B5
:10ABE000106953699269184340EA0220C860009ACC
:10ABF0001168D069126A10430860009801680868FB
:10AC000040F001000860009900204864009A20216B
:10AC100082F8411000990863009981F842008DF88C
:10AC20000700FFE79DF8070002B080BD00000000AC
:10AC300010B588B084460C980B98DDF828E0CDF864
:10AC400018C0ADF81610ADF81420ADF81230ADF8FC
:10AC50001000069890F84100202840F01B81FFE783
:10AC60000A9820B1FFE7BDF8100040B9FFE7069948
:10AC70004FF40070486401208DF81F000EE1FFE7DB
:10AC8000069890F84000012804D1FFE702208DF8D3
:10AC90001F0003E10699012081F84000FFE7FFE76C
:10ACA000FFF792FE0390069803996A4611604FF4ED
:10ACB00000410122192305F08FFC20B1FFE701209C
:10ACC0008DF81F00EAE00699212081F841000699DD
:10ACD000402081F842000699002048640A99069AAB
:10ACE0005162BDF81010069A51850699486306987E
:10ACF000BDF81610BDF81420BDF81230DDF830C0D4
:10AD0000039CEE46CEF80440CEF800C005F0D8FB18
:10AD100050B1FFE7FFE70699002081F84000FFE708
:10AD200001208DF81F00B9E00698408DB0F5807FB6
:10AD300011D3FFE70699FF2008850698BDF8161085
:10AD400090F82820EC460023CCF800304FF08073B8
:10AD500005F016FC11E00698408D069908850698C6
:10AD6000BDF8161090F82820EC460023CCF80030EF
:10AD70004FF0007305F004FCFFE7FFE706980C991D
:10AD8000039A05F0E1FC20B1FFE701208DF81F00D8
:10AD900084E006980168406A007888620699486AEB
:10ADA000013048620699488D013848850699088D1A
:10ADB000013808850698408DE8B3FFE70698008DB6
:10ADC000C8BBFFE706980C9B03996A461160802177
:10ADD000002205F001FC20B1FFE701208DF81F00E3
:10ADE0005CE00698408DB0F5807F11D3FFE70699AF
:10ADF000FF2008850698BDF8161090F82820EC462C
:10AE00000023CCF800304FF0807305F0B9FB11E05F
:10AE10000698408D069908850698BDF8161090F89A
:10AE20002820EC460023CCF800304FF0007305F0EA
:10AE3000A7FBFFE7FFE7FFE70698408D00289DD1BD
:10AE4000FFE706980C99039A05F02AFC20B1FFE76A
:10AE500001208DF81F0021E0069801682020C861BC
:10AE600006990A6851684EF60003CFF60063194050
:10AE70005160069981F841000699002081F842004E
:10AE8000FFE70699002081F84000FFE700208DF8D9
:10AE90001F0003E002208DF81F00FFE79DF81F0050
:10AEA00008B010BD0000000080B5B8B03790002099
:10AEB0003690359034903390329002A8C021F5F747
:10AEC00074FA3798006845F60001C4F20001884220
:10AED0003DD1FFE70020039008210291239002A8B2
:10AEE00001F072FE18B1FFE7F9F732FCFFE7FFE768
:10AEF00044F2E040C5F60200016841F00201016041
:10AF0000006800F0020001900198FFE74FF44060F4
:10AF100032901220339000203490359004203690E7
:10AF200040F20040C5F6020032A9FFF731FBFFE70F
:10AF300044F2E840C5F60200016841F48001016076
:10AF4000006800F4800000900098FFE7FFE738B049
:10AF500080BD00000000000040F21500C2F2014078
:10AF6000027840F60801C2F2014108681044086006
:10AF7000704700000000000080B582B0032000F0A0
:10AF800083FB03F011F944F21842C5F6020211687E
:10AF9000C1F3032349F24821C0F60101CB5C03F061
:10AFA0001F03D84000900098126802F00F02895CDD
:10AFB00001F01F01C84040F21001C2F201410860D7
:10AFC000009840F20C01C2F2014108600F2000F02D
:10AFD00013F820B1FFE701208DF8070005E000F02D
:10AFE0001BFB00208DF80700FFE79DF8070002B06B
:10AFF00080BD00000000000080B582B0009040F2EB
:10B000001500C2F20140007820B9FFE701208DF859
:10B01000070030E040F20C00C2F20140006840F24C
:10B020001501C2F201410A784FF47A71B1FBF2F1D5
:10B03000B0FBF1F004F0A4F820B1FFE701208DF897
:10B04000070018E000980F280DD8FFE700994FF08F
:10B05000FF30002200F000FB009840F21801C2F21D
:10B060000141086003E001208DF8070003E00020A3
:10B070008DF80700FFE79DF8070002B080BD0000D3
:10B08000B0B586B0049003910292FFE7049890F85F
:10B09000A000012804D1FFE702208DF8170049E045
:10B0A0000499012081F8A000FFE7FFE7049902203E
:10B0B00081F8A100049A0298342100FB012100913B
:10B0C0000398019002684368D0F808C0D0F80CE0FB
:10B0D00004694569CD648C64C1F844E0C1F840C09E
:10B0E000CB638A638269C369D0F820C0D0F824E0BA
:10B0F000846AC56A4D660C66C1F85CE0C1F858C048
:10B100004B650A65006B886604980399029A05F0FE
:10B11000D7FF0498016801204862049981F8A100D2
:10B12000FFE70499002081F8A000FFE700208DF8D8
:10B130001700FFE79DF8170006B0B0BD0000000043
:10B1400082B00090FFE7009890F8A000012804D199
:10B15000FFE702208DF807001FE00099012081F829
:10B16000A000FFE7FFE70099022081F8A10041F26B
:10B170001801C5F20001086840F4803008600099A9
:10B18000012081F8A100FFE70099002081F8A000CC
:10B19000FFE700208DF80700FFE79DF8070002B0E9
:10B1A000704700000000000080B584B00290029853
:10B1B00020B9FFE701208DF80F007EE0029890F89B
:10B1C000A10040B9FFE70299002081F8A000029891
:10B1D00000F07AF8FFE70299022081F8A1000298B6
:10B1E0000168886920F070408861029A116850688F
:10B1F000D2F808C0D36840EA0C0018431269024331
:10B2000088691043886102984069000401900198A0
:10B21000029A11689269104388600298C06900041C
:10B2200001900198029A1168126A1043C86002984E
:10B23000406A000401900198029A1168926A1043D2
:10B2400008610298C06A000401900198029A11688E
:10B25000126B10434861029890F83500000201908B
:10B26000029890F836000004009002980168C86ABD
:10B2700000F07F40C862009801990143029890F85D
:10B2800034200A430168C86A1043C8620298016802
:10B29000486B40F00600486302980168886940F0F6
:10B2A0000100886102990020C1F8A400029A0121DE
:10B2B00082F8A1108DF80F00FFE79DF80F0004B091
:10B2C00080BD00000000000080B5C4B043900020A5
:10B2D0004290419040903F903E900EA8C021F5F7DB
:10B2E00064F84398006841F20001C5F20001884209
:10B2F00040F02381FFE700200F904FF000510E91A6
:10B30000192118914FF48471199102211A91082181
:10B310001B911C911D901E901F900EA801F054FCD3
:10B3200018B1FFE7F9F714FAFFE7FFE744F2E4404A
:10B33000C5F60200016841F008010160006800F0F4
:10B3400008000D900D98FFE7FFE744F2E040C5F6D6
:10B350000200016841F010010160006800F0100077
:10B360000C900C98FFE7FFE744F2E040C5F60200BE
:10B37000016841F480710160006800F480700B90F6
:10B380000B98FFE7FFE744F2E040C5F602000168D2
:10B3900041F020010160006800F020000A900A9846
:10B3A000FFE7FFE744F2E040C5F60200016841F024
:10B3B00001010160006800F0010009900998FFE7B1
:10B3C000FFE744F2E040C5F60200016841F0800169
:10B3D0000160006800F0800008900898FFE7FFE730
:10B3E00044F2E040C5F60200016841F0400101600E
:10B3F000006800F0400007900798FFE7FFE744F27D
:10B40000E040C5F60200016841F0080101600068F3
:10B4100000F0080006900698FFE760203E900220AA
:10B4200003903F9000210291409141900E200490A2
:10B43000429041F20000C5F602003EA90591FFF7D7
:10B44000A7F8029B039A0498059940F2F76CCDF88F
:10B45000F8C03F9240934192429042F20000C5F6FC
:10B460000200FFF795F8029B039A049805994FF4A0
:10B47000806CCDF8F8C03F9240934192429041F2E7
:10B480000040C5F60200FFF783F8029B039A049878
:10B4900005994FF0040CCDF8F8C03F9240934192CB
:10B4A00042900020C5F602000190FFF771F8029B60
:10B4B000039A049805994FF47F4CCDF8F8C03F9259
:10B4C00040934192429041F60040C5F60200FFF7DA
:10B4D0005FF8029B039A0498059947F2C00CCDF8D7
:10B4E000F8C03F9240934192429041F60000C5F669
:10B4F0000200FFF74DF80198029B039A05994FF45B
:10B50000807CCDF8F8C03F92409341920D22429248
:10B51000FFF73EF8029B039A049805994FF0400C00
:10B52000CDF8F8C03F9240934192429040F60040DF
:10B53000C5F60200FFF72CF8FFE744B080BD00001D
:10B5400010B581B00090009840784EF69851CEF238
:10B55000000108604EF6A051CEF20001086820F00C
:10B5600001000860009840684EF69C52CEF200023E
:10B570001060DDF800E09EF80C0000079EF80B203C
:10B5800040EA02609EF800209EF808309EF809C04C
:10B590009EF80A4040EAC4409EF80D4040EA8440CC
:10B5A0009EF80E4040EA44409EF80FE040EA0E400C
:10B5B00040EA0C2040EA43001043086001B010BD8F
:10B5C000BFF35F8F4EF62451CEF20001086820F4DD
:10B5D000803008604EF69451CEF2000100200860E1
:10B5E000704700000000000081B00090009840F01B
:10B5F00001004EF69451CEF2000108604EF624513F
:10B60000CEF20001086840F480300860BFF34F8F2D
:10B61000BFF36F8F01B0704781B0FFE744F2F44091
:10B62000C5F60200016841F002010160006800F007
:10B63000020000900098FFE701B070470000000092
:10B6400080B582B0ADF80600BDF906000AF0E0F959
:10B6500002B080BD0000000080B586B0ADF81600D5
:10B66000049103920AF0ECF90290BDF916000190E2
:10B6700002980499039A06F073FB014601980AF0B8
:10B68000E7F906B080BD000080B582B00190019856
:10B690000AF002FA02B080BD80B584B0029044F690
:10B6A0000C00C5F60200006800F004010020B0EBB9
:10B6B000910F13D1FFE744F60C00C5F602000068B5
:10B6C00000F007000299884204D0FFE701208DF8BE
:10B6D0000F002EE000208DF80F002AE044F60C0148
:10B6E000C5F60201086820F00700029A10430860BE
:10B6F000FFF76AF90190FFE744F60400C5F602007F
:10B70000006800F400510020B0EB513F0DD1FFE77D
:10B71000FFF75AF90199401AB0F57A7F04D9FFE78B
:10B7200001208DF80F0004E0E6E700208DF80F00FF
:10B73000FFE79DF80F0004B080BD0000000000008E
:10B7400080B502F0DDFC44F22041C5F60201096833
:10B75000C1F3021249F24821C0F60101895C01F0EF
:10B760001F01C84080BD000088B0079044F2284007
:10B77000C5F60200016801F0030106910068C0F3FC
:10B780000510059044F22C40C5F60200006800F058
:10B7900001000490049844F23441C5F6020109689E
:10B7A00089B2C908484300EE100AB8EE400A8DED90
:10B7B000020A0598002800F01B81FFE70698009018
:10B7C00048B1FFE70098012869D0FFE700980228F8
:10B7D00000F08980ABE044F20040C5F6020000684A
:10B7E00000F020010020B0EB511F33D0FFE744F2FE
:10B7F0000040C5F602000068C0F3C10149F2000034
:10B80000C0F2D030C84003909DED030AB8EE400A64
:10B810009DED051AB8EE411A80EE010A44F230405F
:10B82000C5F6020000686FF35F2001EE100AB8EE63
:10B83000411A9DED022A9FED743A82EE032A31EE01
:10B84000021AB7EE002A31EE021A20EE010A8DED3F
:10B85000010A23E09DED050AB8EE401A9FED6C0A3F
:10B8600080EE010A44F23040C5F6020000686FF332
:10B870005F2001EE100AB8EE411A9DED022A9FEDFD
:10B88000623A82EE032A31EE021AB7EE002A31EE56
:10B89000021A20EE010A8DED010AFFE76BE09DED33
:10B8A000050AB8EE401A9FED590A80EE010A44F2EB
:10B8B0003040C5F6020000686FF35F2001EE100A09
:10B8C000B8EE411A9DED022A9FED4F3A82EE032A0F
:10B8D00031EE021AB7EE002A31EE021A20EE010A0A
:10B8E0008DED010A47E09DED050AB8EE401A9FED87
:10B8F000450A80EE010A44F23040C5F602000068B5
:10B900006FF35F2001EE100AB8EE411A9DED022A96
:10B910009FED3D3A82EE032A31EE021AB7EE002A7D
:10B9200031EE021A20EE010A8DED010A23E09DEDB1
:10B93000050AB8EE401A9FED360A80EE010A44F27D
:10B940003040C5F6020000686FF35F2001EE100A78
:10B95000B8EE411A9DED022A9FED2B3A82EE032AA2
:10B9600031EE021AB7EE002A31EE021A20EE010A79
:10B970008DED010AFFE79DED010A44F23040C5F666
:10B980000200016889B2490A01EE101AB8EE411AA4
:10B99000B7EE002A31EE021A80EE010A0799BCEEDA
:10B9A000C00A81ED000A9DED010A0168C1F306415C
:10B9B00001EE101AB8EE411A31EE021A80EE010AB9
:10B9C0000799BCEEC00A81ED010A9DED010A0068ED
:10B9D000C0F3066001EE100AB8EE411A31EE021A09
:10B9E00080EE010A0798BCEEC00A80ED020A07E06B
:10B9F0000799002008600799486007998860FFE769
:10BA000008B0704720BCBE4B000000460024744ABA
:10BA10000024744C0000000088B0079044F22840D5
:10BA2000C5F60200016801F0030106910068C0F349
:10BA30000530059044F22C40C5F602000068C0F3C2
:10BA400000100490049844F23C41C5F602010968D4
:10BA500089B2C908484300EE100AB8EE400A8DEDDD
:10BA6000020A0598002800F01B81FFE70698009065
:10BA700048B1FFE70098012869D0FFE70098022845
:10BA800000F08980ABE044F20040C5F60200006897
:10BA900000F020010020B0EB511F33D0FFE744F24B
:10BAA0000040C5F602000068C0F3C10149F2000081
:10BAB000C0F2D030C84003909DED030AB8EE400AB2
:10BAC0009DED051AB8EE411A80EE010A44F23840A5
:10BAD000C5F6020000686FF35F2001EE100AB8EEB1
:10BAE000411A9DED022A9FED743A82EE032A31EE4F
:10BAF000021AB7EE002A31EE021A20EE010A8DED8D
:10BB0000010A23E09DED050AB8EE401A9FED6C0A8C
:10BB100080EE010A44F23840C5F6020000686FF377
:10BB20005F2001EE100AB8EE411A9DED022A9FED4A
:10BB3000623A82EE032A31EE021AB7EE002A31EEA3
:10BB4000021A20EE010A8DED010AFFE76BE09DED80
:10BB5000050AB8EE401A9FED590A80EE010A44F238
:10BB60003840C5F6020000686FF35F2001EE100A4E
:10BB7000B8EE411A9DED022A9FED4F3A82EE032A5C
:10BB800031EE021AB7EE002A31EE021A20EE010A57
:10BB90008DED010A47E09DED050AB8EE401A9FEDD4
:10BBA000450A80EE010A44F23840C5F602000068FA
:10BBB0006FF35F2001EE100AB8EE411A9DED022AE4
:10BBC0009FED3D3A82EE032A31EE021AB7EE002ACB
:10BBD00031EE021A20EE010A8DED010A23E09DEDFF
:10BBE000050AB8EE401A9FED350A80EE010A44F2CC
:10BBF0003840C5F6020000686FF35F2001EE100ABE
:10BC0000B8EE411A9DED022A9FED2B3A82EE032AEF
:10BC100031EE021AB7EE002A31EE021A20EE010AC6
:10BC20008DED010AFFE79DED010A44F23840C5F6AB
:10BC30000200016889B2490A01EE101AB8EE411AF1
:10BC4000B7EE002A31EE021A80EE010A0799BCEE27
:10BC5000C00A81ED000A9DED010A0168C1F30641A9
:10BC600001EE101AB8EE411A31EE021A80EE010A06
:10BC70000799BCEEC00A81ED010A9DED010A00683A
:10BC8000C0F3066001EE100AB8EE411A31EE021A56
:10BC900080EE010A0798BCEEC00A80ED020A07E0B8
:10BCA0000799002008600799486007998860FFE7B6
:10BCB00008B0704720BCBE4B000000460024744A08
:10BCC0000024744C0000000088B0079044F2284023
:10BCD000C5F60200016801F0030106910068C0F397
:10BCE0000550059044F22C40C5F602000068C0F3F0
:10BCF00000200490049844F24441C5F6020109680A
:10BD000089B2C908484300EE100AB8EE400A8DED2A
:10BD1000020A0598002800F01B81FFE706980090B2
:10BD200048B1FFE70098012869D0FFE70098022892
:10BD300000F08980ABE044F20040C5F602000068E4
:10BD400000F020010020B0EB511F33D0FFE744F298
:10BD50000040C5F602000068C0F3C10149F20000CE
:10BD6000C0F2D030C84003909DED030AB8EE400AFF
:10BD70009DED051AB8EE411A80EE010A44F24040EA
:10BD8000C5F6020000686FF35F2001EE100AB8EEFE
:10BD9000411A9DED022A9FED743A82EE032A31EE9C
:10BDA000021AB7EE002A31EE021A20EE010A8DEDDA
:10BDB000010A23E09DED050AB8EE401A9FED6C0ADA
:10BDC00080EE010A44F24040C5F6020000686FF3BD
:10BDD0005F2001EE100AB8EE411A9DED022A9FED98
:10BDE000623A82EE032A31EE021AB7EE002A31EEF1
:10BDF000021A20EE010A8DED010AFFE76BE09DEDCE
:10BE0000050AB8EE401A9FED590A80EE010A44F285
:10BE10004040C5F6020000686FF35F2001EE100A93
:10BE2000B8EE411A9DED022A9FED4F3A82EE032AA9
:10BE300031EE021AB7EE002A31EE021A20EE010AA4
:10BE40008DED010A47E09DED050AB8EE401A9FED21
:10BE5000450A80EE010A44F24040C5F6020000683F
:10BE60006FF35F2001EE100AB8EE411A9DED022A31
:10BE70009FED3D3A82EE032A31EE021AB7EE002A18
:10BE800031EE021A20EE010A8DED010A23E09DED4C
:10BE9000050AB8EE401A9FED350A80EE010A44F219
:10BEA0004040C5F6020000686FF35F2001EE100A03
:10BEB000B8EE411A9DED022A9FED2B3A82EE032A3D
:10BEC00031EE021AB7EE002A31EE021A20EE010A14
:10BED0008DED010AFFE79DED010A44F24040C5F6F1
:10BEE0000200016889B2490A01EE101AB8EE411A3F
:10BEF000B7EE002A31EE021A80EE010A0799BCEE75
:10BF0000C00A81ED000A9DED010A0168C1F30641F6
:10BF100001EE101AB8EE411A31EE021A80EE010A53
:10BF20000799BCEEC00A81ED010A9DED010A006887
:10BF3000C0F3066001EE100AB8EE411A31EE021AA3
:10BF400080EE010A0798BCEEC00A80ED020A07E005
:10BF50000799002008600799486007998860FFE703
:10BF600008B0704720BCBE4B000000460024744A55
:10BF70000024744C0000000080B59AB0199118900C
:10BF80001898199980F480700843002840F0A88020
:10BF9000FFE744F25040C5F60200006800F00700D9
:10BFA0000D900D980A90042800F295800A99DFE818
:10BFB00001F00316298C3C0044F20040C5F6020053
:10BFC00000688001002806D5FFE715A8FFF7CCFB25
:10BFD00016980E9002E000200E90FFE77EE044F2FB
:10BFE0000040C5F6020000680001002806D5FFE702
:10BFF00012A8FFF711FD12980E9002E000200E909B
:10C00000FFE76BE044F20040C5F6020000688000E4
:10C01000002806D5FFE70FA8FFF756FE0F980E90F1
:10C0200002E000200E90FFE758E044F24C40C5F6D5
:10C030000200006800F040500C9044F20040C5F649
:10C04000020000684007002811D5FFE70C9870B97E
:10C05000FFE744F20040C5F602000068C0F3C101EA
:10C0600049F20000C0F2D030C8400E902CE044F2FB
:10C070000040C5F602000068C00500280BD5FFE7A8
:10C080000C98B0F1805F06D1FFE740F60010C0F2D7
:10C090003D000E9017E044F20040C5F60200006833
:10C0A000800300280BD5FFE70C98B0F1005F06D1A4
:10C0B000FFE747F64000C0F27D100E9002E000203E
:10C0C0000E90FFE7FFE7FFE708E048F20000C0F24C
:10C0D000BB000E9002E000200E90FFE700F06EBD66
:10C0E0001898199980F400700843002840F0B38034
:10C0F000FFE744F25040C5F60200006800F4E0702B
:10C100000D900D98099090B1FFE70998402821D033
:10C11000FFE70998802830D0FFE70998C02800F091
:10C120008F80FFE70998B0F5807F39D08EE044F228
:10C130000040C5F6020000688001002806D5FFE730
:10C1400015A8FFF711FB16980E9002E000200E9044
:10C15000FFE77EE044F20040C5F6020000680001FF
:10C16000002806D5FFE712A8FFF756FC12980E909C
:10C1700002E000200E90FFE76BE044F20040C5F6BD
:10C18000020000688000002806D5FFE70FA8FFF72F
:10C190009BFD0F980E9002E000200E90FFE758E004
:10C1A00044F24C40C5F60200006800F040500C908C
:10C1B00044F20040C5F6020000684007002811D58F
:10C1C000FFE70C9870B9FFE744F20040C5F60200A3
:10C1D0000068C0F3C10149F20000C0F2D030C8408D
:10C1E0000E902CE044F20040C5F602000068C00545
:10C1F00000280BD5FFE70C98B0F1805F06D1FFE770
:10C2000040F60010C0F23D000E9017E044F20040EE
:10C21000C5F602000068800300280BD5FFE70C98E4
:10C22000B0F1005F06D1FFE747F64000C0F27D1095
:10C230000E9002E000200E90FFE7FFE7FFE708E026
:10C2400048F20000C0F2BB000E9002E000200E9009
:10C25000FFE700F0B2BC1898199980F48060084399
:10C26000002840F0B580FFE744F25840C5F60200D0
:10C27000006800F460000D900D980890A8B1FFE7E9
:10C280000898B0F5001F23D0FFE70898B0F5800F9D
:10C2900031D0FFE70898B0F5C00F00F08F80FFE7BE
:10C2A0000898B0F5000F39D08EE044F20040C5F692
:10C2B000020000688001002806D5FFE715A8FFF7F7
:10C2C00053FA16980E9002E000200E90FFE77EE0F1
:10C2D00044F20040C5F6020000680001002806D5BF
:10C2E000FFE712A8FFF798FB12980E9002E00020DB
:10C2F0000E90FFE76BE044F20040C5F602000068D4
:10C300008000002806D5FFE70FA8FFF7DDFC0F9897
:10C310000E9002E000200E90FFE758E044F24C40FF
:10C32000C5F60200006800F040500C9044F2004056
:10C33000C5F6020000684007002811D5FFE70C98F9
:10C3400070B9FFE744F20040C5F602000068C0F390
:10C35000C10149F20000C0F2D030C8400E902CE07C
:10C3600044F20040C5F602000068C00500280BD565
:10C37000FFE70C98B0F1805F06D1FFE740F60010B0
:10C38000C0F23D000E9017E044F20040C5F60200F6
:10C390000068800300280BD5FFE70C98B0F1005F20
:10C3A00006D1FFE747F64000C0F27D100E9002E094
:10C3B00000200E90FFE7FFE7FFE708E048F20000EB
:10C3C000C0F2BB000E9002E000200E90FFE7F3E306
:10C3D0001898199980F400600843002840F0B5804F
:10C3E000FFE744F25840C5F60200006800F0E06044
:10C3F0000D900D980790A8B1FFE70798B0F1807FE6
:10C4000023D0FFE70798B0F1007F31D0FFE707980E
:10C41000B0F1407F00F08F80FFE70798B0F1806FA8
:10C4200039D08EE044F20040C5F602000068800179
:10C43000002806D5FFE715A8FFF796F916980E9085
:10C4400002E000200E90FFE77EE044F20040C5F6D7
:10C45000020000680001002806D5FFE712A8FFF7D8
:10C46000DBFA12980E9002E000200E90FFE76BE0DE
:10C4700044F20040C5F6020000688000002806D59E
:10C48000FFE70FA8FFF720FC0F980E9002E00020B6
:10C490000E90FFE758E044F24C40C5F602000068F9
:10C4A00000F040500C9044F20040C5F602000068D5
:10C4B0004007002811D5FFE70C9870B9FFE744F258
:10C4C0000040C5F602000068C0F3C10149F2000057
:10C4D000C0F2D030C8400E902CE044F20040C5F6C7
:10C4E00002000068C00500280BD5FFE70C98B0F1EA
:10C4F000805F06D1FFE740F60010C0F23D000E90CD
:10C5000017E044F20040C5F60200006880030028EE
:10C510000BD5FFE70C98B0F1005F06D1FFE747F6B7
:10C520004000C0F27D100E9002E000200E90FFE768
:10C53000FFE7FFE708E048F20000C0F2BB000E9002
:10C5400002E000200E90FFE735E31898199980F477
:10C5500080500843002840F0B580FFE744F2504087
:10C56000C5F60200006800F4E0400B900B980690BE
:10C57000A8B1FFE70698B0F5805F23D0FFE70698E3
:10C58000B0F5005F31D0FFE70698B0F5405F00F0EE
:10C590008F80FFE70698B0F5804F39D08EE044F2E7
:10C5A0000040C5F6020000688001002806D5FFE7BC
:10C5B00015A8FFF7D9F816980E9002E000200E900B
:10C5C000FFE77EE044F20040C5F60200006800018B
:10C5D000002806D5FFE712A8FFF71EFA12980E9062
:10C5E00002E000200E90FFE76BE044F20040C5F649
:10C5F000020000688000002806D5FFE70FA8FFF7BB
:10C6000063FB0F980E9002E000200E90FFE758E0C9
:10C6100044F24C40C5F60200006800F040500C9017
:10C6200044F20040C5F6020000684007002811D51A
:10C63000FFE70C9870B9FFE744F20040C5F602002E
:10C640000068C0F3C10149F20000C0F2D030C84018
:10C650000E902CE044F20040C5F602000068C005D0
:10C6600000280BD5FFE70C98B0F1805F06D1FFE7FB
:10C6700040F60010C0F23D000E9017E044F200407A
:10C68000C5F602000068800300280BD5FFE70C9870
:10C69000B0F1005F06D1FFE747F64000C0F27D1021
:10C6A0000E9002E000200E90FFE7FFE7FFE708E0B2
:10C6B00048F20000C0F2BB000E9002E000200E9095
:10C6C000FFE777E21898199980F400500843002892
:10C6D00040F09580FFE744F25040C5F60200006844
:10C6E00000F4E0200B900B980590C8B1FFE7059887
:10C6F000B0F5803F18D0FFE70598B0F5003F26D091
:10C70000FFE70598B0F5403F34D0FFE70598B0F556
:10C71000802F4AD0FFE70598B0F5A02F58D06AE0E7
:10C7200001F01AFD0E9069E044F20040C5F60200E7
:10C7300000680001002806D5FFE712A8FFF76CF992
:10C7400013980E9002E000200E90FFE756E044F2AE
:10C750000040C5F6020000688000002806D5FFE70B
:10C760000FA8FFF7B1FA10980E9002E000200E908B
:10C77000FFE743E044F20040C5F6020000684007CE
:10C7800000280ED5FFE744F20040C5F6020000681D
:10C79000C0F3C10149F20000C0F2D030C8400E9091
:10C7A00002E000200E90FFE728E044F20040C5F6CA
:10C7B00002000068C005002806D5FFE740F600101B
:10C7C000C0F23D000E9002E000200E90FFE715E061
:10C7D00044F20040C5F6020000688003002806D538
:10C7E000FFE747F64000C0F27D100E9002E0002007
:10C7F0000E90FFE702E000200E90FFE7D9E11898C5
:10C80000199980F400200843002840F09180FFE748
:10C8100044F25840C5F60200006800F440300B9026
:10C820000B98049050B1FFE70498B0F5803F18D002
:10C83000FFE70498B0F5003F26D075E044F20040D1
:10C84000C5F6020000680001002806D5FFE712A81F
:10C85000FFF7E2F812980E9002E000200E90FFE73A
:10C8600065E044F20040C5F6020000688000002840
:10C8700006D5FFE70FA8FFF727FA11980E9002E000
:10C8800000200E90FFE752E044F24C40C5F6020053
:10C89000006800F040500C9044F20040C5F60200E1
:10C8A00000684007002811D5FFE70C9870B9FFE732
:10C8B00044F20040C5F602000068C0F3C10149F22D
:10C8C0000000C0F2D030C8400E902CE044F200408E
:10C8D000C5F602000068C00500280BD5FFE70C98DC
:10C8E000B0F1805F06D1FFE740F60010C0F23D00D6
:10C8F0000E9017E044F20040C5F602000068800385
:10C9000000280BD5FFE70C98B0F1005F06D1FFE7D8
:10C9100047F64000C0F27D100E9002E000200E901D
:10C92000FFE7FFE7FFE702E000200E90FFE73FE1AF
:10C930001898199980F480300843D8BBFFE744F277
:10C940004C40C5F60200006800F480300B900B9854
:10C95000039028B1FFE70398B0F5803F13D025E09E
:10C9600044F20040C5F6020000688001002806D5A8
:10C97000FFE715A8FEF7F8FE16980E9002E00020DB
:10C980000E90FFE715E044F20040C5F60200006893
:10C990000001002806D5FFE712A8FFF73DF814981C
:10C9A0000E9002E000200E90FFE702E000200E90C3
:10C9B000FFE7FCE01898199980F4804008430028AC
:10C9C00040F09580FFE744F25840C5F60200006849
:10C9D00000F0E0400B900B980290C8B1FFE702987E
:10C9E000B0F1805F18D0FFE70298B0F1005F26D069
:10C9F000FFE70298B0F1405F34D0FFE70298B0F152
:10CA0000804F4AD0FFE70298B0F1A04F58D06AE0BB
:10CA1000FEF796FE0E9069E044F20040C5F6020073
:10CA200000680001002806D5FFE712A8FEF7F4FF12
:10CA300013980E9002E000200E90FFE756E044F2BB
:10CA40000040C5F6020000688000002806D5FFE718
:10CA50000FA8FFF739F910980E9002E000200E9011
:10CA6000FFE743E044F20040C5F6020000684007DB
:10CA700000280ED5FFE744F20040C5F6020000682A
:10CA8000C0F3C10149F20000C0F2D030C8400E909E
:10CA900002E000200E90FFE728E044F20040C5F6D7
:10CAA00002000068C005002806D5FFE740F6001028
:10CAB000C0F23D000E9002E000200E90FFE715E06E
:10CAC00044F20040C5F6020000688003002806D545
:10CAD000FFE747F64000C0F27D100E9002E0002014
:10CAE0000E90FFE702E000200E90FFE75EE018984E
:10CAF000199980F400400843002853D1FFE744F21D
:10CB00005040C5F60200006800F040500B900B98B2
:10CB1000019050B1FFE70198B0F1805F18D0FFE7B6
:10CB20000198B0F1005F26D038E044F20040C5F62D
:10CB3000020000688003002806D5FFE747F64000A2
:10CB4000C0F27D100E9002E000200E90FFE728E07A
:10CB500044F20040C5F6020000688001002806D5B6
:10CB6000FFE715A8FEF700FE16980E9002E00020E1
:10CB70000E90FFE715E044F20040C5F602000068A1
:10CB80000001002806D5FFE712A8FEF745FF13981D
:10CB90000E9002E000200E90FFE702E000200E90D1
:10CBA000FFE702E000200E90FFE7FFE7FFE7FFE767
:10CBB000FFE7FFE7FFE7FFE7FFE7FFE70E981AB0A1
:10CBC00080BD00000000000080B59AB018900020E1
:10CBD0008DF857008DF856001898C0780007002887
:10CBE00048D5FFE71898806E149078B1FFE7149845
:10CBF000B0F5801F13D0FFE71498B0F5001F16D0D2
:10CC0000FFE71498B0F5401F19D019E044F22C4109
:10CC1000C5F60201086840F40030086014E0189876
:10CC20000830022106F02CF88DF857000CE0189817
:10CC30002830022106F00CF98DF8570004E003E0DB
:10CC400001208DF85700FFE79DF8570060B9FFE716
:10CC500044F25041C5F60201086820F44010189AC9
:10CC6000926E1043086004E09DF857008DF856005E
:10CC7000FFE7FFE718984078C007002840D0FFE79B
:10CC80001898806D1390042820D81399DFE801F0DC
:10CC9000030C141C1D0044F22C41C5F60201086867
:10CCA00040F40030086015E018980830002105F0C5
:10CCB000E7FF8DF857000DE018982830002106F0A6
:10CCC000C7F88DF8570005E004E003E001208DF877
:10CCD0005700FFE79DF8570060B9FFE744F2504165
:10CCE000C5F60201086820F00700189A926D1043FB
:10CCF000086004E09DF857008DF85600FFE7FFE755
:10CD000018984078800700284BD5FFE71898C06D29
:10CD1000129088B1FFE71298402816D0FFE71298CA
:10CD200080281AD0FFE71298C0281ED0FFE712987B
:10CD3000B0F5807F1AD01AE044F22C41C5F602010A
:10CD4000086840F40030086015E0189808300021A9
:10CD500005F096FF8DF857000DE018982830002157
:10CD600006F076F88DF8570005E004E003E00120B6
:10CD70008DF85700FFE79DF8570060B9FFE744F2D0
:10CD80005041C5F60201086820F4E070189AD26D8F
:10CD90001043086004E09DF857008DF85600FFE747
:10CDA000FFE7189840784007002850D5FFE718980B
:10CDB000D0F8A8001190A0B1FFE71198B0F5001FBE
:10CDC00018D0FFE71198B0F5800F1BD0FFE711983E
:10CDD000B0F5C00F1ED0FFE71198B0F5000F1AD0C4
:10CDE0001AE044F22C41C5F60201086840F4003014
:10CDF000086015E018980830002105F041FF8DF813
:10CE000057000DE018982830002106F021F88DF821
:10CE1000570005E004E003E001208DF85700FFE72C
:10CE20009DF8570068B9FFE744F25841C5F6020182
:10CE3000086820F46000189AD2F8A820104308600F
:10CE400004E09DF857008DF85600FFE7FFE71898BB
:10CE500040780007002850D5FFE71898D0F8AC00BC
:10CE60001090A0B1FFE71098B0F1807F18D0FFE7D5
:10CE70001098B0F1007F1BD0FFE71098B0F1407F11
:10CE80001ED0FFE71098B0F1806F1AD01AE044F27C
:10CE90002C41C5F60201086840F40030086015E036
:10CEA00018980830002105F0EBFE8DF857000DE0D2
:10CEB00018982830002105F0CBFF8DF8570005E0C9
:10CEC00004E003E001208DF85700FFE79DF85700CC
:10CED00068B9FFE744F25841C5F60201086820F03E
:10CEE000E060189AD2F8AC201043086004E09DF886
:10CEF00057008DF85600FFE7FFE71898C0788007C5
:10CF000000283ED5FFE71898C06C0F90F0B1FFE7FE
:10CF10000F98102808D0FFE70F9820280DD0FFE7C2
:10CF20000F98302811D012E044F22C41C5F60201CE
:10CF3000086840F4003008600DE0189808300221BD
:10CF400005F09EFE8DF8570005E004E003E00120A7
:10CF50008DF85700FFE79DF8570060B9FFE744F2EE
:10CF60004C41C5F60201086820F03000189AD26CD6
:10CF70001043086004E09DF857008DF85600FFE765
:10CF8000FFE718984078C00600284ED5FFE71898AC
:10CF9000006E0E90A0B1FFE70E98B0F5805F18D03C
:10CFA000FFE70E98B0F5005F1BD0FFE70E98B0F5D5
:10CFB000405F1ED0FFE70E98B0F5804F1AD01AE000
:10CFC00044F22C41C5F60201086840F400300860C4
:10CFD00015E018980830002105F052FE8DF8570032
:10CFE0000DE018982830002105F032FF8DF8570029
:10CFF00005E004E003E001208DF85700FFE79DF80D
:10D00000570060B9FFE744F25041C5F602010868D5
:10D0100020F4E040189A126E1043086004E09DF876
:10D0200057008DF85600FFE7FFE718984078800614
:10D0300000284CD5FFE71898406E0D90C8B1FFE767
:10D040000D98B0F5803F15D0FFE70D98B0F5003F83
:10D0500018D0FFE70D98B0F5403F1BD0FFE70D98C3
:10D06000B0F5802F17D0FFE70D98B0F5A02F13D0A3
:10D0700013E016E018980830012105F001FE8DF844
:10D0800057000EE018982830012105F0E1FE8DF8D8
:10D09000570006E005E004E003E001208DF85700AA
:10D0A000FFE79DF8570060B9FFE744F25041C5F62D
:10D0B0000201086820F4E020189A526E10430860BC
:10D0C00004E09DF857008DF85600FFE7FFE7189839
:10D0D0004078400600284ED5FFE71898D0F8B000F9
:10D0E0000C90C8B1FFE70C98B0F1805F15D0FFE756
:10D0F0000C98B0F1005F18D0FFE70C98B0F1405FDA
:10D100001BD0FFE70C98B0F1804F17D0FFE70C98C9
:10D11000B0F1A04F13D013E016E0189808300121A9
:10D1200005F0AEFD8DF857000EE01898283001216B
:10D1300005F08EFE8DF8570006E005E004E003E000
:10D1400001208DF85700FFE79DF8570068B9FFE709
:10D1500044F25841C5F60201086820F0E040189AF0
:10D16000D2F8B0201043086004E09DF857008DF815
:10D170005600FFE7FFE718984078000600283BD5E7
:10D18000FFE71898006F0B90D8B1FFE70B98B0F14C
:10D19000805F05D0FFE70B98B0F1005F09D011E088
:10D1A00044F22C41C5F60201086840F400300860E2
:10D1B0000CE018980830012105F062FD8DF8570049
:10D1C00004E003E001208DF85700FFE79DF85700C9
:10D1D00060B9FFE744F25041C5F60201086820F04B
:10D1E0004050189A126F1043086004E09DF85700F1
:10D1F0008DF85600FFE7FFE71898C078C0070028B1
:10D2000037D0FFE71898806C0A90032817D80A993E
:10D21000DFE801F014020B1344F22C41C5F60201C1
:10D22000086840F4003008600DE0189808300221CA
:10D2300005F026FD8DF8570005E004E003E001202D
:10D240008DF85700FFE79DF8570060B9FFE744F2FB
:10D250004C41C5F60201086820F00300189A926C50
:10D260001043086004E09DF857008DF85600FFE772
:10D27000FFE7189880784006002840F1B480FFE767
:10D2800044F60001C5F60201086840F480700860A9
:10D29000FDF79AFB1690FFE744F60000C5F6020082
:10D2A0000068C00500280CD4FFE7FDF78DFB169938
:10D2B000401A652804D3FFE703208DF8570000E0EB
:10D2C000EAE79DF85700002840F08780FFE744F226
:10D2D0007040C5F60200006800F440701899D1F85B
:10D2E000B41001F44071884213D0FFE744F270415A
:10D2F000C5F60201086820F440701790086840F4F1
:10D3000080300860086820F4803008601798086052
:10D31000FFE71898D0F8B400B0F5807F1FD1FFE781
:10D32000FDF752FB1690FFE744F27040C5F602008D
:10D33000006800F002010020B0EB510F0ED1FFE7B2
:10D34000FDF742FB1699401A41F28931884204D315
:10D35000FFE703208DF8570000E0E5E7FFE79DF8C1
:10D360005700A0BBFFE7FFE71898D0F8B40000F41F
:10D370004070B0F5407F13D1FFE744F21041C5F68D
:10D380000201086820F47C50189AD2F8B4204FF6B5
:10D39000F043C0F6FF731A4040EA1210086008E03C
:10D3A00044F21041C5F60201086820F47C50086080
:10D3B000FFE71898D0F8B4206FF31F3244F27041A1
:10D3C000C5F60201086810430860FFE704E09DF815
:10D3D00057008DF85600FFE704E09DF857008DF8E0
:10D3E0005600FFE7FFE718980068C007002800F024
:10D3F0004C80FFE71898C06F099028282BD809990E
:10D40000DFE801F01529292929292929162929299F
:10D41000292929291E29292929292929262929298A
:10D42000292929292729292929292929280016E0F4
:10D4300018980830012105F023FC8DF857000EE004
:10D4400018982830012105F003FD8DF8570006E0FB
:10D4500005E004E003E001208DF85700FFE79DF8A8
:10D46000570060B9FFE744F25441C5F6020108686D
:10D4700020F03800189AD26F1043086004E09DF83D
:10D4800057008DF85600FFE7FFE7189800788007EF
:10D49000002839D5FFE71898806F0890052819D81B
:10D4A0000899DFE801F003040C14151616E018982B
:10D4B0000830012105F0E4FB8DF857000EE01898C4
:10D4C0002830012105F0C4FC8DF8570006E005E086
:10D4D00004E003E001208DF85700FFE79DF85700B6
:10D4E00060B9FFE744F25441C5F60201086820F034
:10D4F0000700189A926F1043086004E09DF85700E7
:10D500008DF85600FFE7FFE71898007840070028DD
:10D510003BD5FFE71898D0F894000790052819D854
:10D520000799DFE801F003040C14151616E01898AB
:10D530000830012105F0A4FB8DF857000EE0189883
:10D540002830012105F084FC8DF8570006E005E045
:10D5500004E003E001208DF85700FFE79DF8570035
:10D5600068B9FFE744F25841C5F60201086820F0A7
:10D570000700189AD2F894201043086004E09DF840
:10D5800057008DF85600FFE7FFE7189800788006EF
:10D5900000284ED5FFE71898D0F890000690C8B143
:10D5A000FFE70698B0F1805F15D0FFE70698B0F16D
:10D5B000005F18D0FFE70698B0F1405F1BD0FFE78F
:10D5C0000698B0F1804F17D0FFE70698B0F1A04F52
:10D5D00013D013E016E018980830002105F050FB36
:10D5E0008DF857000EE018982830022105F030FC25
:10D5F0008DF8570006E005E004E003E001208DF817
:10D600005700FFE79DF8570068B9FFE744F254411F
:10D61000C5F60201086820F0E040189AD2F8902080
:10D620001043086004E09DF857008DF85600FFE7AE
:10D63000FFE718980078400600284ED5FFE71898B5
:10D64000D0F89C000590C8B1FFE70598B0F5806F51
:10D6500015D0FFE70598B0F5006F18D0FFE70598E3
:10D66000B0F5406F1BD0FFE70598B0F5805F17D08D
:10D67000FFE70598B0F5A05F13D013E016E0189807
:10D680000830002105F0FCFA8DF857000EE01898DC
:10D690002830022105F0DCFB8DF8570006E005E09C
:10D6A00004E003E001208DF85700FFE79DF85700E4
:10D6B00068B9FFE744F25841C5F60201086820F452
:10D6C000E050189AD2F89C201043086004E09DF8BE
:10D6D00057008DF85600FFE7FFE71898007800061E
:10D6E00000284ED5FFE71898D0F8A0000490C8B1E4
:10D6F000FFE70498B0F5005F15D0FFE70498B0F598
:10D70000804F18D0FFE70498B0F5C04F1BD0FFE75B
:10D710000498B0F5004F17D0FFE70498B0F5204FFC
:10D7200013D013E016E018980830002105F0A8FA8D
:10D730008DF857000EE018982830022105F088FB7C
:10D740008DF8570006E005E004E003E001208DF8C5
:10D750005700FFE79DF8570068B9FFE744F25841CA
:10D76000C5F60201086820F46040189AD2F8A0209B
:10D770001043086004E09DF857008DF85600FFE75D
:10D78000FFE7189800780007002820D5FFE71898D1
:10D79000D0F88400B0F5805F0CD1FFE718982830EE
:10D7A000022105F055FB20B1FFE701208DF856005E
:10D7B000FFE7FFE744F25441C5F60201086820F490
:10D7C0004050189AD2F8842010430860FFE7189858
:10D7D0000078C006002820D5FFE71898D0F89800F8
:10D7E000B0F5807F0CD1FFE718982830022105F0B2
:10D7F0002FFB20B1FFE701208DF85600FFE7FFE780
:10D8000044F25841C5F60201086820F44070189AA5
:10D81000D2F8982010430860FFE718988078000736
:10D8200000283CD5FFE71898D0F8A400039050B129
:10D83000FFE70398B0F5803F0DD0FFE70398B0F500
:10D84000003F10D010E018980830002105F018FAB9
:10D850008DF857000CE018982830022105F0F8FAEE
:10D860008DF8570004E003E001208DF85700FFE732
:10D870009DF8570068B9FFE744F25841C5F6020128
:10D88000086820F44030189AD2F8A42010430860A9
:10D8900004E09DF857008DF85600FFE7FFE7189861
:10D8A0008078400700283FD5FFE71898D0F8880017
:10D8B0000290B0F5801F0AD0FFE70298B0F5001F74
:10D8C0000ED0FFE70298B0F5401F11D011E044F2EE
:10D8D0002C41C5F60201086840F4003008600CE0F5
:10D8E00018982830012105F0B3FA8DF8570004E0AC
:10D8F00003E001208DF85700FFE79DF8570068B955
:10D90000FFE744F25441C5F60201086820F44010D4
:10D91000189AD2F888201043086004E09DF8570058
:10D920008DF85600FFE7FFE718988078C007A8B386
:10D93000FFE71898006D019028B1FFE70198B0F556
:10D94000803F09D010E044F22C41C5F6020108687E
:10D9500040F4003008600BE018980830022105F010
:10D960008FF98DF8570003E001208DF85700FFE78D
:10D970009DF8570060B9FFE744F24C41C5F602013B
:10D98000086820F48030189A126D1043086004E093
:10D990009DF857008DF85600FFE7FFE71898C0780C
:10D9A000800600280CD5FFE718982830022105F0E2
:10D9B0004FFA20B1FFE701208DF85600FFE7FFE79F
:10D9C00018988078800700283CD5FFE71898D0F891
:10D9D00080000090D0B1FFE70098B0F5807F0AD0BA
:10D9E000FFE70098B0F5007F0ED0FFE70098B0F594
:10D9F000407F0AD00BE044F22C41C5F602010868D2
:10DA000040F40030086006E005E004E003E0012097
:10DA10008DF85700FFE79DF8570068B9FFE744F21B
:10DA20005441C5F60201086820F44070189AD2F8F3
:10DA300080201043086004E09DF857008DF85600E0
:10DA4000FFE7FFE718988078C00600280CD5FFE7AD
:10DA500044F25041C5F60201086820F00040189ACF
:10DA6000526F10430860FFE71898C078C00600287E
:10DA70000DD5FFE744F21041C5F60201086820F415
:10DA80008040189AD2F8B82010430860FFE7189831
:10DA90008078800600280CD5FFE744F25041C5F697
:10DAA0000201086820F08070189AD26E1043086056
:10DAB000FFE71898C0784006002811D5FFE7FFE778
:10DAC00044F21041C5F60201086820F400400860E5
:10DAD0001898D0F8BC20086810430860FFE7FFE7FB
:10DAE0001898C078000600280CD5FFE744F24C4196
:10DAF000C5F60201086820F04050189A526D104394
:10DB00000860FFE718988078000600280DD5FFE729
:10DB100044F25441C5F60201086820F44000189A06
:10DB2000D2F88C2010430860FFE718980079C007EE
:10DB300090B1FFE718980830002105F0A1F88DF8A2
:10DB400057009DF8570008B9FFE704E09DF857001B
:10DB50008DF85600FFE7FFE7189800798007002846
:10DB600012D5FFE718980830012105F089F88DF8E3
:10DB700057009DF8570008B9FFE704E09DF85700EB
:10DB80008DF85600FFE7FFE7189800794007002856
:10DB900012D5FFE718980830022105F071F88DF8CA
:10DBA00057009DF8570008B9FFE704E09DF85700BB
:10DBB0008DF85600FFE7FFE7189800790007002866
:10DBC00012D5FFE718982830002105F041F98DF8AB
:10DBD00057009DF8570008B9FFE704E09DF857008B
:10DBE0008DF85600FFE7FFE718980079C006002877
:10DBF00012D5FFE718982830012105F029F98DF892
:10DC000057009DF8570008B9FFE704E09DF857005A
:10DC10008DF85600FFE7FFE7189800798006002886
:10DC200012D5FFE718982830022105F011F98DF878
:10DC300057009DF8570008B9FFE704E09DF857002A
:10DC40008DF85600FFE7FFE79DF8560020B9FFE783
:10DC500000208DF8670003E001208DF86700FFE7E2
:10DC60009DF867001AB080BD80B586B0049003911E
:10DC7000049820B9FFE701208DF817003CE20398D3
:10DC800042F20001C5F20021096801F00F0188424B
:10DC900016D9FFE742F20000C5F20020016821F02A
:10DCA0000F01039A11430160006800F00F0003990F
:10DCB000884204D0FFE701208DF817001CE2FFE73F
:10DCC000049800784007002819D5FFE704980069F8
:10DCD00044F21841C5F60201096801F0700188425A
:10DCE0000CD9FFE744F21841C5F60201086820F09C
:10DCF0007000049A126910430860FFE7FFE7049878
:10DD000000780007002819D5FFE70498406944F21D
:10DD10001C41C5F60201096801F0700188420CD966
:10DD2000FFE744F21C41C5F60201086820F07000CC
:10DD3000049A526910430860FFE7FFE704980078EF
:10DD4000C006002819D5FFE70498806944F21C41F9
:10DD5000C5F60201096801F4E06188420CD9FFE7C9
:10DD600044F21C41C5F60201086820F4E060049A00
:10DD7000926910430860FFE7FFE704980078800687
:10DD8000002819D5FFE70498C06944F22041C5F680
:10DD90000201096801F0700188420CD9FFE744F2E2
:10DDA0002041C5F60201086820F07000049AD2698B
:10DDB00010430860FFE7FFE7049800788007002819
:10DDC00019D5FFE70498C06844F21841C5F602016E
:10DDD000096801F00F0188420CD9FFE744F21841AD
:10DDE000C5F60201086820F00F00049AD2681043BB
:10DDF0000860FFE7FFE704980078C007002800F0FC
:10DE00008C80FFE744F21841C5F60201086820F44F
:10DE10007060049A92681043086004984068022871
:10DE200011D1FFE744F20040C5F60200006800F49B
:10DE300000310020B0EB514F04D1FFE701208DF8F5
:10DE4000170059E13EE004984068032811D1FFE72C
:10DE500044F20040C5F60200006800F000710020A6
:10DE6000B0EB516F04D1FFE701208DF8170043E1BB
:10DE700027E004984068012811D1FFE744F20040F0
:10DE8000C5F60200006800F480710020B0EB112F8D
:10DE900004D1FFE701208DF817002DE110E044F2D6
:10DEA0000040C5F60200006800F004010020B0EB5D
:10DEB000910F04D1FFE701208DF817001CE1FFE767
:10DEC000FFE7FFE744F21041C5F60201086820F0C1
:10DED0000700049A526810430860FCF775FD019032
:10DEE000FFE744F21040C5F60200006800F0380079
:10DEF00004994968B0EBC10F0ED0FFE7FCF764FD51
:10DF00000199401A41F28931884204D3FFE7032086
:10DF10008DF81700F0E0E4E7FFE704980078800749
:10DF2000002819D5FFE70498C06844F21841C5F6E7
:10DF30000201096801F00F0188420CD2FFE744F2A8
:10DF40001841C5F60201086820F00F00049AD26853
:10DF500010430860FFE7FFE7039842F20001C5F2B3
:10DF60000021096801F00F01884216D2FFE742F252
:10DF70000000C5F20020016821F00F01039A11434F
:10DF80000160006800F00F000399884204D0FFE7A9
:10DF900001208DF81700AFE0FFE7049800784007F4
:10DFA000002819D5FFE70498006944F21841C5F626
:10DFB0000201096801F0700188420CD2FFE744F2C7
:10DFC0001841C5F60201086820F07000049A126931
:10DFD00010430860FFE7FFE7049800780007002877
:10DFE00019D5FFE70498406944F21C41C5F60201C7
:10DFF000096801F0700188420CD2FFE744F21C412D
:10E00000C5F60201086820F07000049A52691043B6
:10E010000860FFE7FFE704980078C006002819D5DC
:10E02000FFE70498806944F21C41C5F602010968C3
:10E0300001F4E06188420CD2FFE744F21C41C5F6CE
:10E040000201086820F4E060049A926910430860B5
:10E05000FFE7FFE7049800788006002819D5FFE75E
:10E060000498C06944F22041C5F60201096801F034
:10E07000700188420CD2FFE744F22041C5F602014C
:10E08000086820F07000049AD26910430860FFE726
:10E09000FFE700F089F844F21842C5F60202116861
:10E0A000C1F3032349F24821C0F60101CB5C03F020
:10E0B0001F03D84000900098126802F00F02895C9C
:10E0C00001F01F01C84040F21001C2F20141086096
:10E0D000009840F20C01C2F20141086040F21800C1
:10E0E000C2F201400068FCF787FF8DF80B009DF835
:10E0F0000B008DF81700FFE79DF8170006B080BDF4
:10E1000080B582B000F050F844F21842C5F6020221
:10E110001168C1F3032349F24821C0F60101CB5C29
:10E1200003F01F03D84001900198126802F00F021B
:10E13000895C01F01F0120FA01F140F21000C2F2E7
:10E1400001400160019940F20C02C2F201421160EB
:10E15000006802B080BD000080B5FFF7D1FF44F237
:10E160001C41C5F602010968C1F3021249F24821B7
:10E17000C0F60101895C01F01F01C84080BD0000AC
:10E1800080B5FFF7BDFF44F21C41C5F602010968E6
:10E19000C1F3022249F24821C0F60101895C01F075
:10E1A0001F01C84080BD00008AB044F21040C5F68F
:10E1B0000200006800F0380001460191182800F2C2
:10E1C00069810199DFE811F01900660166016601B5
:10E1D00066016601660166013A0066016601660134
:10E1E000660166016601660140006601660166011E
:10E1F0006601660166016601460044F20040C5F60C
:10E200000200006800F020010020B0EB511F0ED08A
:10E21000FFE744F20040C5F602000068C0F3C10108
:10E2200049F20000C0F2D030C840029005E049F247
:10E230000000C0F2D0300290FFE731E140F600105C
:10E24000C0F23D0002902BE147F64000C0F27D1085
:10E25000029025E144F22840C5F60200016801F071
:10E26000030108910068C0F30510079044F22C40A8
:10E27000C5F60200006800F001000690069844F21E
:10E280003441C5F60201096889B2C908484300EE65
:10E29000100AB8EE400A8DED040A0798002800F035
:10E2A000F580FFE70898009048B1FFE70098012843
:10E2B00069D0FFE70098022800F08980ABE044F2C3
:10E2C0000040C5F60200006800F020010020B0EB1D
:10E2D000511F33D0FFE744F20040C5F6020000684A
:10E2E000C0F3C10149F20000C0F2D030C84005902F
:10E2F0009DED050AB8EE400A9DED071AB8EE411AE9
:10E3000080EE010A44F23040C5F6020000686FF367
:10E310005F2001EE100AB8EE411A9DED042A9FED30
:10E32000633A82EE032A31EE021AB7EE002A31EE8A
:10E33000021A20EE010A8DED030A23E09DED070A83
:10E34000B8EE401A9FED5B0A80EE010A44F23040BD
:10E35000C5F6020000686FF35F2001EE100AB8EE08
:10E36000411A9DED042A9FED513A82EE032A31EEC7
:10E37000021AB7EE002A31EE021A20EE010A8DEDE4
:10E38000030AFFE76BE09DED070AB8EE401A9FED28
:10E39000480A80EE010A44F23040C5F602000068E7
:10E3A0006FF35F2001EE100AB8EE411A9DED042ACA
:10E3B0009FED3E3A82EE032A31EE021AB7EE002AB2
:10E3C00031EE021A20EE010A8DED030A47E09DEDC1
:10E3D000070AB8EE401A9FED340A80EE010A44F2B3
:10E3E0003040C5F6020000686FF35F2001EE100AAE
:10E3F000B8EE411A9DED042A9FED2C3A82EE032AD5
:10E4000031EE021AB7EE002A31EE021A20EE010AAE
:10E410008DED030A23E09DED070AB8EE401A9FED4B
:10E42000240A80EE010A44F23040C5F6020000687A
:10E430006FF35F2001EE100AB8EE411A9DED042A39
:10E440009FED1A3A82EE032A31EE021AB7EE002A45
:10E4500031EE021A20EE010A8DED030AFFE744F2C5
:10E460003040C5F60200006881B2012000EB512067
:10E4700009909DED030A9DED091AB8EE411A80EE50
:10E48000010ABCEEC00A8DED020A02E000200290F3
:10E49000FFE705E040F60010C0F23D000290FFE704
:10E4A00002980AB0704700BF20BCBE4B0000004677
:10E4B0000024744A0024744C80B58CB00A900A98E9
:10E4C00028B9FFE701208DF82F0000F09DBD0A98C4
:10E4D0000078C007002800F0B980FFE744F2104040
:10E4E000C5F60200006800F03800069044F22840AB
:10E4F000C5F6020000680590069810280AD0FFE7CC
:10E50000069818281CD1FFE7059800F003000228A0
:10E5100016D1FFE744F20040C5F60200006800F49F
:10E5200000310020B0EB514F09D0FFE70A98406856
:10E5300028B9FFE701208DF82F0000F065BD84E0C9
:10E54000FFE70A984068B0F5803F09D1FFE744F241
:10E550000041C5F60201086840F48030086032E0EE
:10E560000A98406868B9FFE744F20041C5F6020125
:10E57000086820F480300860086820F48020086073
:10E5800020E00A984068B0F5A02F0DD1FFE744F2D3
:10E590000041C5F60201086840F480200860086860
:10E5A00040F4803008600CE044F20041C5F60201FE
:10E5B000086820F480300860086820F48020086033
:10E5C000FFE7FFE7FFE7FFE70A984068F0B1FFE7E2
:10E5D000FCF7FAF90990FFE744F20040C5F60200A3
:10E5E000006800F400310020B0EB514F0DD1FFE77F
:10E5F000FCF7EAF90999401A652805D3FFE70320DB
:10E600008DF82F0000F000BDE6E71DE0FCF7DCF917
:10E610000990FFE744F20040C5F60200006800F4EC
:10E6200000310020B0EB514F0DD0FFE7FCF7CCF9E3
:10E630000999401A652805D3FFE703208DF82F00BC
:10E6400000F0E2BCE6E7FFE7FFE7FFE70A980078A3
:10E650008007002840F11681FFE744F21040C5F61C
:10E660000200006800F03800049044F22840C5F62B
:10E67000020000680390049850B1FFE7049818283E
:10E6800078D1FFE79DF80C008007002872D1FFE7E2
:10E6900044F20040C5F60200006800F004010020CA
:10E6A000B0EB910F09D0FFE70A98C06828B9FFE7DF
:10E6B00001208DF82F0000F0A7BC44F20041C5F600
:10E6C0000201086820F019000A9AD2681043086015
:10E6D000FCF77AF90990FFE744F20040C5F6020022
:10E6E000006800F004010020B0EB910F0DD1FFE7AE
:10E6F000FCF76AF90999401A032805D3FFE70320BC
:10E700008DF82F0000F080BCE6E7FFE7FCF754F936
:10E7100041F2030188421DD8FFE70A9800694028AA
:10E720000AD1FFE744F20441C5F60201086820223D
:10E7300062F3113008600CE044F20441C5F60201B6
:10E74000086820F47C300A9A126940EA02300860B6
:10E75000FFE70CE044F20441C5F60201086820F02E
:10E76000FE400A9A126940EA02600860FFE7FFE78C
:10E77000FFE786E00A98C06800285CD0FFE744F213
:10E780000041C5F60201086820F019000A9AD26813
:10E7900010430860FCF718F90990FFE744F20040C5
:10E7A000C5F60200006800F004010020B0EB910FF4
:10E7B0000DD1FFE7FCF708F90999401A032805D3A2
:10E7C000FFE703208DF82F0000F01EBCE6E7FFE70F
:10E7D000FCF7F2F841F2030188421DD8FFE70A98DE
:10E7E000006940280AD1FFE744F20441C5F602015E
:10E7F0000868202262F3113008600CE044F2044102
:10E80000C5F60201086820F47C300A9A126940EAD1
:10E8100002300860FFE70CE044F20441C5F6020153
:10E82000086820F0FE400A9A126940EA0260086017
:10E83000FFE7FFE724E044F20041C5F60201086863
:10E8400020F001000860FCF7BFF80990FFE744F2F0
:10E850000040C5F60200006800F004010020B0EBA3
:10E86000910F0CD0FFE7FCF7AFF80999401A032885
:10E8700004D3FFE703208DF82F00C5E3E7E7FFE7A8
:10E88000FFE7FFE70A980078C006002840F1EB8018
:10E89000FFE744F21040C5F60200006800F03800BF
:10E8A000029044F22840C5F60200006801900298E8
:10E8B00008280AD0FFE70298182850D1FFE70198EE
:10E8C00000F0030001284AD1FFE744F20040C5F6FA
:10E8D0000200006800F480710020B0EB112F09D015
:10E8E000FFE70A98C069802804D0FFE701208DF86F
:10E8F0002F0089E3FFE7FCF75FF841F2030188424C
:10E900001DD8FFE70A98006A20280AD1FFE744F2E1
:10E910000441C5F602010868102262F39E60086097
:10E920000CE044F20441C5F60201086820F0F8400A
:10E930000A9A126A40EA82600860FFE70CE044F23B
:10E940000C41C5F60201086820F07C500A9A126A50
:10E9500040EA02600860FFE7FFE7FFE782E00A980D
:10E96000C069002858D0FFE744F20041C5F6020113
:10E97000086840F080000860FCF726F80990FFE77F
:10E9800044F20040C5F60200006800F480710020E7
:10E99000B0EB112F0CD1FFE7FCF716F80999401ADC
:10E9A000032804D3FFE703208DF82F002CE3E7E7CB
:10E9B000FFE7FCF701F841F2030188421DD8FFE7A9
:10E9C0000A98006A20280AD1FFE744F20441C5F6FC
:10E9D00002010868102262F39E6008600CE044F2B5
:10E9E0000441C5F60201086820F0F8400A9A126A4C
:10E9F00040EA82600860FFE70CE044F20C41C5F693
:10EA00000201086820F07C500A9A126A40EA02600B
:10EA10000860FFE7FFE724E044F20041C5F6020189
:10EA2000086820F080000860FBF7CEFF0990FFE740
:10EA300044F20040C5F60200006800F48071002036
:10EA4000B0EB112F0CD0FFE7FBF7BEFF0999401A7E
:10EA5000032804D3FFE703208DF82F00D4E2E7E773
:10EA6000FFE7FFE7FFE70A980078000700284FD587
:10EA7000FFE70A98406928B3FFE744F27441C5F6FE
:10EA80000201086840F001000860FBF79DFF099053
:10EA9000FFE744F27440C5F60200006800F002018E
:10EAA0000020B0EB510F0CD1FFE7FBF78DFF099968
:10EAB000401A032804D3FFE703208DF82F00A3E2B8
:10EAC000E7E724E044F27441C5F60201086820F04B
:10EAD00001000860FBF778FF0990FFE744F27440FB
:10EAE000C5F60200006800F002010020B0EB510FF3
:10EAF0000CD0FFE7FBF768FF0999401A032804D3FD
:10EB0000FFE703208DF82F007EE2E7E7FFE7FFE74E
:10EB10000A980078800600284FD5FFE70A98806998
:10EB200028B3FFE744F20041C5F60201086840F44B
:10EB300080500860FBF748FF0990FFE744F200406F
:10EB4000C5F60200006800F400510020B0EB513F10
:10EB50000CD1FFE7FBF738FF0999401A032804D3CB
:10EB6000FFE703208DF82F004EE2E7E724E044F2B0
:10EB70000041C5F60201086820F480500860FBF7E8
:10EB800023FF0990FFE744F20040C5F60200006849
:10EB900000F400510020B0EB513F0CD0FFE7FBF731
:10EBA00013FF0999401A032804D3FFE703208DF8C7
:10EBB0002F0029E2E7E7FFE7FFE70A980078400720
:10EBC000002840F1A780FFE744F60001C5F60201E6
:10EBD000086840F480700860FBF7F6FE0990FFE7D4
:10EBE00044F60000C5F602000068C00500280CD4F9
:10EBF000FFE7FBF7E9FE0999401A652804D3FFE710
:10EC000003208DF82F00FFE1EAE7FFE70A9880680C
:10EC1000012809D1FFE744F27041C5F602010868F6
:10EC200040F00100086031E00A98806868B9FFE7A9
:10EC300044F27041C5F60201086820F00100086046
:10EC4000086820F0040008601FE00A988068052822
:10EC50000DD1FFE744F27041C5F60201086840F0AB
:10EC600004000860086840F0010008600CE044F20D
:10EC70007041C5F60201086820F0010008600868CC
:10EC800020F004000860FFE7FFE7FFE7FFE70A98CE
:10EC90008068F8B1FFE7FBF797FE0990FFE744F2C1
:10ECA0007040C5F60200006800F002010020B0EBE1
:10ECB000510F0ED1FFE7FBF787FE0999401A41F289
:10ECC0008931884204D3FFE703208DF82F009BE1B0
:10ECD000E5E71EE0FBF778FE0990FFE744F270409D
:10ECE000C5F60200006800F002010020B0EB510FF1
:10ECF0000ED0FFE7FBF768FE0999401A41F289310F
:10ED0000884204D3FFE703208DF82F007CE1E5E77C
:10ED1000FFE7FFE70A98406A002800F07181FFE7EB
:10ED200044F21040C5F60200006800F038001828D0
:10ED300000F0E080FFE70A98406A022840F0B480C3
:10ED4000FFE744F20041C5F60201086820F0807038
:10ED50000860FBF739FE0990FFE744F20040C5F672
:10ED60000200006800F000710020B0EB516F0CD081
:10ED7000FFE7FBF729FE0999401A032804D3FFE7B0
:10ED800003208DF82F003FE1E7E7FFE744F2284139
:10ED9000C5F60201086840F2F33290430A9B9A6A72
:10EDA000DB6A42EA0312104308600A99086BD1F843
:10EDB00034C08B6BCA6B01386FF35F204FF6006174
:10EDC000CFF6FF7101EB4C2189B208440021CFF648
:10EDD000FF7101EB034101F4FE0108444FF07F4154
:10EDE00001EB026101F0FE41084444F23041C5F6F6
:10EDF00002010860FFE744F22C41C5F602010091D0
:10EE0000086820F00100086044F23442C5F60202AE
:10EE100010684FF6F87398430A9B9B6C40EAC30056
:10EE20001060086820F00C000A9A126C1043086009
:10EE3000086820F002000A9A526C104308600868C3
:10EE400040F480300860086840F4003008600868CA
:10EE500040F480200860086840F00100086044F237
:10EE60000041C5F60201086840F080700860FBF7B9
:10EE7000ABFD0990FFE744F20040C5F602000068D0
:10EE800000F000710020B0EB516F0CD1FFE7FBF7F1
:10EE90009BFD0999401A032804D3FFE703208DF84E
:10EEA0002F00B1E0E7E724E044F20041C5F602019B
:10EEB000086820F080700860FBF786FD0990FFE786
:10EEC00044F20040C5F60200006800F00071002026
:10EED000B0EB516F0CD0FFE7FBF776FD0999401AB4
:10EEE000032804D3FFE703208DF82F008CE0E7E729
:10EEF000FFE784E044F22840C5F60200006808906D
:10EF000044F23040C5F60200006807900A98406A53
:10EF1000012837D0FFE7089800F003000A99896AB2
:10EF200088422FD1FFE7089800F47C710A98C06AE4
:10EF3000B0EB111F26D1FFE707986FF35F200A9906
:10EF4000096B013988421DD1FFE7BDF81C100A98F2
:10EF5000406B0138B0EB512F14D1FFE7079800F454
:10EF6000FE010A98806B0138B0EB114F0AD1FFE720
:10EF7000079800F0FE410A98C06B0138B0EB116FA2
:10EF800004D0FFE701208DF82F003DE044F234402B
:10EF9000C5F60200006880B2C00808900A98806C2C
:10EFA0000899884229D0FFE744F22C41C5F60201B6
:10EFB000086820F001000860FBF706FD0990FFE7F4
:10EFC000FBF702FD0999401A08B9FFE7F8E744F298
:10EFD0003441C5F6020108684FF6F87290430A9A68
:10EFE000926C40EAC200086044F22C41C5F602016E
:10EFF000086840F001000860FFE7FFE7FFE7FFE770
:10F0000000208DF82F00FFE79DF82F000CB080BD89
:10F0100080B584B002900191029820B9FFE70120E9
:10F020008DF80F002BE0029890F82C0040B9FFE714
:10F030000299002081F82D00029800F025F8FFE7E2
:10F040000299022081F82C00029951F8040BF5F77F
:10F050009BFB029A019910685268F5F715FC44F27F
:10F060000001C5F20021086840F0004008600299E4
:10F07000012081F82C0000208DF80F00FFE79DF89B
:10F080000F0004B080BD000080B582B00190FBF796
:10F09000D7F902B080BD000080B584B00290019124
:10F0A000029890F82C00022804D1FFE702208DF886
:10F0B0000F001CE0029890F82C0001280ED1FFE709
:10F0C0000299022081F82C00029800680199F5F756
:10F0D000AFFB0299012081F82C0003E001208DF89C
:10F0E0000F0004E0FFE700208DF80F00FFE79DF818
:10F0F0000F0004B080BD000080B586B0049003917D
:10F100000292049890F82C008DF807009DF80700F3
:10F11000022804D1FFE702208DF817002CE09DF8AB
:10F120000700012805D0FFE79DF8070005281AD140
:10F13000FFE70499022081F82C00049800680399E5
:10F14000029AF5F785FB03980068022805D1FFE7CE
:10F150000499052081F82C0004E00499012081F82D
:10F160002C00FFE703E001208DF8170004E0FFE723
:10F1700000208DF81700FFE79DF8170006B080BD4E
:10F1800080B582B00190019804F006FB02B080BD0A
:10F1900085B003900291FFE7039890F83C000128A6
:10F1A00004D1FFE702208DF8130099E003990120B4
:10F1B00081F83C00FFE7FFE70399022081F83D005A
:10F1C0000398006840680190039800688068009088
:10F1D000039800680021C4F20101884209D0FFE7CA
:10F1E0000398006840F20041C4F2010188420AD14C
:10F1F000FFE7019820F4700001900298416801989F
:10F2000008430190FFE7019820F0700001900298F8
:10F2100001680198084301900198039909684860C2
:10F22000039800680021C4F2010188423CD0FFE746
:10F2300003980068B0F1804F36D0FFE7039800686C
:10F2400040F20041C4F2000188422DD0FFE703984C
:10F25000006840F60001C4F20001884224D0FFE7B4
:10F260000398006840F60041C4F2000188421BD0B8
:10F27000FFE70398006840F20041C4F201018842B0
:10F2800012D0FFE70398006841F60001C4F20001C4
:10F29000884209D0FFE70398006844F20001C4F2F5
:10F2A000010188420ED1FFE7009820F08000009015
:10F2B00002988168009808430090009803990968B3
:10F2C0008860FFE70399012081F83D00FFE703997B
:10F2D000002081F83C00FFE700208DF81300FFE7D5
:10F2E0009DF8130005B0704780B582B0009000987B
:10F2F00020B9FFE701208DF8070045E0009890F85D
:10F300003D0040B9FFE70099002081F83C000098DB
:10F3100000F03EF8FFE70099022081F83D000099D7
:10F3200051F8040B04F0A4FB0099012081F8480077
:10F33000FFE70099012081F83E00009981F83F0025
:10F34000009981F84000009981F84100009981F806
:10F350004200009981F84300FFE7FFE70099012090
:10F3600081F84400009981F84500009981F8460031
:10F37000009981F84700FFE70099012081F83D00DE
:10F3800000208DF80700FFE79DF8070002B080BD60
:10F3900080B58CB00B9000200A90099008900790DF
:10F3A00006900B980068B0F1804F2FD1FFE7FFE780
:10F3B00044F2E840C5F60200016841F00101016035
:10F3C000006800F0010005900598FFE7FFE744F2B0
:10F3D000E040C5F60200016841F0010101600068EB
:10F3E00000F0010004900498FFE74FF400400690FD
:10F3F0000220079000200890099001200A90002028
:10F40000C5F6020006A9FBF7C3F852E00B980068A6
:10F4100040F20041C4F2010188422FD1FFE7FFE72B
:10F4200044F2F040C5F60200016841F002010160BB
:10F43000006800F0020003900398FFE7FFE744F242
:10F44000E040C5F60200016841F004010160006877
:10F4500000F0040002900298FFE74020069002208E
:10F46000079000200890099003200A9040F60000C1
:10F47000C5F6020006A9FBF78BF819E00B980068A7
:10F4800041F60001C4F20001884210D1FFE7FFE716
:10F4900044F2E840C5F60200016841F04001016015
:10F4A000006800F0400001900198FFE7FFE7FFE7E8
:10F4B000FFE70CB080BD000083B00190019890F888
:10F4C0003D00012804D0FFE701208DF80B006BE020
:10F4D0000199022081F83D00019800680021C4F2E2
:10F4E000010188423CD0FFE701980068B0F1804FED
:10F4F00036D0FFE70198006840F20041C4F20001F5
:10F5000088422DD0FFE70198006840F60001C4F260
:10F510000001884224D0FFE70198006840F60041CE
:10F52000C4F2000188421BD0FFE70198006840F256
:10F530000041C4F20101884212D0FFE7019800683F
:10F5400041F60001C4F20001884209D0FFE70198AA
:10F55000006844F20001C4F20101884219D1FFE7BA
:10F560000198006880680721C0F2010108400090FE
:10F57000009806280CD0FFE70098B0F5803F07D030
:10F58000FFE701980168086840F001000860FFE7A4
:10F5900006E001980168086840F001000860FFE794
:10F5A00000208DF80B00FFE79DF80B0003B07047BB
:10F5B00081B00090FFE700980068006A41F21111E5
:10F5C000084210D1FFE700980068006A40F2444109
:10F5D000084207D1FFE700980168086820F00100A1
:10F5E0000860FFE7FFE7FFE70099012081F83D0091
:10F5F000002001B07047000080B586B004900391F0
:10F6000000208DF80B00FFE7049890F83C000128DB
:10F6100004D1FFE702208DF81700D1E00499012002
:10F6200081F83C00FFE7FFE70499022081F83D00E4
:10F63000049800688068019001984FF68871CFF6B1
:10F64000CE7108400190019820F47F40019001980C
:10F65000049909688860039800680090002800F009
:10F660009580FFE70098102800F09080FFE7009851
:10F67000202800F08B80FFE70098302800F086807B
:10F68000FFE70098402874D0FFE70098502856D034
:10F69000FFE7009860285FD0FFE7009870282AD025
:10F6A000FFE70098B0F5805F24D0FFE70098B0F541
:10F6B000005F35D0FFE70098B0F5801F66D0FFE708
:10F6C0000098B0F1101F61D0FFE700982021C0F230
:10F6D000100188425AD0FFE700983021C0F2100193
:10F6E000884253D0FFE700984021C0F210018842C1
:10F6F0004CD052E055E004980068039B5A68996822
:10F70000DB6804F0A5FA049800688068019001980D
:10F7100040F077000190019804990968886040E002
:10F7200004980068039B5A689968DB6804F090FAB3
:10F7300004980168886840F48040886031E004984B
:10F740000068039A5168D26804F0F2FE04980068D9
:10F75000502104F099FA24E004980068039A516853
:10F76000D26804F00DFF04980068602104F08CFA60
:10F7700017E004980068039A5168D26804F0D8FE34
:10F7800004980068402104F07FFA0AE004980068B9
:10F790000399096804F078FA03E001208DF80B0062
:10F7A000FFE70499012081F83D00FFE7049900205C
:10F7B00081F83C00FFE79DF80B008DF81700FFE78C
:10F7C0009DF8170006B080BD80B588B00790002076
:10F7D000069005900490039002900798006841F607
:10F7E0000001C4F2000188421FD1FFE7FFE744F2A5
:10F7F000E040C5F60200016841F080010160006848
:10F8000000F0800001900198FFE740200290022064
:10F810000390002104910591069041F60040C5F641
:10F82000020002A9FAF7B4FEFFE708B080BD0000AD
:10F8300080B586B004900391029200208DF80700F5
:10F84000FFE7049890F83C00012804D1FFE702206C
:10F850008DF81700C0E00499012081F83C00FFE713
:10F86000FFE702980090142800F2A7800099DFE8D3
:10F8700001F00BA4A4A424A4A4A43EA4A4A457A46B
:10F88000A4A471A4A4A48A0004980068039904F0B5
:10F8900013FA04980168886940F0080088610498A8
:10F8A0000168886920F0040088610398026904985F
:10F8B000016888691043886183E0049800680399AF
:10F8C00004F0A2FA04980168886940F40060886135
:10F8D00004980168886920F480608861039802694F
:10F8E00004980168886940EA0220886169E0049808
:10F8F0000068039904F040FB04980168C86940F06F
:10F900000800C86104980168C86920F00400C86153
:10F910000398026904980168C8691043C86150E0FF
:10F9200004980068039904F0DFFB04980168C86933
:10F9300040F40060C86104980168C86920F48060E0
:10F94000C8610398026904980168C86940EA022006
:10F95000C86136E004980068039904F035FC049807
:10F960000168486D40F00800486504980168486DDA
:10F9700020F0040048650398026904980168486D06
:10F98000104348651DE004980068039904F084FC66
:10F9900004980168486D40F4006048650498016867
:10F9A000486D20F4806048650398026904980168F6
:10F9B000486D40EA0220486503E001208DF8070009
:10F9C000FFE7FFE70499002081F83C00FFE79DF87E
:10F9D00007008DF81700FFE79DF8170006B080BDFF
:10F9E00080B582B00090009820B9FFE701208DF823
:10F9F000070045E0009890F83D0040B9FFE7009906
:10FA0000002081F83C00009800F03EF8FFE70099E4
:10FA1000022081F83D00009951F8040B04F028F809
:10FA20000099012081F84800FFE70099012081F842
:10FA30003E00009981F83F00009981F8400000994C
:10FA400081F84100009981F84200009981F8430053
:10FA5000FFE7FFE70099012081F84400009981F851
:10FA60004500009981F84600009981F84700FFE7BA
:10FA70000099012081F83D0000208DF80700FFE784
:10FA80009DF8070002B080BD81B0009001B07047C2
:10FA900080B590B00E900D910D9828B9FFE70E98A3
:10FAA00090F83E000B9034E00D98042805D1FFE754
:10FAB0000E9890F83F000A9028E00D98082805D18C
:10FAC000FFE70E9890F8400009901CE00D980C2874
:10FAD00005D1FFE70E9890F84100089010E00D98CE
:10FAE000102805D1FFE70E9890F84200079004E037
:10FAF0000E9890F843000790FFE707980890FFE7FB
:10FB000008980990FFE709980A90FFE70A980B9078
:10FB1000FFE70B98012804D0FFE701208DF83F0094
:10FB2000F1E00D9828B9FFE70E99022081F83E0018
:10FB300038E00D98042806D1FFE70E99022081F8DD
:10FB40003F0006902CE00D98082806D1FFE70E999B
:10FB5000022081F8400005901FE00D980C2806D186
:10FB6000FFE70E99022081F84100049012E00D9801
:10FB7000102806D1FFE70E99022081F84200039079
:10FB800005E00E99022081F843000390FFE70398F7
:10FB90000490FFE704980590FFE705980690FFE7BB
:10FBA0000698FFE70E9800680D990122019204F073
:10FBB00033F801980E9909680022C4F201029142BB
:10FBC00002902DD0FFE70E980168012040F200421C
:10FBD000C4F201029142029022D0FFE70E98016820
:10FBE000012044F20002C4F201029142029017D0B7
:10FBF000FFE70E980168012044F20042C4F20102BE
:10FC0000914202900CD0FFE70E9800684BF600017D
:10FC1000CBF6FE710844B0FA80F040090290FFE78D
:10FC20000298C00738B1FFE70E980168486C40F4AD
:10FC300000404864FFE70E9800680021C4F201010B
:10FC400088423CD0FFE70E980068B0F1804F36D074
:10FC5000FFE70E98006840F20041C4F200018842BC
:10FC60002DD0FFE70E98006840F60001C4F20001B5
:10FC7000884224D0FFE70E98006840F60041C4F2A5
:10FC8000000188421BD0FFE70E98006840F2004157
:10FC9000C4F20101884212D0FFE70E98006841F6D5
:10FCA0000001C4F20001884209D0FFE70E98006805
:10FCB00044F20001C4F20101884219D1FFE70E9815
:10FCC000006880680721C0F2010108400C900C9880
:10FCD00006280CD0FFE70C98B0F5803F07D0FFE76F
:10FCE0000E980168086840F001000860FFE706E030
:10FCF0000E980168086840F001000860FFE70020E6
:10FD00008DF83F00FFE79DF83F0010B080BD000078
:10FD100080B584B002900191FFE7029890F83C0012
:10FD2000012804D1FFE702208DF80F0037E0029987
:10FD3000012081F83C00FFE7FFE70299022081F8EB
:10FD40003D000298019904F013FB70B1FFE702999E
:10FD5000012081F83D00FFE70299002081F83C0076
:10FD6000FFE701208DF80F0019E002980168C868CC
:10FD700020F04000C86002980168C86820F4804004
:10FD8000C8600299012081F83D00FFE70299002038
:10FD900081F83C00FFE700208DF80F00FFE79DF899
:10FDA0000F0004B080BD000083B00190FFE7019810
:10FDB00090F88400012804D1FFE702208DF80B00A1
:10FDC0002CE00199012081F88400FFE7FFE7019909
:10FDD0002420C1F88800019800680068009001980C
:10FDE0000168086820F001000860009820F00050C9
:10FDF0000090019900204866009801990968086000
:10FE000001992020C1F88800FFE70199002081F8BE
:10FE10008400FFE700208DF80B00FFE79DF80B0042
:10FE200003B070470000000080B584B002900191DB
:10FE3000FFE7029890F88400012804D1FFE7022030
:10FE40008DF80F0032E00299012081F88400FFE76D
:10FE5000FFE702992420C1F8880002980068006832
:10FE6000009002980168086820F00100086002987C
:10FE70000068806820F06060019908430299096871
:10FE80008860029804F06CFE009802990968086086
:10FE900002992020C1F88800FFE70299002081F82C
:10FEA0008400FFE700208DF80F00FFE79DF80F00AA
:10FEB00004B080BD0000000080B584B002900191C4
:10FEC000FFE7029890F88400012804D1FFE70220A0
:10FED0008DF80F0032E00299012081F88400FFE7DD
:10FEE000FFE702992420C1F88800029800680068A2
:10FEF000009002980168086820F0010008600298EC
:10FF00000068806820F06040019908430299096800
:10FF10008860029804F024FE00980299096808603D
:10FF200002992020C1F88800FFE70299002081F89B
:10FF30008400FFE700208DF80F00FFE79DF80F0019
:10FF400004B080BD0000000080B582B00090009831
:10FF500020B9FFE701208DF8070046E0009880698E
:10FF600008B1FFE700E0FFE70098D0F8880040B94B
:10FF7000FFE70099002081F88400009800F03CF829
:10FF8000FFE700992420C1F88800009801680868FC
:10FF900020F0010008600098806A20B1FFE7009817
:10FFA00004F022FEFFE7009804F0B6FF012804D118
:10FFB000FFE701208DF8070017E000980168486806
:10FFC00020F49040486000980168886820F02A007A
:10FFD000886000980168086840F001000860009897
:10FFE00004F0A6FE8DF80700FFE79DF8070002B0B9
:10FFF00080BD00000000000080B5BAB0399000203C
:020000040801F1
:100000003890379036903590349004A8C021F0F79E
:10001000CCF93998006841F20001C4F2010188422C
:100020003CD1FFE70020059001210491239004A812
:10003000FCF7CAFD18B1FFE7F4F78AFBFFE7FFE71B
:1000400044F2F040C5F60200016841F01001016081
:10005000006800F0100003900398FFE7FFE744F208
:10006000E040C5F60200016841F00101016000684E
:1000700000F0010002900298FFE74FF4C060349056
:1000800002203590002036903790072038900020CD
:10009000C5F6020034A9FAF77BFA46E03998006801
:1000A00044F60001C4F2000188423DD1FFE7002080
:1000B000059002210491229004A8FCF785FD18B157
:1000C000FFE7F4F745FBFFE7FFE744F2E840C5F63A
:1000D0000200016841F480210160006800F4802082
:1000E00001900198FFE7FFE744F2E040C5F6020007
:1000F000016841F004010160006800F00400009014
:100100000098FFE74FF440603490022035900020C3
:10011000369037900720389040F60000C5F6020070
:1001200034A9FAF735FAFFE7FFE73AB080BD0000DF
:1001300080B58AB008900791ADF81A200593089809
:10014000D0F88800202840F08780FFE7079820B18A
:10015000FFE7BDF81A0020B9FFE701208DF827005E
:100160007EE008990020C1F8900008992120C1F88C
:100170008800FAF729FC0290BDF81A000899A1F846
:100180005400BDF81A000899A1F856000898806834
:10019000B0F5805F09D1FFE70898006928B9FFE74B
:1001A000002004900798039004E007980490002032
:1001B0000390FFE7FFE70898B0F8560088B3FFE721
:1001C0000898029B05996A4611608021002205F07B
:1001D00037FB40B1FFE708992020C1F888000320D1
:1001E0008DF827003CE0049858B9FFE70398008891
:1001F0006FF35F20089909688862039802300390C2
:1002000008E0049800780899096888620498013029
:100210000490FFE70899B1F856000138A1F856009C
:10022000C9E70898029B05996A461160402100229F
:1002300005F006FB40B1FFE708992020C1F88800CF
:1002400003208DF827000BE008992020C1F88800D2
:1002500000208DF8270003E002208DF82700FFE73B
:100260009DF827000AB080BDFFE7FEE70000000010
:1002700080B50220F0F728FF80BD000000000000DC
:1002800081B0009000980068806900F002010020B1
:10029000B0EB510F05D0FFE700980168002088629D
:1002A000FFE7009800688069C00738B9FFE7009849
:1002B0000168886940F001008861FFE701B070477C
:1002C00080B58AB009900891079200208DF81B0034
:1002D00009990968896905910490079803909DF828
:1002E0001400C006002840F18680FFE709980168E5
:1002F0001020C861FFE709980068806900F02002BB
:1003000000210846B1EB521F009007D1FFE79DF88E
:100310001B00B0FA80F040090090FFE70098C0078A
:10032000002857D0FFE708980130002851D0FFE798
:10033000FAF74AFB0399401A0899884204D8FFE764
:100340000898002844D1FFE709980068406800F445
:1003500080400290099890F842008DF807000998B3
:100360000068806981B20020B0EBD13F14D0FFE774
:100370000298B0F5804F0FD0FFE79DF807002028C6
:100380000AD0FFE709980168486840F48040486057
:10039000FAF71AFB0390FFE7FFE709980068806906
:1003A00000F020010020B0EB511F10D1FFE7FAF759
:1003B0000BFB0399401A1A2808D3FFE7049840F072
:1003C0002000049001208DF81B0000E0E5E7FFE726
:1003D000FFE790E79DF81B0028B9FFE7099801683F
:1003E0002020C861FFE7049840F004000490012039
:1003F0008DF81B00FFE709980068806905909DF85B
:100400001500C00768B1FFE7049840F001000490B0
:10041000099801684FF48070C86101208DF81B00B5
:10042000FFE79DF81500400700280DD5FFE7049869
:1004300040F008000490099801684FF48060C8619A
:1004400001208DF81B00FFE79DF8150080070028AC
:100450000DD5FFE7049840F0020004900998016868
:100460004FF40070C86101208DF81B00FFE79DF874
:100470001B0000B3FFE70998FFF702FF0998016826
:1004800048684EF60002CFF6006210404860049AB9
:100490000999486C104348640999202081F841006B
:1004A0000999002081F84200FFE70999002081F8AE
:1004B0004000FFE7FFE79DF81B000AB080BD000089
:1004C00080B586B0DDF824C0DDF820C00490ADF81A
:1004D0000E10ADF80C20ADF80A300498BDF80E10DF
:1004E0009DF80A20EC4642F20003C8F20003CCF863
:1004F00000304FF0807300F043F804980899099A8F
:1005000000F022F920B1FFE701208DF8170033E059
:10051000BDF80A00012806D1FFE79DF80C000499F8
:100520000968886215E09DF80D00049909688862E1
:1005300004980899099A00F007F920B1FFE7012013
:100540008DF8170018E09DF80C000499096888627E
:10055000FFE70498089B09996A46116080210022F0
:1005600000F03AF820B1FFE701208DF8170003E012
:1005700000208DF81700FFE79DF8170006B080BD3A
:1005800084B0DDF810C00390ADF80A108DF8092092
:100590000193BDF80A006FF39F209DF8091040EA0F
:1005A0000140019908430499084320F0004000905D
:1005B000039800684068049920EA515049F60041C8
:1005C000CFF6004108400099084303990968486044
:1005D00004B070470000000080B586B0DDF820C090
:1005E000049003918DF80B200193FFE704980068B5
:1005F000806903990840401AB0FA80F040099DF8DC
:100600000B10884242D1FFE704980199089AFFF73E
:1006100057FE20B1FFE701208DF817003AE001985E
:10062000013090B3FFE7FAF7CFF90899401A019922
:10063000884203D8FFE7019830BBFFE704980068C1
:10064000806903990840401AB0FA80F040099DF88B
:100650000B10884217D1FFE70499486C40F0200046
:1006600048640499202081F841000499002081F811
:100670004200FFE70499002081F84000FFE70120D5
:100680008DF8170006E0FFE7FFE7AFE700208DF8E1
:100690001700FFE79DF8170006B080BD00000000BE
:1006A00080B584B0029001910092FFE70298006843
:1006B000806900F020010020B0EB511F39D1FFE725
:1006C00002980199009AFFF7FBFD20B1FFE7012096
:1006D0008DF80F0031E0FAF777F90099401A019987
:1006E000884203D8FFE7019810BBFFE70298006833
:1006F000806900F020010020B0EB511F17D1FFE707
:100700000299486C40F0200048640299202081F84A
:1007100041000299002081F84200FFE70299002081
:1007200081F84000FFE701208DF80F0005E0FFE7AA
:10073000BCE700208DF80F00FFE79DF80F0004B024
:1007400080BD00000000000080B584B002900191DF
:100750000092FFE702980068806900F00201002023
:10076000B0EB510F3ED1FFE702980199009AFFF7D5
:10077000A7FD20B1FFE701208DF80F0036E00198BA
:10078000013070B3FFE7FAF71FF90099401A019999
:10079000884203D8FFE7019810BBFFE70298006882
:1007A000806900F002010020B0EB510F17D1FFE784
:1007B0000299486C40F0200048640299202081F89A
:1007C00041000299002081F84200FFE702990020D1
:1007D00081F84000FFE701208DF80F0006E0FFE7F9
:1007E000FFE7B7E700208DF80F00FFE79DF80F0047
:1007F00004B080BD0000000080B584B08DF80F000B
:1008000002919DF80F00F4F7BFFD8DF807009DF9E8
:100810000700002816D4FFE79DF80F00029902F0A8
:10082000D7FD9DED020AB8EE400A9DF9070000EBE6
:10083000400140F2D400C2F2014000EB810080EDA3
:10084000010AFFE704B080BD83B0ADF80800ADF841
:1008500006100092BDF808000099898888421DDBC7
:10086000FFE7BDF80800009A918812891144884278
:1008700014DCFFE7BDF806000099C98888420DDB4B
:10088000FFE7BDF80600009AD188528911448842DA
:1008900004DCFFE701208DF80B0003E000208DF859
:1008A0000B00FFE79DF80B0003B07047000000004D
:1008B00080B500F04DF980BD10B588B08C468646F5
:1008C0000E980D980C990B990A99CDF818E0ADF88F
:1008D00016C0ADF81420ADF81230ADF810108DF838
:1008E0000F0047F20000CCF217000078322803D343
:1008F000FFE70020079049E047F20002CCF2170220
:100900001078411C1170682110FB01200430029006
:10091000BDF8160002998880BDF814000299C880BD
:10092000BDF8120002990881BDF8100002994881B3
:100930000B98029908600299012081F820009DF827
:100940000F00029981F856000E9802998865029965
:100950000020019081F85C000299086602980C3032
:1009600006991322EFF72CFD01980299C877029897
:1009700024300C993122EFF723FD0198029981F878
:1009800055000299486602980790FFE7079808B05B
:1009900010BD00000000000010B588B08C468646EF
:1009A0000E980D980C990B990A99CDF818E0ADF8AE
:1009B00016C0ADF81420ADF81230ADF810108DF857
:1009C0000F0047F20000CCF217004078322803D322
:1009D000FFE70020079046E047F20000CCF2170046
:1009E00041784A1C427001EB410100EB411041F299
:1009F000544108440290BDF8160002998880BDF861
:100A000014000299C880BDF8120002990881BDF84F
:100A10001000029948810B98029908600299002001
:100A2000019081F820009DF80F00029981F856008E
:100A30000E980299886502980C3006991322EFF7F8
:100A4000BFFC01980299C877029824300C99312292
:100A5000EFF7B6FC0198029981F855000299C86534
:100A600002980790FFE7079808B010BD000000004B
:100A700080B586B084460C980B980A980998089817
:100A8000CDF810C0ADF80E10ADF80C20ADF80A305E
:100A9000ADF8080047F20000CCF217008078022879
:100AA00003D3FFE7002005904EE047F20002CCF2AE
:100AB00017029078411C917047F2BC31C0F20C01D2
:100AC00000FB012042F2147108440190BDF80E00B1
:100AD00001998880BDF80C000199C880BDF80A0012
:100AE00001990881BDF80800019948810998019988
:100AF00008600199022081F820000A980199486253
:100B00000B98019988620C980199C86201980C3081
:100B100004991322EFF754FC01990020C87701993A
:100B200047F2B032C0F20C028850019947F2B43259
:100B3000C0F20C028850019947F2B832C0F20C02A0
:100B4000885001980590FFE7059806B080BD000029
:100B500080B547F20000CCF2170040F68C61C0F27D
:100B60001901EFF722FC80BD10B588B00020079076
:100B7000FFE7079847F20001CCF217014978884255
:100B80003CDAFFE7079800EB400147F20000CCF2A7
:100B9000170000EB411041F2544108440690DDF883
:100BA00018C0BCF80400BCF80610BCF80820BCF85B
:100BB0000A30DCF800C0EE46CEF800C0F0F720FEA8
:100BC000DDF818E0BEF804000530BEF80610053167
:100BD0000EF12402DEF858309EF856C0DEF80040D0
:100BE000EE46CEF80440CEF800C080B289B2F0F7ED
:100BF000B7FBFFE7079801300790BAE700200590A0
:100C0000FFE7059847F20001CCF217010978884206
:100C100039DAFFE7059847F20002CCF217026821A3
:100C200000FB012004300490DDF810C0BCF8040083
:100C3000BCF80610BCF80820BCF80A30DCF800C08C
:100C4000EE46CEF800C0F0F7DBFDDDF810E0BEF8B0
:100C500004000530BEF8061005310EF12402DEF85E
:100C600058309EF856C0DEF80040EE46CEF80440FC
:100C7000CEF800C080B289B2F0F772FBFFE70598AA
:100C800001300590BDE700200390FFE7039847F28D
:100C90000001CCF217018978884225DAFFE7039832
:100CA00047F20002CCF2170247F2BC31C0F20C014D
:100CB00000FB012042F2147108440290DDF808C0E4
:100CC000BCF80400BCF80610BCF80820BCF80A30D8
:100CD000DCF800C0EE46CEF800C0F0F791FDFFE76B
:100CE000039801300390D1E708B010BD0000000068
:100CF00081B00090009880684FF6C071C7F6FF7110
:100D0000084002300099886001B070470000000080
:100D100081B00090009988684FF6C072C5F6FF72E6
:100D20001040886001B0704781B0009000988068E2
:100D30004FF6C071C7F6FF71084001300099886016
:100D400001B070470000000081B0009000988068FA
:100D500040F080504FF6C071C7F6FF71084000990F
:100D6000886001B07047000081B0009000988068F2
:100D700000F0E07001B0704781B00090009880688A
:100D800000F01F0001B0704781B0009000988068AB
:100D9000C0F3C00001B0704781B000900098806837
:100DA0004FF6C071C7F6FF71084020300099886087
:100DB00001B070470000000081B00090009880688A
:100DC000C00F01B07047000081B0009000988068AB
:100DD000C0F3407001B0704781B000900098806807
:100DE000C0F3400001B0704781B000900098806867
:100DF00000F0010001B0704781B000900098806859
:100E000000F0010001B0704781B000900098806848
:100E1000C0F3007001B0704781B000900098806806
:100E2000C0F3800001B0704781B0009000988068E6
:100E3000C0F3800001B0704781B000900098C06896
:100E400000F44060B0FA80F0400901B07047000043
:100E500082B0019000910198C06820F003000099D1
:100E600008430199C86002B070470000000000000C
:100E700084B00390029101920398029901F44071A9
:100E800000EB91103030009000980068029901F05A
:100E90001F021F21914088430199C1F38461914051
:100EA00008430099086004B070470000000000008B
:100EB00081B00090009880684FF6C071C7F6FF714E
:100EC000084004300099886001B0704700000000BD
:100ED00081B00090009880684FF6C071C7F6FF712E
:100EE000084010300099886001B070470000000091
:100EF00085B0029001910198000328B9FFE701989D
:100F0000C0F38460009014E0019890FAA0F0039080
:100F1000039820B9FFE720208DF8130005E003981F
:100F2000B0FA80F08DF81300FFE79DF813000090F1
:100F3000FFE7009800F01F01012000FA01F202997A
:100F4000C8691043C86105B0704700000000000088
:100F500084B00390029101920398029901F000710C
:100F600000EBD15014300090009800680299C1F352
:100F70000452072191408843019991400843009908
:100F8000086004B07047000083B0029001910092A5
:100F90000298D0F8C00001996FF31F518843009A5E
:100FA00002F018034FF6FF72C0F20F02DA40114050
:100FB00008440299C1F8C00003B070470000000067
:100FC00082B0019000910198806820F47C10009913
:100FD00008430199886002B07047000000000000DB
:100FE00082B0019000910198806820F0E070009933
:100FF00008430199886002B07047000000000000BB
:1010000083B00290019100920298006920F4F040B0
:101010000099019A02F01F02914008430299086169
:1010200003B070470000000085B004900391029265
:1010300001930498039900EB8100603000900098C0
:10104000006800F00040029901F0F841019A114354
:1010500008430099086005B07047000000000000D8
:1010600084B00390029101920398029900EB8100F1
:10107000603000900098006820F00040019908431B
:101080000099086004B0704783B00290019100920B
:10109000029880684FF6C071C3F6FE710140019856
:1010A00000F48030009A02F080421044084400F1BD
:1010B00000400299886003B0704700000000000003
:1010C00086B00590049103920498406805990968D8
:1010D000C9680022C0F6FF72114000EB1140000405
:1010E000029005980068039900EBC111D1F88800BF
:1010F00000F47040C1F888000498006805990968F8
:10110000C968114000EB114001300299084305996C
:101110000968039A01EBC211C1F888000498C068FD
:1011200005990968C9686FF3DF210844000402903B
:1011300005980068039900EBC111D1F88C0000F408
:101140007040C1F88C000498806805990968C968E6
:101150006FF3DF21084401300299084305990968BB
:10116000039A01EBC211C1F88C000598006803993D
:1011700000EBC111D1F8940020F00700C1F89400F1
:101180000498006905990968039A01EBC211C1F836
:101190009400049890F8310000020290049890F8AE
:1011A00032000004019004988069000600900498C1
:1011B00090F83000029908430199084300990843C8
:1011C00005990968039A01EBC211C1F89C000598C2
:1011D0000068039900EBC111D1F8980020F0FF00DE
:1011E000C1F898000498406905990968039A01EBD1
:1011F000C211C1F8980005980068039900EBC1116D
:10120000D1F8A00040F207729043C1F8A000049901
:10121000C869096A084305990968039A01EBC21174
:10122000C1F8A0000498406A05990968039A01EB87
:10123000C211C1F8AC000498006918B9FFE7042096
:10124000029023E004980069012803D1FFE70320FE
:1012500002901AE00498006904280FD0FFE7049870
:10126000006902280AD0FFE704980069032805D026
:10127000FFE704980069072803D1FFE702200290E6
:1012800002E001200290FFE7FFE7FFE70598006812
:10129000039900EBC111D1F8B00000F0E020C1F8D3
:1012A000B00004990B684868896A029A5143C01AD1
:1012B0005043073040EA014005990968039A01EB61
:1012C000C211C1F8B00005980068039900EBC11184
:1012D000D1F8B40040F2FF729043C1F8B400049812
:1012E000C06A05990968039A01EBC211C1F8B400FC
:1012F00005980068039900EBC111D1F8840040F013
:101300000100C1F8840006B0704700000000000032
:1013100080B588B000200290079006900590049058
:10132000FAF74EF90299012001908DF810008DF81E
:10133000111044F20002C2F2004205920F228DF811
:1013400018208DF819108DF81A1003228DF81B2023
:101350008DF81C008DF81D108DF81E008DF81F00F3
:1013600004A80390FAF7ECF8019A029903988DF813
:1013700011204FF0405305930D238DF818308DF850
:101380001A208DF81E108DF81F10FAF7D9F802995F
:10139000039802228DF811204FF040420592182246
:1013A0008DF818208DF81A108DF81C10FAF7C8F86F
:1013B0000420FAF719F908B080BD00000000000011
:1013C00080B58CB0002200920B920A92099208928A
:1013D00007920692059204920392029240F26810DC
:1013E000C2F20140019042F20001C4F20201016028
:1013F000426010218160C260042101610275427562
:101400000121816102774FF4AC6343624FF4806342
:1014100083620323C3624FF480530363426380F803
:101420003820C163F5F70CF818B1FFE7F3F790F92E
:10143000FFE70020099040F26810C2F2014009A9BC
:10144000F4F72AFA18B1FFE7F3F782F9FFE7002073
:10145000C4F221300290062003900020049040F254
:10146000FF7105910421069107908DF8210040F24B
:101470006810C2F2014002A9F4F75AFB18B1FFE765
:10148000F3F766F9FFE70CB080BD00000000000034
:1014900080B58AB0002201920992089207920692C2
:1014A00005920492039240F2CC10C2F201400290E5
:1014B00042F20011C4F20201016042601021816019
:1014C000C2600421016102754275012181610277C8
:1014D0004FF49C6343624FF4806383620323C362CF
:1014E0004FF480530363426380F83820C163F4F7FC
:1014F000A7FF18B1FFE7F3F72BF9FFE740F600006D
:10150000C2F630600390062004900020059040F25F
:10151000FF7106910421079108908DF8250040F293
:10152000CC10C2F2014003A9F4F702FB18B1FFE7A7
:10153000F3F70EF9FFE70AB080BD000000000000DD
:1015400080B58AB001A82421EEF72FFF40F23020A9
:10155000C2F2014047F20041C4F200010160F5F718
:101560000FFD18B1FFE7F3F7F3F8FFE70022019250
:101570000A200290039201200490059240F230204C
:10158000C2F2014001A9F5F78FFB18B1FFE7F3F7AD
:10159000DFF8FFE71E20029040F23020C2F2014047
:1015A00001A91022F5F780FB18B1FFE7F3F7D0F897
:1015B000FFE70AB080BD000080B582B040F2442051
:1015C000C2F20140009041F20001C5F20021016029
:1015D0000021019141608160C16041648164C16406
:1015E000016541658165C165F5F77AFF18B1FFE7CF
:1015F000F3F7AEF8FFE740F24420C2F201400121C8
:10160000F5F7A2FE18B1FFE7F3F7A2F8FFE702B083
:1016100080BD00000000000080B586B0FFE744F206
:10162000D840C5F60200016841F001010160006880
:1016300000F0010005900598FFE70B2000900022C4
:1016400003921146FAF708F80098F9F7F9FF039AA0
:101650000C2001901146F9F7FFFF0198F9F7F0FF10
:10166000039A0D2002901146F9F7F6FF0298F9F758
:10167000E7FF039A0E2004901146F9F7EDFF049856
:10168000F9F7DEFF06B080BD80B58AB00021019178
:10169000099108910791069105910491039140F2F7
:1016A0008850C2F20140029044F24012C5F200227A
:1016B00002604160012282600822C260102303613F
:1016C000402343614FF4C0738361C1614FF40061F3
:1016D00001624FF4805141624FF400518162022156
:1016E000039109230493062305930692079103218E
:1016F0000891099103A9FDF78BFC18B1FFE7F3F7F7
:1017000027F8FFE70AB080BD80B598B00020179099
:101710001690159014901390FFE744F2E040C5F640
:101720000200016841F010010160006800F0100043
:1017300012901298FFE7FFE744F2E040C5F602007E
:10174000016841F480710160006800F480701190BC
:101750001198FFE7FFE744F2E040C5F60200016898
:1017600041F004010160006800F00400109010983E
:10177000FFE7FFE744F2E040C5F60200016841F0F0
:1017800020010160006800F020000F900F98FFE733
:10179000FFE744F2E040C5F60200016841F0800135
:1017A0000160006800F080000E900E98FFE7FFE7F0
:1017B00044F2E040C5F60200016841F00101016019
:1017C000006800F001000D900D98FFE7FFE744F27C
:1017D000E040C5F60200016841F040010160006888
:1017E00000F040000C900C98FFE7FFE744F2E04067
:1017F000C5F60200016841F002010160006800F0D6
:1018000002000B900B98FFE7FFE744F2E040C5F6BB
:101810000200016841F008010160006800F0080062
:101820000A900A98FFE742F20000C5F60200029013
:101830004FF48071009100220792F9F7A5F8029801
:101840004FF40061019101220692F9F79DF8069A82
:1018500041F60040C5F60200049010210391F9F70B
:1018600093F8079A41F60000C5F602000890082197
:101870000591F9F789F8009B0298069A0799139346
:1018800014921591169113A90991F8F781FE019B05
:101890000298079A0999139311231493159216929B
:1018A000F8F776FEDDF80CC00498069B079A0999B4
:1018B000CDF84CC0149315921692F8F769FEDDF836
:1018C00014C0069B079A08980999CDF84CC0149348
:1018D00015921692F8F75CFE18B080BD000000006B
:1018E00080B582B040F28C40C2F20140019045F6D2
:1018F0000001C4F20001016047F2B151C3F270016E
:101900004160002181600122C26001614161816109
:10191000C1610162F9F700F918B1FFE7F2F718FFAA
:10192000FFE740F28C40C2F201400021F9F754F881
:1019300018B1FFE7F2F70CFFFFE740F28C40C2F26C
:1019400001400021F9F794F818B1FFE7F2F700FF22
:10195000FFE702B080BD000080B590B003A834213D
:10196000EEF723FD40F2E040C2F20140019041F267
:101970000001C5F200010160002102914160816017
:10198000C1600161416181615022C261282202620D
:101990004FF45C7242624FF4027282624FF48762CB
:1019A000C26240F21E22026380F8341080F83510C3
:1019B00080F83610F9F7F8FB18B1FFE7F2F7C8FE28
:1019C000FFE70022009203924FF4487104910592C0
:1019D0004FF4F07006900792FF23089309924FF49A
:1019E000C0630A9307230B934FF040430C930D9170
:1019F0000E908DF83C208DF83D208DF83E2040F271
:101A0000E040C2F2014003A9F9F73AFB18B1FFE741
:101A1000F2F79EFEFFE740F2E040C2F20140F9F724
:101A20008FFB10B080BD000080B590B00021019107
:101A30000F910E910D910C910B910A9109910891C2
:101A400007910691059104910391029140F2BC50D7
:101A5000C2F2014041F60002C4F2000202607722A5
:101A60004260816040F2E732C260016180218161A1
:101A7000FDF73AFC18B1FFE7F2F76AFEFFE74FF413
:101A800080500C9040F2BC50C2F201400CA9FDF70E
:101A9000B3FD18B1FFE7F2F75BFEFFE740F2BC5081
:101AA000C2F20140FDF79CFF18B1FFE7F2F750FECC
:101AB000FFE7002009900B9040F2BC50C2F20140B9
:101AC00009A9FDF765FB18B1FFE7F2F741FEFFE753
:101AD000602002904FF4FA70039000220492069264
:101AE00040F2BC50C2F2014002A9FDF7A1FE18B1BC
:101AF000FFE7F2F72DFEFFE740F2BC50C2F20140D3
:101B0000FDF762FE10B080BD80B58AB00021019162
:101B10000991089107910691059104910391029111
:101B200040F20860C2F201404FF080420260416022
:101B300081600122C26001618161FDF7D5FB18B1AE
:101B4000FFE7F2F705FEFFE707200590502006901B
:101B500000200790099040F20860C2F2014005A9F8
:101B6000FEF7D6F818B1FFE7F2F7F2FDFFE7202005
:101B700002900020049040F20860C2F2014002A9E5
:101B8000FDF706FB18B1FFE7F2F7E2FDFFE70AB049
:101B900080BD00000000000080B58AB000210091E7
:101BA0000991089107910691059104910391029181
:101BB00040F25460C2F20140019040F20042C4F28F
:101BC00001020260416081600122C26001614161E5
:101BD0008161FDF789FB18B1FFE7F2F7B9FDFFE777
:101BE000072005905020069000200790099040F2B1
:101BF0005460C2F2014005A9FEF78AF818B1FFE768
:101C0000F2F7A6FDFFE72020029000200390049049
:101C100040F25460C2F2014002A9FDF7B9FA18B1CE
:101C2000FFE7F2F795FDFFE70AB080BD0000000076
:101C300080B582B040F2A060C2F20140009041F253
:101C40000001C4F2010101604FF4E1314160002163
:101C500001918160C16001610C2242618161C161B9
:101C6000016241628162FEF76FF918B1FFE7F2F796
:101C70006FFDFFE740F2A060C2F201400021FEF7D5
:101C80001BF918B1FFE7F2F763FDFFE740F2A06030
:101C9000C2F201400021FEF7C7F818B1FFE7F2F7E2
:101CA00057FDFFE740F2A060C2F20140FEF77CF86A
:101CB00018B1FFE7F2F74CFDFFE702B080BD00006E
:101CC00080B582B040F23470C2F20140009044F618
:101CD0000001C4F2000101604FF4E13141600021D4
:101CE00001918160C16001610C2242618161C16129
:101CF000016241628162FEF727F918B1FFE7F2F74E
:101D000027FDFFE740F23470C2F201400021FEF7E8
:101D1000D3F818B1FFE7F2F71BFDFFE740F234708C
:101D2000C2F201400021FEF77FF818B1FFE7F2F799
:101D30000FFDFFE740F23470C2F20140FEF734F8C5
:101D400018B1FFE7F2F704FDFFE702B080BD000025
:101D5000FFE7FEE700000000FFE7FEE700000000ED
:101D600088B0079006910592079800F0070004904C
:101D70000498C0F10700052803D3FFE70420019071
:101D800004E00498C0F107000190FFE70198039078
:101D900004980430062803D8FFE70020009003E0F1
:101DA000049803380090FFE7009802900698039982
:101DB000012202FA01F101390840029B984005997D
:101DC0009A40013A1140084308B0704700000000F3
:101DD00080B540F20811C2F201410020086040F2D3
:101DE000CC71C2F20141086040F21401C2F201411B
:101DF000FF20087002F078FCEFF7EAF880BD0000E1
:101E000080B584B08DF80F009DF80F000021F3F726
:101E100063FA002870D0FFE79DF80F00F0F73CFD53
:101E20008DF80E009DF80E00002849D0FFE79DF8C0
:101E30000F00F3F7ADFB8DED020A9DED020A9FED59
:101E4000301AB4EE410AF1EE10FA0FDAFFE79DF80E
:101E50000F009DED020A9FED2C1A20EE010ABCEE48
:101E6000C00A10EE101A01F08FFA0EE09DF80F0074
:101E70009DED020A9FED231A20EE010ABCEEC00A76
:101E800010EE101A01F080FAFFE79DF80F000190A4
:101E9000F3F7AAFB0199B7EEC00A53EC102B4EF2F0
:101EA0002A70C0F6010006F08DFB9DF80F0000219E
:101EB000F1F726FA9DF80F00022101F029FA1AE045
:101EC0009DF80F000090F3F78FFB00989FED0B1A21
:101ED00030EE010ABCEEC00A10EE101A01F054FAFE
:101EE0009DF80F000021F1F70BFA9DF80F0001217A
:101EF00001F00EFAFFE7FFE704B080BD00409CC58B
:101F00000050C347A4707D3F000010420000000055
:101F100080B582B001208DF80700FFE79DF807002B
:101F200002280BDCFFE79DF80700FFF769FFFFE7DA
:101F30009DF8070001308DF80700EFE700F0B0F9D9
:101F400002B080BD0000000070B5A6B040F2C871BC
:101F5000C2F20141012005900870FEF7A9FC4FF084
:101F60007F40EFF725F9059869464FF0FF36159643
:101F70000E61C8604EF28070C0F60100886048F2C1
:101F80000000CFF6007011904860282008604EF2E3
:101F90008A70C0F601000A22069250230B93114664
:101FA000FEF78AFC059B06998446119840F264026C
:101FB000C2F20142C2F800C0D2F800C042F6691273
:101FC000C0F60102CCF864206A461661D3604EF276
:101FD0006873C0F601039360506032200790106070
:101FE0004EF26C70C0F601004FF4B47209923C23BB
:101FF0001393FEF761FCDDF814C00699139B0246AB
:10200000079840F22C0EC2F2014ECDF820E0CEF837
:1020100000206A461661C2F80CC04EF2747CC0F60D
:10202000010CC2F808C040F2000CCFF6FF7CCDF8DE
:1020300050C0C2F804C010604EF27870C0F60100C3
:102040004FF4D2720C92FEF737FC0246089840F229
:102050003401C2F201410A60026842F2E150C0F666
:10206000010050660968486616AC40212046EEF72C
:102070009CF94EF29571C0F601014EF21062C0F665
:1020800001020A92204606F0ADFA099A0B996B46B6
:102090001E6100251295DD609C60FF20CFF6007068
:1020A0000E90586020200F9018604EF2ED70C0F630
:1020B0000100DC230D93FEF76FFC0A9A40F2F471E5
:1020C000C2F20141109108604EF2B271C0F60101F6
:1020D000204606F087FA0B990C9A0D9BDDF838E044
:1020E0000F98EC46CCF81060CCF80C50CCF80840B7
:1020F000CCF804E0CCF800004EF2F970C0F6010014
:10210000FEF74AFC109BDDF844C01299139ADDF8E3
:1021100050E00546159840F2FC74C2F20144256077
:102120001D6843F22103C0F60103EB652468E365F3
:102130006B46C3F810E04FF0FF2EC3F80CE0C3F875
:1021400008C05860FF2018604EF60500C0F6010078
:102150004FF44873FEF78CFC014640F60C00C2F2C7
:1021600001400160026844F27941C0F6000147F283
:10217000B033C0F20C03D150026841F6D151C0F621
:10218000000147F2B433C0F20C03D150016844F2AD
:102190001160C0F6000047F2B832C0F20C0288505D
:1021A000FEF7E2FC26B070BD80B588B08DF81E0049
:1021B0009DF81E000121F3F78FF8002865D0FFE796
:1021C0009DF81E00F0F714FF9DF81E00F3F738FA93
:1021D00006909DF81E00F0F7B3FE05900598F3F702
:1021E00047F9049040F60C00C2F2014002900068EA
:1021F00047F2B031C0F20C0150F801C00699059ABF
:102200001144049A9DF81E3040F2000ECFF6FF7E76
:10221000012B08BF4FF0FF2E6B46C3F804E01A6095
:1022200001220392FF23E0470298006847F2B83189
:10223000C0F20C01415888479DF81E10049A4EF2D6
:102240000A70C0F6010006F0BDF903999DF81E0062
:10225000F1F756F803999DF81E0001F059F89DF822
:102260001E004EF68061C0F2360101F08DF89DF837
:102270001E0000F045F94EF2FE60C0F6010006F0C7
:10228000A1F903988DF81F0003E000208DF81F00CE
:10229000FFE79DF81F0008B080BD000000000000AF
:1022A00010B58EB040F22C00C2F20140006890F8E8
:1022B0005C00012840F0E280FFE740F23400C2F207
:1022C0000140006890F85C00012840F0D780FFE7EB
:1022D00040F21400C2F2014090F90000013098B9B8
:1022E000FFE740F60C00C2F20140006847F2B4314B
:1022F000C0F20C014158884740F21401C2F201417A
:10230000087801300870FFE701210846F2F7E4FF82
:10231000D0B3FFE701200790F0F76AFE0798F3F7C4
:102320008FF9014607980D91F0F70AFE0C900C9872
:10233000F3F79EF8079A0B9040F60C00C2F20140AA
:10234000006847F2B031C0F20C0150F801C00D999D
:102350000C9B19440B9BEE464FF0FF24CEF8044033
:10236000CEF80030FF23E04707990846F0F7C8FF92
:102370000798002100F0CCFF40F21401C2F20141A5
:10238000087801300870FFE702200121F2F7A4FF6E
:10239000E0B3FFE702200690F0F72AFE0698F3F775
:1023A0004FF9014606980A91F0F7CAFD099009987D
:1023B000F3F75EF8089040F60C00C2F201400068A6
:1023C00047F2B031C0F20C0150F801C00A99099AE5
:1023D0001144089A6B4640F2000ECFF6FF7EC3F818
:1023E00004E01A6001220592FF23E0470599069850
:1023F000F0F786FF0698002100F08AFF40F21401F2
:10240000C2F20141087801300870FFE740F2140081
:10241000C2F2014090F9000002282EDBFFE740F6EF
:102420000C00C2F20140006847F2B831C0F20C0162
:102430004158884740F21401C2F20141FF20087060
:1024400001210391084600F063FF03984EF6806176
:10245000C0F23601029100F097FF03990220049028
:1024600000F056FF0299049800F08EFF039800F0E8
:1024700047F8049800F044F8FFE73FE040F22C00F2
:10248000C2F20140006890F85C00012815D1FFE716
:1024900040F60C00C2F20140006847F2B431C0F2CD
:1024A0000C01415888470120FFF77EFE40F21401DD
:1024B000C2F20141FF2008701FE040F23400C2F276
:1024C0000140006890F85C00012815D1FFE740F654
:1024D0000C00C2F20140006847F2B431C0F20C01B6
:1024E000415888470220FFF75FFE40F21401C2F214
:1024F0000141FF200870FFE7FFE7FFE70EB010BDC6
:1025000080B59AB08DF867009DF86700F3F72CF955
:1025100000EE100AB8EE400A9FED2E1A20EE010AD6
:102520009FED2D1A80EE010A8DED180A9DF86700C7
:10253000F3F72EF88DED170A9DF867109DED180A38
:10254000B7EEC00A9DED171AB7EEC11A684680EDC6
:10255000001B53EC102B4EF24A70C0F6010006F03F
:1025600031F807A806904021EDF71FFF06989DF867
:1025700067209DED180AB7EEC00A9DED171AB7EE59
:10258000C11A4EF21063C0F6010369460B6181ED7A
:10259000021B81ED000B4EF2CF71C0F6010106F077
:1025A00021F89DF86700012809D1FFE740F2F47097
:1025B000C2F201400068C26D07A9904708E040F2EE
:1025C000FC70C2F201400068C26D07A99047FFE7A6
:1025D0001AB080BD3333534000007F430000000039
:1025E00010B588B0079007980C304EF26C71C0F6A9
:1025F0000101EDF7F1FE00285ED1FFE707990A68B7
:1026000048F20000CFF60070824204BF43F233303C
:10261000CFF633700860079991F85C00B0FA80F04B
:102620004FEA501081F85C00DDF81CC0BCF80400D3
:10263000BCF80610BCF80820BCF80A30DCF800C072
:10264000EE46CEF800C0EFF7DBF8DDF81CE0BEF890
:10265000040000F10500BEF8061001F105010EF1BD
:102660002402DEF858309EF856C0DEF80040EE46F0
:10267000CEF80440CEF800C080B289B2EEF770FE0A
:10268000079890F85C104FF00100F0F775FE07987E
:1026900090F85C0078B9FFE70120059000210691D1
:1026A000F0F72EFE05990846F0F72AFE05980699E0
:1026B00000F02EFEFFE769E007980C304EF27871CB
:1026C000C0F60101EDF788FE00285ED1FFE707990B
:1026D0000A680020CFF6FF7012F5803F04BF43F276
:1026E0003330CFF633700860079991F85C00B0FA88
:1026F00080F04FEA501081F85C00DDF81CC0BCF897
:102700000400BCF80610BCF80820BCF80A30DCF85D
:1027100000C0EE46CEF800C0EFF772F8DDF81CE01E
:10272000BEF8040000F10500BEF8061001F1050135
:102730000EF12402DEF858309EF856C0DEF8004054
:10274000EE46CEF80440CEF800C080B289B2EEF773
:1027500007FE079890F85C104FF00200F0F70CFEAF
:10276000079890F85C0078B9FFE7022003900021F9
:102770000491F0F7C5FD03980121F0F7C1FD03981E
:10278000049900F0C5FDFFE7FFE7FFE708B010BDC3
:1027900080B582B00190019808B9FFE747E0019841
:1027A0000C304EF26C71C0F60101EDF715FED0B998
:1027B000FFE7019848F20001CFF6007143F233328F
:1027C000CFF6337201F0B4FF019991F85C00B0FAD2
:1027D00080F0400981F85C00019890F85C100120BD
:1027E000F0F706FE23E001980C304EF27871C0F647
:1027F0000101EDF7F1FDC8B9FFE701980021CFF61F
:10280000FF7143F23332CFF6337201F091FF019939
:1028100091F85C00B0FA80F0400981F85C00019802
:1028200090F85C100220F0F7E3FDFFE7FFE702B04D
:1028300080BD00000000000010B584B0039040F29D
:10284000EC01C2F201410020087003980068029078
:10285000029948F20000CFF60070814208BF6FF085
:10286000FF0003990860DDF80CC0BCF80400BCF858
:102870000610BCF80820BCF80A30DCF800C0EE46B0
:10288000CEF800C0EEF7BCFFDDF80CE0BEF80400A7
:102890000530BEF8061005310EF12402DEF858307E
:1028A0009EF856C0DEF80040EE46CEF80440CEF862
:1028B00000C080B289B2EEF753FDC820EEF7F8FBF6
:1028C00040F20C11C2F201410120087004B010BDA9
:1028D00010B584B0039040F2EC01C2F20141002037
:1028E0000870039800680290029948F20000CFF641
:1028F0000070814208BF6FF0FF0003990860DDF8A7
:102900000CC0BCF80400BCF80610BCF80820BCF8E9
:102910000A30DCF800C0EE46CEF800C0EEF770FFDB
:10292000DDF80CE0BEF804000530BEF806100531F5
:102930000EF12402DEF858309EF856C0DEF8004052
:10294000EE46CEF80440CEF800C080B289B2EEF771
:1029500007FDC820EEF7ACFB40F2C871C2F201419E
:102960000120087004B010BD10B584B0039040F28F
:10297000C871C2F201410020087003996FF0FF0096
:102980000860DDF80CC0BCF80400BCF80610BCF808
:102990000820BCF80A30DCF800C0EE46CEF800C0D3
:1029A000EEF72EFFDDF80CE0BEF804000530BEF8AF
:1029B000061005310EF12402DEF858309EF856C09C
:1029C000DEF80040EE46CEF80440CEF800C080B2FB
:1029D00089B2EEF7C5FC6420EEF76AFB40F2EC0129
:1029E000C2F201410120087004B010BD00000000D7
:1029F00010B584B0039040F20C11C2F201410020E6
:102A0000087003996FF0FF000860DDF80CC0BCF897
:102A10000400BCF80610BCF80820BCF80A30DCF84A
:102A200000C0EE46CEF800C0EEF7EAFEDDF80CE09E
:102A3000BEF804000530BEF8061005310EF1240280
:102A4000DEF858309EF856C0DEF80040EE46CEF86C
:102A50000440CEF800C080B289B2EEF781FCC820F5
:102A6000EEF726FB40F2EC01C2F2014101200870B2
:102A700004B010BD0000000080B584B0F2F76CFB1C
:102A8000002860D0FFE700208DF80E00FFE79DF8DA
:102A90000E0040F2D471C2F201410978884223DA73
:102AA000FFE79DF80E1040F2D470C2F2014000EB37
:102AB00041014B8840F61002C2F2014211881944CC
:102AC00011809DF80E1000EB4100828940F6120142
:102AD000C2F20141088810440880FFE79DF80E000B
:102AE00001308DF80E00D2E740F2D471C2F20141FC
:102AF0000B7840F61000C2F2014001900288B2FB50
:102B0000F3F202800B7840F61201C2F20141029109
:102B10000A88B2FBF3F20A800088098802F018FFE5
:102B200001990298098802884EF2A460C0F601005B
:102B300005F048FD019A02990020108008800120CC
:102B40008DF80F0003E000208DF80F00FFE79DF8DF
:102B50000F0004B080BD00007047000000000000BE
:102B600080B5B2B002A80190C0210091EDF71DFC24
:102B7000009A0198002103914FF40023029302234D
:102B800004934FF00C0CCDF814C0069307930893F0
:102B9000099220220A920B912B91FAF715F818B19D
:102BA000FFE7F1F7D5FDFFE732B080BD0000000080
:102BB00010B588B0079006910592079808B9FFE70D
:102BC0005CE0079800680699884203D1FFE7059802
:102BD000049002E006980490FFE7049807990860C3
:102BE000DDF81CC0BCF80400BCF80610BCF80820D6
:102BF000BCF80A30DCF800C0EE46CEF800C0EEF7B4
:102C0000FFFD3220EEF754FA0798006806998842D3
:102C100003D1FFE70598039002E006980390FFE7D1
:102C2000039807990860DDF81CC0BCF80400BCF8E4
:102C30000610BCF80820BCF80A30DCF800C0EE46EC
:102C4000CEF800C0EEF7DCFDDDF81CE0BEF80400B5
:102C50000530BEF8061005310EF12402DEF85830BA
:102C60009EF856C0DEF80040EE46CEF80440CEF89E
:102C700000C080B289B2EEF773FBFFE708B010BD69
:102C800080B586B00490039100208DF8070044F2CF
:102C90002840C5F60200006800F00300032804D1B4
:102CA000FFE701208DF81700CBE044F20041C5F6A4
:102CB0000201086820F080600860F7F785FE029046
:102CC000FFE744F20040C5F60200006800F0006132
:102CD0000020B0EBD16F0CD0FFE7F7F775FE02993B
:102CE000401A032804D3FFE703208DF81700A8E05B
:102CF000E7E7FFE744F22841C5F60201086820F43F
:102D00007C30049A126840EA0230086004994868EE
:102D1000D1F808C0CB680A6901386FF35F204FF61D
:102D20000061CFF6FF7101EB4C2189B2084400210C
:102D3000CFF6FF7101EB034101F4FE0108444FF0AF
:102D40007F4101EB026101F0FE41084444F2384149
:102D5000C5F602010860FFE744F22C41C5F6020106
:102D60000091086820F0C000049A5269104308607E
:102D7000086820F02000049A9269104308600868EF
:102D800020F01000086044F23C42C5F602021068D0
:102D90004FF6F8739843049BDB6940EAC300106068
:102DA000086840F010000860039848B9FFE744F253
:102DB0002C41C5F60201086840F40020086016E0C6
:102DC0000398012809D1FFE744F22C41C5F602011E
:102DD000086840F48010086008E044F22C41C5F611
:102DE0000201086840F400100860FFE7FFE744F2C2
:102DF0000041C5F60201086840F080600860F7F7FE
:102E0000E3FD0290FFE744F20040C5F602000068CF
:102E100000F000610020B0EBD16F0CD1FFE7F7F7B5
:102E2000D3FD0299401A032804D3FFE703208DF84D
:102E3000170006E0E7E7FFE79DF807008DF81700A9
:102E4000FFE79DF8170006B080BD000000000000FD
:102E500080B586B00490039100208DF8070044F2FD
:102E60002840C5F60200006800F00300032804D1E2
:102E7000FFE701208DF81700CBE044F20041C5F6D2
:102E80000201086820F080500860F7F79DFD02906D
:102E9000FFE744F20040C5F60200006800F0005170
:102EA0000020B0EB517F0CD0FFE7F7F78DFD0299C2
:102EB000401A032804D3FFE703208DF81700A8E089
:102EC000E7E7FFE744F22841C5F60201086820F071
:102ED0007C70049A126840EA0250086004994868BD
:102EE000D1F808C0CB680A6901386FF35F204FF64C
:102EF0000061CFF6FF7101EB4C2189B2084400213B
:102F0000CFF6FF7101EB034101F4FE0108444FF0DD
:102F10007F4101EB026101F0FE41084444F240416F
:102F2000C5F602010860FFE744F22C41C5F6020134
:102F30000091086820F44060049A526910430860C8
:102F4000086820F40070049A9269104308600868C9
:102F500020F48070086044F24442C5F60202106812
:102F60004FF6F8739843049BDB6940EAC300106096
:102F7000086840F480700860039848B9FFE744F29D
:102F80002C41C5F60201086840F48000086016E094
:102F90000398012809D1FFE744F22C41C5F602014C
:102FA000086840F40000086008E044F22C41C5F6CF
:102FB0000201086840F080700860FFE7FFE744F214
:102FC0000041C5F60201086840F080500860F7F73C
:102FD000FBFC0290FFE744F20040C5F602000068E7
:102FE00000F000510020B0EB517F0CD1FFE7F7F764
:102FF000EBFC0299401A032804D3FFE703208DF865
:10300000170006E0E7E7FFE79DF807008DF81700D7
:10301000FFE79DF8170006B080BD0000000000002B
:1030200010B584B003900291DDF80CE0BEF8040006
:103030000530BEF806100531029ADEF858309EF8C9
:1030400056C0DEF80040EE46CEF80440CEF800C090
:1030500080B289B2EEF784F904B010BD0000000020
:1030600010B584B003900291039808B9FFE71DE002
:10307000039824300299EDF7BDF9DDF80CE0BEF8B5
:1030800004000530BEF806100531029ADEF858300B
:103090009EF856C0DEF80040EE46CEF80440CEF86A
:1030A00000C080B289B2EEF75BF9FFE704B010BD53
:1030B00080B58AB00990002004900121019105910A
:1030C0001022069207910890099805A902914FF4E1
:1030D00080520392FCF710F80198F7F78DF90299E6
:1030E000039A022005900998FCF706F80299039AC2
:1030F00003200590082007900998FBF7FDFF02992F
:10310000039A40F23120049004200590049808901E
:103110000998FBF7F1FF099840F29631FBF7BCFFE5
:103120000AB080BD000000007047000000000000F1
:1031300080B582B08DF807008DF806109DF8070065
:10314000F2F73EF98DF805009DF90500B0F1FF3F5B
:1031500001DCFFE714E09DF806009DF9053041F61B
:103160000002C3F20002D82113FB012383F8C90037
:103170009DF9050010FB0121012081F8D400FFE733
:1031800002B080BD0000000080B586B004A90291A5
:10319000014602988DF8171080ED000A9DF817007F
:1031A000F2F70EF98DF80F009DF90F00B0F1FF3F17
:1031B00001DCFFE729E0029991ED000A9DF90F007B
:1031C00041F60003C3F200030093D822019210FBE2
:1031D0000230BCEEC00A80ED330A9DF8170091ED75
:1031E000000A9FED0B1A20EE010ABCEEC00A10EE99
:1031F000101A00F0EDF8009A01999DF90F0010FBEC
:103200000121012081F8D400FFE706B080BD00BF96
:103210000000C8420000000080B584B002A90091FF
:10322000014600988DF80F1080ED000A9DF80F0000
:10323000F2F7C6F88DF807009DF90700B0F1FF3FDF
:1032400001DCFFE731E0009890ED000A9FED181ACD
:10325000B4EE410AF1EE10FA06DDFFE743F2333037
:10326000C4F2530002900CE0009890ED000AB5EE15
:10327000400AF1EE10FA03DAFFE700200290FFE7C0
:10328000FFE702989DF9073041F60002C3F2000201
:10329000D82113FB0123C3F8D0009DF9070010FBD0
:1032A0000121012081F8D400FFE704B080BD00BFF8
:1032B000333353400000000080B582B08DF8070022
:1032C0008DF806109DF80700F2F77AF88DF80500E2
:1032D0009DF90500B0F1FF3F01DCFFE714E09DF828
:1032E00006009DF9053041F60002C3F20002D82124
:1032F00013FB012383F8C8009DF9050010FB012191
:10330000012081F8D400FFE702B080BD000000007A
:1033100080B582B08DF807008DF806109DF8070083
:10332000F2F732F88DF805009DF90500B0F1FF3F86
:1033300001DCFFE724E09DF80600012805D0FFE747
:103340009DF8060002280ED1FFE79DF806009DF9C2
:10335000051001EB410240F2BC01C2F2014101EB58
:10336000820188720CE09DF9050000EB400140F2FB
:10337000BC00C2F2014000EB810100208872FFE72F
:1033800002B080BD0000000080B584B08DF80F0051
:1033900002919DF80F00F1F7F7FF8DF807009DF9F6
:1033A0000700B0F1FF3F01DCFFE70DE09DF80F00E3
:1033B00000F08AF89DF80F000299FDF71DFA9DF8BC
:1033C0000F0000F031F8FFE704B080BD00000000FE
:1033D00080B582B08DF8070000919DF807000128A4
:1033E0000CD1FFE7009940F28400C2F20140016075
:1033F000006840000121EEF74FFC11E09DF8070046
:1034000002280CD1FFE7009940F28C00C2F2014083
:103410000160006840000121EEF75AFCFFE7FFE77A
:1034200002B080BD0000000080B584B08DF80F00B0
:103430009DF80F00F1F7A8FF8DF80E009DF90E0022
:10344000B0F1FF3F01DCFFE73AE09DF80F00F1F734
:1034500087FF02909DF90E0000EB400140F2BC0096
:10346000C2F2014000EB81010120009088720298B5
:10347000002140F2FF72F2F79BF902989DF90E20AD
:1034800040F20001C3F2000101EB82214FF480629F
:10349000F3F79EFA00999DF80F00F0F709F89DF8F0
:1034A0000F000190F2F7A0F80199B7EEC00A53ECB3
:1034B000102B4EF25F60C0F6010005F083F8FFE7C5
:1034C00004B080BD0000000080B582B08DF8070018
:1034D0009DF80700F1F758FF8DF806009DF90600EA
:1034E000B0F1FF3F01DCFFE717E09DF80700002186
:1034F000EFF7DEFF9DF80700F1F732FFF3F758FB17
:103500009DF9061040F20000C3F2000000EB81209C
:103510004FF48061ECF749FFFFE702B080BD000087
:1035200080B58CB00B908DF82B100B98002800F014
:103530002E81FFE79DF82B0058B1FFE79DF82B0087
:10354000012806D0FFE79DF82B00022840F01F81DC
:10355000FFE79DF82B000B9981F828000B988088D5
:10356000ADF828000B98C088ADF826000B980089AC
:10357000ADF824000B984089ADF822000B98006844
:1035800007900B98406A06900B9890F828008DF8E9
:1035900017000B9890F829008DF816009DF816007A
:1035A00020B9FFE701208DF81600FFE7BDF82800DD
:1035B000BDF82610BDF82420BDF82230DDF81CC06F
:1035C000EE46CEF800C0EEF71BF99DF81700A0BB41
:1035D000FFE70020ADF81400FFE7BDF81400BDF8C8
:1035E0002410884228DAFFE7BDF81400BDF8241043
:1035F000BDF82220F2F744F8ADF81200BDF828001B
:10360000BDF814100844BDF82610BDF812200A4475
:10361000511E0132069B9DF816C0EE46CEF800C042
:1036200080B289B292B2F1F757F8FFE7BDF8140003
:103630000130ADF81400D0E7A8E09DF8170001288C
:1036400045D1FFE7BDF824004008ADF81000BDF8F3
:103650002800BDF810100144BDF82620069B9DF8F7
:1036600016C0EE46CEF800C089B2F0F7F9FFBDF8FB
:103670002800BDF810100844BDF82610BDF822201F
:103680000A44013A069B9DF816C0EE46CEF800C0EB
:1036900080B292B2F1F720F8BDF82810BDF8100002
:1036A0000844BDF8242011440139BDF82620BDF896
:1036B00022301A44013A069B9DF816C0EE46CEF819
:1036C00000C080B289B292B2F0F7CAFF5DE09DF807
:1036D0001700022858D1FFE7BDF824004008ADF8D4
:1036E0000E009DF816004008ADF80C00BDF80C0067
:1036F0004042ADF80A00FFE7BDF90A00BDF90C1021
:10370000884240DCFFE7BDF82800BDF90A301844C4
:10371000BDF82620BDF82210134419440139BDF824
:103720000E200244DDF818C0EE46CEF800C080B28C
:103730009BB292B289B2EDF703FFBDF82820BDF825
:103740000E001044BDF90A301844BDF82610194483
:10375000BDF824C062441A44013ABDF822300B443B
:10376000013BDDF818C0EE46CEF800C089B280B249
:1037700092B29BB2EDF7E4FEFFE7BDF80A0001301C
:10378000ADF80A00B8E7FFE7FFE7FFE7FFE70CB097
:1037900080BD00000000000080B582B0009000985D
:1037A0000138B0F1807F03D3FFE70120019019E0D9
:1037B000009801384EF21401CEF2000108604FF07B
:1037C000FF300F2102F044F94EF21801CEF2000151
:1037D000002008604EF21002CEF2000207211160B4
:1037E0000190FFE7019802B080BD000000000000DA
:1037F00080B5F7F7B1FB80BD80B59EB00BA84C211A
:10380000ECF7D3FD002001900A90099008900790F2
:1038100006900590049003900220F7F73DFFFFE724
:103820000020029044F61800C5F60200016841F439
:1038300040410160006800F44040029040F22C409A
:10384000C5F60000016841F001010160006800F068
:10385000010002900298FFE7FFE744F61800C5F662
:103860000200006800F40050B0F5005F01D0FFE7EF
:10387000F3E701200B904FF480300C90022014905D
:10388000159005211691C0211791189019901A9042
:1038900008201B9000201C901D900BA8FAF70CFE2E
:1038A00018B1FFE7F0F754FFFFE73F200390032034
:1038B0000490002005900820069040200790089072
:1038C0004FF4806109910A9003A80421FAF7CCF91A
:1038D00018B1FFE7F0F73CFFFFE71EB080BD000026
:1038E00081B04EF68851CEF20001086840F47000B5
:1038F000086042F20000C5F20020006800F00F00EE
:1039000006280AD8FFE742F20001C5F20021086844
:10391000072262F303000860FFE744F20041C5F6A6
:103920000201086840F00100086044F21042C5F648
:1039300002020020106008684EF67F52CEF6F62292
:103940001040086042F20000C5F20020006800F05C
:103950000F0008280AD3FFE742F20001C5F2002158
:103960000868072262F303000860FFE744F2184189
:10397000C5F6020100200090086044F21C41C5F623
:103980000201086044F22041C5F60201086044F2D9
:103990002842C5F6020240F20021C0F20221116065
:1039A00044F22C42C5F602020021C0F2FF11116060
:1039B00044F23042C5F6020240F28021C0F2011109
:1039C000116044F23442C5F60202106044F23842FB
:1039D000C5F60202116044F23C42C5F602021060D4
:1039E00044F24042C5F60202116044F24441C5F679
:1039F0000201086044F20042C5F60202116821F497
:103A00008021116044F26041C5F60201086041F274
:103A10000001C5F600410968B0EB517F07D1FFE70F
:103A200048F20811C5F2001101200860FFE744F2D6
:103A3000D440C5F602000068C004002814D4FFE793
:103A400044F2D441C5F60201086840F48050086091
:103A500044F20002C5F2002243F2D200106008686E
:103A600020F480500860FFE701B0704700000000BC
:103A700083B00290019102980068009002980021A2
:103A8000C4F20101884225D0FFE70298B0F1804FCF
:103A900020D0FFE7029840F20041C4F200018842C2
:103AA00018D0FFE7029840F60001C4F200018842F6
:103AB00010D0FFE7029840F60041C4F200018842AE
:103AC00008D0FFE7029840F20041C4F201018842A9
:103AD0000AD1FFE7009820F070000090019841683B
:103AE000009808430090FFE702980021C4F201010A
:103AF00088423DD0FFE70298B0F1804F38D0FFE711
:103B0000029840F20041C4F20001884230D0FFE741
:103B1000029840F60001C4F20001884228D0FFE775
:103B2000029840F60041C4F20001884220D0FFE72D
:103B3000029840F20041C4F20101884218D0FFE728
:103B4000029844F20001C4F20101884210D0FFE75C
:103B5000029844F20041C4F20101884208D0FFE714
:103B6000029844F60001C4F2010188420AD1FFE73D
:103B7000009820F4407000900198C16800980843B4
:103B80000090FFE7009820F0800001994969084300
:103B90000090019880680299C862019800680299B3
:103BA000886202980021C4F20101884220D0FFE718
:103BB000029840F20041C4F20101884218D0FFE7A8
:103BC000029844F20001C4F20101884210D0FFE7DC
:103BD000029844F20041C4F20101884208D0FFE794
:103BE000029844F60001C4F20101884205D1FFE7C2
:103BF0000198006902990863FFE70299086840F09C
:103C00000400086002990120486100980299086048
:103C100003B070470000000084B00390029101924D
:103C2000029800F01F01012088400090009A03993B
:103C3000086A904308620198029901F01F0100FA96
:103C400001F20399086A1043086204B0704700004B
:103C500085B00490039102920193049880680090CB
:103C6000009820F47F40009003980299019A41EA5D
:103C7000022101430098084300900098049988604D
:103C800005B070470000000083B0029001910298D7
:103C90008068009000984FF68F71CFF6CF71084082
:103CA000009001980099084340F0070000900098A8
:103CB0000299886003B0704785B00490039104981E
:103CC000006A01900499086A20F0010008620498D3
:103CD0004068009004988069029002984FF68F71B6
:103CE000CFF6FE7108400290029820F00300029087
:103CF00003980168029808430290019820F002009E
:103D0000019003988168019808430190049800216C
:103D1000C4F20101884220D0FFE7049840F200413C
:103D2000C4F20101884218D0FFE7049844F2000170
:103D3000C4F20101884210D0FFE7049844F2004128
:103D4000C4F20101884208D0FFE7049844F600015C
:103D5000C4F2010188420ED1FFE7019820F008006B
:103D600001900398C168019808430190019820F0E0
:103D700004000190FFE704980021C4F20101884289
:103D800020D0FFE7049840F20041C4F201018842CC
:103D900018D0FFE7049844F20001C4F20101884200
:103DA00010D0FFE7049844F20041C4F201018842B8
:103DB00008D0FFE7049844F60001C4F201018842EC
:103DC00013D1FFE7009820F480700090009820F451
:103DD0000070009003984169009808430090039890
:103DE0008169009808430090FFE7009804994860B3
:103DF000029804998861039840680499486301987F
:103E00000499086205B0704785B004900391049846
:103E1000006A01900499086A20F010000862049872
:103E200040680090049880690290029848F6FF71FB
:103E3000CFF6FF6108400290029820F44070029093
:103E400003980168029840EA01200290019820F04E
:103E50002000019003988168019840EA01100190C8
:103E600004980021C4F20101884229D0FFE7049898
:103E700040F20041C4F20101884221D0FFE70498DA
:103E800044F20001C4F20101884203D1FFE700209F
:103E9000B0B9FFE7049844F20041C4F2010188423E
:103EA00003D1FFE7002058B9FFE7049844F600016A
:103EB000C4F20101884212D1FFE7012078B9FFE77F
:103EC000019820F0800001900398C168019840EAB1
:103ED00001100190019820F040000190FFE7049844
:103EE0000021C4F20101884220D0FFE7049840F28B
:103EF0000041C4F20101884218D0FFE7049844F25F
:103F00000001C4F20101884210D0FFE7049844F296
:103F10000041C4F20101884208D0FFE7049844F64A
:103F20000001C4F20101884215D1FFE7009820F496
:103F300080600090009820F4006000900398416930
:103F4000009840EA8100009003988169009840EA57
:103F500081000090FFE70098049948600298049956
:103F600088610398406804998863019804990862FD
:103F700005B070470000000085B0049003910498DC
:103F8000006A01900499086A20F48070086204981D
:103F9000406800900498C069029002984FF68F71B3
:103FA000CFF6FE7108400290029820F003000290C4
:103FB00003980168029808430290019820F4007069
:103FC000019003988168019840EA012001900498CB
:103FD0000021C4F20101884229D0FFE7049840F291
:103FE0000041C4F20101884221D0FFE7049844F265
:103FF0000001C4F20101884203D1FFE70020B0B9FB
:10400000FFE7049844F20041C4F20101884203D161
:10401000FFE7002058B9FFE7049844F60001C4F216
:104020000101884212D1FFE7012078B9FFE701982A
:1040300020F4006001900398C168019840EA0120D3
:104040000190019820F480600190FFE7049800211E
:10405000C4F20101884220D0FFE7049840F20041F9
:10406000C4F20101884218D0FFE7049844F200012D
:10407000C4F20101884210D0FFE7049844F20041E5
:10408000C4F20101884208D0FFE7049844F6000119
:10409000C4F20101884215D1FFE7009820F4805056
:1040A0000090009820F40050009003984169009817
:1040B00040EA0110009003988169009840EA0110DD
:1040C0000090FFE700980499486002980499C8613D
:1040D000039840680499C86301980499086205B080
:1040E000704700000000000085B004900391049820
:1040F000006A01900499086A20F4805008620498CC
:10410000406800900498C0690290029848F6FF71D8
:10411000CFF6FF6108400290029820F440700290B0
:1041200003980168029840EA01200290019820F467
:104130000050019003988168019840EA0130019095
:1041400004980021C4F20101884220D0FFE70498BE
:1041500040F20041C4F20101884218D0FFE7049800
:1041600044F20001C4F20101884210D0FFE7049834
:1041700044F20041C4F20101884208D0FFE70498EC
:1041800044F60001C4F2010188420BD1FFE7009818
:1041900020F48040009003984169009840EA811023
:1041A0000090FFE700980499486002980499C8615C
:1041B000039840680499086401980499086205B05E
:1041C000704700000000000085B00490039104983F
:1041D000006A01900499086A20F48030086204980B
:1041E000406800900498406D029002984FF68F71DD
:1041F000CFF6FE71084002900398016802980843C8
:104200000290019820F40030019003988168019891
:1042100040EA0140019004980021C4F20101884263
:1042200020D0FFE7049840F20041C4F20101884227
:1042300018D0FFE7049844F20001C4F2010188425B
:1042400010D0FFE7049844F20041C4F20101884213
:1042500008D0FFE7049844F60001C4F20101884247
:104260000BD1FFE7009820F480300090039841695B
:10427000009840EA01200090FFE700980499486008
:1042800002980499486503984068049988650198E4
:104290000499086205B0704785B0049003910498B2
:1042A000006A01900499086A20F48010086204985A
:1042B000406800900498406D0290029848F6FF71A3
:1042C000CFF6FF610840029003980168029840EA27
:1042D00001200290019820F4001001900398816859
:1042E000019840EA0150019004980021C4F20101B4
:1042F000884220D0FFE7049840F20041C4F2010157
:10430000884218D0FFE7049844F20001C4F201018A
:10431000884210D0FFE7049844F20041C4F2010142
:10432000884208D0FFE7049844F60001C4F2010176
:1043300088420BD1FFE7009820F48020009003987A
:104340004169009840EA81200090FFE700980499B5
:104350004860029804994865039840680499C865C4
:1043600001980499086205B0704700000000000041
:1043700080B588B00690059100208DF8130006984E
:1043800000688068039003984FF68F71CFF6CF7165
:1043900008400390059841680398084303900398E8
:1043A0004FF6F871CFF6FE7108400390059801684A
:1043B0000398084303900398069909688860059854
:1043C00040680090002800F0A480FFE700981028C3
:1043D00000F09F80FFE70098202800F09A80FFE718
:1043E0000098302800F09580FFE70098402856D0CC
:1043F000FFE7009850287CD0FFE70098602800F085
:104400008080FFE70098702840D0FFE70098B0F563
:10441000801F7ED0FFE70098B0F1101F79D0FFE732
:1044200000982021C0F21001884272D0FFE7009866
:104430003021C0F2100188426BD0FFE70098402184
:10444000C0F21001884264D0FFE700985021C0F20A
:10445000100188425DD0FFE700986021C0F2100192
:10446000884256D0FFE700987021C0F210018842C0
:104470004FD0FFE70098B0F5001F4AD0FFE7009843
:104480001021C0F22001884243D043E00698006822
:10449000059B9A68D9681B69FFF7DAFB3EE005982F
:1044A0000068052804D1FFE701208DF81F003AE0DD
:1044B00006980068006A019006980168086A20F072
:1044C000010008620698006880690290029820F056
:1044D000F000029005980169029840EA01100290EC
:1044E0000298069909688861019806990968086226
:1044F00014E006980068059A9168126900F018F8AF
:104500000CE006980068059A9168126900F038F886
:1045100004E003E001208DF81300FFE79DF813008D
:104520008DF81F00FFE79DF81F0008B080BD000058
:1045300085B00490039102920498006A0090049957
:10454000086A20F0010008620498806901900198CF
:1045500020F0F00001900299019840EA01100190CA
:10456000009820F00A0000900399009808430090FA
:1045700001980499886100980499086205B0704711
:1045800085B00490039102920498006A0090049907
:10459000086A20F010000862049880690190019870
:1045A00020F4704001900299019840EA0130019096
:1045B000009820F0A00000900399009840EA0110B4
:1045C000009001980499886100980499086205B0E8
:1045D000704700000000000080B582B0ECF7D0FD0D
:1045E000EDF7E6F9EDF7B4F900F00AF9F0F774FD2C
:1045F00000F07AF840F2BC50C2F201400021FBF713
:1046000047FA64200190ECF753FDFCF7A1FA0198FA
:10461000ECF74EFDEFF798F80198ECF749FD02B082
:1046200080BD00000000000080B584B00020ADF81F
:104630000E00ADF80C000290ECF76EFD0190FFE764
:1046400040F2EC00C2F20140007870B1FFE7EFF7F2
:104650007BF8FFE740F2EC00C2F20140007818B1AD
:10466000FFE7FEF709FAF5E7FFE740F2C870C2F28C
:104670000140007890B1FFE7FDF766FCFDF7A8FB6D
:10468000FFE740F2C870C2F20140007828B1FFE7AE
:10469000FEF7F2F9FDF73CFCF3E7FFE740F20C1000
:1046A000C2F201400078C0B1FFE7F0F785F9F0F7FA
:1046B0006BF9FFE740F20C10C2F20140007848B1FC
:1046C000FFE7FEF7D9F98DF803009DF80300F0F736
:1046D0005FF9EFE7EEF7E4FFFFE73220ECF7E8FCE5
:1046E000AEE700000000000080B582B040F2840216
:1046F000C2F2014200205060106040F28C01C2F210
:104700000141486008604FF47A70009010600860C2
:10471000EDF722FA009801210191EDF7BDFA00981A
:104720000199EDF7D5FA02B080BD0000000000004D
:1047300010B588B0079006910592079808B9FFE771
:104740005CE0079800680699884203D1FFE7059866
:10475000049002E006980490FFE704980799086027
:10476000DDF81CC0BCF80400BCF80610BCF808203A
:10477000BCF80A30DCF800C0EE46CEF800C0EDF719
:104780003FF8C820ECF794FC079800680699884227
:1047900003D1FFE70598039002E006980390FFE736
:1047A000039807990860DDF81CC0BCF80400BCF849
:1047B0000610BCF80820BCF80A30DCF800C0EE4651
:1047C000CEF800C0EDF71CF8DDF81CE0BEF80400E0
:1047D0000530BEF8061005310EF12402DEF858301F
:1047E0009EF856C0DEF80040EE46CEF80440CEF803
:1047F00000C080B289B2ECF7B3FDFFE708B010BD8E
:1048000080B58CB000200B900A900990089007901A
:10481000FFE744F2E040C5F60200016841F4807110
:104820000160006800F4807006900698FFE7FFE7DB
:1048300044F2E040C5F60200016841F04001016029
:10484000006800F0400005900598FFE7FFE744F29C
:10485000E040C5F60200016841F080010160006897
:1048600000F0800004900498FFE74FF41060079078
:10487000112008900020099003200A9042F20000C5
:10488000C5F60200029007A90191F5F781FE019992
:1048900010200790012003900890099041F60040F5
:1048A000C5F60200F5F774FE0298039A4FF4006112
:1048B000F6F76AF80298039A4FF48071F6F764F8F5
:1048C0000CB080BD0000000080B588B08DF81F00DE
:1048D000002006908DF81E0042F20000C5F602008E
:1048E0004FF480710122F6F74FF806988DF81D00FD
:1048F000FFE79DF81D00072832DCFFE79DF81E004A
:1049000040008DF81E0042F20000C5F6020005903E
:104910004FF400610122F6F737F8FBF7A9FC059880
:104920004FF48071F6F718F8012807D1FFE79DF8DA
:104930001E0040F001008DF81E00FFE742F200006B
:10494000C5F602004FF400610022F6F71DF8FBF7F0
:104950008FFCFFE79DF81D0001308DF81D00C8E7B2
:104960009DF81F00B0FA80F0420942F20000C5F63F
:10497000020002904FF480710391F6F705F8FBF7FF
:1049800077FC02984FF40061019101220492F5F73F
:10499000FBFFFBF76DFC019902980022F5F7F4FF8D
:1049A00002980399049AF5F7EFFF9DF81E0008B0EE
:1049B00080BD00000000000080B586B042F200001B
:1049C000C5F6020003904FF480710291012201921A
:1049D000F5F7DAFF019A03984FF400610491F5F7B7
:1049E000D3FFFBF745FC0299039800220592F5F7E7
:1049F000CBFFFBF73DFC03980499059AF5F7C4FF3C
:104A0000FBF736FC06B080BD80B584B042F20000F2
:104A1000C5F6020001904FF4807102910022F5F773
:104A2000B3FFFBF725FC01984FF4006101220392CC
:104A3000F5F7AAFFFBF71CFC01980299039AF5F71A
:104A4000A3FFFBF715FC04B080BD000000000000D0
:104A500080B584B000208DF80E0042F20000C5F64B
:104A6000020001904FF4807101220292F5F78CFF51
:104A7000FBF7FEFB0198029A4FF40061F5F784FF03
:104A8000FBF7F6FBFFE742F20000C5F602004FF429
:104A90008071F5F761FF012811D1FFE79DF80E0045
:104AA00001308DF80E009DF80E00C92806DBFFE7E7
:104AB000FFF7AAFF01208DF80F0010E0E3E742F2B4
:104AC0000000C5F602004FF4006100220092F5F7E5
:104AD0005BFFFBF7CDFB00988DF80F00FFE79DF81B
:104AE0000F0004B080BD000080B584B08DF80F00C9
:104AF00000208DF80E00FFE79DF80E0007282ADC45
:104B0000FFE79DF80F00C20942F20000C5F602005F
:104B100001904FF48071F5F737FFFBF7A9FB01987F
:104B20004FF4006102910122F5F72EFFFBF7A0FB85
:104B3000019802990022F5F727FFFBF799FB9DF8F2
:104B40000F0040008DF80F00FFE79DF80E000130C8
:104B50008DF80E00D0E7FFF77BFF04B080BD0000AA
:104B600082B001900198406E40B9FFE701990120A1
:104B7000A1F86A000199A1F8680032E010208DF8D0
:104B800003008DF80200019800688068C0F342605D
:104B90008DF80100019800688068400F8DF80000D2
:104BA0009DF802009DF8002049F26823C0F6010339
:104BB000995C484349F26021C0F601018A5CB0FB70
:104BC000F2F0019AA2F86A009DF803009DF8012016
:104BD0009B5C5843895CB0FBF1F00199A1F8680037
:104BE000FFE702B07047000081B00090009890F895
:104BF0002800000700280BD5FFE7009800684068F0
:104C000020F40040009A1168926B10434860FFE75F
:104C1000009890F82800C00758B1FFE70098006896
:104C2000406820F40030009A1168D26A104348604E
:104C3000FFE7009890F82800800700280BD5FFE7D1
:104C400000980068406820F48030009A1168126B68
:104C500010434860FFE7009890F8280040070028BC
:104C60000BD5FFE700980068406820F48020009A88
:104C70001168526B10434860FFE7009890F82800D5
:104C8000C00600280BD5FFE700980068806820F474
:104C90008050009A1168D26B10438860FFE700983B
:104CA00090F82800800600280BD5FFE700980068E0
:104CB000806820F40050009A1168126C10438860DC
:104CC000FFE7009890F82800400600281CD5FFE771
:104CD00000980068406820F48010009A1168526CB7
:104CE000104348600098406CB0F5801F0BD1FFE77F
:104CF00000980068406820F4C000009A1168926C27
:104D000010434860FFE7FFE7009890F8280000068E
:104D100000280BD5FFE700980068406820F40020C9
:104D2000009A1168D26C10434860FFE701B07047E9
:104D300080B588B0069006990020C1F89000F5F77C
:104D400043FE0590069800680068000700282FD5EC
:104D5000FFE70698059B6A466FF07E4111604FF4AD
:104D60000011002200F06CFD08B3FFE7FFE7FFE74A
:104D70000698006850E8000F20F080000490FFE7DC
:104D800004990698026842E800100028F0D1FFE775
:104D9000FFE706992020C1F88800FFE70699002068
:104DA00081F88400FFE703208DF81F005FE0FFE734
:104DB0000698006800684007002842D5FFE706987B
:104DC000059B6A466FF07E4111604FF4800100221E
:104DD00000F036FDA0B3FFE7FFE7FFE706980068A5
:104DE00050E8000F20F490700390FFE703990698B5
:104DF000026842E800100028F0D1FFE7FFE7FFE774
:104E0000FFE70698006850E8020F20F001000290CA
:104E1000FFE702990698026842E802100028F0D1E4
:104E2000FFE7FFE706992020C1F88C00FFE706990D
:104E3000002081F88400FFE703208DF81F0016E0B2
:104E4000FFE706992020C1F888000699C1F88C0078
:104E500006990020C86606990867FFE706990020B2
:104E600081F88400FFE700208DF81F00FFE79DF820
:104E70001F0008B080BD000084B00390FFE7FFE78B
:104E80000398006850E8000F20F490700290FFE74C
:104E900002990398026842E800100028F0D1FFE769
:104EA000FFE7FFE7FFE70398006850E8020F4FF6BF
:104EB000FE71CEF6FF7108400190FFE7019903985B
:104EC000026842E802100028EDD1FFE7FFE70398EF
:104ED000C06E012814D1FFE7FFE7FFE703980068E1
:104EE00050E8000F20F010000090FFE700990398B1
:104EF000026842E800100028F0D1FFE7FFE7FFE773
:104F000003992020C1F88C0003990020C8660399FA
:104F1000486704B07047000080B59CB01B9000202B
:104F20008DF85F001B98006840F60041C5F600014F
:104F3000884201D1FFE700E0FFE71B9988680B6911
:104F40004A69C9691843104308431A901B980068BE
:104F5000006846F6F311CCF6FF7108401A99084331
:104F60001B99096808601B980068406820F440504D
:104F70001B9A1168D268104348601B9880691A9088
:104F80001B98006840F60041C5F60001884206D033
:104F9000FFE71B98016A1A9808431A90FFE71B98CD
:104FA000006880684FF2FF41C1F2FF1108401A9972
:104FB00008431B99096888601B980068C06A20F044
:104FC0000F001B9A1168526A1043C862FFE71B98D2
:104FD000006841F20001C4F20101884240F04180C2
:104FE000FFE744F25440C5F60200006800F03800C4
:104FF00001460E9128282FD80E99DFE801F0152DD3
:105000002D2D2D2D2D2D192D2D2D2D2D2D2D1D2DF4
:105010002D2D2D2D2D2D212D2D2D2D2D2D2D252DD4
:105020002D2D2D2D2D2D290001208DF8650017E047
:1050300004208DF8650013E008208DF865000FE06E
:1050400010208DF865000BE020208DF8650007E04A
:1050500040208DF8650003E080208DF86500FFE7B3
:10506000D6E11B98006844F20041C4F20001884276
:105070002ED1FFE744F25440C5F60200006800F06C
:10508000070001460D9105281DD80D99DFE801F0B4
:1050900003070B0F131700208DF8650017E004209D
:1050A0008DF8650013E008208DF865000FE01020F2
:1050B0008DF865000BE020208DF8650007E04020AA
:1050C0008DF8650003E080208DF86500FFE79EE124
:1050D0001B98006844F60001C4F2000188422ED1FA
:1050E000FFE744F25440C5F60200006800F00700F4
:1050F00001460C9105281DD80C99DFE801F0030743
:105100000B0F131700208DF8650017E004208DF8B1
:10511000650013E008208DF865000FE010208DF881
:1051200065000BE020208DF8650007E040208DF839
:10513000650003E080208DF86500FFE766E11B98BD
:10514000006844F60041C4F2000188422ED1FFE716
:1051500044F25440C5F60200006800F00700014622
:105160000B9105281DD80B99DFE801F003070B0F01
:10517000131700208DF8650017E004208DF86500F6
:1051800013E008208DF865000FE010208DF8650011
:105190000BE020208DF8650007E040208DF86500C9
:1051A00003E080208DF86500FFE72EE11B98006882
:1051B00045F20001C4F2000188422ED1FFE744F21B
:1051C0005440C5F60200006800F0070001460A914D
:1051D00005281DD80A99DFE801F003070B0F131704
:1051E00000208DF8650017E004208DF8650013E0BD
:1051F00008208DF865000FE010208DF865000BE0A9
:1052000020208DF8650007E040208DF8650003E060
:1052100080208DF86500FFE7F6E01B98006841F2FA
:105220000041C4F20101884240F04180FFE744F2AE
:105230005440C5F60200006800F0380001460991AC
:1052400028282FD80999DFE801F0152D2D2D2D2DB7
:105250002D2D192D2D2D2D2D2D2D1D2D2D2D2D2DA2
:105260002D2D212D2D2D2D2D2D2D252D2D2D2D2D82
:105270002D2D290001208DF8650017E004208DF800
:10528000650013E008208DF865000FE010208DF810
:1052900065000BE020208DF8650007E040208DF8C8
:1052A000650003E080208DF86500FFE7ABE01B9808
:1052B000006847F60001C4F2000188422ED1FFE7E2
:1052C00044F25440C5F60200006800F007000146B1
:1052D000089105281DD80899DFE801F003070B0F96
:1052E000131700208DF8650017E004208DF8650085
:1052F00013E008208DF865000FE010208DF86500A0
:105300000BE020208DF8650007E040208DF8650057
:1053100003E080208DF86500FFE773E01B980068CC
:1053200047F60041C4F2000188422ED1FFE744F263
:105330005440C5F60200006800F0070001460791DE
:1053400005281DD80799DFE801F003070B0F131795
:1053500000208DF8650017E004208DF8650013E04B
:1053600008208DF865000FE010208DF865000BE037
:1053700020208DF8650007E040208DF8650003E0EF
:1053800080208DF86500FFE73BE01B98006840F641
:105390000041C5F6000188422ED1FFE744F2584093
:1053A000C5F60200006800F00700014606910528D6
:1053B0001DD80699DFE801F003070B0F1317022031
:1053C0008DF8650017E004208DF8650013E00820D3
:1053D0008DF865000FE010208DF865000BE02020AF
:1053E0008DF8650007E040208DF8650003E080201F
:1053F0008DF86500FFE703E080208DF86500FFE78A
:10540000FFE7FFE7FFE7FFE7FFE7FFE7FFE7FFE76C
:10541000FFE71B98006840F60041C5F6000188428E
:1054200040F0B480FFE79DF8650001460591022831
:1054300014D0FFE70598042814D0FFE70598082842
:1054400016D0FFE70598102818D0FFE70598202808
:1054500035D0FFE70598402837D03AE0F6F770F9E5
:105460000F903CE013A8F6F7D7FA14980F9036E0A7
:1054700010A8F6F729FC11980F9030E044F2004094
:10548000C5F60200006800F020010020B0EB511FBB
:105490000ED0FFE744F20040C5F602000068C0F3FA
:1054A000C10149F20000C0F2D030C8400F9005E0C1
:1054B00049F20000C0F2D0300F90FFE70FE040F655
:1054C0000010C0F23D000F9009E04FF400400F9033
:1054D00005E000200F9001208DF85F00FFE70F9896
:1054E000002852D0FFE70F981B994A6A49F27021B1
:1054F000C0F6010131F81210B0FBF1F016901698C9
:105500001B99496801EB4101884207D3FFE71698D0
:105510001B994968B0EB013F04D9FFE701208DF8E2
:105520005F0031E00F981B994A6803924A6A49F27A
:105530007021C0F6010131F81220002304931946AE
:10554000EAF7CAFE039A049B090241EA10610002CD
:1055500010EB520041F10001EAF7BEFE18901898D6
:10556000B0F5407F0BD3FFE718990020B0EB115F37
:1055700005D1FFE718981B990968C86003E001206E
:105580008DF85F00FFE7FFE7FFE746E11B98C06982
:10559000B0F5004F40F0A880FFE79DF86500014698
:1055A0000291402800F263800299DFE801F0212592
:1055B0006060296060602F6060606060606035607E
:1055C00060606060606060606060606060605660E5
:1055D00060606060606060606060606060606060CB
:1055E00060606060606060606060606060605C001F
:1055F000F8F7B2FD0F9040E0F8F7C2FD0F903CE0E5
:1056000013A8F6F709FA14980F9036E010A8F6F7E9
:105610005BFB11980F9030E044F20040C5F60200A9
:10562000006800F020010020B0EB511F0ED0FFE712
:1056300044F20040C5F602000068C0F3C10149F21F
:105640000000C0F2D030C8400F9005E049F20000E1
:10565000C0F2D0300F90FFE70FE040F60010C0F22C
:105660003D000F9009E04FF400400F9005E000204E
:105670000F9001208DF85F00FFE70F9898B3FFE7C8
:105680000F981B9A5168536A49F27022C0F60102C2
:1056900032F81320B0FBF2F0400000EB5100B0FBF9
:1056A000F1F018901898102818D3FFE7BDF86200A1
:1056B000A0B9FFE7189820F00F00ADF86600189821
:1056C00000F00E01BDF8660040EA5100ADF866003A
:1056D000BDF866001B990968C86003E001208DF8D9
:1056E0005F00FFE7FFE797E09DF865000146019145
:1056F000402800F263800199DFE801F02125606015
:10570000296060602F60606060606060356060602C
:105710006060606060606060606060605660606093
:105720006060606060606060606060606060606079
:105730006060606060606060606060605C00F8F79E
:105740000BFD0F9040E0F8F71BFD0F903CE013A815
:10575000F6F762F914980F9036E010A8F6F7B4FA4D
:1057600011980F9030E044F20040C5F60200006846
:1057700000F020010020B0EB511F0ED0FFE744F2F3
:105780000040C5F602000068C0F3C10149F2000004
:10579000C0F2D030C8400F9005E049F20000C0F2DE
:1057A000D0300F90FFE70FE040F60010C0F23D0050
:1057B0000F9009E04FF400400F9005E000200F909B
:1057C00001208DF85F00FFE70F9820B3FFE70F98E7
:1057D0001B9A5168536A49F27022C0F6010232F8EE
:1057E0001320B0FBF2F000EB5100B0FBF1F0189089
:1057F000189810280AD3FFE7BDF8620030B9FFE718
:10580000BDF860001B990968C86003E001208DF8AD
:105810005F00FFE7FFE7FFE7FFE71B990120A1F823
:105820006A001B99A1F868001B99002048671B9922
:1058300088679DF85F001CB080BD0000000000007C
:1058400080B586B0DDF820C0049003918DF80B2060
:105850000193FFE704980068C06903990840401A63
:10586000B0FA80F040099DF80B10884266D1FFE73E
:1058700008980130002860D0FFE7F5F7A5F80199F6
:10588000401A0899884203D8FFE7089820B9FFE733
:1058900003208DF8170055E0049800680068400761
:1058A000002849D5FFE70398802845D0FFE70398F3
:1058B000402841D0FFE704980068C06900F0080163
:1058C0000120B0EBD10F16D1FFE704980168082042
:1058D000009008620498FFF7CFFA00980499C1F885
:1058E0009000FFE70499002081F88400FFE7012081
:1058F0008DF8170026E004980068C06900F4006184
:105900000120B0EBD12F16D1FFE7049801684FF4C6
:10591000006008620498FFF7AFFA04992020C1F8EC
:105920009000FFE70499002081F88400FFE703203E
:105930008DF8170006E0FFE7FFE78BE700208DF802
:105940001700FFE79DF8170006B080BD00000000BB
:1059500080B586B0ADF81600ADF81410EBF7DCFB9F
:10596000049000200390FFE7039847F20001CCF277
:105970001701097888423EDAFFE7039847F20002F0
:10598000CCF21702682100FB012004300290BDF820
:105990001600BDF81410029AFAF756FF30B3FFE76D
:1059A0000298006E0499EBF7BFFB9FED141A80EE8E
:1059B000010A8DED010A9DED010A9FED111AB4EE69
:1059C000410AF1EE10FA04DCFFE70298006E60B9BC
:1059D000FFE70498029908660298406E20B1FFE73D
:1059E0000298416E8847FFE7FFE7FFE7FFE703986C
:1059F00001300390B8E706B080BD00BF00007A44D4
:105A00000000964300000000FFE7FEE700000000F2
:105A100081B0ADF80200BDF9020000280ED4FFE706
:105A2000BDF9021001F01F02012090404A094EF218
:105A30000011CEF2000141F82200FFE701B07047EB
:105A40004EF60C50CEF200000068C0F30220704702
:105A500082B0ADF806000091BDF9060000280AD416
:105A6000FFE700980001BDF906104EF20042CEF2A9
:105A7000000288540BE000980001BDF8061001F008
:105A80000F014EF61452CEF200028854FFE702B026
:105A9000704700000000000083B00290029800F000
:105AA000070000904EF60C51CEF2000108680190FC
:105AB00001984FF6FF02104001900198009A40EAC9
:105AC00002200022C0F2FA521043019001980860AF
:105AD00003B070470000000082B08DED000A00980E
:105AE00001909DED010AB1EEC00A8DED010A9DED18
:105AF000010A02B07047000087B00690ADF816109A
:105B0000049200200190FFE70198BDF8161088422A
:105B100037D2FFE70498019930F81100800803900C
:105B20000498019900EB4100408880080290069893
:105B3000039950F8210000900699029851F820002E
:105B4000039A41F8220000980699029A41F822002F
:105B50000698039900EB810040680090069902982E
:105B600001EB80004068039A01EB820148600098D5
:105B70000699029A01EB8201486001980230019077
:105B8000C2E707B07047000080B588B00790069163
:105B90008DF817208DF816300798008804909DF82E
:105BA000170001281BD1FFE7069804300190002060
:105BB0000390FFE70398049988420FD2FFE701980A
:105BC00090ED000AB1EE400A80ED000A019808301D
:105BD0000190FFE7039801300390EBE7FFE704989B
:105BE0000090102825D0FFE70098202826D0FFE756
:105BF0000098402827D0FFE70098802819D0FFE7B9
:105C00000098B0F5807F19D0FFE70098B0F5007FCD
:105C100019D0FFE70098B0F5806F0AD0FFE7009831
:105C2000B0F5006F0AD0FFE70098B0F5805F0AD0AA
:105C300012E00798069900F033F90DE007980699ED
:105C400000F026FB08E00698BDF81010079A52688D
:105C5000012301F035F9FFE79DF8160038B1FFE7A1
:105C60000698079A91899268FFF746FFFFE79DF82B
:105C70001700012831D1FFE79DED040AB8EE401A64
:105C8000B7EE000A80EE010A8DED020A0698019037
:105C900000200390FFE70398049988421CD2FFE795
:105CA0009DED021A0198011D019190ED000A20EE70
:105CB000010A80ED000A019890ED000A9DED021A9C
:105CC00020EE410A80ED000A019804300190FFE7C0
:105CD000039801300390DEE7FFE708B080BD0000C5
:105CE00082B0019000208DF80300019A4FF480618A
:105CF0001180019948604CF2E070C0F60100818982
:105D0000019A91818168019A916040680199486087
:105D10009DF9030002B0704782B0019000208DF819
:105D20000300019A80211180019948604CF2F070C3
:105D3000C0F601008189019A91818168019A916080
:105D40004068019948609DF9030002B07047000067
:105D500082B0019000208DF80300019A102111807B
:105D6000019948604CF60000C0F601008189019A53
:105D700091818168019A91604068019948609DF91C
:105D8000030002B07047000082B0019000208DF83F
:105D90000300019A4FF400611180019948604CF6AC
:105DA0001000C0F601008189019A91818168019AF1
:105DB00091604068019948609DF9030002B0704706
:105DC00082B0019000208DF80300019A4FF4807199
:105DD0001180019948604CF62000C0F601008189CD
:105DE000019A91818168019A9160406801994860A7
:105DF0009DF9030002B0704782B0019000208DF839
:105E00000300019A20211180019948604CF630006E
:105E1000C0F601008189019A91818168019A91609F
:105E20004068019948609DF9030002B07047000086
:105E300082B0019000208DF80300019A4FF40071A8
:105E40001180019948604CF64000C0F6010081893C
:105E5000019A91818168019A916040680199486036
:105E60009DF9030002B0704782B0019000208DF8C8
:105E70000300019A40211180019948604CF65000BE
:105E8000C0F601008189019A91818168019A91602F
:105E90004068019948609DF9030002B07047000016
:105EA00080B5A2B021902091219800881F90209861
:105EB0001F9900EB81001A90219840681990209852
:105EC0001E901A981D901F9840081F9020981F99A7
:105ED00000EB81001C901A981F9900EB81001B9029
:105EE0001F9880080290FFE70298002800F0BA810E
:105EF000FFE7209800681590209840681690209839
:105F0000806817902098C06818901A9800681190BF
:105F10001A98406812901A98806813901A98C0686E
:105F200014901C9800680D901C9840680E901C9866
:105F300080680F901C98C06810901B9800680990AA
:105F40001B9840680A901B9880680B901B98C0684B
:105F50000C909DED150A9DED111A30EE010A209866
:105F6000011D209180ED000A9DED160A9DED121A8B
:105F700030EE010A2098011D209180ED000A9DED70
:105F8000170A9DED131A30EE010A2098011D209189
:105F900080ED000A9DED180A9DED141A30EE010AFD
:105FA0002098011D209180ED000A9DED150A9DEDC0
:105FB000111A30EE410A8DED110A9DED160A9DED84
:105FC000121A30EE410A8DED120A9DED170A9DED71
:105FD000131A30EE410A8DED130A9DED180A9DED5E
:105FE000141A30EE410A8DED140A9DED0D0A9DED57
:105FF000091A30EE010A1C98011D1C9180ED000A5F
:106000009DED0E0A9DED0A1A30EE010A1C98011D45
:106010001C9180ED000A9DED0F0A9DED0B1A30EEEC
:10602000010A1C98011D1C9180ED000A9DED100ACB
:106030009DED0C1A30EE010A1C98011D1C9180ED9B
:10604000000A9DED090A9DED0D1A30EE410A8DED15
:10605000090A9DED0A0A9DED0E1A30EE410A8DEDFA
:106060000A0A9DED0B0A9DED0F1A30EE410A8DEDE7
:106070000B0A9DED0C0A9DED101A30EE410A8DEDD4
:106080000C0A1998011D1991006808901998011DB2
:106090001991006807909DED110A9DED081A20EEF8
:1060A000010A8DED060A9DED120A9DED071A20EEFC
:1060B000010A8DED050A9DED120A9DED081A20EEEC
:1060C000010A8DED040A9DED110A9DED071A20EEDF
:1060D000010A8DED030A9DED060A9DED051A30EECD
:1060E000010A1A98011D1A9180ED000A9DED040A1B
:1060F0009DED031A30EE410A1A98011D1A9180EDA8
:10610000000A9DED090A9DED071A20EE010A8DEDAA
:10611000060A9DED0A0A9DED081A20EE010A8DED92
:10612000050A9DED0A0A9DED071A20EE010A8DED84
:10613000040A9DED090A9DED081A20EE010A8DED75
:10614000030A9DED060A9DED051A30EE410A1B98E3
:10615000011D1B9180ED000A9DED040A9DED031ABF
:1061600030EE010A1B98011D1B9180ED000A199861
:10617000011D1991006808901998011D1991006876
:1061800007909DED130A9DED081A20EE010A8DED92
:10619000060A9DED140A9DED071A20EE010A8DED09
:1061A000050A9DED140A9DED081A20EE010A8DEDF9
:1061B000040A9DED130A9DED071A20EE010A8DEDEC
:1061C000030A9DED060A9DED051A30EE010A1A98A4
:1061D000011D1A9180ED000A9DED040A9DED031A40
:1061E00030EE410A1A98011D1A9180ED000A9DEDCA
:1061F0000B0A9DED071A20EE010A8DED060A9DEDB2
:106200000C0A9DED081A20EE010A8DED050A9DEDA0
:106210000C0A9DED071A20EE010A8DED040A9DED92
:106220000B0A9DED081A20EE010A8DED030A9DED83
:10623000060A9DED051A30EE410A1B98011D1B91BF
:1062400080ED000A9DED040A9DED031A30EE010A6F
:106250001B98011D1B9180ED000AFFE70298013891
:10626000029041E61E98BDF87C10219A52680223E4
:10627000019300F025FE019B1D98BDF87C10219A2A
:10628000526800F01DFE22B080BD0000000000003A
:1062900080B5ACB02B902A912B98008840082990AB
:1062A0002A98299900EB81001D901D98299900EBEF
:1062B00081001C901C98299900EB81001B902A9862
:1062C00028901D9827901C9826901B9825901D9823
:1062D000043824901C98043823901B98043822908A
:1062E0002298299900EB810021902B9840681E90FC
:1062F0001F902090299840082990022003900420A4
:106300000290062001902A9890ED000A1C9890EDCA
:10631000001A30EE010A8DED0C0A2A9890ED000A61
:106320001C9890ED001A30EE410A8DED0B0A2A9868
:1063300090ED010A1C9890ED011A30EE010A8DEDE6
:106340000A0A2A9890ED010A1C9890ED011A30EE85
:10635000410A8DED090A9DED0B0A1D9890ED011A79
:1063600030EE010A1B9890ED011A30EE410A8DEDD6
:10637000170A9DED090A1D9890ED001A30EE410AAA
:106380001B9890ED001A30EE010A8DED180A9DED74
:106390000C0A1D9890ED001A30EE410A1B9890ED02
:1063A000001A30EE410A8DED130A9DED0A0A1D9880
:1063B00090ED011A30EE410A1B9890ED011A30EE73
:1063C000410A8DED140A9DED0B0A1D9890ED011AFE
:1063D00030EE410A1B9890ED011A30EE010A8DED66
:1063E0000F0A9DED090A1D9890ED001A30EE010A82
:1063F0001B9890ED001A30EE410A8DED100A9DEDCC
:106400000C0A1D9890ED001A30EE010A1B9890EDD1
:10641000001A30EE010A2A98011D2A9180ED000A27
:106420009DED0A0A1D9890ED011A30EE010A1B98A5
:1064300090ED011A30EE010A2A98011D2A9180ED93
:10644000000A17981D990A1D1D92086018981D9939
:106450000A1D1D92086013981C990A1D1C92086061
:1064600014981C990A1D1C9208600F981B990A1D0C
:106470001B92086010981B990A1D1B9208600399D3
:10648000209800EB8100209002991F9800EB81007A
:106490001F9001991E9800EB81001E9029980238E8
:1064A00040080490FFE70498002800F0AC82FFE762
:1064B0002A9890ED000A1C9890ED001A30EE010A1F
:1064C0008DED0C0A2A9890ED000A1C9890ED001AA8
:1064D00030EE410A8DED0B0A2A9890ED010A1C98C6
:1064E00090ED011A30EE010A8DED0A0A2A9890ED1E
:1064F000010A1C9890ED011A30EE410A8DED090A4F
:106500009DED0B0A1D9890ED011A30EE010A1B98C3
:1065100090ED011A30EE410A8DED170A9DED090A42
:106520001D9890ED001A30EE410A1B9890ED001A6C
:1065300030EE010A8DED180A9DED0C0A1D9890EDC4
:10654000001A30EE410A1B9890ED001A30EE410A15
:106550008DED130A9DED0A0A1D9890ED011A30EE9B
:10656000410A1B9890ED011A30EE410A8DED140A94
:106570009DED0B0A1D9890ED011A30EE410A1B9813
:1065800090ED011A30EE010A8DED0F0A9DED090A1A
:106590001D9890ED001A30EE010A1B9890ED001A3C
:1065A00030EE410A8DED100A9DED0C0A1D9890ED1C
:1065B000001A30EE010A1B9890ED001A30EE010A25
:1065C0002A98011D2A9180ED000A9DED0A0A1D9866
:1065D00090ED011A30EE010A1B9890ED011A30EE91
:1065E000010A2A98011D2A9180ED000A249810EDD5
:1065F000010A229810ED011A30EE010A8DED0A0A07
:10660000249810ED010A229810ED011A30EE410A8B
:106610008DED090A249890ED000A229890ED001A59
:1066200030EE010A8DED0C0A249890ED000A2298B4
:1066300090ED001A30EE410A8DED0B0A239890ED93
:10664000000A219890ED001A30EE410A9DED091ADA
:1066500030EE010A8DED190A249890ED000A229877
:1066600090ED001A30EE410A239810ED011A30EE39
:10667000410A219810ED011A30EE010A8DED1A0A37
:106680009DED0A0A239810ED011A30EE410A219877
:1066900010ED011A30EE410A8DED150A9DED0C0A40
:1066A000239890ED001A30EE410A219890ED001ADF
:1066B00030EE410A8DED160A239890ED000A2198DC
:1066C00090ED001A30EE410A9DED091A30EE410AB4
:1066D0008DED110A219810ED010A239810ED011A91
:1066E00030EE410A9DED0B1A30EE410A8DED120A93
:1066F0009DED0C0A239890ED001A30EE010A2198C6
:1067000090ED001A30EE010A2498011F249180EDCB
:10671000000A9DED0A0A239810ED011A30EE010AD5
:10672000219810ED011A30EE010A2498011F2491DE
:1067300080ED000A2098011D209100680E9020989D
:10674000011D209100680D909DED170A9DED0E1A18
:1067500020EE010A8DED080A9DED180A9DED0D1A37
:1067600020EE010A8DED070A9DED180A9DED0E1A27
:1067700020EE010A8DED060A9DED170A9DED0D1A1A
:1067800020EE010A8DED050A9DED080A9DED071A20
:1067900030EE010A1D98011D1D9180ED000A9DED4E
:1067A000060A9DED051A30EE410A1D98011D1D9146
:1067B00080ED000A9DED1A0A9DED0D1A20EE010AEA
:1067C0008DED080A9DED190A9DED0E1A20EE010AC5
:1067D0008DED070A9DED190A9DED0D1A20EE010AB7
:1067E0008DED060A9DED1A0A9DED0E1A20EE010AA6
:1067F0008DED050A9DED080A9DED071A30EE410A60
:106800002398011F239180ED000A9DED060A9DED5E
:10681000051A30EE010A2398011F239180ED000A2A
:106820001F9800680E901F9840680D9002991F985D
:1068300000EB81001F909DED130A9DED0E1A20EED6
:10684000010A8DED080A9DED140A9DED0D1A20EE4A
:10685000010A8DED070A9DED140A9DED0E1A20EE3A
:10686000010A8DED060A9DED130A9DED0D1A20EE2D
:10687000010A8DED050A9DED080A9DED071A30EE1F
:10688000010A1C98011D1C9180ED000A9DED060A6D
:106890009DED051A30EE410A1C98011D1C9180EDFA
:1068A000000A9DED160A9DED0E1A20EE410A8DEDAF
:1068B000080A9DED150A9DED0D1A20EE010A8DEDD9
:1068C000070A9DED150A9DED0E1A20EE010A8DEDC9
:1068D000060A9DED160A9DED0D1A20EE010A8DEDBA
:1068E000050A9DED080A9DED071A30EE410A22982F
:1068F000011F229180ED000A9DED050A9DED061A0B
:1069000030EE410A2298011F229180ED000A1E9864
:1069100000680E901E9840680D9001991E9800EB3B
:1069200081001E909DED0F0A9DED0E1A20EE010ACA
:106930008DED080A9DED100A9DED0D1A20EE010A5D
:106940008DED070A9DED100A9DED0E1A20EE010A4D
:106950008DED060A9DED0F0A9DED0D1A20EE010A40
:106960008DED050A9DED080A9DED071A30EE010A2E
:106970001B98011D1B9180ED000A9DED060A9DEDFF
:10698000051A30EE410A1B98011D1B9180ED000A8B
:106990009DED120A9DED0D1A20EE010A8DED080AFB
:1069A0009DED110A9DED0E1A20EE010A8DED070AEC
:1069B0009DED110A9DED0D1A20EE010A8DED060ADE
:1069C0009DED120A9DED0E1A20EE010A8DED050ACD
:1069D0009DED080A9DED071A30EE410A2198011F2E
:1069E000219180ED000A9DED060A9DED051A30EE1D
:1069F000010A2198011F219180ED000AFFE7049808
:106A0000013804904FE52A9890ED000A1C9890ED0B
:106A1000001A30EE010A8DED0C0A2A9890ED000A5A
:106A20001C9890ED001A30EE410A8DED0B0A2A9861
:106A300090ED010A1C9890ED011A30EE010A8DEDDF
:106A40000A0A2A9890ED010A1C9890ED011A30EE7E
:106A5000410A8DED090A9DED0B0A1D9890ED011A72
:106A600030EE010A1B9890ED011A30EE410A8DEDCF
:106A7000170A9DED090A1D9890ED001A30EE410AA3
:106A80001B9890ED001A30EE010A8DED180A9DED6D
:106A90000C0A1D9890ED001A30EE410A1B9890EDFB
:106AA000001A30EE410A8DED130A9DED0A0A1D9879
:106AB00090ED011A30EE410A1B9890ED011A30EE6C
:106AC000410A8DED140A9DED0B0A1D9890ED011AF7
:106AD00030EE410A1B9890ED011A30EE010A8DED5F
:106AE0000F0A9DED090A1D9890ED001A30EE010A7B
:106AF0001B9890ED001A30EE410A8DED100A9DEDC5
:106B00000C0A1D9890ED001A30EE010A1B9890EDCA
:106B1000001A30EE010A2A98011D2A9180ED000A20
:106B20009DED0A0A1D9890ED011A30EE010A1B989E
:106B300090ED011A30EE010A2A98011D2A9180ED8C
:106B4000000A209800680E90209840680D909DEDF6
:106B5000170A9DED0E1A20EE010A8DED080A9DED33
:106B6000180A9DED0D1A20EE010A8DED070A9DED24
:106B7000180A9DED0E1A20EE010A8DED060A9DED14
:106B8000170A9DED0D1A20EE010A8DED050A9DED07
:106B9000080A9DED071A30EE010A1D98011D1D918E
:106BA00080ED000A9DED060A9DED051A30EE410AC2
:106BB0001D98011D1D9180ED000A1F9800680E9020
:106BC0001F9840680D909DED130A9DED0E1A20EE62
:106BD000010A8DED080A9DED140A9DED0D1A20EEB7
:106BE000010A8DED070A9DED140A9DED0E1A20EEA7
:106BF000010A8DED060A9DED130A9DED0D1A20EE9A
:106C0000010A8DED050A9DED080A9DED071A30EE8B
:106C1000010A1C98011D1C9180ED000A9DED060AD9
:106C20009DED051A30EE410A1C98011D1C9180ED66
:106C3000000A1E9800680E901E9840680D909DED09
:106C40000F0A9DED0E1A20EE010A8DED080A9DED4A
:106C5000100A9DED0D1A20EE010A8DED070A9DED3B
:106C6000100A9DED0E1A20EE010A8DED060A9DED2B
:106C70000F0A9DED0D1A20EE010A8DED050A9DED1E
:106C8000080A9DED071A30EE010A1B98011D1B91A1
:106C900080ED000A9DED060A9DED051A30EE410AD1
:106CA0001B98011D1B9180ED000A2898BDF8A410C7
:106CB0002B9A52680423009300F002F9009B279856
:106CC000BDF8A4102B9A526800F0FAF8009B2698A1
:106CD000BDF8A4102B9A526800F0F2F8009B25989A
:106CE000BDF8A4102B9A526800F0EAF82CB080BDD1
:106CF00080B58AB006900591049204980390FFE74E
:106D00000398B0B3FFE70698011D06910068029052
:106D10000698011D0691006801909DED021A9DEDF7
:106D2000010A20EE000AA1EE010A0598011D059155
:106D30008DED080A07909DED080AB5EE400AF1EEC8
:106D400010FA0BDBFFE79DED080AFEF7C5FE07987A
:106D500080ED000A00208DF8270006E0079900204A
:106D60000860FF208DF82700FFE7039801380390A3
:106D7000C6E70AB080BD000088B007900691059272
:106D80000493002000900798011D0791006802906D
:106D9000069801380190FFE70198D0B1FFE7079806
:106DA000011D0791006803909DED020A9DED031AF5
:106DB000B4EE410AF1EE10FA07DAFFE70398029009
:106DC00006980199401A0090FFE701980138019058
:106DD000E2E702980599086000980499086008B0F5
:106DE000704700000000000085B0049003910292FB
:106DF0000020009003980190FFE7019878B1FFE729
:106E00000498011D049190ED001A9DED000A30EEEA
:106E1000010A8DED000A019801380190EDE79DED22
:106E2000000A9DED031AB8EE411A80EE010A02989D
:106E300080ED000A05B0704785B00490039102927E
:106E4000019301980090FFE70098A8B1FFE704982C
:106E5000011D049190ED000A0398011D039190ED2E
:106E6000001A20EE010A0298011D029180ED000A2D
:106E7000009801380090E7E705B070470000000077
:106E800085B004908DED030A029101920198009063
:106E9000FFE7009890B1FFE70498011D049190ED81
:106EA000000A9DED031A30EE010A0298011D0291BD
:106EB00080ED000A009801380090EAE705B07047BD
:106EC000BCB03B90ADF8EA103992ADF8E23040F238
:106ED000F340C3F635700090BDF8EA002690FFE756
:106EE000269827902698C008269000203090FFE72B
:106EF0003098269908442F902F98269908442E9070
:106F00002E98269908442D902D98269908442C9067
:106F10002C98269908442B902B98269908442A905F
:106F20002A982699084429903B98309900EBC10192
:106F300091ED000A2C9900EBC10090ED001A30EEA3
:106F4000010A8DED240A3B98309900EBC10191EDC7
:106F5000000A2C9900EBC10090ED001A30EE410AB6
:106F60008DED200A3B982F9900EBC10191ED000AAD
:106F70002B9900EBC10090ED001A30EE010A8DED67
:106F8000230A3B982F9900EBC10191ED000A2B9940
:106F900000EBC10090ED001A30EE410A8DED1F0AA2
:106FA0003B982E9900EBC10191ED000A2A9900EB64
:106FB000C10090ED001A30EE010A8DED220A3B98D7
:106FC0002E9900EBC10191ED000A2A9900EBC10056
:106FD00090ED001A30EE410A8DED1E0A3B982D9976
:106FE00000EBC10191ED000A299900EBC10090ED81
:106FF000001A30EE010A8DED210A3B982D9900EB25
:10700000C10191ED000A299900EBC10090ED001A31
:1070100030EE410A8DED1D0A9DED240A9DED221AE8
:1070200030EE410A8DED1C0A9DED240A9DED221AD9
:1070300030EE010A8DED240A9DED230A9DED211A03
:1070400030EE410A8DED220A9DED230A9DED211AB5
:1070500030EE010A8DED230A9DED240A9DED231AE1
:1070600030EE010A3B98309900EBC10080ED000A38
:107070009DED240A9DED231A30EE410A3B982C9990
:1070800000EBC10080ED000A3B98309900EBC10194
:1070900091ED010A2C9900EBC10090ED011A30EE40
:1070A000010A8DED240A3B98309900EBC10191ED66
:1070B000010A2C9900EBC10090ED011A30EE410A53
:1070C0008DED160A3B982F9900EBC10191ED010A55
:1070D0002B9900EBC10090ED011A30EE010A8DED05
:1070E000230A3B982F9900EBC10191ED010A2B99DE
:1070F00000EBC10090ED011A30EE410A8DED150A4A
:107100003B982E9900EBC10191ED010A2A9900EB01
:10711000C10090ED011A30EE010A8DED180A3B987E
:107120002E9900EBC10191ED010A2A9900EBC100F3
:1071300090ED011A30EE410A8DED140A3B982D991D
:1071400000EBC10191ED010A299900EBC10090ED1E
:10715000011A30EE010A8DED210A3B982D9900EBC2
:10716000C10191ED010A299900EBC10090ED011ACE
:1071700030EE410A8DED130A9DED240A9DED181A9B
:1071800030EE410A8DED1B0A9DED240A9DED181A83
:1071900030EE010A8DED240A9DED230A9DED211AA2
:1071A00030EE410A8DED180A9DED230A9DED211A5E
:1071B00030EE010A8DED230A9DED240A9DED231A80
:1071C00030EE010A3B98309900EBC10080ED010AD6
:1071D0009DED240A9DED231A30EE410A3B982C992F
:1071E00000EBC10080ED010A9DED1C0A9DED181A0F
:1071F00030EE010A3B982E9900EBC10080ED000AA9
:107200009DED1C0A9DED181A30EE410A3B982A9913
:1072100000EBC10080ED000A9DED1B0A9DED221AD6
:1072200030EE410A3B982E9900EBC10080ED010A37
:107230009DED1B0A9DED221A30EE010A3B982A991A
:1072400000EBC10080ED010A9DED1F0A9DED1D1AA6
:1072500030EE410A9FED6A1A20EE010A8DED240AF4
:107260009DED1F0A9DED1D2A30EE020A20EE010A57
:107270008DED1F0A9DED150A9DED132A30EE420A91
:1072800020EE010A8DED230A9DED150A9DED132ACE
:1072900030EE020A20EE010A8DED150A9DED200A5E
:1072A0009DED241A30EE410A8DED1C0A9DED200A59
:1072B0009DED241A30EE010A8DED200A9DED1E0A87
:1072C0009DED1F1A30EE410A8DED1D0A9DED1E0A3F
:1072D0009DED1F1A30EE010A8DED1E0A9DED160A76
:1072E0009DED231A30EE410A8DED1B0A9DED160A25
:1072F0009DED231A30EE010A8DED160A9DED140A5C
:107300009DED151A30EE410A8DED130A9DED140A1C
:107310009DED151A30EE010A8DED140A9DED200A3F
:107320009DED141A30EE010A3B982F9900EBC10035
:1073300080ED000A9DED200A9DED141A30EE410A01
:107340003B98299900EBC10080ED000A9DED1C0AD5
:107350009DED131A30EE010A3B982B9900EBC1000A
:1073600080ED000A9DED1C0A9DED131A30EE410AD6
:107370003B982D9900EBC10080ED000A9DED160AA7
:107380009DED1E1A30EE410A3B982F9900EBC1008B
:1073900080ED010A9DED160A9DED1E1A30EE010AE0
:1073A0003B98299900EBC10080ED010A9DED1B0A75
:1073B0009DED1D1A30EE410A3B982B9900EBC10060
:1073C00080ED010A9DED1B0A9DED1D1A30EE010AAC
:1073D0003B982D9900EBC10080ED010A2799309868
:1073E00008443090FFE73098BDF8EA108842FFF477
:1073F0007FADFFE72698072804D8FFE700F05DBCC3
:10740000F304353F0020379001202590FFE737989F
:10741000BDF8E210084428902898379037982899AA
:10742000084436903698289908443590359828991C
:107430000844349034982899084433903398289914
:1074400008443290329828990844319039983799F5
:1074500050F831000E903998369950F831000D905F
:107460003998359950F831000C903998349950F882
:1074700031000B903998339950F831000A903998BF
:10748000329950F8310009903998319950F831000B
:1074900008903998379900EBC100406807903998F7
:1074A000369900EBC100406806903998359900EB99
:1074B000C100406805903998349900EBC1004068DC
:1074C00004903998339900EBC100406803903998D3
:1074D000329900EBC100406802903998319900EB75
:1074E000C1004068019025983090FFE730982699B8
:1074F00008442F902F98269908442E902E9826996C
:1075000008442D902D98269908442C902C98269963
:1075100008442B902B98269908442A902A9826995B
:10752000084429903B98309900EBC10191ED000A85
:107530002C9900EBC10090ED001A30EE010A8DEDA0
:10754000240A3B98309900EBC10191ED000A2C9977
:1075500000EBC10090ED001A30EE410A8DED200ADB
:107560003B982F9900EBC10191ED000A2B9900EB9C
:10757000C10090ED001A30EE010A8DED230A3B9810
:107580002F9900EBC10191ED000A2B9900EBC1008E
:1075900090ED001A30EE410A8DED1F0A3B982E99AE
:1075A00000EBC10191ED000A2A9900EBC10090EDBA
:1075B000001A30EE010A8DED220A3B982E9900EB5D
:1075C000C10191ED000A2A9900EBC10090ED001A6B
:1075D00030EE410A8DED1E0A3B982D9900EBC1015A
:1075E00091ED000A299900EBC10090ED001A30EEF0
:1075F000010A8DED210A3B982D9900EBC10191ED17
:10760000000A299900EBC10090ED001A30EE410A02
:107610008DED1D0A9DED240A9DED221A30EE410AE2
:107620008DED1C0A9DED240A9DED221A30EE010A13
:107630008DED240A9DED230A9DED211A30EE410ABD
:107640008DED220A9DED230A9DED211A30EE010AEF
:107650008DED230A9DED240A9DED231A30EE010ADB
:107660003B98309900EBC10080ED000A9DED240AA3
:107670009DED231A30EE410A8DED230A3B98309997
:1076800000EBC10191ED010A2C9900EBC10090EDD6
:10769000011A30EE010A8DED1A0A3B98309900EB81
:1076A000C10191ED010A2C9900EBC10090ED011A86
:1076B00030EE410A8DED160A3B982F9900EBC1017F
:1076C00091ED010A2B9900EBC10090ED011A30EE0B
:1076D000010A8DED190A3B982F9900EBC10191ED3C
:1076E000010A2B9900EBC10090ED011A30EE410A1E
:1076F0008DED150A3B982E9900EBC10191ED010A21
:107700002A9900EBC10090ED011A30EE010A8DEDCF
:10771000180A3B982E9900EBC10191ED010A2A99B4
:1077200000EBC10090ED011A30EE410A8DED140A14
:107730003B982D9900EBC10191ED010A299900EBCD
:10774000C10090ED011A30EE010A8DED170A3B9849
:107750002D9900EBC10191ED010A299900EBC100BF
:1077600090ED011A30EE410A8DED130A9DED1A0AD3
:107770009DED181A30EE410A8DED1B0A9DED1A0A97
:107780009DED181A30EE010A8DED1A0A9DED190AC9
:107790009DED171A30EE410A8DED180A9DED190A7C
:1077A0009DED171A30EE010A8DED190A9DED1C0AA8
:1077B0009DED181A30EE010A8DED240A9DED1C0A8C
:1077C0009DED181A30EE410A8DED1C0A9DED1A0A46
:1077D0009DED191A30EE010A3B98309900EBC1007B
:1077E00080ED010A9DED1A0A9DED191A30EE410A4D
:1077F0008DED190A9DED1B0A9DED221A30EE410A0E
:107800008DED1A0A9DED1B0A9DED221A30EE010A3C
:107810008DED1B0A9DED0B0A9DED231A20EE010A4A
:107820008DED120A9DED040A9DED191A20EE010A54
:107830008DED110A9DED0B0A9DED191A20EE010A3E
:107840008DED100A9DED040A9DED231A20EE010A2C
:107850008DED0F0A9DED120A9DED111A30EE010A11
:107860003B982C9900EBC10080ED000A9DED100AB9
:107870009DED0F1A30EE410A3B982C9900EBC100A8
:1078800080ED010A9DED0D0A9DED241A20EE010AFE
:107890008DED120A9DED060A9DED1A1A20EE010AE1
:1078A0008DED110A9DED0D0A9DED1A1A20EE010ACB
:1078B0008DED100A9DED060A9DED241A20EE010AB9
:1078C0008DED0F0A9DED120A9DED111A30EE010AA1
:1078D0003B982E9900EBC10080ED000A9DED100A47
:1078E0009DED0F1A30EE410A3B982E9900EBC10036
:1078F00080ED010A9DED090A9DED1C1A20EE010A9A
:107900008DED120A9DED020A9DED1B1A20EE010A73
:107910008DED110A9DED090A9DED1B1A20EE010A5D
:107920008DED100A9DED020A9DED1C1A20EE010A54
:107930008DED0F0A9DED120A9DED111A30EE010A30
:107940003B982A9900EBC10080ED000A9DED100ADA
:107950009DED0F1A30EE410A3B982A9900EBC100C9
:1079600080ED010A9DED1F0A9DED1D1A30EE410AC2
:107970009FEDD31A20EE010A8DED240A9DED1F0A1A
:107980009DED1D2A30EE020A20EE010A8DED1F0A40
:107990009DED150A9DED132A30EE420A20EE010AF4
:1079A0008DED1A0A9DED150A9DED132A30EE020A9F
:1079B00020EE010A8DED150A9DED200A9DED241A99
:1079C00030EE410A8DED1C0A9DED200A9DED241A32
:1079D00030EE010A8DED200A9DED1E0A9DED1F1A65
:1079E00030EE410A8DED1D0A9DED1E0A9DED1F1A18
:1079F00030EE010A8DED1E0A9DED160A9DED1A1A54
:107A000030EE410A8DED1B0A9DED160A9DED1A1A06
:107A100030EE010A8DED160A9DED140A9DED151A42
:107A200030EE410A8DED130A9DED140A9DED151AF5
:107A300030EE010A8DED140A9DED200A9DED141A19
:107A400030EE010A8DED240A9DED200A9DED141AF9
:107A500030EE410A8DED200A9DED1C0A9DED131AB2
:107A600030EE010A8DED1F0A9DED1C0A9DED131AE3
:107A700030EE410A8DED1C0A9DED160A9DED1E1A91
:107A800030EE410A8DED1A0A9DED160A9DED1E1A83
:107A900030EE010A8DED160A9DED1B0A9DED1D1AB3
:107AA00030EE410A8DED150A9DED1B0A9DED1D1A64
:107AB00030EE010A8DED1B0A9DED0E0A9DED241A94
:107AC00020EE010A8DED120A9DED070A9DED1A1AAE
:107AD00020EE010A8DED110A9DED0E0A9DED1A1A98
:107AE00020EE010A8DED100A9DED070A9DED241A86
:107AF00020EE010A8DED0F0A9DED120A9DED111A7F
:107B000030EE010A3B982F9900EBC10080ED000A8E
:107B10009DED100A9DED0F1A30EE410A3B982F990A
:107B200000EBC10080ED010A9DED080A9DED201AD1
:107B300020EE010A8DED120A9DED010A9DED161A47
:107B400020EE010A8DED110A9DED080A9DED161A31
:107B500020EE010A8DED100A9DED010A9DED201A1F
:107B600020EE010A8DED0F0A9DED120A9DED111A0E
:107B700030EE010A3B98299900EBC10080ED000A24
:107B80009DED100A9DED0F1A30EE410A3B982999A0
:107B900000EBC10080ED010A9DED0A0A9DED1F1A60
:107BA00020EE010A8DED120A9DED030A9DED151AD6
:107BB00020EE010A8DED110A9DED0A0A9DED151AC0
:107BC00020EE010A8DED100A9DED030A9DED1F1AAE
:107BD00020EE010A8DED0F0A9DED120A9DED111A9E
:107BE00030EE010A3B982B9900EBC10080ED000AB2
:107BF0009DED100A9DED0F1A30EE410A3B982B992E
:107C000000EBC10080ED010A9DED0C0A9DED1C1AF0
:107C100020EE010A8DED120A9DED050A9DED1B1A5D
:107C200020EE010A8DED110A9DED0C0A9DED1B1A47
:107C300020EE010A8DED100A9DED050A9DED1C1A3E
:107C400020EE010A8DED0F0A9DED120A9DED111A2D
:107C500030EE010A3B982D9900EBC10080ED000A3F
:107C60009DED100A9DED0F1A30EE410A3B982D99BB
:107C700000EBC10080ED010A27993098084430904C
:107C8000FFE73098BDF8EA108842FFF42FACFFE719
:107C9000259801302590FFE7259826998842FFF422
:107CA000B6ABFFE7BDF8E200C000ADF8E200FFE7C9
:107CB000269807283FF614A9FFE73CB0704700BF9D
:107CC000F304353F0000000080B586B005900491B4
:107CD00003928DF80B30059801909DF80B0068B168
:107CE000FFE705980499039A00F0CEFA01980399EA
:107CF0009DF80B200123FDF747FF0CE00198049944
:107D00009DF80B200123FDF73FFF05980499039A86
:107D100000F07AFBFFE706B080BD00000000000025
:107D200080B584B00290029820B9FFE7FF208DF85B
:107D30000F001BE00298FEF77BF88DF807009DF915
:107D4000070028B1FFE79DF807008DF80F000DE050
:107D500002994FF480600882029946F62410C0F61A
:107D60000200486100208DF80F00FFE79DF90F0029
:107D700004B080BD0000000080B584B0029002987D
:107D800020B9FFE7FF208DF80F001AE00298FEF7F8
:107D90006BF88DF807009DF9070028B1FFE79DF803
:107DA00007008DF80F000CE00299802008820299EC
:107DB00047F62410C0F60200486100208DF80F003D
:107DC000FFE79DF90F0004B080BD00000000000037
:107DD00080B584B00290029820B9FFE7FF208DF8AB
:107DE0000F001BE00298FDF77BFF8DF807009DF95F
:107DF000070028B1FFE79DF807008DF80F000DE0A0
:107E000002994FF400600882029947F62430C0F6C8
:107E10000200486100208DF80F00FFE79DF90F0078
:107E200004B080BD0000000080B584B002900298CC
:107E300020B9FFE7FF208DF80F001BE00298FDF747
:107E40006BFF8DF807009DF9070028B1FFE79DF84B
:107E500007008DF80F000DE002994FF48070088242
:107E6000029949F62430C0F60200486100208DF8DE
:107E70000F00FFE79DF90F0004B080BD0000000077
:107E800080B584B00290029820B9FFE7FF208DF8FA
:107E90000F001AE00298FDF75BFF8DF807009DF9CF
:107EA000070028B1FFE79DF807008DF80F000CE0F0
:107EB000029920200882029949F62470C0F6020037
:107EC000486100208DF80F00FFE79DF90F0004B016
:107ED00080BD00000000000080B584B002900298D0
:107EE00020B9FFE7FF208DF80F001BE00298FDF797
:107EF0004BFF8DF807009DF9070028B1FFE79DF8BB
:107F000007008DF80F000DE002994FF480500882B1
:107F1000029949F6A470C0F60200486100208DF86D
:107F20000F00FFE79DF90F0004B080BD00000000C6
:107F300080B584B00290029820B9FFE7FF208DF849
:107F40000F001BE00298FDF73BFF8DF807009DF93D
:107F5000070028B1FFE79DF807008DF80F000DE03E
:107F600002994FF40070088202994DF6A470C0F691
:107F70000200486100208DF80F00FFE79DF90F0017
:107F800004B080BD0000000080B584B0029002986B
:107F900020B9FFE7FF208DF80F001AE00298FDF7E7
:107FA0002BFF8DF807009DF9070028B1FFE79DF82A
:107FB00007008DF80F000CE002994020088202991A
:107FC0004EF2A470C0F60200486100208DF80F0048
:107FD000FFE79DF90F0004B080BD00000000000025
:107FE00080B584B00290ADF80610BDF806000146D9
:107FF000009120284BD0FFE70098402841D0FFE7B0
:108000000098802837D0FFE70098B0F5807F2CD00B
:10801000FFE70098B0F5007F21D0FFE70098B0F5AA
:10802000806F16D0FFE70098B0F5006F0BD0FFE728
:108030000098B0F5805F30D1FFE70298FFF74CFF62
:108040008DF805002DE00298FFF7C2FE8DF80500BF
:1080500027E00298FFF764FE8DF8050021E0029802
:10806000FFF766FF8DF805001BE00298FFF7DCFEC6
:108070008DF8050015E00298FFF77EFE8DF80500EB
:108080000FE00298FFF780FF8DF8050009E00298E5
:10809000FFF7F6FE8DF8050003E0FF208DF80F00D6
:1080A00004E09DF805008DF80F00FFE79DF90F0033
:1080B00004B080BD0000000080B582B00190009146
:1080C00040F2A060C2F2014001A901224FF0FF334B
:1080D000F8F72EF8019802B080BD00000000000003
:1080E00083B0ADF80600BDF8060001460091B0F57A
:1080F000007F0FD0FFE70098B0F5806F10D0FFE74A
:108100000098B0F5006F11D0FFE70098B0F5805FE0
:1081100012D017E045F6A400C0F60300029014E068
:108120004EF6A400C0F6020002900EE04FF6A40046
:10813000C0F60200029008E041F6A400C0F6030079
:10814000029002E000200290FFE7029803B070471F
:1081500080B584B000200090F9F7DAF84EF614509C
:10816000CEF2000000688003002801D5FFE71AE086
:10817000BFF34F8FBFF36F8F4EF65071CEF20001F9
:1081800000200860BFF34F8FBFF36F8F4EF614517E
:10819000CEF20001086840F400300860BFF34F8F52
:1081A000BFF36F8FFFE74EF61450CEF20000006869
:1081B000C003002801D5FFE73CE04EF68451CEF223
:1081C000000100200860BFF34F8F4EF68050CEF2C2
:1081D0000000006803900398C0F34E300290FFE760
:1081E0000398C0F3C9000190FFE702990198800746
:1081F00061F34D104EF66071CEF2000108600198F7
:10820000411E01910028F0D1FFE70298411E029122
:108210000028E5D1FFE7BFF34F8F4EF61451CEF2A1
:108220000001086840F480300860BFF34F8FBFF34F
:108230006F8FFFE7F2F7A0FEFBF7DEFAFAF790FC8C
:10824000F9F762FAF9F7E8F9F9F71EFAF9F7F0FC2D
:10825000F9F7EAFBF9F780FBF9F7AEF9F9F754FC07
:10826000F9F79AFCF9F7ACF8F9F712F9F9F768F9A8
:10827000F9F736FBF9F724FDFCF7AEF9FCF7D4F972
:10828000FFE7FEE70000000093B0129011911092FA
:10829000129840690C9011980B9011980A901298BE
:1082A000008801380F900B98006809900B9840687F
:1082B00008900C9808300C909DED090A9DED081A65
:1082C00030EE010AB6EE001A20EE010A1098011DE8
:1082D000109180ED000A9DED090A9DED082A30EE0F
:1082E000420A20EE010A1098011D109180ED000A4B
:1082F00011980F9900EBC1000A900B9808300B9071
:10830000FFE70F9801287CDBFFE70A98406806909A
:108310000A98006807900B98006809900B984068CD
:1083200008900C98011D0C9100680E900C98011D8E
:108330000C9100680D909DED090A9DED071A30EE35
:10834000410A8DED050A9DED080A9DED061A30EEF5
:10835000010A8DED040A9DED0E0A9DED051A20EE31
:10836000010A8DED030A9DED0D0A9DED041A20EE24
:10837000010A8DED020A9DED0D0A9DED051A20EE14
:10838000010A8DED010A9DED0E0A9DED041A20EE05
:10839000010A8DED000A9DED090A9DED071A30EEE8
:1083A000010A9DED031A30EE410A9DED021A30EEEE
:1083B000410AB6EE001A20EE010A1098011D109134
:1083C00080ED000A9DED080A9DED062A30EE420A76
:1083D0009DED012A30EE020A9DED002A30EE420AA0
:1083E00020EE010A1098011D109180ED000A0B98F3
:1083F00008300B900A9808380A900F9801380F90AF
:108400007FE713B07047000093B012901191109263
:10841000129840690C9011980B9011980A9012983C
:10842000008801380F900A98006807900A98406801
:1084300006900B98006809900B98406808900C987B
:10844000011D0C9100680E900C98011D0C910068A4
:108450000D909DED070A9DED091A30EE010A8DED94
:10846000050A9DED060A9DED081A30EE010A8DED14
:10847000040A9DED050A9DED041A30EE010AB6EEE0
:10848000001A20EE010A1098011D109180ED000ADB
:108490009DED050A9DED042A30EE420A20EE010A08
:1084A0001098011D109180ED000A11980F9900EBB2
:1084B000C1000A900B9808300B90FFE70A984068BB
:1084C00006900A98006807900B98006809900B982E
:1084D000406808900C98011D0C9100680E900C9853
:1084E000011D0C9100680D909DED070A9DED091A84
:1084F00030EE410A8DED050A9DED060A9DED081A44
:1085000030EE010A8DED040A9DED0E0A9DED051A6F
:1085100020EE010A8DED030A9DED0D0A9DED051A71
:1085200020EE010A8DED020A9DED0E0A9DED041A62
:1085300020EE010A8DED010A9DED0D0A9DED041A54
:1085400020EE010A8DED000A9DED090A9DED071A46
:1085500030EE010A9DED031A30EE010A9DED001A7E
:1085600030EE010AB6EE001A20EE010A1098011D45
:10857000109180ED000A9DED080A9DED062A30EE6F
:10858000420A9DED022A30EE020A9DED012A30EEEC
:10859000420A20EE010A1098011D109180ED000A98
:1085A0000B9808300B900A9808380A900F980138F9
:1085B0000F90FFE70F9800283FF780AFFFE713B059
:1085C000704700000FB4054B10B503A9044A029888
:1085D00000F08EFA10BC5DF814FB0000B9800108B1
:1085E000000001240FB4084B10B504A902AA039897
:1085F00000F07EFA044602A9002000F010FE20469A
:1086000010BC5DF814FB00001F9201084100080235
:1086100018BF04200A0E18BF40F001004FF07F423F
:1086200032EA010108BF40F00200012808BF05201E
:108630007047000000B510EE101A2DED028B81B0CE
:10864000524A6846B2EB410F2ED94FF0E640B0EBEC
:10865000410F94BF00204FF0FF3000900098B0EE23
:10866000408A00286ADB10F0010F4BD068EE080A40
:108670009FED471A9FED470A00EE810A9FED461ACB
:1086800010F0020F00EE801AB7EE000A00EE810A29
:1086900002BF01B0BDEC028B00BD00BF01B0B1EE66
:1086A000400ABDEC028B00BD3C4B21F000429342DE
:1086B00041D911F0004FDFED3A0A20EE201ADFED2C
:1086C000390A19BF31EE601A71EE200A31EE201A14
:1086D00071EE600ABDEEE01A11EE100A9FED321A3B
:1086E00000F0030000EEC10A9FED301A009000EE8A
:1086F000C10A9FED2F1A00EEC10A9FED2E1A00EE5F
:10870000C10AABE728EE080A9FED2B1ADFED2B0A12
:1087100010F0020F40EE010A9FED291A00EE201A18
:1087200061EE000AB0EE480A08EE200AB6D101B0A8
:10873000BDEC028B00BD00F059F88FE718EE100A6F
:108740004000B0F17F4F0DD218EE100AFFF75EFF28
:10875000042808BF00F042F8B0EE480A01B0BDECB2
:10876000028B00BD09D1012000F0FAF801B0BDEC88
:10877000028B5DF804EB00F029B801B0B0EE480AB6
:10878000BDEC028B5DF804EB00F01CB8B61F927EC6
:10879000B93AB2BACA9F2A3DDDFFFFBE490E49462B
:1087A00083F9223F0000004B0000C93F00A0FD39C3
:1087B0000020A2331A61342C336D4CB9DA82083CA4
:1087C000A0AA2ABE30EE000A70470000DFED020AC0
:1087D00080EEA00A70470000000000009FED020A32
:1087E00020EE000A70470000000000102DE9F001A3
:1087F0004FF07F42B2EB410F9FBF4FF0FF3101605E
:10880000BDE8F00170474FF0004242EA0123C1F396
:10881000C752783A551112F01F0C434CCCF1200688
:108820007C44C1F3C752A2F178024FEA621204EB12
:10883000820254F8254008BFD2E9015612D055688B
:1088400004FA0CF425FA06F73C43976805FA0CF590
:1088500027FA06F8D26807FA0CFCF24045EA080548
:108860004CEA0206A4FB034CA5FB0352A6FB0363E0
:108870001D449D4234BF012600261319334416B10E
:10888000934202D903E0934201D2012200E0002288
:10889000624402F1200C9206DC0C42EA443200EE03
:1088A000102A5B03DFED210AF8EEC01A00EE103A41
:1088B0004FEA9C1C11F0004FB8EE400AC0F800C00F
:1088C00020EE201A00EE105ADFED190AB8EE400A29
:1088D00020EE200A71EE810A70EE800A10EE902AD6
:1088E00002F500626FF30B0200EE902A70EEE11ABF
:1088F00031EEC11ADFED101A30EE411A9FED0D0A6C
:1089000020EE800A01EE210A9FED0C1A00EE810A8A
:1089100004BFBDE8F0017047CCF180510160BDE8B3
:10892000F001B1EE400A7047040A00000000003672
:108930000000802C22AAFD29DB0FC92F0000C92FBF
:1089400002E008C8121F08C1002AFAD17047704718
:10895000002001E001C1121F002AFBD17047000076
:108960000149086070470000040001242DE9FF5F01
:1089700082B00021DDE90430020DDDF840B0034390
:1089800018D044F61050A2F2FF3242431514119849
:1089900001281FD0A5EB0B00401C5FEA000A4FF036
:1089A00000064E4FDFF83891B046504615D5CAF153
:1089B000000413E0119801244AA3012801D16FEAB1
:1089C0000B010298119AC0E90031C0E9024206B0D9
:1089D000BDE8F09FCBF10000DFE704460021404AEC
:1089E000491842EB0450CDE9001012E0E00707D02F
:1089F00032463B4640464946E7F7E1FD8046894618
:108A000032463B4610461946E7F7D9FD06460F4663
:108A10006410002CEAD1DDE90401DDE90023BAF19C
:108A2000000F06DAE7F7CBFD42464B46E7F7C7FDF6
:108A300005E0E7F736FE42464B46E7F732FE0446CE
:108A40000E460022284BE7F7B3FE03D84FF0FF3065
:108A5000014607E00022254B20463146E7F708FD96
:108A6000E7F78EFE102409E0002C0ADB0A2200231F
:108A7000E7F732FC039B30321A55641E50EA0102BC
:108A8000F2D1641C039AC4F111031444119A012A0F
:108A900003D0012208430DD10AE0084304D000208E
:108AA0004FF0110B119072E7A3EB0B056D1E0DE05B
:108AB0005B4504DD4FF0000205F1010504E003DA37
:108AC0004FF00002A5F10105002AECD0029811999F
:108AD000C0E90231C0E9004579E700000000144018
:108AE0000000F03F300000000000F0430000E03FD5
:108AF0002DE9FF4F95B09B468946064600250FE2BB
:108B0000252877D100242746F84A0121059400E062
:108B1000044316F8013F203B01FA03F01042F7D15D
:108B200030782A2811D06FF02F033078A0F130026E
:108B3000092A16D8059A44F0020402EB820203EBDC
:108B400042021044761C0590EFE759F8042B059279
:108B5000002A03DA504244F40054059044F0020421
:108B6000761C30782E2816D116F8010F44F0040434
:108B70002A280DD06FF02F023078A0F13003092B96
:108B800009D807EB870302EB4303C718761CF3E70A
:108B900059F8047B761C30786C280FD006DC4C2802
:108BA00017D068280DD06A2814D104E0742810D09A
:108BB0007A280FD10DE044F400140AE044F4801444
:108BC00001E044F440147278824202D104F580142A
:108BD000761C761C307866280BD013DC582877D0AA
:108BE00009DC002875D04528F6D04628F4D047285F
:108BF0001AD19DE118E0632835D0642879D0652822
:108C000012D195E1702873D008DC6728F1D069286B
:108C10006FD06E280DD06F2806D1B5E073282CD008
:108C2000752875D0782874D05A46179990476D1CCE
:108C300075E1C4F30250022809D003280DD0D9F8F9
:108C4000001004280DD00D6009F1040967E1D9F87E
:108C50000010EA17C1E90052F6E7D9F800100D80BC
:108C6000F2E70D70F0E719F8041B8DF800100020F2
:108C70008DF80100EA46012003E059F804AB4FF0FB
:108C8000FF3061074FF0000102D40DE008F101014F
:108C90008846B9420FDA8045F8DB1AF80810002937
:108CA000F4D108E008F1010188468142FADB1AF8A4
:108CB00008100029F6D105985B46A0EB080721466D
:108CC0003846179A00F094FA284400EB080507E0AC
:108CD0004DE029E10DE01AF8010B5A46179990472B
:108CE000B8F10108F7D25B4621463846179A13E1DE
:108CF00042E00A220092C4F302524FF0000A022A14
:108D000008D059F804CB032A4FEAEC710AD00DE0E1
:108D100029E02AE009F1070121F00702F2E802C187
:108D2000914609E00FFA8CFC4FEAEC71042A03D15A
:108D30004FFA8CFC4FEAEC71002907DA0A46002151
:108D4000DCF1000C61EB02012D2202E0220504D5CA
:108D50002B228DF80420012203E0E20701D020221B
:108D6000F7E7904659E00A2102E010220DE01021B9
:108D70004FF0000A00910BE010224FF0000A44F07F
:108D800004040827009203E008224FF0000A009232
:108D9000C4F30252022A05D059F804CB0021032A59
:108DA00008D009E009F1070121F00702F2E802C149
:108DB000914605E01FFA8CFC042A01D10CF0FF0C4F
:108DC0004FF00008220728D5702806D0009B83F0BA
:108DD000100353EA0A0305D00EE040228DF8042068
:108DE000012208E05CEA010206D030228DF804205E
:108DF0008DF8050002229046009B83F0080353EA99
:108E00000A030AD15CEA010201D1620705D53022CA
:108E10008DF804204FF001087F1E582804D034A09C
:108E200003900EA802900DE036A0F9E75346604685
:108E3000009AE7F751FA84460398825C0298401E34
:108E4000029002705CEA0100F0D1029806A9081AAB
:108E500000F1200A600702D524F4803400E00127E5
:108E6000574502DDA7EB0A0000E0002000EB0A01F5
:108E7000009005984144401A0590E00306D45B46F3
:108E80002146179A059800F0B3F90544002706E03B
:108E900001A85A46C05D179990476D1C7F1C474535
:108EA000F6DBE0030CD55B462146179A059800F0E7
:108EB0009FF9054404E030205A46179990476D1CED
:108EC0000099481E00900029F5DC08E002980299FC
:108ED0005A460078491C0291179990476D1CBAF1C7
:108EE0000001AAF1010AF1DC65E100000928010096
:108EF0003031323334353637383961626364656610
:108F000000000000303132333435363738394142D1
:108F1000434445460000000000F058F90544761C23
:108F2000307800287FF4ECAD19B02846BDE8F08F0A
:108F3000620700D4062709F1070222F0070CFCE8BB
:108F40000223E14603F000485FEA080C02D00FF26A
:108F5000702C0DE05FEA045C02D50FF2682C07E08C
:108F60005FEAC47C02D00FF2602C01E0AFF2700C1B
:108F70004FF0FF3823F00043CDF850C065280CD0E7
:108F800006DC452809D046281DD047283DD13DE0C4
:108F9000662818D067287ED138E00021112F01DB28
:108FA000112000E0781CCDE9000106A90EA8FFF70A
:108FB000DDFCDDE90F010E9A03910021009207F11B
:108FC000010A04914DE04FF000400097CDE90110F7
:108FD00006A90EA8FFF7CAFCDDE90F0203920E9B5B
:108FE00011990022DDF80CA00093049211B9791CAC
:108FF00000EB010AB7EB0A0004D4C0F1FF3007F11F
:10900000010A0490AAEB0700019044E0012F00DA66
:1090100001270021112F01DD112000E03846CDE9A4
:10902000000106A90EA8FFF7A1FCDDE90F010E9AC9
:109030000391002104910092BA4621070CD40399B0
:10904000514500DA8A46BAF1010F05DD009AAAF10E
:109050000101515C302908D0B84202DA10F1040F46
:1090600006DA0121CDE9011015E0AAF10101E9E7D5
:10907000002805DC049901440491AAEB000102E0F8
:10908000411C514500DD8A460499401A401C01905C
:109090004FF000400290200704D40198504501DBB6
:1090A000CDF8048000208DF84F0002980DF14F0795
:1090B000B0F1004F25D02B200E9002984FF00208FF
:1090C00000280CDA404202902D200E9007E00A2181
:1090D0000298E7F798F93031029007F8011DB8F1CE
:1090E0000001A8F10108F2DC02980028EFD1791EF6
:1090F0000E980870307800F0200040F0450007F826
:10910000020D12A8C01B00F107081498007800B1E6
:10911000012000EB0A01019801EBE0710598414440
:10912000401A401E0590E00306D45B462146179A7C
:10913000059800F05DF805441498007818B15A4677
:10914000179990476D1CE00324D55B462146179A7A
:10915000059800F04DF805441CE00498002807DB52
:10916000DDE90301884203DD0098405C179901E0C6
:10917000179930205A469047049805F10105401C84
:1091800004900198401E019004D12E205A46179950
:1091900090476D1CBAF10001AAF1010ADDDC05E07F
:1091A00017F8010B5A46179990476D1CB8F100014A
:1091B000A8F10108F4DC5B462146179A0598ABE656
:1091C0002D0000002B000000200000002DE9F041E0
:1091D000044600251E461746880404D405E0394697
:1091E0002020B0476D1C641EF9D52846BDE8F081EB
:1091F0002DE9F041044600251E469046C80301D5DE
:10920000302700E02027880404D505E04146384691
:10921000B0476D1C641EF9D52846BDE8F0810A6888
:10922000531C0B6010707047000000006E83F9A2A1
:109230002915444ED15727FCC0DD34F5999562DBE2
:109240004190433CAB6351FE000000000102030467
:10925000010203040607080900061016000610168E
:1092600008040204080101010101010307010000D3
:10927000010002000400060008000A000C001000B3
:1092800020004000800000010800001010000002D3
:10929000180000122000000428000014300000060E
:1092A0003800001640000008480000185000000A6E
:1092B0005800001A6000000C6800001C7000000ECE
:1092C0007800001E800000088800401090004002D6
:1092D00098004012A0004004A8004014B0004006CE
:1092E000B8004016C0004008C8004018D000400A2E
:1092F000D800401AE000400CE800401CF000400E8E
:10930000F800401E000100080801801010018002D2
:109310001801801220018004280180143001800689
:109320003801801640018008480180185001800AE9
:109330005801801A6001800C6801801C7001800E49
:109340007801801E800140088801C0109001C00291
:109350009801C012A001C004A801C014B001C00649
:10936000B801C016C001C008C801C018D001C00AA9
:10937000D801C01AE001C00CE801C01CF001C00E09
:10938000F801C01E000200080802001110020003CC
:109390001802001320020005280200153002000701
:1093A0003802001740020009480200195002000B61
:1093B0005802001B6002000D6802001D7002000FC1
:1093C0007802001F8002800888024011900240034A
:1093D00098024013A0024005A8024015B0024007C1
:1093E000B8024017C0024009C8024019D002400B21
:1093F000D802401BE002400DE802401DF002400F81
:10940000F802401F00034008080380111003800386
:10941000180380132003800528038015300380077C
:109420003803801740038009480380195003800BDC
:109430005803801B6003800D6803801D7003800F3C
:109440007803801F8003C0088803C0119003C00305
:109450009803C013A003C005A803C015B003C0073C
:10946000B803C017C003C009C803C019D003C00B9C
:10947000D803C01BE003C00DE803C01DF003C00FFC
:10948000F803C01F000400100804081010040011A5
:1094900018040812200408102804081430040806D0
:1094A0003804081640040808480408185004080A3C
:1094B0005804081A6004080C6804081C7004080E9C
:1094C0007804081E800400188804481090040019CD
:1094D00098044812A0040818A8044814B0044806C8
:1094E000B8044816C0044808C8044818D004480AFC
:1094F000D804481AE004480CE804481CF004480E5C
:10950000F804481E00054010080588101005401199
:10951000180588122005481028058814300588068B
:109520003805881640058808480588185005880AB7
:109530005805881A6005880C6805881C7005880E17
:109540007805881E800540188805C81090054019C8
:109550009805C812A0054818A805C814B005C80683
:10956000B805C816C005C808C805C818D005C80A77
:10957000D805C81AE005C80CE805C81CF005C80ED7
:10958000F805C81E00068010080608111006801194
:109590001806081320068810280608153006080744
:1095A0003806081740060809480608195006080B2F
:1095B0005806081B6006080D6806081D7006080F8F
:1095C0007806081F800680188806481190068019C2
:1095D00098064813A0068818A8064815B00648073C
:1095E000B8064817C0064809C8064819D006480BEF
:1095F000D806481BE006480DE806481DF006480F4F
:10960000F806481F0007C010080788111007C0118E
:10961000180788132007C8102807881530078807FF
:109620003807881740078809480788195007880BAA
:109630005807881B6007880D6807881D7007880F0A
:109640007807881F8007C0188807C8119007C019BD
:109650009807C813A007C818A807C815B007C807F7
:10966000B807C817C007C809C807C819D007C80B6A
:10967000D807C81BE007C80DE807C81DF007C80FCA
:10968000F807C81F08081010100840081808101222
:10969000200800112808101430088011380810160E
:1096A000480810185008100A5808101A6008100CC2
:1096B0006808101C7008100E7808101E8008000A38
:1096C000880850109008000B98085012A008080A4B
:1096D000A8085014B008080BB8085016C008100AA3
:1096E000C8085018D008500AD808501AE008500C82
:1096F000E808501CF008500EF808501E0809901099
:1097000010098009180990122009001928099014DD
:1097100030098019380990164009000B4809901843
:109720005009900A5809901A6009900C6809901C19
:109730007009900E7809901E8009400A8809D0109F
:109740009009400B9809D012A009480AA809D01422
:10975000B009480BB809D016C009500AC809D0187A
:10976000D009D00AD809D01AE009D00CE809D01CD9
:10977000F009D00EF809D01E080A1011180A1013AB
:10978000200A4011280A1015300AC011380A101793
:10979000480A1019500A100B580A101B600A100DC5
:1097A000680A101D700A100F780A101F880A5011DD
:1097B000900A800B980A5013A00A5011A80A50155D
:1097C000B00A880BB80A5017C00A800BC80A501993
:1097D000D00A500BD80A501BE00A500DE80A501D61
:1097E000F00A500FF80A501F080B9011180B901335
:1097F000200B4019280B9015300BC019380B90170F
:10980000480B9019500B900B580B901B600B900D50
:10981000680B901D700B900F780B901F880BD01168
:10982000900BC00B980BD013A00B5019A80BD015A0
:10983000B00BC80BB80BD017C80BD019D80BD01B66
:10984000E00BD00DE80BD01DF00BD00FF80BD01FA4
:10985000000C0012080C1810100C0013180C181231
:10986000200C0812280C1814300C0813380C181689
:10987000400C1012480C1818500C1013580C181AE1
:10988000600C1812680C181C700C180E780C181E3E
:10989000800C001A880C5810900C001B980C581261
:1098A000A00C081AA80C5814B00C081BB80C5816B9
:1098B000C00C101AC80C5818D00C101BD80C581A11
:1098C000E00C181AE80C581CF00C580EF80C581E36
:1098D000000D4012080D9810100D4013180D98122D
:1098E000200D4812280D9814300D4813380D981685
:1098F000400D5012480D9818500D5013580D981ADD
:10990000600D5812680D981C700D980E780D981EF9
:10991000800D401A880DD810900D401B980DD8125C
:10992000A00D481AA80DD814B00D481BB80DD816B4
:10993000C00D501AC80DD818D00D501BD80DD81A0C
:10994000E00D581AE80DD81CF00DD80EF80DD81EF1
:10995000000E8012080E1811100E8013180E181326
:10996000200E8812280E1815300E8813380E18177E
:10997000400E9012480E1819500E9013580E181BD6
:10998000600E9812680E181D700E180F780E181FB2
:10999000800E801A880E5811900E801B980E581356
:1099A000A00E881AA80E5815B00E881BB80E5817AE
:1099B000C00E901AC80E5819D00E901BD80E581B06
:1099C000E00E981AE80E581DF00E580FF80E581FAA
:1099D000000FC012080F9811100FC013180F981322
:1099E000200FC812280F9815300FC813380F98177A
:1099F000400FD012480F9819500FD013580F981BD2
:109A0000600FD812680F981D700F980F780F981F6D
:109A1000800FC01A880FD811900FC01B980FD81351
:109A2000A00FC81AA80FD815B00FC81BB80FD817A9
:109A3000C00FD01AC80FD819D00FD01BD80FD81B01
:109A4000E00FD81AE80FD81DF00FD81BF80FD81F59
:109A50000810201010104010181020122810201488
:109A600030108810381020164010001148102018AF
:109A7000501040115810201A601008126810201C55
:109A8000701088127810201E8010001288100812A2
:109A90009010401298106012A0102012A8106014AC
:109AA000B0106012B8106016C0100013C810601813
:109AB000D0104013D810601AE0101812E810601C83
:109AC000F0109812F810601E0811201210114011A9
:109AD0001811A012201108182811A014301188188C
:109AE0003811A0164811A0185811A01A6011081AB0
:109AF0006811A01C7011881A7811A01E8011101214
:109B000088111812901150129811E012A011181813
:109B1000A811E014B0119818B811E016C011101374
:109B2000C811E018D0115013D811E01AE011181A1A
:109B3000E811E01CF011981AF811E01E001200184C
:109B4000081208181012401818122013201220189A
:109B500028122015301260183812201740120019F0
:109B600048122019501240195812201B6012201957
:109B70006812201D7012C8127812201F8012001A5D
:109B80008812081A9012401A98126013A012201A14
:109B9000A8126015B012601AB8126017C012001B2C
:109BA000C8126019D012401BD812601BE012201B93
:109BB000E812601DF012601BF812601F00131018ED
:109BC00008131818101350181813A013201348184E
:109BD0002813A0153013C8183813A01740131019F4
:109BE0004813A019501350195813A01B6013481A9A
:109BF0006813A01D7013C81A7813A01F8013101AC1
:109C00008813181A9013501A9813E013A0135818B9
:109C1000A813E015B013D818B813E017C013101B21
:109C2000C813E019D013501BD813E01BE013581AC7
:109C3000E813E01DF013D81AF813E01F08142014DD
:109C4000101400151814201530140815381428168F
:109C50004014001548142818501410155814281AC8
:109C6000601420156814281C701418157814281E08
:109C70008014001C8814201C9014001D9814201DB2
:109C8000A014081CA814281CB014081DB8146816C9
:109C9000C014101CC8146818D014101DD814681AE9
:109CA000E014181CE814681CF014181DF814681E41
:109CB00008152015101540151815601520152818C1
:109CC0002815281C301548153815A8164815A81849
:109CD0005815A81A6015281A6815A81C7015A81A16
:109CE0007815A81E8015401C8815601C9015401D15
:109CF0009815601DA015481CA815681CB015481DB6
:109D0000B815E816C015501CC815E818D015501D18
:109D1000D815E81AE015581CE815E81CF015581D70
:109D2000F815E81E0016001C0816081C1016401C2A
:109D30001816481C2016201C2816281C3016601CDB
:109D4000381628174016001D481628195016401DB1
:109D50005816281B6016201D6816281D7016601DD9
:109D60007816281F8016801C8816A01C9016801D4F
:109D70009816A01DA016881CA816A81CB016881D31
:109D8000B8166817C016901CC8166819D016901D12
:109D9000D816681BE016981CE816681DF016981D6A
:109DA000F816681F0017101C0817181C1017501CF5
:109DB0001817581C201768182817681C3017E8183F
:109DC0003817A8174017101D4817A8195017501D0D
:109DD0005817A81B6017681A6817A81D7017E81A8B
:109DE0007817A81F8017C01C8817E01C9017C01D8B
:109DF0009817E01DA017C81CA817E81CB017C81DAD
:109E0000B817E817C017D01CC817E819D017D01D0D
:109E1000D817E81BE017D81CE817E81DF017D81D65
:109E2000F817E81F18186018301848183818601C00
:109E30005818301A6818301C7018181A7818301E04
:109E40008018001A8818081A9018001B98186019B2
:109E5000A018201AA818281AB018201BB818601DBE
:109E6000C018101AC818181AD018101BD818701A51
:109E7000E018301AE818701CF018581AF818701EFC
:109E8000081920191819601A2819081D301988197D
:109E90003819881D4819201B5819B01A6019081B59
:109EA0006819B01C7019881B7819B01E8019401AE7
:109EB0008819481A9019401B9819601BA019601A3C
:109EC000A819181DB019601BB819981DC019501A8F
:109ED000C819581AD019501BD819F01AE019181BB4
:109EE000E819F01CF019981BF819F01E381A701CAC
:109EF000581A301B681A301D701A181B781A301F38
:109F0000901AC01A981AC81AB01AE01AB81AE81AA1
:109F1000C01A801BC81A881BD01AC01BD81A701B05
:109F2000E01AA01BE81A701DF01AE01BF81A701F47
:109F3000281B481D381BC81D481B601B581BB01B25
:109F4000681BB01D701BC81B781BB01F901BC01B6B
:109F5000981BC81BA81B581DB01BE01BB81BD81DA5
:109F6000D81BF01BE81BF01DF81BF01F081C201C61
:109F7000181C301C381C681C481C601C581C701CA9
:109F8000781C381E801C001E881C201E901C001F80
:109F9000981C201FA01C081EA81C281EB01C081FEF
:109FA000B81C281FC01C101EC81C301ED01C101F3F
:109FB000D81C301FE01C181EE81C381EF01C181F8F
:109FC000F81C781E081D201D181D301D381DA81DE9
:109FD000481D601D581D701D681D281F781DB81E66
:109FE000801D401E881D601E901D401F981D601F13
:109FF000A01D481EA81D681EB01D481FB81D681F63
:10A00000C01D501EC81D701ED01D501FD81D701FB2
:10A01000E01D581EE81D781EF01D581FF81DF81E83
:10A02000081E201E181E301E481E601E581E701E60
:10A03000781E381F881EA01E901E801F981EA01F0D
:10A04000B01E881FB81EA81FC01E801FC81E881FF4
:10A05000D01E901FD81EB01FE01EA01FE81EA81F14
:10A06000F01E981FF81E781F081F201F181F301F92
:10A07000481F601F581F701F781FB81F881FA01F20
:10A08000901FC01F981FE01FB01FC81FB81FE81FF8
:10A09000C81FE01FD81FF01F08000002100040007A
:10A0A0001800400220008000280080023000C0001C
:10A0B0003800C00240000001480000035000400189
:10A0C0005800400360008001680080037000C001F8
:10A0D0007800C0038000000288000802900000039E
:10A0E00098004802A0000802A8008802B000C8003A
:10A0F000B800C802C0000801C8000803D000480129
:10A10000D8004803E0008801E8008803F000C80197
:10A11000F800C803080110021001400118015002A4
:10A120002001000328019002300148013801D002CB
:10A130004801100358015003600190016801900329
:10A140007001D0017801D00380014002880118021B
:10A150009001400398015802A0014802A80198020A
:10A16000B0014803B801D802C0015002C801180369
:10A17000D0015003D8015803E0015802E8019803C8
:10A18000F0015803F801D80308022002100240022F
:10A19000180260022802A002300260023802E002C7
:10A1A00040020003480220035002400358026003AB
:10A1B000600220036802A003700260037802E003DB
:10A1C0008802A002900280039802A003B0028803D4
:10A1D000B802E802C0028003C8022803D00290033C
:10A1E000D8026803E002A003E802A803F002980383
:10A1F000F802E80308032003100340031803600378
:10A20000280388033003600338039803480360037E
:10A21000580370036803B0037803F0038803A003B6
:10A220009003C0039803E003B003C803B803E80336
:10A23000C803E003D803F0030800400018004800FA
:10A240001000400028005000200040003800580056
:10A250003000480058006800480060006800700046
:10A26000080000101000002018000030200000023C
:10A2700028000012300000223800003240000004A4
:10A28000480000145000002458000034600000060C
:10A290006800001670000026780000368000000874
:10A2A000880000189000002898000038A000000ADC
:10A2B000A800001AB000002AB800003AC000000C44
:10A2C000C800001CD000002CD800003CE000000EAC
:10A2D000E800001EF000002EF800003E000100041F
:10A2E00008014010100140201801403020014002B8
:10A2F0002801401230014022380140324001400420
:10A300004801401450014024580140346001400687
:10A3100068014016700140267801403680014008EF
:10A32000880140189001402898014038A001400A57
:10A33000A801401AB001402AB801403AC001400CBF
:10A34000C801401CD001402CD801403CE001400E27
:10A35000E801401EF001402EF801403E00020008D6
:10A360000802801010028020180280302002800233
:10A37000280280123002802238028032400280049B
:10A380004802801450028024580280346002800603
:10A39000680280167002802678028036800280086B
:10A3A000880280189002802898028038A002800AD3
:10A3B000A802801AB002802AB802803AC002800C3B
:10A3C000C802801CD002802CD802803CE002800EA3
:10A3D000E802801EF002802EF802803E0003000C8E
:10A3E0000803C0101003C0201803C0302003800CE5
:10A3F0002803C0123003C0223803C0324003C00417
:10A400004803C0145003C0245803C0346003C0067E
:10A410006803C0167003C0267803C0368003C008E6
:10A420008803C0189003C0289803C038A003C00A4E
:10A43000A803C01AB003C02AB803C03AC003C00CB6
:10A44000C803C01CD003C02CD803C03CE003C00E1E
:10A45000E803C01EF003C02EF803C03E080400113C
:10A4600010040021180400312004000C28040013FB
:10A47000300400233804003340040005480400156C
:10A4800050040025580400356004000768040017D4
:10A49000700400277804003780040009880400193C
:10A4A0009004002998040039A004000BA804001BA4
:10A4B000B004002BB804003BC004000DC804001D0C
:10A4C000D004002DD804003DE004000FE804001F74
:10A4D000F004002FF804003F08054011100540214A
:10A4E000180540312005000D280540133005402394
:10A4F000380540334805401550054025580540357E
:10A50000600540076805401770054027780540370B
:10A510008005400988054019900540299805403973
:10A52000A005400BA805401BB005402BB805403BDB
:10A53000C005400DC805401DD005402DD805403D43
:10A54000E005400FE805401FF005402FF805403FAB
:10A550000006400808068011100680211806803188
:10A560002006C00828068013300680233806803372
:10A57000400640094806801550068025580680355B
:10A580006006800768068017700680277806803787
:10A5900080068009880680199006802998068039EF
:10A5A000A006800BA806801BB006802BB806803B57
:10A5B000C006800DC806801DD006802DD806803DBF
:10A5C000E006800FE806801FF006802FF806803F27
:10A5D0000007400C0807C0111007C0211807C03140
:10A5E0002007C00C2807C0133007C0233807C0332A
:10A5F0004007400D4807C0155007C0255807C03513
:10A600006007C0076807C0177007C0277807C03702
:10A610008007C0098807C0199007C0299807C0396A
:10A62000A007C00BA807C01BB007C02BB807C03BD2
:10A63000C007C00DC807C01DD007C02DD807C03D3A
:10A64000E007C00FE807C01FF007C02FF807C03FA2
:10A650000008001008080810100808201808083022
:10A66000200880102808081230080822380808320C
:10A6700040080011480808145008082458080834F5
:10A6800060088011680808167008082678080836DF
:10A6900080080810880808189008082898080838C2
:10A6A000A008080AA808081AB008082AB808083A32
:10A6B000C008080CC808081CD008082CD808083C9A
:10A6C000E008080EE808081EF008082EF808083E02
:10A6D00000090014080948101009482018094830DA
:10A6E00020098014280948123009482238094832C4
:10A6F00040090015480948145009482458094834AD
:10A700006009801568094816700948267809483696
:10A710008009081488094818900948289809483879
:10A72000A009480AA809481AB009482AB809483AAD
:10A73000C009480CC809481CD009482CD809483C15
:10A74000E009480EE809481EF009482EF809483E7D
:10A75000000A0018080A8810100A8820180A883091
:10A76000200A8018280A8812300A8822380A88327B
:10A77000400A0019480A8814500A8824580A883464
:10A78000600A8019680A8816700A8826780A88364E
:10A79000800A0818880A8818900A8828980A883831
:10A7A000A00A8818A80A881AB00A882AB80A883A1B
:10A7B000C00A880CC80A881CD00A882CD80A883C91
:10A7C000E00A880EE80A881EF00A882EF80A883EF9
:10A7D000000B001C080BC810100BC820180BC83049
:10A7E000200B801C280BC812300BC822380BC83233
:10A7F000400B001D480BC814500BC824580BC8341C
:10A80000600B801D680BC816700BC826780BC83605
:10A81000800B081C880BC818900BC828980BC838E8
:10A82000A00B881CA80BC81AB00BC82AB80BC83AD2
:10A83000C00BC80CC80BC81CD00BC82CD80BC83C0C
:10A84000E00BC80EE80BC81EF00BC82EF80BC83E74
:10A85000000C4010080C0811100C0821180C0831CD
:10A86000200CC010280C0813300C0823380C0833B7
:10A87000400C4011480C0815500C0825580C0835A0
:10A88000600CC011680C0817700C0827780C08378A
:10A89000800C4810880C0819900C0829980C08396D
:10A8A000A00CC810A80C081BB00C082BB80C083B57
:10A8B000C00C080DC80C081DD00C082DD80C083D84
:10A8C000E00C080FE80C081FF00C082FF80C083FEC
:10A8D000000D4014080D4811100D4821180D483185
:10A8E000200DC014280D4813300D4823380D48336F
:10A8F000400D4015480D4815500D4825580D483558
:10A90000600DC015680D4817700D4827780D483741
:10A91000800D4814880D4819900D4829980D483924
:10A92000A00DC814A80D481BB00D482BB80D483B0E
:10A93000C00D4815C80D481DD00D482DD80D483DF7
:10A94000E00D480FE80D481FF00D482FF80D483F67
:10A95000000E4018080E8811100E8821180E88313C
:10A96000200EC018280E8813300E8823380E883326
:10A97000400E4019480E8815500E8825580E88350F
:10A98000600EC019680E8817700E8827780E8837F9
:10A99000800E4818880E8819900E8829980E8839DC
:10A9A000A00EC818A80E881BB00E882BB80E883BC6
:10A9B000C00E4819C80E881DD00E882DD80E883DAF
:10A9C000E00E880FE80E881FF00E882FF80E883FE3
:10A9D000000F401C080FC811100FC821180FC831F4
:10A9E000200FC01C280FC813300FC823380FC833DE
:10A9F000400F401D480FC815500FC825580FC835C7
:10AA0000600FC01D680FC817700FC827780FC837B0
:10AA1000800F481C880FC819900FC829980FC83993
:10AA2000A00FC81CA80FC81BB00FC82BB80FC83B7D
:10AA3000C00F481DC80FC81DD00FC82DD80FC83D66
:10AA4000E00FC81DE80FC81FF00FC82FF80FC83F50
:10AA500000100020081010101010102018101030D6
:10AA600020108020281010123010102238101032C0
:10AA700040100021481010145010102458101034A9
:10AA80006010802168101016701010267810103693
:10AA90008010082088101018901010289810103876
:10AAA000A0108820A810101AB010102AB810103A60
:10AAB000C0100821C810101CD010102CD810103C49
:10AAC000E0108821E810101EF010102EF810103E33
:10AAD00000110024081110241011502018115030BA
:10AAE0002011802428115012301150223811503278
:10AAF0004011002548115014501150245811503461
:10AB0000601180256811501670115026781150364A
:10AB1000801108248811501890115028981150382D
:10AB2000A0118824A811501AB011502AB811503A17
:10AB3000C0110825C811501CD011502CD811503C00
:10AB4000E0118825E811501EF011502EF811503EEA
:10AB500000120028081210281012902018129030AD
:10AB6000201280282812901230129022381290322F
:10AB70004012002948129014501290245812903418
:10AB80006012802968129016701290267812903602
:10AB900080120828881290189012902898129038E5
:10ABA000A0128828A812901AB012902AB812903ACF
:10ABB000C0120829C812901CD012902CD812903CB8
:10ABC000E0128829E812901EF012902EF812903EA2
:10ABD0000013002C0813102C1013D0201813D030A1
:10ABE0002013802C2813902C3013D0223813D0320D
:10ABF0004013002D4813D0145013D0245813D034D0
:10AC00006013802D6813D0167013D0267813D036B9
:10AC10008013082C8813D0189013D0289813D0389C
:10AC2000A013882CA813D01AB013D02AB813D03A86
:10AC3000C013082DC813D01CD013D02CD813D03C6F
:10AC4000E013882DE813D01EF013D02EF813D03E59
:10AC50000014402008145020101410211814103132
:10AC60002014C0202814D02030141023381410339E
:10AC70004014402148141015501410255814103554
:10AC80006014C0216814101770141027781410373E
:10AC90008014482088141019901410299814103921
:10ACA000A014C820A814101BB014102BB814103B0B
:10ACB000C0144821C814101DD014102DD814103DF4
:10ACC000E014C821E814101FF014102FF814103FDE
:10ACD0000015402408155024101550211815503126
:10ACE0002015C0242815D024301550233815503392
:10ACF000401540254815501550155025581550350C
:10AD00006015C025681550177015502778155037F5
:10AD100080154824881550199015502998155039D8
:10AD2000A015C824A815501BB015502BB815503BC2
:10AD3000C0154825C815501DD015502DD815503DAB
:10AD4000E015C825E815501FF015502FF815503F95
:10AD50000016402808165028101690211816903119
:10AD60002016C0282816D028301690233816903385
:10AD700040164029481650295016902558169035EF
:10AD80006016C029681690177016902778169037AD
:10AD90008016482888169019901690299816903990
:10ADA000A016C828A816901BB016902BB816903B7A
:10ADB000C0164829C816901DD016902DD816903D63
:10ADC000E016C829E816901FF016902FF816903F4D
:10ADD0000017402C0817502C1017D0211817D0310D
:10ADE0002017C02C2817D02C3017D0233817D03379
:10ADF0004017402D4817502D5017D0255817D035E3
:10AE00006017C02D6817D0177017D0277817D03764
:10AE10008017482C8817D0199017D0299817D03947
:10AE2000A017C82CA817D01BB017D02BB817D03B31
:10AE3000C017482DC817D01DD017D02DD817D03D1A
:10AE4000E017C82DE817D01FF017D02FF817D03F04
:10AE50000018003008181030101818201818183072
:10AE600020188030281890303018182238181832DE
:10AE70004018003148181031501818245818183448
:10AE800060188031681890317018182678181836B4
:10AE90008018083088181830901818289818183812
:10AEA000A0188830A818181AB018182AB818183A14
:10AEB000C0180831C818181CD018182CD818183CFD
:10AEC000E0188831E818181EF018182EF818183EE7
:10AED0000019003408191034101958201819583066
:10AEE00020198034281990343019582238195832D2
:10AEF000401900354819103550195824581958343C
:10AF000060198035681990357019582678195836A7
:10AF10008019083488191834901958289819583805
:10AF2000A0198834A819581AB019582AB819583ACB
:10AF3000C0190835C819581CD019582CD819583CB4
:10AF4000E0198835E819581EF019582EF819583E9E
:10AF5000001A0038081A1038101A9820181A983059
:10AF6000201A8038281A9038301A9822381A9832C5
:10AF7000401A0039481A1039501A9824581A98342F
:10AF8000601A8039681A9039701A9826781A98369B
:10AF9000801A0838881A1838901A9828981A9838F9
:10AFA000A01A8838A81A9838B01A982AB81A983A65
:10AFB000C01A0839C81A981CD01A982CD81A983C6C
:10AFC000E01A8839E81A981EF01A982EF81A983E56
:10AFD000001B003C081B103C101BD820181BD8304D
:10AFE000201B803C281B903C301BD822381BD832B9
:10AFF000401B003D481B103D501BD824581BD83423
:10B00000601B803D681B903D701BD826781BD8368E
:10B01000801B083C881B183C901BD828981BD838EC
:10B02000A01B883CA81B983CB01BD82AB81BD83A58
:10B03000C01B083DC81BD81CD01BD82CD81BD83C23
:10B04000E01B883DE81BD81EF01BD82EF81BD83E0D
:10B05000001C4030081C5030101C1821181C1831DE
:10B06000201CC030281CD030301C1823381C18334A
:10B07000401C4031481C5031501C1825581C1835B4
:10B08000601CC031681CD031701C1827781C183720
:10B09000801C4830881C5830901C1829981C18397E
:10B0A000A01CC830A81CD830B01C182BB81C183BEA
:10B0B000C01C4831C81C181DD01C182DD81C183DA8
:10B0C000E01CC831E81C181FF01C182FF81C183F92
:10B0D000001D4034081D5034101D5821181D5831D2
:10B0E000201DC034281DD034301D5823381D58333E
:10B0F000401D4035481D5035501D5825581D5835A8
:10B10000601DC035681DD035701D5827781D583713
:10B11000801D4834881D5834901D5829981D583971
:10B12000A01DC834A81DD834B01D582BB81D583BDD
:10B13000C01D4835C81D5835D01D582DD81D583D47
:10B14000E01DC835E81D581FF01D582FF81D583F49
:10B15000001E4038081E5038101E9821181E9831C5
:10B16000201EC038281ED038301E9823381E983331
:10B17000401E4039481E5039501E9825581E98359B
:10B18000601EC039681ED039701E9827781E983707
:10B19000801E4838881E5838901E9829981E983965
:10B1A000A01EC838A81ED838B01E982BB81E983BD1
:10B1B000C01E4839C81E5839D01E982DD81E983D3B
:10B1C000E01EC839E81E981FF01E982FF81E983F01
:10B1D000001F403C081F503C101FD821181FD831B9
:10B1E000201FC03C281FD03C301FD823381FD83325
:10B1F000401F403D481F503D501FD825581FD8358F
:10B20000601FC03D681FD03D701FD827781FD837FA
:10B21000801F483C881F583C901FD829981FD83958
:10B22000A01FC83CA81FD83CB01FD82BB81FD83BC4
:10B23000C01F483DC81F583DD01FD82DD81FD83D2E
:10B24000E01FC83DE81FD83DF01FD82FF81FD83F9A
:10B25000082080201020202018202030282080283E
:10B260003020202238202032402000214820C020D9
:10B270005020202458202034602010246820C0282A
:10B2800070202026782020368820803090202028AA
:10B2900098202038A0200830A8208038B020202A0C
:10B2A000B820203AC0200821C820C030D020202C4F
:10B2B000D820203CE0200831E820C038F020202EA3
:10B2C000F820203E00210024082180211021102494
:10B2D000182160302021202428218029302160225B
:10B2E00038216032402100254821C02150216024AE
:10B2F00058216034602150246821C02970216026C3
:10B3000078216036802108248821803190216028AE
:10B3100098216038A0210834A8218039B021602A02
:10B32000B821603AC0210825C821C031D021602C45
:10B33000D821603CE0210835E821C039F021602E99
:10B34000F821603E002200300822803010220830B0
:10B350001822A03020221030282288283022A02253
:10B360003822A032402240304822C0305022A0244F
:10B370005822A034602250306822C8287022A026AB
:10B380007822A03680222030882288309022A0287F
:10B390009822A038A0221830A8228838B022A02AEB
:10B3A000B822A03AC0226030C822C830D022A02CD7
:10B3B000D822A03CE0221831E822C838F022A02E82
:10B3C000F822A03E002300310823803110230831E9
:10B3D0001823E03020231031282388293023183106
:10B3E0003823E032402340314823C0315023E02449
:10B3F0005823E034602350316823C8297023E026A5
:10B400007823E03680231824882388319023E0288D
:10B410009823E038A0231834A8238839B023E02AE1
:10B42000B823E03AC0231825C823C831D023E02C24
:10B43000D823E03CE0231835E823C839F023E02E78
:10B44000F823E03E082480241024202418242031EE
:10B450002824802C30241031382420334024002527
:10B460004824C02450242025582420356024102549
:10B470006824C02C70242027782420378824803426
:10B480009024202998242039A0244830A824803CE6
:10B49000B024202BB824203BC0240825C824C03465
:10B4A000D024202DD824203DE0244831E824C03C7D
:10B4B000F024202FF824203F082580251025202562
:10B4C000182560312825802D3025503138256033EE
:10B4D0004825C02550256025582560356825C02D94
:10B4E000702560277825603788258035902560296C
:10B4F00098256039A0254834A825803DB025602BCB
:10B50000B825603BC825C035D025602DD825603DC5
:10B51000E0254835E825C03DF025602FF825603F3F
:10B520000026003408268034102608341826A0315E
:10B53000202610342826882C302618343826A033AC
:10B54000402640344826C034502648345826A0357A
:10B55000602650346826C82C7026A0277826A0378D
:10B5600080262034882688349026A0299826A03961
:10B57000A0265830A826883CB026A02BB826A03B91
:10B58000C0266034C826C834D026A02DD826A03DB9
:10B59000E0265831E826C83CF026A02FF826A03F28
:10B5A0000027003508278035102708351827E03197
:10B5B000202710352827882D302718353827E033E5
:10B5C000402740354827C035502748355827E035B3
:10B5D000602750356827C82D7027E0277827E03787
:10B5E00080272035882788359027E0299827E0395B
:10B5F000A0275834A827883DB027E02BB827E03B88
:10B60000C0276035C827C835D027E02DD827E03DB2
:10B61000E0275835E827C83DF027E02FF827E03F1E
:10B620000828202810288028182828302828902822
:10B6300030288828382828324028002C4828202CF8
:10B640005028802C582828346028082C6828D028B6
:10B650007028882C78282836882890309828283810
:10B66000A0282830A8289038B028282AB828283AB6
:10B67000C028102CC828D030D028282CD828283C06
:10B68000E028182CE828D038F028282EF828283E62
:10B690000029002C0829082C1029102C18296830A2
:10B6A0002029202C282990293029D03038296832A7
:10B6B0004029402C4829602C5029C02C5829683436
:10B6C0006029482C6829D0297029C82C7829683627
:10B6D0008029802C882990319029282C9829683835
:10B6E000A0292834A8299039B029682AB829683AAD
:10B6F000C029502CC829D031D029682CD829683CC1
:10B70000E029582CE829D039F029682EF829683E1C
:10B71000002A0038082A2038102A8038182AA83031
:10B72000202A0838282A2838302A8838382AA83287
:10B73000402A003C482A203C502A803C582AA83401
:10B74000602A083C682A283C702A883C782AA83657
:10B75000802A1038882A9830902A9038982AA83859
:10B76000A02A1838A82A9838B02A9838B82AA83AAF
:10B77000C02A103CC82AD830D02AA82CD82AA83CE5
:10B78000E02A183CE82AD838F02AA82EF82AA83E41
:10B79000002B4038082B6038102BC038182BE830AD
:10B7A000202B4838282B6838302BC838382BE83203
:10B7B000402B403C482B603C502BC03C582BE8347D
:10B7C000602B483C682B683C702BC83C782BE836D3
:10B7D000802B5038882B9831902BD038982BE83814
:10B7E000A02B5838A82B9839B02BD838B82BE83A6A
:10B7F000C02B503CC82BD831D02BE82CD82BE83CA0
:10B80000E02B583CE82BD839F02BE82EF82BE83EFB
:10B81000082C202C102C802C182C2831282C902C13
:10B82000302C9031382C2833402C002D482C202DE2
:10B83000502C802D582C2835602C082D682CD02CAD
:10B84000702C882D782C2837882C9034982C283907
:10B85000A02C6830A82C903CB02C6838B82C283B21
:10B86000C02C102DC82CD034D02C282DD82C283DFD
:10B87000E02C182DE82CD03CF02C282FF82C283F59
:10B88000082D202D102D802D182D6831282D902D5C
:10B89000302DD031382D6833482D602D502DC02DDE
:10B8A000582D6835682DD02D702DC82D782D68370E
:10B8B000882D9035982D6839A02D6834A82D903D9D
:10B8C000B02D683CB82D683BC82DD035D82D683DCB
:10B8D000E02D6835E82DD03DF02D682FF82D683F1C
:10B8E000002E0039082E2039102E8039182EA8314C
:10B8F000202E0839282E2839302E8839382EA833A2
:10B90000402E003D482E203D502E803D582EA8351B
:10B91000602E083D682E283D702E883D782EA83771
:10B92000802E1039882E9834902E9039982EA83970
:10B93000A02E1839A82E983CB02E9839B82EA83BC6
:10B94000C02E103DC82ED834D02E903DD82EA83D04
:10B95000E02E183DE82ED83CF02EA82FF82EA83F58
:10B96000002F4039082F6039102FC039182FE831C7
:10B97000202F4839282F6839302FC839382FE8331D
:10B98000402F403D482F603D502FC03D582FE83597
:10B99000602F483D682F683D702FC83D782FE837ED
:10B9A000802F5039882F9835902FD039982FE8392B
:10B9B000A02F5839A82F983DB02FD839B82FE83B81
:10B9C000C02F503DC82FD835D02FD03DD82FE83DBF
:10B9D000E02F583DE82FD83DF02FD83DF82FE83F15
:10B9E0001830303038303032403000314830083193
:10B9F00050301031583030346030203168302831C8
:10BA000070301834783030368830A0309830303884
:10BA1000A830A038B0308838B830303AC0308031E3
:10BA2000C830E030D0309031D830303CE030883110
:10BA3000E830E038F0308839F830303E00310034FA
:10BA400008310834103110341831183420312034C2
:10BA500028312834303130343831703240310035BB
:10BA60004831083550311035583170346031203547
:10BA700068312835703158347831703680318034EF
:10BA80008831A0319031903498317038A0318834A9
:10BA9000A831A039B031883CB831703AC031803516
:10BAA000C831E031D0319035D831703CE031883543
:10BAB000E831E039F031883DF831703E003200382D
:10BAC000083280381032083818328838203210385E
:10BAD00028329038303218383832B032403240385C
:10BAE0004832C038503248385832B034603250385A
:10BAF0006832D038703258387832B03680322038D8
:10BB00008832A038903228389832B038A032303895
:10BB1000A832A838B0329838B832B03AC03260385B
:10BB2000C832E038D0326838D832B03CE0327038B1
:10BB3000E832E838F0329839F832B03E0033003954
:10BB400008338039103308391833883920331039D5
:10BB500028339039303318393833983940334039E5
:10BB60004833C039503348395833F0346033503992
:10BB70006833D039703358397833F0368033203910
:10BB80008833A039903328399833F038A03398346B
:10BB9000A833A839B033983CB833F03AC033603991
:10BBA000C833E039D0336839D833F03CE0339835C6
:10BBB000E833E839F033983DF833F03E1834303448
:10BBC000383418394034003548340835503410358D
:10BBD00058343035603420356834283570341835A1
:10BBE000783430378834A03498343039A834A03CC5
:10BBF000B034C838B834303BC0348035C834E03451
:10BC0000D0349035D834303DE0348835E834E03CE9
:10BC1000F034C839F834303F1835303538355839B4
:10BC200058357035783570378835A0359835703986
:10BC3000A835A03DB035C83CB835703BC835E035B7
:10BC4000D835703DE835E03DF035C83DF835703FFA
:10BC50000036003C0836803C1036083C1836883CDC
:10BC60002036103C2836903C3036183C3836983C0C
:10BC70004036403C4836C03C5036483C5836C83CBC
:10BC80006036503C6836D03C7036583C7836B03719
:10BC90008036203C8836A03C9036283C9836B03917
:10BCA000A036303CA836A83CB036D838B836B03BC1
:10BCB000C036603CC836E03CD036683CD836B03D33
:10BCC000E036703CE836E83CF036D839F836B03F1C
:10BCD0000037003D0837803D1037083D1837883D54
:10BCE0002037103D2837903D3037183D3837983D84
:10BCF0004037403D4837C03D5037483D5837C83D34
:10BD00006037503D6837D03D7037583D7837F03751
:10BD10008037203D8837A03D9037283D9837F0394F
:10BD2000A037303DA837A83DB037D83CB837F03BF6
:10BD3000C037603DC837E03DD037683DD837F03D6B
:10BD4000E037703DE837E83DF037D83DF837F03F51
:10BD50003838983840380039483808395038103960
:10BD600058381839603820396838283970383039EF
:10BD70007838983CA838B038B838383AC038803964
:10BD8000C8388839D0389039D838383CE038A039AC
:10BD9000E838F038F838383EF038A8390039003C37
:10BDA0000839083C1039103C1839183C2039203C1F
:10BDB0002839283C3039303C3839383C4039003D4E
:10BDC0004839083D5039103D5839183D6039203DFB
:10BDD0006839283D7039303D7839D83C8039803C0D
:10BDE0008839883C9039903C9839983CA039A03CDF
:10BDF000A839B039B839783AB039A83CC039803D53
:10BE0000C839883DD039903DD839783CE039A03DDB
:10BE1000E839F039F839783EF039A83D083A103A57
:10BE2000103A203A183A303A203A803A283A903A72
:10BE3000303AA03A383AB03A403A003B483A103BE0
:10BE4000503A203B583A303B603A803B683A903B4E
:10BE5000703AA03B783AB03B883AA03A983AB03A68
:10BE6000A83AB03AC03A083BC83A183BD03A283B07
:10BE7000D83AB83CE03A883BE83A983BF03AA83BDD
:10BE8000F83AB83E003B003E083B103E103B203ED7
:10BE9000183B303E203B803E283B903E303BA03E4E
:10BEA000383BB03E403B003F483B103F503B203FBB
:10BEB000583B303F603B803F683B903F703BA03F2A
:10BEC000783BB03F803B083E883B183E903B283E85
:10BED000983B383EA03B883EA83B983EB03BA83EEE
:10BEE000B83BB83EC03B083FC83B183FD03B283F5B
:10BEF000D83BF83CE03B883FE83B983FF03BA83F0D
:10BF0000F83BF83E383C983C403C003D483C083DFE
:10BF1000503C103D583C183D603C203D683C283D5D
:10BF2000703C303D783C983DA83CB03CB83CB03EBD
:10BF3000C03C803DC83C883DD03C903DD83C383D1D
:10BF4000E03CA03DE83CF03CF03CA83DF83C383FEC
:10BF5000383D983D783DD83DA83DB03DB83DB03F17
:10BF6000E83DF03D083E803EF83D783F103E803E83
:10BF7000183E883E203E803E283E903E303E883E21
:10BF8000383E983E403E003F483E203F503E803F76
:10BF9000583EA03F603E083F683E283F703E883FC5
:10BFA000783EA83F883EA03E983EA83EC03E103F47
:10BFB000A83EB03EC83E303FD03E903FD83EB03F56
:10BFC000E03E183FE83E383FF03E983F083F803F54
:10BFD000F83EB83F103F803F183F883F203F803FEA
:10BFE000283F903F303F883F383F983F483F503F81
:10BFF000503F603F583F703F603FC03F683FD03F79
:10C00000703FE03F783FF03F883FA03F983FA83F18
:10C01000A83FB03FD83FF03FC83FE03FE83FF03F88
:10C020000800000210000004180000062000400074
:10C0300028004002300040043800400640008000E4
:10C040004800800250008004580080066000C00054
:10C050006800C0027000C0047800C00680000001C3
:10C06000880000039000000598000007A000400130
:10C07000A8004003B0004005B8004007C0008001A0
:10C08000C8008003D0008005D8008007E000C00110
:10C09000E800C003F000C005F800C007000100027E
:10C0A0000801080210010804180108062001800296
:10C0B00028014802300148043801480640010003C5
:10C0C00048018802500188045801880660018003F5
:10C0D0006801C8027001C8047801C806800108021E
:10C0E000880108039001080598010807A00188024B
:10C0F000A8014803B0014805B8014807C00108037A
:10C10000C8018803D0018805D8018807E0018803A9
:10C11000E801C803F001C805F801C80708021002C9
:10C12000000200041002100418021006200280040D
:10C130002802500230025004380250064002000526
:10C140004802900250029004580290066002800556
:10C150006802D0027002D0047802D006800208047F
:10C16000880210039002100598021007A0028804AC
:10C17000A8025003B0025005B8025007C0020805DB
:10C18000C8029003D0029005D8029007E00288050B
:10C19000E802D003F002D005F802D0070003000641
:10C1A000080310061003180418031806200380065D
:10C1B000280390063003580438035806400300074C
:10C1C000480310075003980458039806600380073B
:10C1D000680390077003D8047803D8068003080624
:10C1E000880318069003180598031807A00388060B
:10C1F000A8039806B0035805B8035807C0030807FA
:10C20000C8031807D0039805D8039807E0038807E8
:10C21000E8039807F003D805F803D807080480045A
:10C22000100420041804200628048005300460044B
:10C230003804600640040006480488045004A00442
:10C240005804A00660041006680488057004E00421
:10C250007804E006880480069004200598042007EE
:10C26000A0040806A8048007B0046005B8046007AD
:10C27000C0042006C8048806D004A005D804A0077E
:10C28000E0041806E8048807F004E005F804E00775
:10C2900008052005100580051805280628059005C5
:10C2A0003005880538056806400500074805200761
:10C2B000500580075805A806600508076805980519
:10C2C000700588077805E806880590069805280710
:10C2D000A0052806A8059007B0052807B805680737
:10C2E000C0051007C8059806D0059007D805A8070F
:10C2F000E0051807E8059807F0059807F805E8072E
:10C300001806300638067006400600074806800703
:10C31000500608075806B006600610076806900722
:10C32000700618077806F0068806A00698063007FB
:10C33000A806A007B0068807B8067007C006200741
:10C34000C806A007D0062807D806B007E0063007C1
:10C35000E806A807F0069807F806F0074807500710
:10C360003807980750076007580770076007C0072D
:10C370006807D0077807F0077007E007B807F007ED
:10C38000A807B007D807F007C807E007E807F007D5
:10C3900008004000100080001800C000200040008D
:10C3A00028004800300088003800C80040008000A5
:10C3B000480050005800D000500090006000C000BD
:10C3C0006800D000700098007800D8008800C00095
:10C3D0009000A000A800D0009800E000B000D000BD
:10C3E000B800E800D800F000C800E000E800F00065
:10C3F00008000002100000041800000620000008D9
:10C400002800000A3000000C3800000E48004002EE
:10C410005000400458004006600040086800400A90
:10C420007000400C7800400E88008002900080046C
:10C4300098008006A0008008A800800AB000800C48
:10C44000B800800EC800C002D000C004D800C006EA
:10C45000E000C008E800C00AF000C00CF800C00E00
:10C460000801000310010005180100072001000960
:10C470002801000B3001000D3801000F4801400376
:10C480005001400558014007600140096801400B18
:10C490007001400D7801400F8801800390018005F4
:10C4A00098018007A0018009A801800BB001800DD0
:10C4B000B801800FC801C003D001C005D801C00772
:10C4C000E001C009E801C00BF001C00DF801C00F88
:10C4D0001002080418020806200208082802080AA8
:10C4E0003002080C3802080E500248045802480670
:10C4F000600248086802480A7002480C7802480E38
:10C500009002880498028806A0028808A802880A77
:10C51000B002880CB802880ED002C804D802C8063F
:10C52000E002C808E802C80AF002C80CF802C80E07
:10C530001003080518030807200308092803080B3F
:10C540003003080D3803080F500348055803480707
:10C55000600348096803480B7003480D7803480FCF
:10C560009003880598038807A0038809A803880B0F
:10C57000B003880DB803880FD003C805D803C807D7
:10C58000E003C809E803C80BF003C80DF803C80F9F
:10C5900018041006200410082804100A3004100C97
:10C5A0003804100E58045006600450086804500AFD
:10C5B0007004500C7804500E98049006A004900863
:10C5C000A804900AB004900CB804900ED804D006C9
:10C5D000E004D008E804D00AF004D00CF804D00E2F
:10C5E00018051007200510092805100B3005100D3F
:10C5F0003805100F58055007600550096805500BA5
:10C600007005500D7805500F98059007A00590090A
:10C61000A805900BB005900DB805900FD805D00770
:10C62000E005D009E805D00BF005D00DF805D00FD6
:10C63000200618082806180A3006180C3806180EA6
:10C64000600658086806580A7006580C7806580E96
:10C65000A0069808A806980AB006980CB806980E86
:10C66000E006D808E806D80AF006D80CF806D80E76
:10C67000200718092807180B3007180D3807180F5E
:10C68000600758096807580B7007580D7807580F4E
:10C69000A0079809A807980BB007980DB807980F3E
:10C6A000E007D809E807D80BF007D80DF807D80F2E
:10C6B0002808200A3008200C3808200E6808600A74
:10C6C0007008600C7808600EA808A00AB008A00CDA
:10C6D000B808A00EE808E00AF008E00CF808E00E40
:10C6E0002809200B3009200D3809200F6809600B3C
:10C6F0007009600D7809600FA809A00BB009A00DA2
:10C70000B809A00FE809E00BF009E00DF809E00F07
:10C71000300A280C380A280E700A680C780A680E4D
:10C72000B00AA80CB80AA80EF00AE80CF80AE80E3D
:10C73000300B280D380B280F700B680D780B680F25
:10C74000B00BA80DB80BA80FF00BE80DF80BE80F15
:10C75000380C300E780C700EB80CB00EF80CF00ED1
:10C76000380D300F780D700FB80DB00FF80DF00FB9
:10C7700008004000100080001800C00020000001E8
:10C7800028004001300080013800C00150008800BE
:10C790005800C80060000801680048017000880166
:10C7A0007800C8019800D000A0001001A800500136
:10C7B000B0009001B800D001E0001801E800580175
:10C7C000F0009801F800D801280160013001A001B3
:10C7D0003801E0017001A8017801E801B801F00119
:10C7E00000040000A4E9010888920108080700007D
:10C7F00080000000A409020898A00108D0000000F1
:10C8000010000000A40D020838A201081400000066
:10C8100000080000240E020860A20108E00E0000DB
:10C8200000010000244E020820C00108B8010000E9
:10C83000200000002456020890C3010830000000C8
:10C840000002000024570208F0C30108C0010000E4
:10C85000400000002467020870C70108380000008B
:10C8600000000000000000000000000000000000C8
:10C8700000000000000000000000000000000000B8
:10C8800000000000000000000000000000000000A8
:10C890000000000000000000000000000000000098
:10C8A00000000000000000000000000003C003C002
:10C8B00003C003C003C003C001C001800180018028
:10C8C00001800180018001800180000000000000E3
:10C8D000018003C003C001800000000000000000D0
:10C8E000000000000318073807380E700C6018C0ED
:10C8F0003180210000000000000000000000000066
:10C900000000000000000000000000000000000027
:10C910000000000000000000000000000000000017
:10C9200000000000000000000000000004080408EF
:10C930000408040804087FFE7FFE7FFE081008102C
:10C9400008100810081008107FFE7FFE7FFE1830C8
:10C950001020102010201020000000000000000017
:10C9600000000000000000000100010003C00D30C5
:10C9700009181918193819381D000D000F00070083
:10C9800003C001E001F001300138011839183918ED
:10C9900031183130196007C00100010001000000AA
:10C9A00000000000000000000000000038106C10C3
:10C9B0004420C620C640C640C640C680C6804480CB
:10C9C0006D38396C024402C602C604C604C608C6E5
:10C9D00008C60844106C1038000000000000000079
:10C9E0000000000000000000000000000F0019001F
:10C9F0003180318031803180310033003A001C00B9
:10CA0000387C3C104C10CE10C620C720C320C1C0BB
:10CA1000C1C260E6317C1E3800000000000000004A
:10CA20000000000038003C003C000C000C00080036
:10CA30003000600000000000000000000000000066
:10CA400000000000000000000000000000000000E6
:10CA500000000000000000000000000000000000D6
:10CA60000000000000020004000800180030002050
:10CA70000060004000C000C0018001800180018092
:10CA80000180018001800180018000C000C0004061
:10CA900000600020003000180008000400020000C0
:10CAA0000000000040002000100018000C000400EE
:10CAB0000600020003000300018001800180018064
:10CAC00001800180018001800180030003000300D8
:10CAD000060004000C0018001000200040000000B8
:10CAE0000000000000000000000000000000000046
:10CAF00000C001C001C030C6388E1C9C06B001C009
:10CB000001C006B01C9C388E318601C001C001C036
:10CB10000000000000000000000000000000000015
:10CB20000000000000000000000000000000000005
:10CB30000000008000800080008000800080008075
:10CB40003FFE008000800080008000800080008028
:10CB500000000000000000000000000000000000D5
:10CB600000000000000000000000000000000000C5
:10CB700000000000000000000000000000000000B5
:10CB800000000000000000000000000000000000A5
:10CB900038003C003C000C000C0008003000600035
:10CBA0000000000000000000000000000000000085
:10CBB0000000000000000000000000000000000075
:10CBC0007FFE0000000000000000000000000000E8
:10CBD0000000000000000000000000000000000055
:10CBE0000000000000000000000000000000000045
:10CBF0000000000000000000000000000000000035
:10CC00000000000000000000000000000000000024
:10CC100018003C003C00180000000000000000006C
:10CC2000000000000000000200060004000C0008E4
:10CC300000180010003000200060004000C000809C
:10CC40000180010003000200060004000C0008003F
:10CC500018001000300020006000400000000000BC
:10CC600000000000000000000000000003C00620DB
:10CC70000C30181818181808300C300C300C300C08
:10CC8000300C300C300C300C300C300C18081818EC
:10CC900018180C30062003C000000000000000003F
:10CCA0000000000000000000000000000080018083
:10CCB0001F8001800180018001800180018001804E
:10CCC000018001800180018001800180018001805C
:10CCD0000180018003C01FF8000000000000000078
:10CCE00000000000000000000000000007E008381D
:10CCF0001018200C200C300C300C000C0018001800
:10CD00000030006000C00180030002000404080439
:10CD10001004200C3FF83FF8000000000000000065
:10CD200000000000000000000000000007C01860C4
:10CD300030303018301830180018001800300060FB
:10CD400003C0007000180008000C000C300C300C00
:10CD500030083018183007C0000000000000000044
:10CD60000000000000000000000000000060006003
:10CD700000E000E00160016002600460046008609F
:10CD8000086010603060206040607FFC00600060E0
:10CD900000600060006003FC000000000000000074
:10CDA0000000000000000000000000000FFC0FFC6D
:10CDB00010001000100010001000100013E01430DC
:10CDC00018181008000C000C000C000C300C300C73
:10CDD00020182018183007C00000000000000000D4
:10CDE00000000000000000000000000001E0061844
:10CDF0000C180818180010001000300033E036300E
:10CE000038183808300C300C300C300C300C180C42
:10CE100018080C180E3003E00000000000000000AD
:10CE20000000000000000000000000001FFC1FFCCC
:10CE3000100830102010202000200040004000404A
:10CE400000800080010001000100010003000300D8
:10CE500003000300030003000000000000000000C6
:10CE600000000000000000000000000007E00C309F
:10CE70001818300C300C300C380C38081E180F20E5
:10CE800007C018F030783038601C600C600C600C03
:10CE9000600C3018183007C00000000000000000CF
:10CEA00000000000000000000000000007C0182083
:10CEB000301030186008600C600C600C600C600C66
:10CEC000701C302C186C0F8C000C0018001800100F
:10CED0003030306030C00F800000000000000000E3
:10CEE0000000000000000000000000000000000042
:10CEF00000000000000000000000018003C003C02B
:10CF000001800000000000000000000000000000A0
:10CF1000018003C003C00180000000000000000089
:10CF20000000000000000000000000000000000001
:10CF300000000000000000000000000003800380EB
:10CF4000038000000000000000000000000000005E
:10CF500000000380038003800180030003000000C1
:10CF600000000000000000000000000000040008B5
:10CF700000100020004000800100020004000800B2
:10CF800010001000080004000200010000800040B2
:10CF90000020001000080004000000000000000055
:10CFA0000000000000000000000000000000000081
:10CFB000000000000000000000007FFE00000000F4
:10CFC0000000000000007FFE0000000000000000E4
:10CFD0000000000000000000000000000000000051
:10CFE0000000000000000000000000002000100011
:10CFF0000800040002000100008000400020001032
:10D00000000800080010002000400080010002001D
:10D0100004000800100020000000000000000000D4
:10D0200000000000000000000000000003E00C18F9
:10D03000180C10063006380638063806000C0018A2
:10D04000007000C0008000800080008000000000B0
:10D05000018003C003C00180000000000000000048
:10D0600000000000000000000000000003E00610C7
:10D070000C08180430D431B22132633263226622A4
:10D080006622662266626664666426E83330300291
:10D090001004180C0C1803E0000000000000000051
:10D0A000000000000000000000000000038003807A
:10D0B0000380038004C004C004C004C00C400860A6
:10D0C0000860086018201FF0103010301030201851
:10D0D00020182018601CF83E00000000000000002E
:10D0E0000000000000000000000000007FE0183891
:10D0F0001818180C180C180C180C180C18181830D4
:10D100001FE01818180C1804180618061806180638
:10D110001806180C18187FF000000000000000002E
:10D1200000000000000000000000000003E0061CFA
:10D13000080C180630023002300060006000600009
:10D14000600060006000600060006000300230023B
:10D15000100418080C1003E000000000000000009C
:10D160000000000000000000000000007FC01870F8
:10D1700018181808180C180C18061806180618069F
:10D18000180618061806180618061804180C180CA5
:10D190001818181818607FC0000000000000000078
:10D1A0000000000000000000000000007FFC180CE0
:10D1B0001804180218021800180018101810183057
:10D1C0001FF0183018101810180018001800180256
:10D1D00018021804180C7FFC00000000000000007A
:10D1E0000000000000000000000000007FFC181C90
:10D1F0001804180218021800180018101810183017
:10D200001FF0183018101810181018001800180007
:10D210001800180018007E00000000000000000048
:10D2200000000000000000000000000003C00C30FF
:10D2300008101818300830082000600060006000F6
:10D2400060006000607E6018601820183018301888
:10D25000101818180C2007C0000000000000000083
:10D26000000000000000000000000000FC3F300C47
:10D27000300C300C300C300C300C300C300C300CCE
:10D280003FFC300C300C300C300C300C300C300CBF
:10D29000300C300C300CFC3F00000000000000009F
:10D2A0000000000000000000000000001FF80180E6
:10D2B0000180018001800180018001800180018066
:10D2C0000180018001800180018001800180018056
:10D2D0000180018001801FF80000000000000000B4
:10D2E00000000000000000000000000007FE0060D9
:10D2F000006000600060006000600060006000602E
:10D30000006000600060006000600060006000601D
:10D310000060006000600060706070C071803F005D
:10D320000000000000000000000000007E7C1830BB
:10D3300018201860184018801880190019001B0068
:10D340001D801D8018C018C0186018601830183073
:10D350001830181818187E3E000000000000000069
:10D360000000000000000000000000007E00180027
:10D3700018001800180018001800180018001800ED
:10D3800018001800180018001800180018001802DB
:10D3900018021804180C7FFC0000000000000000B8
:10D3A000000000000000000000000000F00F381C2A
:10D3B000381C381C381C382C2C2C2C2C2C2C2C4C8D
:10D3C0002C4C264C264C264C268C228C238C238CD1
:10D3D000230C230C210CF13F000000000000000092
:10D3E000000000000000000000000000F01F3804F2
:10D3F00038042C042C04260426042304230421844A
:10D40000218420C420C42064206420342034201CC3
:10D41000201C200C200CF80400000000000000007C
:10D4200000000000000000000000000003C00C30FD
:10D4300018181008300C300C600460066006600696
:10D44000600660066006600660062006300C300C40
:10D45000100818180C3003C0000000000000000085
:10D460000000000000000000000000007FF018181D
:10D47000180C180618061806180618061806180CB0
:10D4800018181FE0180018001800180018001800DD
:10D490001800180018007E000000000000000000C6
:10D4A00000000000000000000000000003C00C307D
:10D4B00018181008300C300C600660066006600614
:10D4C000600660066006600660066006278438CC49
:10D4D000386C18780C7003E00032003C001C00002F
:10D4E0000000000000000000000000007FE018388D
:10D4F0001818180C180C180C180C180C18181830D0
:10D500001FE018C018C01860186018601830183074
:10D510001830181818187E1E0000000000000000C7
:10D520000000000000000000000000000FC8187894
:10D530003018601860086008600070003C001F0030
:10D5400007C001F000780018001C400C400C600C73
:10D55000200C3018383027E00000000000000000E8
:10D560000000000000000000000000003FFC3184CB
:10D5700021864182418201800180018001800180F9
:10D580000180018001800180018001800180018093
:10D5900001800180018007E0000000000000000021
:10D5A000000000000000000000000000FC3E300809
:10D5B00030083008300830083008300830083008AB
:10D5C000300830083008300830083008300830089B
:10D5D000300818101C2007C00000000000000000E8
:10D5E0000000000000000000000000007C1E180C7D
:10D5F0001808180818080C100C100C100C100C202F
:10D600000620062006200640034003400340038016
:10D610000180018001000100000000000000000006
:10D62000000000000000000000000000F3CF618651
:10D6300061842184208430C431C431C431C831C8EC
:10D6400011C812481A681A681A701C700C700C7095
:10D650000C300C2008200820000000000000000012
:10D660000000000000000000000000007C3E1808E0
:10D6700018100C100C200620064003400380018087
:10D680000180018001C002C00260046004700830A3
:10D6900008301818101C7C3E00000000000000003C
:10D6A0000000000000000000000000007E3E38087E
:10D6B000180818100C100C100C200620062003402F
:10D6C000034003800180018001800180018001808E
:10D6D00001800180018007E00000000000000000E0
:10D6E0000000000000000000000000001FFE1C0CF5
:10D6F000180C3018201800300060006000C000C016
:10D700000180018003000300060006000C001802DF
:10D7100018063004301C7FFC0000000000000000F0
:10D7200000000000000003FC0300030003000300EE
:10D7300003000300030003000300030003000300D1
:10D7400003000300030003000300030003000300C1
:10D750000300030003000300030003FC00000000BB
:10D760000000000000000000000018001800080081
:10D770000C00040006000600020003000100018006
:10D780000180008000C00040006000600030003078
:10D79000003000180018000C000C000C00060000FF
:10D7A0000000000000003FC000C000C000C000C07A
:10D7B00000C000C000C000C000C000C000C000C069
:10D7C00000C000C000C000C000C000C000C000C059
:10D7D00000C000C000C000C000C03FC0000000008A
:10D7E0000000000003C003E0062008100000000055
:10D7F0000000000000000000000000000000000029
:10D800000000000000000000000000000000000018
:10D810000000000000000000000000000000000008
:10D8200000000000000000000000000000000000F8
:10D8300000000000000000000000000000000000E8
:10D8400000000000000000000000000000000000D8
:10D850000000000000000000000000000000FFFFCA
:10D86000000000001E000300008000000000000017
:10D8700000000000000000000000000000000000A8
:10D880000000000000000000000000000000000098
:10D890000000000000000000000000000000000088
:10D8A0000000000000000000000000000000000078
:10D8B0000000000000000000000007E018303018F1
:10D8C00030183018003807D81C1830186018601845
:10D8D0006018601930791F8E000000000000000001
:10D8E00000000000000000000000080078001800A0
:10D8F0001800180018001800180019E01A381C1831
:10D900001C0C180C180C180C180C180C180C180CF3
:10D9100018081C181C3013E0000000000000000074
:10D9200000000000000000000000000000000000F7
:10D930000000000000000000000003E00E100C18C2
:10D94000181830183000300030003000300030043B
:10D95000180418080C1003E000000000000000008C
:10D96000000000000000000000000008007800181F
:10D970000018001800180018001807D80C381818DC
:10D98000181830183018301830183018301830186F
:10D99000101818380C5E079000000000000000000E
:10D9A0000000000000000000000000000000000077
:10D9B0000000000000000000000003C00C30081848
:10D9C0001808300C300C300C3FFC300030003000B8
:10D9D000180418080E1803E0000000000000000002
:10D9E000000000000000000000000000007C018634
:10D9F000010603060300030003003FF803000300D1
:10DA000003000300030003000300030003000300FE
:10DA10000300030003001FF00000000000000000EE
:10DA200000000000000000000000000000000000F6
:10DA30000000000000000000000003EE0C36081893
:10DA400018181818181808180C300FE018001800CB
:10DA50001FC00FF8181C300C300C300C181807E0E1
:10DA6000000000000000000000000800780018001E
:10DA70001800180018001800180019E01A301C18B7
:10DA80001818181818181818181818181818181816
:10DA90001818181818187E7E0000000000000000FA
:10DAA000000000000000000000000000018003C032
:10DAB000018000000000000000801F8001800180C4
:10DAC000018001800180018001800180018001804E
:10DAD0000180018001801FF80000000000000000AC
:10DAE0000000000000000000000000000038007886
:10DAF0000030000000000000001003F00030003093
:10DB00000030003000300030003000300030003095
:10DB100000300030003000300030186018400F80B6
:10DB2000000000000000000000000800780018005D
:10DB300018001800180018001800187C1830182059
:10DB40001840188019801B801EC01CC01860183037
:10DB500018301818181C7E3E00000000000000005D
:10DB60000000000000000000000000801F80018015
:10DB7000018001800180018001800180018001809D
:10DB8000018001800180018001800180018001808D
:10DB90000180018001801FF80000000000000000EB
:10DBA0000000000000000000000000000000000075
:10DBB00000000000000000002000EF3C71C66186FC
:10DBC000618661866186618661866186618661861D
:10DBD000618661866186F3CF0000000000000000CE
:10DBE0000000000000000000000000000000000035
:10DBF0000000000000000000000009E07A301C185E
:10DC00001818181818181818181818181818181894
:10DC10001818181818187E7E000000000000000078
:10DC200000000000000000000000000000000000F4
:10DC30000000000000000000000003C00C300818C5
:10DC40001818100C300C300C300C300C300C300C20
:10DC5000181818180C3003C0000000000000000065
:10DC600000000000000000000000000000000000B4
:10DC70000000000000000000000009E07A301C18DD
:10DC80001808180C180C180C180C180C180C180C78
:10DC900018181C181E3019E01800180018007E0013
:10DCA0000000000000000000000000000000000074
:10DCB0000000000000000000000003C80C781838C5
:10DCC000181830183018301830183018301830182C
:10DCD000101818380C780798001800180018007EE3
:10DCE0000000000000000000000000000000000034
:10DCF00000000000000000000000061C7E66068692
:10DD00000780070006000600060006000600060061
:10DD10000600060006007FE0000000000000000092
:10DD200000000000000000000000000000000000F3
:10DD30000000000000000000000003E4061C0C0CC2
:10DD40000C040C040E0007C001F00078001C100C3D
:10DD5000100C180C1C1813F000000000000000004C
:10DD600000000000000000000000000000000000B3
:10DD7000010001000100030007003FF80300030059
:10DD8000030003000300030003000300030003007B
:10DD900003040304018800F00000000000000000FC
:10DDA0000000000000000000000000000000000073
:10DDB0000000000000000000080878781818181803
:10DDC00018181818181818181818181818181818D3
:10DDD000181818380C5E07900000000000000000C2
:10DDE0000000000000000000000000000000000033
:10DDF000000000000000000000007C3E180C180825
:10DE000018180C100C1004200620062003400340B4
:10DE100003C001800180010000000000000000003C
:10DE200000000000000000000000000000000000F2
:10DE300000000000000000000000FBCF618621848C
:10DE40003184318431C811C81AC81A481A700E704A
:10DE50000C700C300C2004200000000000000000BA
:10DE600000000000000000000000000000000000B2
:10DE7000000000000000000000003E7C0C100E10AE
:10DE80000620034003400180018001C0026004605D
:10DE90000430081818187C7E000000000000000004
:10DEA0000000000000000000000000000000000072
:10DEB000000000000000000000007C3E1818181050
:10DEC00008100C10042006200620024003400140E8
:10DED0000180018001000100010002003E003C00C1
:10DEE0000000000000000000000000000000000032
:10DEF000000000000000000000003FF83038303023
:10DF0000206020E000C001800380030006000E04B2
:10DF10000C04180C30183FF800000000000000004E
:10DF200000000000000C0010002000200020002055
:10DF3000002000200020002000200020002000C041
:10DF40000180004000200020002000200020002050
:10DF5000002000200020002000200010000C000005
:10DF600000800080008000800080008000800080B1
:10DF700000800080008000800080008000800080A1
:10DF80000080008000800080008000800080008091
:10DF90000080008000800080008000800080008081
:10DFA000000000001800040002000200020002004D
:10DFB00002000200020002000200020002000180D2
:10DFC00000C0010002000200020002000200020084
:10DFD000020002000200020002000400180000001B
:10DFE00000001E0023004182408200E4003800004F
:10DFF0000000000000000000000000000000000021
:10E000000000000000000000000000000000000010
:10E010000000000000000000000000000000000000
:10E0200000000000000000000000000000000000F0
:10E030000000001010101010101000001010000050
:10E04000001224244800000000000000000000002E
:10E050000000001212127E2424247E2424240000B6
:10E060000000083C4A4A48380C0A0A4A4A3C080858
:10E0700000000044A4A8A8B0541A2A2A4A44000068
:10E0800000000030484848506EA4949889760000FB
:10E0900000602020400000000000000000000000A0
:10E0A00000020408081010101010100808040200E4
:10E0B0000040201010080808080808101020400030
:10E0C000000000001010D63838D6101000000000F4
:10E0D00000000000000808087F0808080000000091
:10E0E0000000000000000000000000006020204050
:10E0F00000000000000000007E00000000000000A2
:10E10000000000000000000000000000606000004F
:10E1100000000204040408081010102020404000F1
:10E1200000000018244242424242424224180000A9
:10E13000000000083808080808080808083E000021
:10E140000000003C4242420204081020427E0000CF
:10E150000000003C4242020418040242423C00001B
:10E16000000000040C0C142424447F04041F00004D
:10E170000000007E404040784402024244380000E3
:10E18000000000182440405C62424242221C000011
:10E190000000007E42040408081010101010000057
:10E1A0000000003C4242422418244242423C00000B
:10E1B0000000003844424242463A0202241800005D
:10E1C00000000000000018180000000018180000EF
:10E1D00000000000000000100000000000101010FF
:10E1E0000000000204081020402010080402000073
:10E1F0000000000000007E00007E00000000000023
:10E200000000004020100804020408102040000014
:10E210000000003C42426204080808001818000090
:10E2200000000038445AAAAAAAAAAA5C423C0000EC
:10E230000000001010182828243C444242E7000047
:10E24000000000F8444444784442424244F800004C
:10E250000000003E424280808080804244380000BE
:10E26000000000F8444242424242424244F8000068
:10E27000000000FC424848784848404242FC000008
:10E28000000000FC424848784848404040E0000018
:10E290000000003C44448080808E84444438000068
:10E2A000000000E7424242427E42424242E7000012
:10E2B0000000007C1010101010101010107C0000D6
:10E2C0000000003E0808080808080808080888F048
:10E2D000000000EE444850705048484444EE0000AE
:10E2E000000000E0404040404040404042FE00000E
:10E2F000000000EE6C6C6C6C6C54545454D60000EE
:10E30000000000C7626252524A4A4A4646E2000092
:10E310000000003844828282828282824438000077
:10E32000000000FC424242427C40404040E000008D
:10E330000000003844828282828282B24C38060019
:10E34000000000FC4242427C4848444442E3000052
:10E350000000003E4242402018040242427C00007D
:10E36000000000FE92101010101010101038000065
:10E37000000000E74242424242424242423C000028
:10E38000000000E74242442424282818101000000E
:10E39000000000D654545454546C282828280000F7
:10E3A000000000E7422424181818242442E7000043
:10E3B000000000EE4444282810101010103800000F
:10E3C0000000007E840408081020204242FC000067
:10E3D000001E1010101010101010101010101E0041
:10E3E000000040202020101010080804040402023D
:10E3F00000780808080808080808080808087800CD
:10E4000000182400000000000000000000000000D0
:10E41000000000000000000000000000000000FFFD
:10E42000006010000000000000000000000000007C
:10E430000000000000000038440C34444C3600005A
:10E4400000000000C040405864424242645800004E
:10E45000000000000000001C22404040221C000080
:10E46000000000000602023E42424242463B0000DB
:10E47000000000000000003C42427E40423C0000A0
:10E48000000000000C12107C10101010107C000016
:10E49000000000000000003E444438403C42423C42
:10E4A00000000000C040405C6242424242E700007F
:10E4B000000000303000007010101010107C0000C0
:10E4C0000000000C0C00001C040404040404447844
:10E4D00000000000C040404E4850704844EE00002C
:10E4E000000000107010101010101010107C0000B0
:10E4F00000000000000000FE4949494949ED0000C4
:10E5000000000000000000DC6242424242E70000DE
:10E51000000000000000003C42424242423C000039
:10E5200000000000000000D864424242645840E00D
:10E53000000000000000001A26424242261A02078C
:10E5400000000000000000EE3220202020F8000033
:10E55000000000000000003E42403C02427C0000FF
:10E56000000000000010107C10101010120C0000B1
:10E5700000000000000000C642424242463B00004C
:10E5800000000000000000EE4444282810100000A5
:10E5900000000000000000DB894A5A5424240000D7
:10E5A000000000000000007624181818246E0000F7
:10E5B00000000000000000E742242418181010603A
:10E5C000000000000000007E44081010227E0000C1
:10E5D0000003040404040404080404040404030001
:10E5E00008080808080808080808080808080808AB
:10E5F00000C0202020202020102020202020C0002B
:10E60000205A04000000000000000000000000008C
:10E61000202020202020202020002020202020201A
:10E62000202020004646543A204348256420467264
:10E6300065713D252E3266487A2C205065616B5FEE
:10E640004572726F723D252E326625252C2052753B
:10E650006E6E696E675F54696D653D25640A00459D
:10E660006E61626C652041444320434825642077F5
:10E670006974682053616D706C6520467265712005
:10E68000252E3266487A0A004E6F7774696D6520D0
:10E6900053616D706C6520467265713D252E326642
:10E6A000487A0A00546F7563682061743A202825FF
:10E6B000642C202564290D0A00476F20746F204FB9
:10E6C000534300476F20746F2047454E0062746EBD
:10E6D0005F676F746F5F6F7363004465736B746F14
:10E6E000702050616765006465735F7469746C6560
:10E6F0000062746E5F676F746F5F67656E004E6572
:10E7000078742052616E6B0A0A0053686F773A2062
:10E710004348256420417661696C61626C655F4C99
:10E72000656E6774683D25750A005365742043481B
:10E7300025642053616D706C65204672657120748C
:10E740006F20252E3266487A0A005670703A2043B0
:10E750004825643D252E3266562C20467265713D53
:10E76000252E3266487A0A004348310062746E5F93
:10E77000636831004348320062746E5F6368320040
:10E7800052657475726E4445530062746E5F7265B3
:10E790007475726E004348313A205670703D302EC9
:10E7A00030305620467265713D302E3030487A2523
:10E7B00073004348323A205670703D302E30305648
:10E7C00020467265713D302E3030487A2573004303
:10E7D0004825643A205670703D252E3266562046F4
:10E7E0007265713D252E3266487A25730063683163
:10E7F0005F7670705F666674006368325F76707013
:10E800005F6666740077665F73686F770031252BEB
:10E81000003130306D562B00316B487A2B0031259A
:10E820002D003130306D562D00316B487A2D007738
:10E83000665F636831007670705F706C75735F63DC
:10E84000683100667265715F706C75735F63683103
:10E8500000647574795F706C75735F6368310076FE
:10E8600070705F6D696E75735F63683100667265A5
:10E87000715F6D696E75735F63683100647574797B
:10E880005F6D696E75735F6368310077665F63689B
:10E8900032007670705F706C75735F63683200660B
:10E8A0007265715F706C75735F6368320064757454
:10E8B000795F706C75735F636832007670705F6D3E
:10E8C000696E75735F63683200667265715F6D694A
:10E8D0006E75735F63683200647574795F6D696E1D
:10E8E00075735F636832005452490053494E0053B8
:10E8F0005155006368315F7670705F6672657100B4
:10E900006368325F7670705F66726571004348318C
:10E910003A205670703D332E305620467265713D58
:10E9200031303030487A20447574793D35302525B2
:10E930002573004348323A205670703D332E3056CE
:10E9400020467265713D31303030487A204475740C
:10E95000793D353025252573004348313A205670DE
:10E96000703D252E31665620467265713D257548ED
:10E970007A20447574793D25752525257300434813
:10E98000323A205670703D252E316656204672650B
:10E99000713D2575487A20447574793D2575252586
:10E9A000257300000000803F00000000C4FE7F3F90
:10E9B000890FC93B11FB7F3F900E493CE6F47F3F36
:10E9C000B6C9963C43EC7F3FB00AC93C29E17F3F82
:10E9D000B949FB3C98D37F3F2CC3163D8FC37F3F83
:10E9E00007E02F3D0FB17F3F2FFB483D189C7F3F35
:10E9F0006814623DAB847F3F742B7B3DC76A7F3FC9
:10EA00000A208A3D6D4E7F3F05A9963D9D2F7F3F91
:10EA10008C30A33D580E7F3F80B6AF3D9DEA7E3FD0
:10EA2000C33ABC3D6DC47E3F36BDC83DC99B7E3FE9
:10EA3000B93DD53DB0707E3F2EBCE13D23437E3FC6
:10EA40007638EE3D24137E3F73B2FA3DB1E07D3F50
:10EA50000295033ECCAB7D3F86CF093E74747D3F6B
:10EA6000B708103EAC3A7D3F8340163E73FE7C3FB4
:10EA7000DE761C3EC9BF7C3FB6AB223EB07E7C3FFB
:10EA8000FCDE283E283B7C3FA2102F3E31F57B3F29
:10EA90009840353ECDAC7B3FCF6E3B3EFC617B3F2B
:10EAA000379B413EBE147B3FC2C5473E16C57A3FE9
:10EAB00060EE4D3E02737A3F0115543E841E7A3F4C
:10EAC00097395A3E9DC7793F135C603E4E6E793F41
:10EAD000667C663E9812793F7F9A6C3E7BB4783FA5
:10EAE00051B6723EF853783FCCCF783E10F1773F65
:10EAF000E1E67E3EC58B773FC07D823E1724773F9F
:10EB0000CE86853E07BA763F938E883E974D763FF8
:10EB100007958B3EC6DE753F229A8E3E976D753FF8
:10EB2000DD9D913E0BFA743F31A0943E2284743FE8
:10EB300017A1973EDD0B743F86A09A3E3F91733F2D
:10EB4000789E9D3E4714733FE59AA03EF894723F2D
:10EB5000C595A33E5213723F128FA63E578F713F49
:10EB6000C486A93E0809713FD47CAC3E6680703FE4
:10EB70003A71AF3E73F56F3FEF63B23E30686F3F5F
:10EB8000EC54B53E9ED86E3F2A44B83EBE466E3F1A
:10EB9000A031BB3E93B26D3F4A1DBE3E1D1C6D3F72
:10EBA0001E07C13E5E836C3F15EFC33E58E86B3FC6
:10EBB00029D5C63E0C4B6B3F53B9C93E7BAB6A3F70
:10EBC0008B9BCC3EA7096A3FCA7BCF3E9165693FCC
:10EBD000095AD23E3CBF683F4136D53EA816683F31
:10EBE0006B10D83ED86B673F80E8DA3ECCBE663FFC
:10EBF00079BEDD3E880F663F4F92E03E0B5E653F7B
:10EC0000FA63E33E59AA643F7533E63E73F4633F0B
:10EC1000B700E93E5A3C633FBBCBEB3E1082623FFC
:10EC20007994EE3E98C5613FEA5AF13EF206613FA3
:10EC3000071FF43E2146603FCBE0F63E27835F3F4F
:10EC40002DA0F93E05BE5E3F275DFC3EBEF65D3F52
:10EC5000B217FF3E532D5D3FE4E7003FC7615C3FC5
:10EC6000B142023F1A945B3F3D9C033F50C45A3F60
:10EC700084F4043F6AF2593F824B063F6A1E593FB3
:10EC800036A1073F5348583F9BF5083F2670573F32
:10EC9000AD480A3FE595563F6B9A0B3F93B9553FF8
:10ECA000D0EA0C3F31DB543FDA390E3FC3FA533F11
:10ECB00084870F3F4918533FCDD3103FC633523F8F
:10ECC000B01E123F3D4D513F2A68133FAF64503F85
:10ECD00039B0143F1F7A4F3FD9F6153F908D4E3F04
:10ECE000073C173F029F4D3FC07F183F79AE4C3F16
:10ECF00000C2193FF8BB4B3FC6021B3F7FC74A3FCC
:10ED00000C421C3F12D1493FD17F1D3FB3D8483F31
:10ED100012BC1E3F65DE473FCBF61F3F2AE2463F4F
:10ED2000F92F213F03E4453F9967223FF5E3443F34
:10ED3000A99D233F00E2433F25D2243F29DE423FE5
:10ED40000A05263F70D8413F5636273FDAD0403F6C
:10ED50000566283F67C73F3F1594293F1BBC3E3FD0
:10ED600082C02A3FF9AE3D3F4AEB2B3F03A03C3F18
:10ED700069142D3F3B8F3B3FDE3B2E3FA47C3A3F47
:10ED8000A5612F3F4268393FBB85303F1652383F5F
:10ED90001DA8313F233A373FC9C8323F6C20363F68
:10EDA000BCE7333FF304353FF304353FBCE7333F63
:10EDB0006C20363FC9C8323F233A373F1DA8313F48
:10EDC0001652383FBB85303F4268393FA5612F3F1F
:10EDD000A47C3A3FDE3B2E3F3B8F3B3F69142D3FE7
:10EDE00003A03C3F4AEB2B3FF9AE3D3F82C02A3F98
:10EDF0001BBC3E3F1594293F67C73F3F0566283F30
:10EE0000DAD0403F5636273F70D8413F0A05263FAB
:10EE100029DE423F25D2243F00E2433FA99D233F04
:10EE2000F5E3443F9967223F03E4453FF92F213F33
:10EE30002AE2463FCBF61F3F65DE473F12BC1E3F2E
:10EE4000B3D8483FD17F1D3F12D1493F0C421C3FF0
:10EE50007FC74A3FC6021B3FF8BB4B3F00C2193F6A
:10EE600079AE4C3FC07F183F029F4D3F073C173F94
:10EE7000908D4E3FD9F6153F1F7A4F3F39B0143F62
:10EE8000AF64503F2A68133F3D4D513FB01E123FC3
:10EE9000C633523FCDD3103F4918533F84870F3FAD
:10EEA000C3FA533FDA390E3F31DB543FD0EA0C3F0F
:10EEB00093B9553F6B9A0B3FE595563FAD480A3FD6
:10EEC0002670573F9BF5083F5348583F36A1073FF0
:10EED0006A1E593F824B063F6AF2593F84F4043F51
:10EEE00050C45A3F3D9C033F1A945B3FB142023FDE
:10EEF000C7615C3FE4E7003F532D5D3FB217FF3E23
:10EF0000BEF65D3F275DFC3E05BE5E3F2DA0F93E8F
:10EF100027835F3FCBE0F63E2146603F071FF43E6C
:10EF2000F206613FEA5AF13E98C5613F7994EE3EA0
:10EF30001082623FBBCBEB3E5A3C633FB700E93ED9
:10EF400073F4633F7533E63E59AA643FFA63E33EC8
:10EF50000B5E653F4F92E03E880F663F79BEDD3E17
:10EF6000CCBE663F80E8DA3ED86B673F6B10D83E78
:10EF7000A816683F4136D53E3CBF683F095AD23E8D
:10EF80009165693FCA7BCF3EA7096A3F8B9BCC3E08
:10EF90007BAB6A3F53B9C93E0C4B6B3F29D5C63E8C
:10EFA00058E86B3F15EFC33E5E836C3F1E07C13EC2
:10EFB0001D1C6D3F4A1DBE3E93B26D3FA031BB3E4E
:10EFC000BE466E3F2A44B83E9ED86E3FEC54B53ED6
:10EFD00030686F3FEF63B23E73F56F3F3A71AF3EFB
:10EFE0006680703FD47CAC3E0809713FC486A93E60
:10EFF000578F713F128FA63E5213723FC595A33EA5
:10F00000F894723FE59AA03E4714733F789E9D3E68
:10F010003F91733F86A09A3EDD0B743F17A1973E48
:10F020002284743F31A0943E0BFA743FDD9D913EE3
:10F03000976D753F229A8E3EC6DE753F07958B3ED3
:10F04000974D763F938E883E07BA763FCE86853EB3
:10F050001724773FC07D823EC58B773FE1E67E3E39
:10F0600010F1773FCCCF783EF853783F51B6723EDF
:10F070007BB4783F7F9A6C3E9812793F667C663EFF
:10F080004E6E793F135C603E9DC7793F97395A3E7B
:10F09000841E7A3F0115543E02737A3F60EE4D3E66
:10F0A00016C57A3FC2C5473EBE147B3F379B413EE3
:10F0B000FC617B3FCF6E3B3ECDAC7B3F9840353E05
:10F0C00031F57B3FA2102F3E283B7C3FFCDE283EE3
:10F0D000B07E7C3FB6AB223EC9BF7C3FDE761C3E95
:10F0E00073FE7C3F8340163EAC3A7D3FB708103E2E
:10F0F00074747D3F86CF093ECCAB7D3F0295033EC5
:10F10000B1E07D3F73B2FA3D24137E3F7638EE3D89
:10F1100023437E3F2EBCE13DB0707E3FB93DD53DDF
:10F12000C99B7E3F36BDC83D6DC47E3FC33ABC3DE2
:10F130009DEA7E3F80B6AF3D580E7F3F8C30A33DA9
:10F140009D2F7F3F05A9963D6D4E7F3F0A208A3D4A
:10F15000C76A7F3F742B7B3DAB847F3F6814623D61
:10F16000189C7F3F2FFB483D0FB17F3F07E02F3DAD
:10F170008FC37F3F2CC3163D98D37F3FB949FB3CDB
:10F1800029E17F3FB00AC93C43EC7F3FB6C9963CBA
:10F19000E6F47F3F900E493C11FB7F3F890FC93B4E
:10F1A000C4FE7F3F000000000000803F890FC9BB04
:10F1B000C4FE7F3F900E49BC11FB7F3FB6C996BC91
:10F1C000E6F47F3FB00AC9BC43EC7F3FB949FBBCC2
:10F1D00029E17F3F2CC316BD98D37F3F07E02FBDA9
:10F1E0008FC37F3F2FFB48BD0FB17F3F681462BDC7
:10F1F000189C7F3F742B7BBDAB847F3F0A208ABD68
:10F20000C76A7F3F05A996BD6D4E7F3F8C30A3BD79
:10F210009D2F7F3F80B6AFBD580E7F3FC33ABCBD28
:10F220009DEA7E3F36BDC8BD6DC47E3FB93DD5BDAC
:10F23000C99B7E3F2EBCE1BDB0707E3F7638EEBDEF
:10F2400023437E3F73B2FABD24137E3F029503BE73
:10F25000B1E07D3F86CF09BECCAB7D3FB70810BE85
:10F2600074747D3F834016BEAC3A7D3FDE761CBE93
:10F2700073FE7C3FB6AB22BEC9BF7C3FFCDE28BE1E
:10F28000B07E7C3FA2102FBE283B7C3F984035BE0D
:10F2900031F57B3FCF6E3BBECDAC7B3F379B41BE54
:10F2A000FC617B3FC2C547BEBE147B3F60EE4DBED6
:10F2B00016C57A3F011554BE02737A3F97395ABE7C
:10F2C000841E7A3F135C60BE9DC7793F667C66BE34
:10F2D0004E6E793F7F9A6CBE9812793F51B672BEDE
:10F2E0007BB4783FCCCF78BEF853783FE1E67EBE62
:10F2F00010F1773FC07D82BEC58B773FCE8685BE3D
:10F300001724773F938E88BE07BA763F07958BBE4A
:10F31000974D763F229A8EBEC6DE753FDD9D91BE2B
:10F32000976D753F31A094BE0BFA743F17A197BE3D
:10F330002284743F86A09ABEDD0B743F789E9DBEEA
:10F340003F91733FE59AA0BE4714733FC595A3BE96
:10F35000F894723F128FA6BE5213723FC486A9BEA4
:10F36000578F713FD47CACBE0809713F3A71AFBE74
:10F370006680703FEF63B2BE73F56F3FEC54B5BE6D
:10F3800030686F3F2A44B8BE9ED86E3FA031BBBEE6
:10F39000BE466E3F4A1DBEBE93B26D3F1E07C1BE44
:10F3A0001D1C6D3F15EFC3BE5E836C3F29D5C6BEE5
:10F3B00058E86B3F53B9C9BE0C4B6B3F8B9BCCBE1F
:10F3C0007BAB6A3FCA7BCFBEA7096A3F095AD2BE50
:10F3D0009165693F4136D5BE3CBF683F6B10D8BED2
:10F3E000A816683F80E8DABED86B673F79BEDDBEFD
:10F3F000CCBE663F4F92E0BE880F663FFA63E3BE25
:10F400000B5E653F7533E6BE59AA643FB700E9BE9F
:10F4100073F4633FBBCBEBBE5A3C633F7994EEBEC3
:10F420001082623FEA5AF1BE98C5613F071FF4BEE1
:10F43000F206613FCBE0F6BE2146603F2DA0F9BE4B
:10F4400027835F3F275DFCBE05BE5E3FB217FFBE50
:10F45000BEF65D3FE4E700BF532D5D3FB14202BF02
:10F46000C7615C3F3D9C03BF1A945B3F84F404BFBB
:10F4700050C45A3F824B06BF6AF2593F36A107BFBC
:10F480006A1E593F9BF508BF5348583FAD480ABF15
:10F490002670573F6B9A0BBFE595563FD0EA0CBFDD
:10F4A00093B9553FDA390EBF31DB543F84870FBF24
:10F4B000C3FA533FCDD310BF4918533FB01E12BFFC
:10F4C000C633523F2A6813BF3D4D513F39B014BF78
:10F4D000AF64503FD9F615BF1F7A4F3F073C17BFA7
:10F4E000908D4E3FC07F18BF029F4D3F00C219BF95
:10F4F00079AE4C3FC6021BBFF8BB4B3F0C421CBF52
:10F500007FC74A3FD17F1DBF12D1493F12BC1EBFEA
:10F51000B3D8483FCBF61FBF65DE473FF92F21BF69
:10F520002AE2463F996722BF03E4453FA99D23BFD6
:10F53000F5E3443F25D224BF00E2433F0A0526BF3E
:10F5400029DE423F563627BF70D8413F056628BFA7
:10F55000DAD0403F159429BF67C73F3F82C02ABF1A
:10F560001BBC3E3F4AEB2BBFF9AE3D3F69142DBF9C
:10F5700003A03C3FDE3B2EBF3B8F3B3FA5612FBF2F
:10F58000A47C3A3FBB8530BF4268393F1DA831BFDC
:10F590001652383FC9C832BF233A373FBCE733BFA2
:10F5A0006C20363FF30435BFF304353F6C2036BF83
:10F5B000BCE7333F233A37BFC9C8323F165238BF82
:10F5C0001DA8313F426839BFBB85303FA47C3ABF9C
:10F5D000A5612F3F3B8F3BBFDE3B2E3F03A03CBFCF
:10F5E00069142D3FF9AE3DBF4AEB2B3F1BBC3EBF1C
:10F5F00082C02A3F67C73FBF1594293FDAD040BF7A
:10F600000566283F70D841BF5636273F29DE42BFE6
:10F610000A05263F00E243BF25D2243FF5E344BF5D
:10F62000A99D233F03E445BF9967223F2AE246BFD5
:10F63000F92F213F65DE47BFCBF61F3FB3D848BF48
:10F6400012BC1E3F12D149BFD17F1D3F7FC74ABFA9
:10F650000C421C3FF8BB4BBFC6021B3F79AE4CBFF0
:10F6600000C2193F029F4DBFC07F183F908D4EBF13
:10F67000073C173F1F7A4FBFD9F6153FAF6450BF05
:10F6800039B0143F3D4D51BF2A68133FC63352BFB6
:10F69000B01E123F491853BFCDD3103FC3FA53BF1A
:10F6A00084870F3F31DB54BFDA390E3F93B955BF22
:10F6B000D0EA0C3FE59556BF6B9A0B3F267057BFBB
:10F6C000AD480A3F534858BF9BF5083F6A1E59BFD3
:10F6D00036A1073F6AF259BF824B063F50C45ABF5A
:10F6E00084F4043F1A945BBF3D9C033FC7615CBF39
:10F6F000B142023F532D5DBFE4E7003FBEF65DBF60
:10F70000B217FF3E05BE5EBF275DFC3E27835FBF8D
:10F710002DA0F93E214660BFCBE0F63EF20661BF68
:10F72000071FF43E98C561BFEA5AF13E108262BFDE
:10F730007994EE3E5A3C63BFBBCBEB3E73F463BFA0
:10F74000B700E93E59AA64BF7533E63E0B5E65BF5C
:10F75000FA63E33E880F66BF4F92E03ECCBE66BFC1
:10F7600079BEDD3ED86B67BF80E8DA3EA81668BF79
:10F770006B10D83E3CBF68BF4136D53E916569BF2E
:10F78000095AD23EA7096ABFCA7BCF3E7BAB6ABF8C
:10F790008B9BCC3E0C4B6BBF53B9C93E58E86BBF3B
:10F7A00029D5C63E5E836CBF15EFC33E1D1C6DBFE1
:10F7B0001E07C13E93B26DBF4A1DBE3EBE466EBF20
:10F7C000A031BB3E9ED86EBF2A44B83E30686FBFA2
:10F7D000EC54B53E73F56FBFEF63B23E668070BF09
:10F7E0003A71AF3E080971BFD47CAC3E578F71BFF0
:10F7F000C486A93E521372BF128FA63EF89472BF00
:10F80000C595A33E471473BFE59AA03E3F9173BFD1
:10F81000789E9D3EDD0B74BF86A09A3E228474BF05
:10F8200017A1973E0BFA74BF31A0943E976D75BF38
:10F83000DD9D913EC6DE75BF229A8E3E974D76BF06
:10F8400007958B3E07BA76BF938E883E172477BF05
:10F85000CE86853EC58B77BFC07D823E10F177BFD7
:10F86000E1E67E3EF85378BFCCCF783E7BB478BFDC
:10F8700051B6723E981279BF7F9A6C3E4E6E79BF38
:10F88000667C663E9DC779BF135C603E841E7ABF6E
:10F8900097395A3E02737ABF0115543E16C57ABF96
:10F8A00060EE4D3EBE147BBFC2C5473EFC617BBFD0
:10F8B000379B413ECDAC7BBFCF6E3B3E31F57BBF2E
:10F8C0009840353E283B7CBFA2102F3EB07E7CBFC7
:10F8D000FCDE283EC9BF7CBFB6AB223E73FE7CBFB8
:10F8E000DE761C3EAC3A7DBF8340163E74747DBF0D
:10F8F000B708103ECCAB7DBF86CF093EB1E07DBFDF
:10F900000295033E24137EBF73B2FA3D23437EBFAC
:10F910007638EE3DB0707EBF2EBCE13DC99B7EBF08
:10F92000B93DD53D6DC47EBF36BDC83D9DEA7EBFA5
:10F93000C33ABC3D580E7FBF80B6AF3D9D2F7FBF01
:10F940008C30A33D6D4E7FBF05A9963DC76A7FBF32
:10F950000A208A3DAB847FBF742B7B3D189C7FBF00
:10F960006814623D0FB17FBF2FFB483D8FC37FBF3F
:10F9700007E02F3D98D37FBF2CC3163D29E17FBF01
:10F98000B949FB3C43EC7FBFB00AC93CE6F47FBFFA
:10F99000B6C9963C11FB7FBF900E493CC4FE7FBFA9
:10F9A000890FC93B000080BF00000000C4FE7FBF7C
:10F9B000890FC9BB11FB7FBF900E49BCE6F47FBF26
:10F9C000B6C996BC43EC7FBFB00AC9BC29E17FBF72
:10F9D000B949FBBC98D37FBF2CC316BD8FC37FBF73
:10F9E00007E02FBD0FB17FBF2FFB48BD189C7FBF25
:10F9F000681462BDAB847FBF742B7BBDC76A7FBFB9
:10FA00000A208ABD6D4E7FBF05A996BD9D2F7FBF81
:10FA10008C30A3BD580E7FBF80B6AFBD9DEA7EBFC0
:10FA2000C33ABCBD6DC47EBF36BDC8BDC99B7EBFD9
:10FA3000B93DD5BDB0707EBF2EBCE1BD23437EBFB6
:10FA40007638EEBD24137EBF73B2FABDB1E07DBF40
:10FA5000029503BECCAB7DBF86CF09BE74747DBF5B
:10FA6000B70810BEAC3A7DBF834016BE73FE7CBFA4
:10FA7000DE761CBEC9BF7CBFB6AB22BEB07E7CBFEB
:10FA8000FCDE28BE283B7CBFA2102FBE31F57BBF19
:10FA9000984035BECDAC7BBFCF6E3BBEFC617BBF1B
:10FAA000379B41BEBE147BBFC2C547BE16C57ABFD9
:10FAB00060EE4DBE02737ABF011554BE841E7ABF3C
:10FAC00097395ABE9DC779BF135C60BE4E6E79BF31
:10FAD000667C66BE981279BF7F9A6CBE7BB478BF95
:10FAE00051B672BEF85378BFCCCF78BE10F177BF55
:10FAF000E1E67EBEC58B77BFC07D82BE172477BF8F
:10FB0000CE8685BE07BA76BF938E88BE974D76BFE8
:10FB100007958BBEC6DE75BF229A8EBE976D75BFE8
:10FB2000DD9D91BE0BFA74BF31A094BE228474BFD8
:10FB300017A197BEDD0B74BF86A09ABE3F9173BF1D
:10FB4000789E9DBE471473BFE59AA0BEF89472BF1D
:10FB5000C595A3BE521372BF128FA6BE578F71BF39
:10FB6000C486A9BE080971BFD47CACBE668070BFD4
:10FB70003A71AFBE73F56FBFEF63B2BE30686FBF4F
:10FB8000EC54B5BE9ED86EBF2A44B8BEBE466EBF0A
:10FB9000A031BBBE93B26DBF4A1DBEBE1D1C6DBF62
:10FBA0001E07C1BE5E836CBF15EFC3BE58E86BBFB6
:10FBB00029D5C6BE0C4B6BBF53B9C9BE7BAB6ABF60
:10FBC0008B9BCCBEA7096ABFCA7BCFBE916569BFBC
:10FBD000095AD2BE3CBF68BF4136D5BEA81668BF21
:10FBE0006B10D8BED86B67BF80E8DABECCBE66BFEC
:10FBF00079BEDDBE880F66BF4F92E0BE0B5E65BF6B
:10FC0000FA63E3BE59AA64BF7533E6BE73F463BFFB
:10FC1000B700E9BE5A3C63BFBBCBEBBE108262BFEC
:10FC20007994EEBE98C561BFEA5AF1BEF20661BF93
:10FC3000071FF4BE214660BFCBE0F6BE27835FBF3F
:10FC40002DA0F9BE05BE5EBF275DFCBEBEF65DBF42
:10FC5000B217FFBE532D5DBFE4E700BFC7615CBFB5
:10FC6000B14202BF1A945BBF3D9C03BF50C45ABF50
:10FC700084F404BF6AF259BF824B06BF6A1E59BFA3
:10FC800036A107BF534858BF9BF508BF267057BF22
:10FC9000AD480ABFE59556BF6B9A0BBF93B955BFE8
:10FCA000D0EA0CBF31DB54BFDA390EBFC3FA53BF01
:10FCB00084870FBF491853BFCDD310BFC63352BF7F
:10FCC000B01E12BF3D4D51BF2A6813BFAF6450BF75
:10FCD00039B014BF1F7A4FBFD9F615BF908D4EBFF4
:10FCE000073C17BF029F4DBFC07F18BF79AE4CBF06
:10FCF00000C219BFF8BB4BBFC6021BBF7FC74ABFBC
:10FD00000C421CBF12D149BFD17F1DBFB3D848BF21
:10FD100012BC1EBF65DE47BFCBF61FBF2AE246BF3F
:10FD2000F92F21BF03E445BF996722BFF5E344BF24
:10FD3000A99D23BF00E243BF25D224BF29DE42BFD5
:10FD40000A0526BF70D841BF563627BFDAD040BF5C
:10FD5000056628BF67C73FBF159429BF1BBC3EBFC0
:10FD600082C02ABFF9AE3DBF4AEB2BBF03A03CBF08
:10FD700069142DBF3B8F3BBFDE3B2EBFA47C3ABF37
:10FD8000A5612FBF426839BFBB8530BF165238BF4F
:10FD90001DA831BF233A37BFC9C832BF6C2036BF58
:10FDA000BCE733BFF30435BFF30435BFBCE733BF53
:10FDB0006C2036BFC9C832BF233A37BF1DA831BF38
:10FDC000165238BFBB8530BF426839BFA5612FBF0F
:10FDD000A47C3ABFDE3B2EBF3B8F3BBF69142DBFD7
:10FDE00003A03CBF4AEB2BBFF9AE3DBF82C02ABF88
:10FDF0001BBC3EBF159429BF67C73FBF056628BF20
:10FE0000DAD040BF563627BF70D841BF0A0526BF9B
:10FE100029DE42BF25D224BF00E243BFA99D23BFF4
:10FE2000F5E344BF996722BF03E445BFF92F21BF23
:10FE30002AE246BFCBF61FBF65DE47BF12BC1EBF1E
:10FE4000B3D848BFD17F1DBF12D149BF0C421CBFE0
:10FE50007FC74ABFC6021BBFF8BB4BBF00C219BF5A
:10FE600079AE4CBFC07F18BF029F4DBF073C17BF84
:10FE7000908D4EBFD9F615BF1F7A4FBF39B014BF52
:10FE8000AF6450BF2A6813BF3D4D51BFB01E12BFB3
:10FE9000C63352BFCDD310BF491853BF84870FBF9D
:10FEA000C3FA53BFDA390EBF31DB54BFD0EA0CBFFF
:10FEB00093B955BF6B9A0BBFE59556BFAD480ABFC6
:10FEC000267057BF9BF508BF534858BF36A107BFE0
:10FED0006A1E59BF824B06BF6AF259BF84F404BF41
:10FEE00050C45ABF3D9C03BF1A945BBFB14202BFCE
:10FEF000C7615CBFE4E700BF532D5DBFB217FFBE13
:10FF0000BEF65DBF275DFCBE05BE5EBF2DA0F9BE7F
:10FF100027835FBFCBE0F6BE214660BF071FF4BE5C
:10FF2000F20661BFEA5AF1BE98C561BF7994EEBE90
:10FF3000108262BFBBCBEBBE5A3C63BFB700E9BEC9
:10FF400073F463BF7533E6BE59AA64BFFA63E3BEB8
:10FF50000B5E65BF4F92E0BE880F66BF79BEDDBE07
:10FF6000CCBE66BF80E8DABED86B67BF6B10D8BE68
:10FF7000A81668BF4136D5BE3CBF68BF095AD2BE7D
:10FF8000916569BFCA7BCFBEA7096ABF8B9BCCBEF8
:10FF90007BAB6ABF53B9C9BE0C4B6BBF29D5C6BE7C
:10FFA00058E86BBF15EFC3BE5E836CBF1E07C1BEB2
:10FFB0001D1C6DBF4A1DBEBE93B26DBFA031BBBE3E
:10FFC000BE466EBF2A44B8BE9ED86EBFEC54B5BEC6
:10FFD00030686FBFEF63B2BE73F56FBF3A71AFBEEB
:10FFE000668070BFD47CACBE080971BFC486A9BE50
:10FFF000578F71BF128FA6BE521372BFC595A3BE95
:020000040802F0
:10000000F89472BFE59AA0BE471473BF789E9DBE58
:100010003F9173BF86A09ABEDD0B74BF17A197BE38
:10002000228474BF31A094BE0BFA74BFDD9D91BED3
:10003000976D75BF229A8EBEC6DE75BF07958BBEC3
:10004000974D76BF938E88BE07BA76BFCE8685BEA3
:10005000172477BFC07D82BEC58B77BFE1E67EBE29
:1000600010F177BFCCCF78BEF85378BF51B672BECF
:100070007BB478BF7F9A6CBE981279BF667C66BEEF
:100080004E6E79BF135C60BE9DC779BF97395ABE6B
:10009000841E7ABF011554BE02737ABF60EE4DBE56
:1000A00016C57ABFC2C547BEBE147BBF379B41BED3
:1000B000FC617BBFCF6E3BBECDAC7BBF984035BEF5
:1000C00031F57BBFA2102FBE283B7CBFFCDE28BED3
:1000D000B07E7CBFB6AB22BEC9BF7CBFDE761CBE85
:1000E00073FE7CBF834016BEAC3A7DBFB70810BE1E
:1000F00074747DBF86CF09BECCAB7DBF029503BEB5
:10010000B1E07DBF73B2FABD24137EBF7638EEBD79
:1001100023437EBF2EBCE1BDB0707EBFB93DD5BDCF
:10012000C99B7EBF36BDC8BD6DC47EBFC33ABCBDD2
:100130009DEA7EBF80B6AFBD580E7FBF8C30A3BD99
:100140009D2F7FBF05A996BD6D4E7FBF0A208ABD3A
:10015000C76A7FBF742B7BBDAB847FBF681462BD51
:10016000189C7FBF2FFB48BD0FB17FBF07E02FBD9D
:100170008FC37FBF2CC316BD98D37FBFB949FBBCCB
:1001800029E17FBFB00AC9BC43EC7FBFB6C996BCAA
:10019000E6F47FBF900E49BC11FB7FBF890FC9BB3E
:1001A000C4FE7FBF00000080000080BF890FC93BF4
:1001B000C4FE7FBF900E493C11FB7FBFB6C9963C81
:1001C000E6F47FBFB00AC93C43EC7FBFB949FB3CB2
:1001D00029E17FBF2CC3163D98D37FBF07E02F3D99
:1001E0008FC37FBF2FFB483D0FB17FBF6814623DB7
:1001F000189C7FBF742B7B3DAB847FBF0A208A3D58
:10020000C76A7FBF05A9963D6D4E7FBF8C30A33D69
:100210009D2F7FBF80B6AF3D580E7FBFC33ABC3D18
:100220009DEA7EBF36BDC83D6DC47EBFB93DD53D9C
:10023000C99B7EBF2EBCE13DB0707EBF7638EE3DDF
:1002400023437EBF73B2FA3D24137EBF0295033E63
:10025000B1E07DBF86CF093ECCAB7DBFB708103E75
:1002600074747DBF8340163EAC3A7DBFDE761C3E83
:1002700073FE7CBFB6AB223EC9BF7CBFFCDE283E0E
:10028000B07E7CBFA2102F3E283B7CBF9840353EFD
:1002900031F57BBFCF6E3B3ECDAC7BBF379B413E44
:1002A000FC617BBFC2C5473EBE147BBF60EE4D3EC6
:1002B00016C57ABF0115543E02737ABF97395A3E6C
:1002C000841E7ABF135C603E9DC779BF667C663E24
:1002D0004E6E79BF7F9A6C3E981279BF51B6723ECE
:1002E0007BB478BFCCCF783EF85378BFE1E67E3E52
:1002F00010F177BFC07D823EC58B77BFCE86853E2D
:10030000172477BF938E883E07BA76BF07958B3E3A
:10031000974D76BF229A8E3EC6DE75BFDD9D913E1B
:10032000976D75BF31A0943E0BFA74BF17A1973E2D
:10033000228474BF86A09A3EDD0B74BF789E9D3EDA
:100340003F9173BFE59AA03E471473BFC595A33E86
:10035000F89472BF128FA63E521372BFC486A93E94
:10036000578F71BFD47CAC3E080971BF3A71AF3E64
:10037000668070BFEF63B23E73F56FBFEC54B53E5D
:1003800030686FBF2A44B83E9ED86EBFA031BB3ED6
:10039000BE466EBF4A1DBE3E93B26DBF1E07C13E34
:1003A0001D1C6DBF15EFC33E5E836CBF29D5C63ED5
:1003B00058E86BBF53B9C93E0C4B6BBF8B9BCC3E0F
:1003C0007BAB6ABFCA7BCF3EA7096ABF095AD23E40
:1003D000916569BF4136D53E3CBF68BF6B10D83EC2
:1003E000A81668BF80E8DA3ED86B67BF79BEDD3EED
:1003F000CCBE66BF4F92E03E880F66BFFA63E33E15
:100400000B5E65BF7533E63E59AA64BFB700E93E8F
:1004100073F463BFBBCBEB3E5A3C63BF7994EE3EB3
:10042000108262BFEA5AF13E98C561BF071FF43ED1
:10043000F20661BFCBE0F63E214660BF2DA0F93E3B
:1004400027835FBF275DFC3E05BE5EBFB217FF3E40
:10045000BEF65DBFE4E7003F532D5DBFB142023FF2
:10046000C7615CBF3D9C033F1A945BBF84F4043FAB
:1004700050C45ABF824B063F6AF259BF36A1073FAC
:100480006A1E59BF9BF5083F534858BFAD480A3F05
:10049000267057BF6B9A0B3FE59556BFD0EA0C3FCD
:1004A00093B955BFDA390E3F31DB54BF84870F3F14
:1004B000C3FA53BFCDD3103F491853BFB01E123FEC
:1004C000C63352BF2A68133F3D4D51BF39B0143F68
:1004D000AF6450BFD9F6153F1F7A4FBF073C173F97
:1004E000908D4EBFC07F183F029F4DBF00C2193F85
:1004F00079AE4CBFC6021B3FF8BB4BBF0C421C3F42
:100500007FC74ABFD17F1D3F12D149BF12BC1E3FDA
:10051000B3D848BFCBF61F3F65DE47BFF92F213F59
:100520002AE246BF9967223F03E445BFA99D233FC6
:10053000F5E344BF25D2243F00E243BF0A05263F2E
:1005400029DE42BF5636273F70D841BF0566283F97
:10055000DAD040BF1594293F67C73FBF82C02A3F0A
:100560001BBC3EBF4AEB2B3FF9AE3DBF69142D3F8C
:1005700003A03CBFDE3B2E3F3B8F3BBFA5612F3F1F
:10058000A47C3ABFBB85303F426839BF1DA8313FCC
:10059000165238BFC9C8323F233A37BFBCE7333F92
:1005A0006C2036BFF304353FF30435BF6C20363F73
:1005B000BCE733BF233A373FC9C832BF1652383F72
:1005C0001DA831BF4268393FBB8530BFA47C3A3F8C
:1005D000A5612FBF3B8F3B3FDE3B2EBF03A03C3FBF
:1005E00069142DBFF9AE3D3F4AEB2BBF1BBC3E3F0C
:1005F00082C02ABF67C73F3F159429BFDAD0403F6A
:10060000056628BF70D8413F563627BF29DE423FD6
:100610000A0526BF00E2433F25D224BFF5E3443F4D
:10062000A99D23BF03E4453F996722BF2AE2463FC5
:10063000F92F21BF65DE473FCBF61FBFB3D8483F38
:1006400012BC1EBF12D1493FD17F1DBF7FC74A3F99
:100650000C421CBFF8BB4B3FC6021BBF79AE4C3FE0
:1006600000C219BF029F4D3FC07F18BF908D4E3F03
:10067000073C17BF1F7A4F3FD9F615BFAF64503FF5
:1006800039B014BF3D4D513F2A6813BFC633523FA6
:10069000B01E12BF4918533FCDD310BFC3FA533F0A
:1006A00084870FBF31DB543FDA390EBF93B9553F12
:1006B000D0EA0CBFE595563F6B9A0BBF2670573FAB
:1006C000AD480ABF5348583F9BF508BF6A1E593FC3
:1006D00036A107BF6AF2593F824B06BF50C45A3F4A
:1006E00084F404BF1A945B3F3D9C03BFC7615C3F29
:1006F000B14202BF532D5D3FE4E700BFBEF65D3F50
:10070000B217FFBE05BE5E3F275DFCBE27835F3F7D
:100710002DA0F9BE2146603FCBE0F6BEF206613F58
:10072000071FF4BE98C5613FEA5AF1BE1082623FCE
:100730007994EEBE5A3C633FBBCBEBBE73F4633F90
:10074000B700E9BE59AA643F7533E6BE0B5E653F4C
:10075000FA63E3BE880F663F4F92E0BECCBE663FB1
:1007600079BEDDBED86B673F80E8DABEA816683F69
:100770006B10D8BE3CBF683F4136D5BE9165693F1E
:10078000095AD2BEA7096A3FCA7BCFBE7BAB6A3F7C
:100790008B9BCCBE0C4B6B3F53B9C9BE58E86B3F2B
:1007A00029D5C6BE5E836C3F15EFC3BE1D1C6D3FD1
:1007B0001E07C1BE93B26D3F4A1DBEBEBE466E3F10
:1007C000A031BBBE9ED86E3F2A44B8BE30686F3F92
:1007D000EC54B5BE73F56F3FEF63B2BE6680703FF9
:1007E0003A71AFBE0809713FD47CACBE578F713FE0
:1007F000C486A9BE5213723F128FA6BEF894723FF0
:10080000C595A3BE4714733FE59AA0BE3F91733FC1
:10081000789E9DBEDD0B743F86A09ABE2284743FF5
:1008200017A197BE0BFA743F31A094BE976D753F28
:10083000DD9D91BEC6DE753F229A8EBE974D763FF6
:1008400007958BBE07BA763F938E88BE1724773FF5
:10085000CE8685BEC58B773FC07D82BE10F1773FC7
:10086000E1E67EBEF853783FCCCF78BE7BB4783FCC
:1008700051B672BE9812793F7F9A6CBE4E6E793F28
:10088000667C66BE9DC7793F135C60BE841E7A3F5E
:1008900097395ABE02737A3F011554BE16C57A3F86
:1008A00060EE4DBEBE147B3FC2C547BEFC617B3FC0
:1008B000379B41BECDAC7B3FCF6E3BBE31F57B3F1E
:1008C000984035BE283B7C3FA2102FBEB07E7C3FB7
:1008D000FCDE28BEC9BF7C3FB6AB22BE73FE7C3FA8
:1008E000DE761CBEAC3A7D3F834016BE74747D3FFD
:1008F000B70810BECCAB7D3F86CF09BEB1E07D3FCF
:10090000029503BE24137E3F73B2FABD23437E3F9C
:100910007638EEBDB0707E3F2EBCE1BDC99B7E3FF8
:10092000B93DD5BD6DC47E3F36BDC8BD9DEA7E3F95
:10093000C33ABCBD580E7F3F80B6AFBD9D2F7F3FF1
:100940008C30A3BD6D4E7F3F05A996BDC76A7F3F22
:100950000A208ABDAB847F3F742B7BBD189C7F3FF0
:10096000681462BD0FB17F3F2FFB48BD8FC37F3F2F
:1009700007E02FBD98D37F3F2CC316BD29E17F3FF1
:10098000B949FBBC43EC7F3FB00AC9BCE6F47F3FEA
:10099000B6C996BC11FB7F3F900E49BCC4FE7F3F99
:1009A000890FC9BB0000803F000000000FB17F3FEE
:1009B0002FFB483D6DC47E3F36BDC83DAC3A7D3F00
:1009C0008340163EBE147B3FC2C5473EF853783F76
:1009D000CCCF783E0BFA743F31A0943E0809713FAA
:1009E000D47CAC3E5E836C3F15EFC33ED86B673F53
:1009F00080E8DA3E98C5613FEA5AF13E1A945B3FBF
:100A00003D9C033F31DB543FDA390E3F029F4D3F9F
:100A1000C07F183F03E4453F9967223FF9AE3D3F51
:100A20004AEB2B3FF304353FF304353F4AEB2B3FB2
:100A3000F9AE3D3F9967223F03E4453FC07F183F31
:100A4000029F4D3FDA390E3F31DB543F3D9C033F5F
:100A50001A945B3FEA5AF13E98C5613F80E8DA3E5E
:100A6000D86B673F15EFC33E5E836C3FD47CAC3ED2
:100A70000809713F31A0943E0BFA743FCCCF783E09
:100A8000F853783FC2C5473EBE147B3F8340163EB5
:100A9000AC3A7D3F36BDC83D6DC47E3F2FFB483D1F
:100AA0000FB17F3F000000000000803F2FFB48BDDA
:100AB0000FB17F3F36BDC8BD6DC47E3F834016BEBB
:100AC000AC3A7D3FC2C547BEBE147B3FCCCF78BE9B
:100AD000F853783F31A094BE0BFA743FD47CACBE7F
:100AE0000809713F15EFC3BE5E836C3F80E8DABE34
:100AF000D86B673FEA5AF1BE98C5613F3D9C03BF82
:100B00001A945B3FDA390EBF31DB543FC07F18BF08
:100B1000029F4D3F996722BF03E4453F4AEB2BBF3D
:100B2000F9AE3D3FF30435BFF304353FF9AE3DBFA9
:100B30004AEB2B3F03E445BF9967223F029F4DBF1D
:100B4000C07F183F31DB54BFDA390E3F1A945BBFC8
:100B50003D9C033F98C561BFEA5AF13ED86B67BF21
:100B600080E8DA3E5E836CBF15EFC33E080971BFB3
:100B7000D47CAC3E0BFA74BF31A0943EF85378BFDE
:100B8000CCCF783EBE147BBFC2C5473EAC3A7DBFDA
:100B90008340163E6DC47EBF36BDC83D0FB17FBFDA
:100BA0002FFB483D000080BF000000000FB17FBF59
:100BB0002FFB48BD6DC47EBF36BDC8BDAC3A7DBFFE
:100BC000834016BEBE147BBFC2C547BEF85378BF74
:100BD000CCCF78BE0BFA74BF31A094BE080971BFA8
:100BE000D47CACBE5E836CBF15EFC3BED86B67BF51
:100BF00080E8DABE98C561BFEA5AF1BE1A945BBFBD
:100C00003D9C03BF31DB54BFDA390EBF029F4DBF9D
:100C1000C07F18BF03E445BF996722BFF9AE3DBF4F
:100C20004AEB2BBFF30435BFF30435BF4AEB2BBFB0
:100C3000F9AE3DBF996722BF03E445BFC07F18BF2F
:100C4000029F4DBFDA390EBF31DB54BF3D9C03BF5D
:100C50001A945BBFEA5AF1BE98C561BF80E8DABE5C
:100C6000D86B67BF15EFC3BE5E836CBFD47CACBED0
:100C7000080971BF31A094BE0BFA74BFCCCF78BE07
:100C8000F85378BFC2C547BEBE147BBF834016BEB3
:100C9000AC3A7DBF36BDC8BD6DC47EBF2FFB48BD1D
:100CA0000FB17FBF00000080000080BF2FFB483DD8
:100CB0000FB17FBF36BDC83D6DC47EBF8340163EB9
:100CC000AC3A7DBFC2C5473EBE147BBFCCCF783E99
:100CD000F85378BF31A0943E0BFA74BFD47CAC3E7D
:100CE000080971BF15EFC33E5E836CBF80E8DA3E32
:100CF000D86B67BFEA5AF13E98C561BF3D9C033F80
:100D00001A945BBFDA390E3F31DB54BFC07F183F06
:100D1000029F4DBF9967223F03E445BF4AEB2B3F3B
:100D2000F9AE3DBFF304353FF30435BFF9AE3D3FA7
:100D30004AEB2BBF03E4453F996722BF029F4D3F1B
:100D4000C07F18BF31DB543FDA390EBF1A945B3FC6
:100D50003D9C03BF98C5613FEA5AF1BED86B673F1F
:100D600080E8DABE5E836C3F15EFC3BE0809713FB1
:100D7000D47CACBE0BFA743F31A094BEF853783FDC
:100D8000CCCF78BEBE147B3FC2C547BEAC3A7D3FD8
:100D9000834016BE6DC47E3F36BDC8BD0FB17F3FD8
:100DA0002FFB48BD0000803F000000005E836C3FC9
:100DB00015EFC33EF304353FF304353F15EFC33E53
:100DC0005E836C3F000000000000803F15EFC3BE53
:100DD0005E836C3FF30435BFF304353F5E836CBF25
:100DE00015EFC33E000080BF000000005E836CBFB3
:100DF00015EFC3BEF30435BFF30435BF15EFC3BE13
:100E00005E836CBF00000080000080BF15EFC33E12
:100E10005E836CBFF304353FF30435BF5E836C3FE4
:100E200015EFC3BE0000803F00000000B1FF7F3F10
:100E3000C70F493BC4FE7F3F890FC93B39FD7F3F48
:100E400059CB163C11FB7F3F900E493C4AF87F3F3F
:100E50004B517B3CE6F47F3FB6C9963CE3F07F3FC5
:100E600069EAAF3C43EC7F3FB00AC93C05E77F3FEE
:100E70007B2AE23C29E17F3FB949FB3CAFDA7F3F67
:100E80002F340A3D98D37F3F2CC3163DE2CB7F3FE2
:100E9000CC51233D8FC37F3F07E02F3D9EBA7F3F5C
:100EA000D56D3C3D0FB17F3F2FFB483DE3A67F3F13
:100EB0000E88553D189C7F3F6814623DB1907F3F7E
:100EC00038A06E3DAB847F3F742B7B3D08787F3F1D
:100ED0000ADB833DC76A7F3F0A208A3DE95C7F3F8A
:100EE000B464903D6D4E7F3F05A9963D543F7F3FD2
:100EF000F9EC9C3D9D2F7F3F8C30A33D491F7F3FE8
:100F0000BA73A93D580E7F3F80B6AF3DC9FC7E3F06
:100F1000DAF8B53D9DEA7E3FC33ABC3DD4D77E3F6B
:100F2000397CC23D6DC47E3F36BDC83D69B07E3F51
:100F3000B7FDCE3DC99B7E3FB93DD53D8B867E3FFB
:100F4000377DDB3DB0707E3F2EBCE13D385A7E3FA1
:100F50009AFAE73D23437E3F7638EE3D722B7E3F83
:100F6000C075F43D24137E3F73B2FA3D38FA7D3FDD
:100F70004577003EB1E07D3F0295033E8CC67D3F44
:100F80006EB2063ECCAB7D3F86CF093E6E907D3F74
:100F90004AEC0C3E74747D3FB708103EDE577D3F2F
:100FA000CA24133EAC3A7D3F8340163EDD1C7D3F94
:100FB000E05B193E73FE7C3FDE761C3E6CDF7C3FBF
:100FC0007B911F3EC9BF7C3FB6AB223E8A9F7C3FD0
:100FD0008CC5253EB07E7C3FFCDE283E3A5D7C3FE2
:100FE00004F82B3E283B7C3FA2102F3E7A187C3F12
:100FF000D428323E31F57B3F9840353E4DD17B3F82
:10100000EC57383ECDAC7B3FCF6E3B3EB2877B3F4B
:101010003E853E3EFC617B3F379B413EAB3B7B3F89
:10102000B9B0443EBE147B3FC2C5473E37ED7A3F60
:101030004FDA4A3E16C57A3F60EE4D3E599C7A3FE4
:10104000F101513E02737A3F0115543E10497A3F37
:101050008F27573E841E7A3F97395A3E5EF3793F79
:101060001A4B5D3E9DC7793F135C603E439B793FC1
:10107000836C633E4E6E793F667C663EC040793F2E
:10108000BA8B693E9812793F7F9A6C3ED6E3783FDF
:10109000B2A86F3E7BB4783F51B6723E8684783FEB
:1010A0005AC3753EF853783FCCCF783ED122783F73
:1010B000A4DB7B3E10F1773FE1E67E3EB7BE773F93
:1010C000C0F8803EC58B773FC07D823E3A58773F5F
:1010D0007002843E1724773FCE86853E5BEF763FD5
:1010E000DA0A873E07BA763F938E883E1B84763FA6
:1010F000F8118A3E974D763F07958B3E7A16763FDC
:10110000C0178D3EC6DE753F229A8E3E7BA6753F88
:101110002C1C903E976D753FDD9D913E1D34753FB3
:10112000351F933E0BFA743F31A0943E62BF743F6B
:10113000D220963E2284743F17A1973E4B48743FBD
:10114000FE20993EDD0B743F86A09A3ED9CE733FB8
:10115000AF1F9C3E3F91733F789E9D3E0E53733F61
:10116000DF1C9F3E4714733FE59AA03EEBD4723FCD
:101170008718A23EF894723FC595A33E7054723F03
:101180009F12A53E5213723F128FA63E9FD1713F10
:101190001F0BA83E578F713FC486A93E7A4C713F02
:1011A0000102AB3E0809713FD47CAC3E02C5703FE2
:1011B0003CF7AD3E6680703F3A71AF3E373B703FC3
:1011C000CBEAB03E73F56F3FEF63B23E1BAF6F3FAC
:1011D000A5DCB33E30686F3FEC54B53EB0206F3FA6
:1011E000C3CCB63E9ED86E3F2A44B83EF88F6E3FC1
:1011F0001EBBB93EBE466E3FA031BB3EF2FC6D3F0A
:10120000AFA7BC3E93B26D3F4A1DBE3EA1676D3F86
:101210006F92BF3E1D1C6D3F1E07C13E07D06C3F45
:10122000557BC23E5E836C3F15EFC33E24366C3F58
:101230005C62C53E58E86B3F29D5C63EFB996B3FC3
:101240007C47C83E0C4B6B3F53B9C93E8CFB6A3F91
:10125000AE2ACB3E7BAB6A3F8B9BCC3ED95A6A3FD2
:10126000EA0BCE3EA7096A3FCA7BCF3EE4B7693F8F
:101270002AEBD03E9165693F095AD23EAE12693FD2
:1012800067C8D33E3CBF683F4136D53E396B683FA7
:1012900099A3D63EA816683F6B10D83E87C1673F1A
:1012A000B97CD93ED86B673F80E8DA3E9915673F35
:1012B000C153DC3ECCBE663F79BEDD3E7167663F02
:1012C000A928DF3E880F663F4F92E03E10B7653F8A
:1012D0006AFBE13E0B5E653FFA63E33E7904653FDE
:1012E000FECBE43E59AA643F7533E63EAC4F643F03
:1012F0005D9AE73E73F4633FB700E93EAC98633F05
:101300008166EA3E5A3C633FBBCBEB3E7BDF623FEC
:101310006330ED3E1082623F7994EE3E1A24623FC4
:10132000FBF7EF3E98C5613FEA5AF13E8A66613F9E
:1013300043BDF23EF206613F071FF43ECFA6603F79
:101340003580F53E2146603FCBE0F63EE9E45F3F65
:10135000C840F83E27835F3F2DA0F93EDB205F3F6A
:10136000F7FEFA3E05BE5E3F275DFC3EA65A5E3F95
:10137000BBBAFD3EBEF65D3FB217FF3E4D925D3FEC
:10138000063A003F532D5D3FE4E7003FD1C75C3F85
:101390007395013FC7615C3FB142023F34FB5B3F45
:1013A0009FEF023F1A945B3F3D9C033F792C5B3FCC
:1013B0008948043F50C45A3F84F4043FA05B5A3F1D
:1013C0002CA0053F6AF2593F824B063FAD88593F3A
:1013D00086F6063F6A1E593F36A1073FA1B3583F24
:1013E000924B083F5348583F9BF5083F7FDC573FDF
:1013F0004E9F093F2670573FAD480A3F4803573F6D
:10140000B7F10A3FE595563F6B9A0B3FFE27563FD3
:10141000C9420C3F93B9553FD0EA0C3FA44A553F0F
:1014200081920D3F31DB543FDA390E3F3B6B543F25
:10143000DBE00E3FC3FA533F84870F3FC789533F1A
:10144000D52D103F4918533FCDD3103F49A6523FE9
:101450006B79113FC633523FB01E123FC2C0513F9D
:101460009AC3123F3D4D513F2A68133F37D9503F31
:101470005F0C143FAF64503F39B0143FA8EF4F3FAB
:10148000B753153F1F7A4F3FD9F6153F17044F3F0B
:101490009F99163F908D4E3F073C173F89164E3F50
:1014A00012DE173F029F4D3FC07F183FFD264D3F84
:1014B0000F21193F79AE4C3F00C2193F78354C3FA0
:1014C00093621A3FF8BB4B3FC6021B3FFA414B3FAA
:1014D00099A21B3F7FC74A3F0C421C3F874C4A3FA3
:1014E0001FE11C3F12D1493FD17F1D3F2155493F8C
:1014F000221E1E3FB3D8483F12BC1E3FCA5B483F66
:101500009F591F3F65DE473FCBF61F3F8560473F32
:101510009393203F2AE2463FF92F213F5463463FF1
:10152000FBCB213F03E4453F9967223F3964453FA8
:10153000D302233FF5E3443FA99D233F3763443F54
:101540001A38243F00E2433F25D2243F5160433FF5
:10155000CB6B253F29DE423F0A05263F895B423F90
:10156000E39D263F70D8413F5636273FE154413F27
:1015700061CE273FDAD0403F0566283F5C4C403FB4
:1015800041FD283F67C73F3F1594293FFC413F3F3E
:10159000802A2A3F1BBC3E3F82C02A3FC5353E3FC2
:1015A0001B562B3FF9AE3D3F4AEB2B3FB8273D3F43
:1015B0000F802C3F03A03C3F69142D3FD9173C3FBF
:1015C00059A82D3F3B8F3B3FDE3B2E3F29063B3F3B
:1015D000F7CE2E3FA47C3A3FA5612F3FACF2393FB6
:1015E000E6F32F3F4268393FBB85303F65DD383F2A
:1015F0002217313F1652383F1DA8313F55C6373F9D
:10160000AA38323F233A373FC9C8323F7FAD363F11
:101610007A58333F6C20363FBCE7333FE792353F83
:101620008F76343FF304353FF304353F8F76343FF4
:10163000E792353FBCE7333F6C20363F7A58333F63
:101640007FAD363FC9C8323F233A373FAA38323FD1
:1016500055C6373F1DA8313F1652383F2217313F3C
:1016600065DD383FBB85303F4268393FE6F32F3FA9
:10167000ACF2393FA5612F3FA47C3A3FF7CE2E3F15
:1016800029063B3FDE3B2E3F3B8F3B3F59A82D3F7A
:10169000D9173C3F69142D3F03A03C3F0F802C3FDE
:1016A000B8273D3F4AEB2B3FF9AE3D3F1B562B3F42
:1016B000C5353E3F82C02A3F1BBC3E3F802A2A3FA1
:1016C000FC413F3F1594293F67C73F3F41FD283FFD
:1016D0005C4C403F0566283FDAD0403F61CE273F53
:1016E000E154413F5636273F70D8413FE39D263FA6
:1016F000895B423F0A05263F29DE423FCB6B253FEF
:101700005160433F25D2243F00E2433F1A38243F33
:101710003763443FA99D233FF5E3443FD302233F72
:101720003964453F9967223F03E4453FFBCB213FA6
:101730005463463FF92F213F2AE2463F9393203FCF
:101740008560473FCBF61F3F65DE473F9F591F3FF0
:10175000CA5B483F12BC1E3FB3D8483F221E1E3F03
:101760002155493FD17F1D3F12D1493F1FE11C3F09
:10177000874C4A3F0C421C3F7FC74A3F99A21B3F00
:10178000FA414B3FC6021B3FF8BB4B3F93621A3FE7
:1017900078354C3F00C2193F79AE4C3F0F21193FBD
:1017A000FD264D3FC07F183F029F4D3F12DE173F81
:1017B00089164E3F073C173F908D4E3F9F99163F2D
:1017C00017044F3FD9F6153F1F7A4F3FB753153FC8
:1017D000A8EF4F3F39B0143FAF64503F5F0C143F48
:1017E00037D9503F2A68133F3D4D513F9AC3123FAE
:1017F000C2C0513FB01E123FC633523F6B79113FFA
:1018000049A6523FCDD3103F4918533FD52D103F25
:10181000C789533F84870F3FC3FA533FDBE00E3F36
:101820003B6B543FDA390E3F31DB543F81920D3F21
:10183000A44A553FD0EA0C3F93B9553FC9420C3FEB
:10184000FE27563F6B9A0B3FE595563FB7F10A3F8F
:101850004803573FAD480A3F2670573F4E9F093F08
:101860007FDC573F9BF5083F5348583F924B083F5A
:10187000A1B3583F36A1073F6A1E593F86F6063F7F
:10188000AD88593F824B063F6AF2593F2CA0053F75
:10189000A05B5A3F84F4043F50C45A3F8948043F38
:1018A000792C5B3F3D9C033F1A945B3F9FEF023FC7
:1018B00034FB5B3FB142023FC7615C3F7395013F20
:1018C000D1C75C3FE4E7003F532D5D3F063A003F40
:1018D0004D925D3FB217FF3EBEF65D3FBBBAFD3E87
:1018E000A65A5E3F275DFC3E05BE5E3FF7FEFA3E10
:1018F000DB205F3F2DA0F93E27835F3FC840F83EC5
:10190000E9E45F3FCBE0F63E2146603F3580F53E9F
:10191000CFA6603F071FF43EF206613F43BDF23E93
:101920008A66613FEA5AF13E98C5613FFBF7EF3E98
:101930001A24623F7994EE3E1082623F6330ED3E9E
:101940007BDF623FBBCBEB3E5A3C633F8166EA3EA6
:10195000AC98633FB700E93E73F4633F5D9AE73E9E
:10196000AC4F643F7533E63E59AA643FFECBE43E7C
:101970007904653FFA63E33E0B5E653F6AFBE13E37
:1019800010B7653F4F92E03E880F663FA928DF3EC3
:101990007167663F79BEDD3ECCBE663FC153DC3E1B
:1019A0009915673F80E8DA3ED86B673FB97CD93E2E
:1019B00087C1673F6B10D83EA816683F99A3D63EF3
:1019C000396B683F4136D53E3CBF683F67C8D33E60
:1019D000AE12693F095AD23E9165693F2AEBD03E6B
:1019E000E4B7693FCA7BCF3EA7096A3FEA0BCE3E08
:1019F000D95A6A3F8B9BCC3E7BAB6A3FAE2ACB3E2B
:101A00008CFB6A3F53B9C93E0C4B6B3F7C47C83EC9
:101A1000FB996B3F29D5C63E58E86B3F5C62C53EDB
:101A200024366C3F15EFC33E5E836C3F557BC23E50
:101A300007D06C3F1E07C13E1D1C6D3F6F92BF3E1D
:101A4000A1676D3F4A1DBE3E93B26D3FAFA7BC3E3E
:101A5000F2FC6D3FA031BB3EBE466E3F1EBBB93EA1
:101A6000F88F6E3F2A44B83E9ED86E3FC3CCB63E38
:101A7000B0206F3FEC54B53E30686F3FA5DCB33EFD
:101A80001BAF6F3FEF63B23E73F56F3FCBEAB03EE3
:101A9000373B703F3A71AF3E6680703F3CF7AD3EDA
:101AA00002C5703FD47CAC3E0809713F0102AB3ED9
:101AB0007A4C713FC486A93E578F713F1F0BA83ED9
:101AC0009FD1713F128FA63E5213723F9F12A53EC7
:101AD0007054723FC595A33EF894723F8718A23E9A
:101AE000EBD4723FE59AA03E4714733FDF1C9F3E44
:101AF0000E53733F789E9D3E3F91733FAF1F9C3EB8
:101B0000D9CE733F86A09A3EDD0B743FFE20993EEE
:101B10004B48743F17A1973E2284743FD220963ED3
:101B200062BF743F31A0943E0BFA743F351F933E61
:101B30001D34753FDD9D913E976D753F2C1C903E89
:101B40007BA6753F229A8E3EC6DE753FC0178D3E3E
:101B50007A16763F07958B3E974D763FF8118A3E71
:101B60001B84763F938E883E07BA763FDA0A873E1B
:101B70005BEF763FCE86853E1724773F7002843E2A
:101B80003A58773FC07D823EC58B773FC0F8803E94
:101B9000B7BE773FE1E67E3E10F1773FA4DB7B3EA8
:101BA000D122783FCCCF783EF853783F5AC3753E68
:101BB0008684783F51B6723E7BB4783FB2A86F3EC0
:101BC000D6E3783F7F9A6C3E9812793FBA8B693E94
:101BD000C040793F667C663E4E6E793F836C633EC3
:101BE000439B793F135C603E9DC7793F1A4B5D3E36
:101BF0005EF3793F97395A3E841E7A3F8F27573ECE
:101C000010497A3F0115543E02737A3FF101513E6B
:101C1000599C7A3F60EE4D3E16C57A3F4FDA4A3EF8
:101C200037ED7A3FC2C5473EBE147B3FB9B0443E54
:101C3000AB3B7B3F379B413EFC617B3F3E853E3E5D
:101C4000B2877B3FCF6E3B3ECDAC7B3FEC57383EFF
:101C50004DD17B3F9840353E31F57B3FD428323E15
:101C60007A187C3FA2102F3E283B7C3F04F82B3E85
:101C70003A5D7C3FFCDE283EB07E7C3F8CC5253E35
:101C80008A9F7C3FB6AB223EC9BF7C3F7B911F3E03
:101C90006CDF7C3FDE761C3E73FE7C3FE05B193ED2
:101CA000DD1C7D3F8340163EAC3A7D3FCA24133E87
:101CB000DE577D3FB708103E74747D3F4AEC0C3E02
:101CC0006E907D3F86CF093ECCAB7D3F6EB2063E27
:101CD0008CC67D3F0295033EB1E07D3F4577003ED7
:101CE00038FA7D3F73B2FA3D24137E3FC075F43D50
:101CF000722B7E3F7638EE3D23437E3F9AFAE73DD6
:101D0000385A7E3F2EBCE13DB0707E3F377DDB3DD3
:101D10008B867E3FB93DD53DC99B7E3FB7FDCE3D0D
:101D200069B07E3F36BDC83D6DC47E3F397CC23D43
:101D3000D4D77E3FC33ABC3D9DEA7E3FDAF8B53D3D
:101D4000C9FC7E3F80B6AF3D580E7F3FBA73A93DB8
:101D5000491F7F3F8C30A33D9D2F7F3FF9EC9C3D79
:101D6000543F7F3F05A9963D6D4E7F3FB464903D43
:101D7000E95C7F3F0A208A3DC76A7F3F0ADB833DDB
:101D800008787F3F742B7B3DAB847F3F38A06E3D4E
:101D9000B1907F3F6814623D189C7F3F0E88553D8F
:101DA000E3A67F3F2FFB483D0FB17F3FD56D3C3D04
:101DB0009EBA7F3F07E02F3D8FC37F3FCC51233D2D
:101DC000E2CB7F3F2CC3163D98D37F3F2F340A3D93
:101DD000AFDA7F3FB949FB3C29E17F3F7B2AE23CF8
:101DE00005E77F3FB00AC93C43EC7F3F69EAAF3C5F
:101DF000E3F07F3FB6C9963CE6F47F3F4B517B3C16
:101E00004AF87F3F900E493C11FB7F3F59CB163C6F
:101E100039FD7F3F890FC93BC4FE7F3FC70F493B58
:101E2000B1FF7F3F000000000000803FC70F49BBAB
:101E3000B1FF7F3F890FC9BBC4FE7F3F59CB16BCA2
:101E400039FD7F3F900E49BC11FB7F3F4B517BBC5E
:101E50004AF87F3FB6C996BCE6F47F3F69EAAFBC5B
:101E6000E3F07F3FB00AC9BC43EC7F3F7B2AE2BC72
:101E700005E77F3FB949FBBC29E17F3F2F340ABD0D
:101E8000AFDA7F3F2CC316BD98D37F3FCC5123BD23
:101E9000E2CB7F3F07E02FBD8FC37F3FD56D3CBDB9
:101EA0009EBA7F3F2FFB48BD0FB17F3F0E8855BDC7
:101EB000E3A67F3F681462BD189C7F3F38A06EBDCB
:101EC000B1907F3F742B7BBDAB847F3F0ADB83BD2A
:101ED00008787F3F0A208ABDC76A7F3FB46490BDFF
:101EE000E95C7F3F05A996BD6D4E7F3FF9EC9CBD37
:101EF000543F7F3F8C30A3BD9D2F7F3FBA73A9BD58
:101F0000491F7F3F80B6AFBD580E7F3FDAF8B5BDA1
:101F1000C9FC7E3FC33ABCBD9DEA7E3F397CC2BD51
:101F2000D4D77E3F36BDC8BD6DC47E3FB7FDCEBDA4
:101F300069B07E3FB93DD5BDC99B7E3F377DDBBDD6
:101F40008B867E3F2EBCE1BDB0707E3F9AFAE7BD26
:101F5000385A7E3F7638EEBD23437E3FC075F4BDD0
:101F6000722B7E3F73B2FABD24137E3F457700BECD
:101F700038FA7D3F029503BEB1E07D3F6EB206BEEA
:101F80008CC67D3F86CF09BECCAB7D3F4AEC0CBEF4
:101F90006E907D3FB70810BE74747D3FCA2413BE97
:101FA000DE577D3F834016BEAC3A7D3FE05B19BEF5
:101FB000DD1C7D3FDE761CBE73FE7C3F7B911FBE29
:101FC0006CDF7C3FB6AB22BEC9BF7C3F8CC525BE53
:101FD0008A9F7C3FFCDE28BEB07E7C3F04F82BBE8F
:101FE0003A5D7C3FA2102FBE283B7C3FD42832BEF6
:101FF0007A187C3F984035BE31F57B3FEC5738BEB0
:102000004DD17B3FCF6E3BBECDAC7B3F3E853EBED0
:10201000B2877B3F379B41BEFC617B3FB9B044BE7A
:10202000AB3B7B3FC2C547BEBE147B3F4FDA4ABEC7
:1020300037ED7A3F60EE4DBE16C57A3FF10151BED5
:10204000599C7A3F011554BE02737A3F8F2757BEC1
:1020500010497A3F97395ABE841E7A3F1A4B5DBEAB
:102060005EF3793F135C60BE9DC7793F836C63BEAE
:10207000439B793F667C66BE4E6E793FBA8B69BEE4
:10208000C040793F7F9A6CBE9812793FB2A86FBE6C
:10209000D6E3783F51B672BE7BB4783F5AC375BE63
:1020A0008684783FCCCF78BEF853783FA4DB7BBEE4
:1020B000D122783FE1E67EBE10F1773FC0F880BEC6
:1020C000B7BE773FC07D82BEC58B773F700284BEAE
:1020D0003A58773FCE8685BE1724773FDA0A87BE07
:1020E0005BEF763F938E88BE07BA763FF8118ABEC3
:1020F0001B84763F07958BBE974D763FC0178DBEEC
:102100007A16763F229A8EBEC6DE753F2C1C90BE94
:102110007BA6753FDD9D91BE976D753F351F93BEC4
:102120001D34753F31A094BE0BFA743FD22096BE89
:1021300062BF743F17A197BE2284743FFE2099BEF0
:102140004B48743F86A09ABEDD0B743FAF1F9CBE08
:10215000D9CE733F789E9DBE3F91733FDF1C9FBEDB
:102160000E53733FE59AA0BE4714733F8718A2BE73
:10217000EBD4723FC595A3BEF894723F9F12A5BEE3
:102180007054723F128FA6BE5213723F1F0BA8BE2F
:102190009FD1713FC486A9BE578F713F0102ABBE6C
:1021A0007A4C713FD47CACBE0809713F3CF7ADBEA0
:1021B00002C5703F3A71AFBE6680703FCBEAB0BED9
:1021C000373B703FEF63B2BE73F56F3FA5DCB3BE24
:1021D0001BAF6F3FEC54B5BE30686F3FC3CCB6BE8B
:1021E000B0206F3F2A44B8BE9ED86E3F1EBBB9BE1A
:1021F000F88F6E3FA031BBBEBE466E3FAFA7BCBEE0
:10220000F2FC6D3F4A1DBEBE93B26D3F6F92BFBEE2
:10221000A1676D3F1E07C1BE1D1C6D3F557BC2BE31
:1022200007D06C3F15EFC3BE5E836C3F5C62C5BEDA
:1022300024366C3F29D5C6BE58E86B3F7C47C8BEE4
:10224000FB996B3F53B9C9BE0C4B6B3FAE2ACBBE5B
:102250008CFB6A3F8B9BCCBE7BAB6A3FEA0BCEBE4E
:10226000D95A6A3FCA7BCFBEA7096A3F2AEBD0BEC4
:10227000E4B7693F095AD2BE9165693F67C8D3BECA
:10228000AE12693F4136D5BE3CBF683F99A3D6BE6A
:10229000396B683F6B10D8BEA816683FB97CD9BEB1
:1022A00087C1673F80E8DABED86B673FC153DCBEA9
:1022B0009915673F79BEDDBECCBE663FA928DFBE5B
:1022C0007167663F4F92E0BE880F663F6AFBE1BED2
:1022D00010B7653FFA63E3BE0B5E653FFECBE4BE1D
:1022E0007904653F7533E6BE59AA643F5D9AE7BE3F
:1022F000AC4F643FB700E9BE73F4633F8166EABE4A
:10230000AC98633FBBCBEBBE5A3C633F6330EDBE42
:102310007BDF623F7994EEBE1082623FFBF7EFBE37
:102320001A24623FEA5AF1BE98C5613F43BDF2BE2E
:102330008A66613F071FF4BEF206613F3580F5BE35
:10234000CFA6603FCBE0F6BE2146603FC840F8BE56
:10235000E9E45F3F2DA0F9BE27835F3FF7FEFABE99
:10236000DB205F3F275DFCBE05BE5E3FBBBAFDBE06
:10237000A65A5E3FB217FFBEBEF65D3F063A00BFEB
:102380004D925D3FE4E700BF532D5D3F739501BF64
:10239000D1C75C3FB14202BFC7615C3F9FEF02BF44
:1023A00034FB5B3F3D9C03BF1A945B3F894804BFED
:1023B000792C5B3F84F404BF50C45A3F2CA005BF66
:1023C000A05B5A3F824B06BF6AF2593F86F606BFB2
:1023D000AD88593F36A107BF6A1E593F924B08BFCF
:1023E000A1B3583F9BF508BF5348583F4E9F09BFC4
:1023F0007FDC573FAD480ABF2670573FB7F10ABF91
:102400004803573F6B9A0BBFE595563FC9420CBF37
:10241000FE27563FD0EA0CBF93B9553F81920DBFBE
:10242000A44A553FDA390EBF31DB543FDBE00EBF23
:102430003B6B543F84870FBFC3FA533FD52D10BF6A
:10244000C789533FCDD310BF4918533F6B7911BF94
:1024500049A6523FB01E12BFC633523F9AC312BFA5
:10246000C2C0513F2A6813BF3D4D513F5F0C14BF9E
:1024700037D9503F39B014BFAF64503FB75315BF81
:10248000A8EF4F3FD9F615BF1F7A4F3F9F9916BF50
:1024900017044F3F073C17BF908D4E3F12DE17BF0A
:1024A00089164E3FC07F18BF029F4D3F0F2119BFB5
:1024B000FD264D3F00C219BF79AE4C3F93621ABF53
:1024C00078354C3FC6021BBFF8BB4B3F99A21BBFE0
:1024D000FA414B3F0C421CBF7FC74A3F1FE11CBF64
:1024E000874C4A3FD17F1DBF12D1493F221E1EBFDC
:1024F0002155493F12BC1EBFB3D8483F9F591FBF4B
:10250000CA5B483FCBF61FBF65DE473F939320BFB2
:102510008560473FF92F21BF2AE2463FFBCB21BF11
:102520005463463F996722BF03E4453FD30223BF6C
:102530003964453FA99D23BFF5E3443F1A3824BFC2
:102540003763443F25D224BF00E2433FCB6B25BF16
:102550005160433F0A0526BF29DE423FE39D26BF67
:10256000895B423F563627BF70D8413F61CE27BFB7
:10257000E154413F056628BFDAD0403F41FD28BF06
:102580005C4C403F159429BF67C73F3F802A2ABF54
:10259000FC413F3F82C02ABF1BBC3E3F1B562BBFA6
:1025A000C5353E3F4AEB2BBFF9AE3D3F0F802CBFF8
:1025B000B8273D3F69142DBF03A03C3F59A82DBF4C
:1025C000D9173C3FDE3B2EBF3B8F3B3FF7CE2EBFA4
:1025D00029063B3FA5612FBFA47C3A3FE6F32FBFFE
:1025E000ACF2393FBB8530BF4268393F221731BF5B
:1025F00065DD383F1DA831BF1652383FAA3832BFBB
:1026000055C6373FC9C832BF233A373F7A5833BF20
:102610007FAD363FBCE733BF6C20363F8F7634BF8B
:10262000E792353FF30435BFF304353FE79235BFFA
:102630008F76343F6C2036BFBCE7333F7FAD36BF6B
:102640007A58333F233A37BFC9C8323F55C637BFE0
:10265000AA38323F165238BF1DA8313F65DD38BF5A
:102660002217313F426839BFBB85303FACF239BFDA
:10267000E6F32F3FA47C3ABFA5612F3F29063BBF5D
:10268000F7CE2E3F3B8F3BBFDE3B2E3FD9173CBFE3
:1026900059A82D3F03A03CBF69142D3FB8273DBF6B
:1026A0000F802C3FF9AE3DBF4AEB2B3FC5353EBFF7
:1026B0001B562B3F1BBC3EBF82C02A3FFC413FBF85
:1026C000802A2A3F67C73FBF1594293F5C4C40BF13
:1026D00041FD283FDAD040BF0566283FE15441BFA5
:1026E00061CE273F70D841BF5636273F895B42BF36
:1026F000E39D263F29DE42BF0A05263F516043BFC6
:10270000CB6B253F00E243BF25D2243F376344BF54
:102710001A38243FF5E344BFA99D233F396445BFE0
:10272000D302233F03E445BF9967223F546346BF6A
:10273000FBCB213F2AE246BFF92F213F856047BFEF
:102740009393203F65DE47BFCBF61F3FCA5B48BF70
:102750009F591F3FB3D848BF12BC1E3F215549BFE8
:10276000221E1E3F12D149BFD17F1D3F874C4ABF59
:102770001FE11C3F7FC74ABF0C421C3FFA414BBFC1
:1027800099A21B3FF8BB4BBFC6021B3F78354CBF1D
:1027900093621A3F79AE4CBF00C2193FFD264DBF70
:1027A0000F21193F029F4DBFC07F183F89164EBFB2
:1027B00012DE173F908D4EBF073C173F17044FBFE7
:1027C0009F99163F1F7A4FBFD9F6153FA8EF4FBF0D
:1027D000B753153FAF6450BF39B0143F37D950BF1E
:1027E0005F0C143F3D4D51BF2A68133FC2C051BF1B
:1027F0009AC3123FC63352BFB01E123F49A652BF02
:102800006B79113F491853BFCDD3103FC78953BFD0
:10281000D52D103FC3FA53BF84870F3F3B6B54BF86
:10282000DBE00E3F31DB54BFDA390E3FA44A55BF1F
:1028300081920D3F93B955BFD0EA0C3FFE2756BF9A
:10284000C9420C3FE59556BF6B9A0B3F480357BFF3
:10285000B7F10A3F267057BFAD480A3F7FDC57BF2C
:102860004E9F093F534858BF9BF5083FA1B358BF3F
:10287000924B083F6A1E59BF36A1073FAD8859BF2A
:1028800086F6063F6AF259BF824B063FA05B5ABFED
:102890002CA0053F50C45ABF84F4043F792C5BBF81
:1028A0008948043F1A945BBF3D9C033F34FB5BBFE8
:1028B0009FEF023FC7615CBFB142023FD1C75CBF1F
:1028C0007395013F532D5DBFE4E7003F4D925DBF1F
:1028D000063A003FBEF65DBFB217FF3EA65A5EBF86
:1028E000BBBAFD3E05BE5EBF275DFC3EDB205FBF81
:1028F000F7FEFA3E27835FBF2DA0F93EE9E45FBFF4
:10290000C840F83E214660BFCBE0F63ECFA660BF90
:102910003580F53EF20661BF071FF43E8A6661BF4F
:1029200043BDF23E98C561BFEA5AF13E1A2462BF28
:10293000FBF7EF3E108262BF7994EE3E7BDF62BF11
:102940006330ED3E5A3C63BFBBCBEB3EAC9863BFFC
:102950008166EA3E73F463BFB700E93EAC4F64BFE3
:102960005D9AE73E59AA64BF7533E63E790465BFB8
:10297000FECBE43E0B5E65BFFA63E33E10B765BF76
:102980006AFBE13E880F66BF4F92E03E716766BF0B
:10299000A928DF3ECCBE66BF79BEDD3E991567BF74
:1029A000C153DC3ED86B67BF80E8DA3E87C167BFA2
:1029B000B97CD93EA81668BF6B10D83E396B68BF8A
:1029C00099A3D63E3CBF68BF4136D53EAE1269BF23
:1029D00067C8D33E916569BF095AD23EE4B769BF63
:1029E0002AEBD03EA7096ABFCA7BCF3ED95A6ABF3D
:1029F000EA0BCE3E7BAB6ABF8B9BCC3E8CFB6ABFA7
:102A0000AE2ACB3E0C4B6BBF53B9C93EFB996BBF93
:102A10007C47C83E58E86BBF29D5C63E24366CBFFC
:102A20005C62C53E5E836CBF15EFC33E07D06CBFD2
:102A3000557BC23E1D1C6DBF1E07C13EA1676DBF09
:102A40006F92BF3E93B26DBF4A1DBE3EF2FC6DBF9A
:102A5000AFA7BC3EBE466EBFA031BB3EF88F6EBF77
:102A60001EBBB93E9ED86EBF2A44B83EB0206FBF91
:102A7000C3CCB63E30686FBFEC54B53E1BAF6FBFE2
:102A8000A5DCB33E73F56FBFEF63B23E373B70BF5B
:102A9000CBEAB03E668070BF3A71AF3E02C570BFF0
:102AA0003CF7AD3E080971BFD47CAC3E7A4C71BF97
:102AB0000102AB3E578F71BFC486A93E9FD171BF43
:102AC0001F0BA83E521372BF128FA63E705472BFE6
:102AD0009F12A53EF89472BFC595A33EEBD472BF7A
:102AE0008718A23E471473BFE59AA03E0E5373BFEA
:102AF000DF1C9F3E3F9173BF789E9D3ED9CE73BF32
:102B0000AF1F9C3EDD0B74BF86A09A3E4B4874BF3E
:102B1000FE20993E228474BF17A1973E62BF74BF06
:102B2000D220963E0BFA74BF31A0943E1D3475BF7F
:102B3000351F933E976D75BFDD9D913E7BA675BF9A
:102B40002C1C903EC6DE75BF229A8E3E7A1676BF4A
:102B5000C0178D3E974D76BF07958B3E1B8476BF81
:102B6000F8118A3E07BA76BF938E883E5BEF76BF38
:102B7000DA0A873E172477BFCE86853E3A5877BF5C
:102B80007002843EC58B77BFC07D823EB7BE77BFE3
:102B9000C0F8803E10F177BFE1E67E3ED12278BFDB
:102BA000A4DB7B3EF85378BFCCCF783E868478BFD9
:102BB0005AC3753E7BB478BF51B6723ED6E378BF38
:102BC000B2A86F3E981279BF7F9A6C3EC04079BF21
:102BD000BA8B693E4E6E79BF667C663E439B79BF79
:102BE000836C633E9DC779BF135C603E5EF379BF23
:102BF0001A4B5D3E841E7ABF97395A3E10497ABF00
:102C00008F27573E02737ABF0115543E599C7ABFF5
:102C1000F101513E16C57ABF60EE4D3E37ED7ABFE9
:102C20004FDA4A3EBE147BBFC2C5473EAB3B7BBFBB
:102C3000B9B0443EFC617BBF379B413EB2877BBF4E
:102C40003E853E3ECDAC7BBFCF6E3B3E4DD17BBF84
:102C5000EC57383E31F57BBF9840353E7A187CBF43
:102C6000D428323E283B7CBFA2102F3E3A5D7CBF69
:102C700004F82B3EB07E7CBFFCDE283E8A9F7CBFE2
:102C80008CC5253EC9BF7CBFB6AB223E6CDF7CBF86
:102C90007B911F3E73FE7CBFDE761C3EDD1C7DBF3C
:102CA000E05B193EAC3A7DBF8340163EDE577DBFE8
:102CB000CA24133E74747DBFB708103E6E907DBF6A
:102CC0004AEC0C3ECCAB7DBF86CF093E8CC67DBFA7
:102CD0006EB2063EB1E07DBF0295033E38FA7DBF7D
:102CE0004577003E24137EBF73B2FA3D722B7EBF40
:102CF000C075F43D23437EBF7638EE3D385A7EBF23
:102D00009AFAE73DB0707EBF2EBCE13D8B867EBF58
:102D1000377DDB3DC99B7EBFB93DD53D69B07EBFE8
:102D2000B7FDCE3D6DC47EBF36BDC83DD4D77EBF96
:102D3000397CC23D9DEA7EBFC33ABC3DC9FC7EBF23
:102D4000DAF8B53D580E7FBF80B6AF3D491F7FBF53
:102D5000BA73A93D9D2F7FBF8C30A33D543F7FBFE9
:102D6000F9EC9C3D6D4E7FBF05A9963DE95C7FBFA8
:102D7000B464903DC76A7FBF0A208A3D08787FBF50
:102D80000ADB833DAB847FBF742B7B3DB1907FBF5B
:102D900038A06E3D189C7FBF6814623DE3A67FBFDC
:102DA0000E88553D0FB17FBF2FFB483D9EBA7FBFB8
:102DB000D56D3C3D8FC37FBF07E02F3DE2CB7FBF8A
:102DC000CC51233D98D37FBF2CC3163DAFDA7FBFD4
:102DD0002F340A3D29E17FBFB949FB3C05E77FBF9E
:102DE0007B2AE23C43EC7FBFB00AC93CE3F07FBFE3
:102DF00069EAAF3CE6F47FBFB6C9963C4AF87FBFAC
:102E00004B517B3C11FB7FBF900E493C39FD7FBF8E
:102E100059CB163CC4FE7FBF890FC93BB1FF7FBFB2
:102E2000C70F493B000080BF00000000B1FF7FBF1B
:102E3000C70F49BBC4FE7FBF890FC9BB39FD7FBF28
:102E400059CB16BC11FB7FBF900E49BC4AF87FBF1F
:102E50004B517BBCE6F47FBFB6C996BCE3F07FBFA5
:102E600069EAAFBC43EC7FBFB00AC9BC05E77FBFCE
:102E70007B2AE2BC29E17FBFB949FBBCAFDA7FBF47
:102E80002F340ABD98D37FBF2CC316BDE2CB7FBFC2
:102E9000CC5123BD8FC37FBF07E02FBD9EBA7FBF3C
:102EA000D56D3CBD0FB17FBF2FFB48BDE3A67FBFF3
:102EB0000E8855BD189C7FBF681462BDB1907FBF5E
:102EC00038A06EBDAB847FBF742B7BBD08787FBFFD
:102ED0000ADB83BDC76A7FBF0A208ABDE95C7FBF6A
:102EE000B46490BD6D4E7FBF05A996BD543F7FBFB2
:102EF000F9EC9CBD9D2F7FBF8C30A3BD491F7FBFC8
:102F0000BA73A9BD580E7FBF80B6AFBDC9FC7EBFE6
:102F1000DAF8B5BD9DEA7EBFC33ABCBDD4D77EBF4B
:102F2000397CC2BD6DC47EBF36BDC8BD69B07EBF31
:102F3000B7FDCEBDC99B7EBFB93DD5BD8B867EBFDB
:102F4000377DDBBDB0707EBF2EBCE1BD385A7EBF81
:102F50009AFAE7BD23437EBF7638EEBD722B7EBF63
:102F6000C075F4BD24137EBF73B2FABD38FA7DBFBD
:102F7000457700BEB1E07DBF029503BE8CC67DBF24
:102F80006EB206BECCAB7DBF86CF09BE6E907DBF54
:102F90004AEC0CBE74747DBFB70810BEDE577DBF0F
:102FA000CA2413BEAC3A7DBF834016BEDD1C7DBF74
:102FB000E05B19BE73FE7CBFDE761CBE6CDF7CBF9F
:102FC0007B911FBEC9BF7CBFB6AB22BE8A9F7CBFB0
:102FD0008CC525BEB07E7CBFFCDE28BE3A5D7CBFC2
:102FE00004F82BBE283B7CBFA2102FBE7A187CBFF2
:102FF000D42832BE31F57BBF984035BE4DD17BBF62
:10300000EC5738BECDAC7BBFCF6E3BBEB2877BBF2B
:103010003E853EBEFC617BBF379B41BEAB3B7BBF69
:10302000B9B044BEBE147BBFC2C547BE37ED7ABF40
:103030004FDA4ABE16C57ABF60EE4DBE599C7ABFC4
:10304000F10151BE02737ABF011554BE10497ABF17
:103050008F2757BE841E7ABF97395ABE5EF379BF59
:103060001A4B5DBE9DC779BF135C60BE439B79BFA1
:10307000836C63BE4E6E79BF667C66BEC04079BF0E
:10308000BA8B69BE981279BF7F9A6CBED6E378BFBF
:10309000B2A86FBE7BB478BF51B672BE868478BFCB
:1030A0005AC375BEF85378BFCCCF78BED12278BF53
:1030B000A4DB7BBE10F177BFE1E67EBEB7BE77BF73
:1030C000C0F880BEC58B77BFC07D82BE3A5877BF3F
:1030D000700284BE172477BFCE8685BE5BEF76BFB5
:1030E000DA0A87BE07BA76BF938E88BE1B8476BF86
:1030F000F8118ABE974D76BF07958BBE7A1676BFBC
:10310000C0178DBEC6DE75BF229A8EBE7BA675BF68
:103110002C1C90BE976D75BFDD9D91BE1D3475BF93
:10312000351F93BE0BFA74BF31A094BE62BF74BF4B
:10313000D22096BE228474BF17A197BE4B4874BF9D
:10314000FE2099BEDD0B74BF86A09ABED9CE73BF98
:10315000AF1F9CBE3F9173BF789E9DBE0E5373BF41
:10316000DF1C9FBE471473BFE59AA0BEEBD472BFAD
:103170008718A2BEF89472BFC595A3BE705472BFE3
:103180009F12A5BE521372BF128FA6BE9FD171BFF0
:103190001F0BA8BE578F71BFC486A9BE7A4C71BFE2
:1031A0000102ABBE080971BFD47CACBE02C570BFC2
:1031B0003CF7ADBE668070BF3A71AFBE373B70BFA3
:1031C000CBEAB0BE73F56FBFEF63B2BE1BAF6FBF8C
:1031D000A5DCB3BE30686FBFEC54B5BEB0206FBF86
:1031E000C3CCB6BE9ED86EBF2A44B8BEF88F6EBFA1
:1031F0001EBBB9BEBE466EBFA031BBBEF2FC6DBFEA
:10320000AFA7BCBE93B26DBF4A1DBEBEA1676DBF66
:103210006F92BFBE1D1C6DBF1E07C1BE07D06CBF25
:10322000557BC2BE5E836CBF15EFC3BE24366CBF38
:103230005C62C5BE58E86BBF29D5C6BEFB996BBFA3
:103240007C47C8BE0C4B6BBF53B9C9BE8CFB6ABF71
:10325000AE2ACBBE7BAB6ABF8B9BCCBED95A6ABFB2
:10326000EA0BCEBEA7096ABFCA7BCFBEE4B769BF6F
:103270002AEBD0BE916569BF095AD2BEAE1269BFB2
:1032800067C8D3BE3CBF68BF4136D5BE396B68BF87
:1032900099A3D6BEA81668BF6B10D8BE87C167BFFA
:1032A000B97CD9BED86B67BF80E8DABE991567BF15
:1032B000C153DCBECCBE66BF79BEDDBE716766BFE2
:1032C000A928DFBE880F66BF4F92E0BE10B765BF6A
:1032D0006AFBE1BE0B5E65BFFA63E3BE790465BFBE
:1032E000FECBE4BE59AA64BF7533E6BEAC4F64BFE3
:1032F0005D9AE7BE73F463BFB700E9BEAC9863BFE5
:103300008166EABE5A3C63BFBBCBEBBE7BDF62BFCC
:103310006330EDBE108262BF7994EEBE1A2462BFA4
:10332000FBF7EFBE98C561BFEA5AF1BE8A6661BF7E
:1033300043BDF2BEF20661BF071FF4BECFA660BF59
:103340003580F5BE214660BFCBE0F6BEE9E45FBF45
:10335000C840F8BE27835FBF2DA0F9BEDB205FBF4A
:10336000F7FEFABE05BE5EBF275DFCBEA65A5EBF75
:10337000BBBAFDBEBEF65DBFB217FFBE4D925DBFCC
:10338000063A00BF532D5DBFE4E700BFD1C75CBF65
:10339000739501BFC7615CBFB14202BF34FB5BBF25
:1033A0009FEF02BF1A945BBF3D9C03BF792C5BBFAC
:1033B000894804BF50C45ABF84F404BFA05B5ABFFD
:1033C0002CA005BF6AF259BF824B06BFAD8859BF1A
:1033D00086F606BF6A1E59BF36A107BFA1B358BF04
:1033E000924B08BF534858BF9BF508BF7FDC57BFBF
:1033F0004E9F09BF267057BFAD480ABF480357BF4D
:10340000B7F10ABFE59556BF6B9A0BBFFE2756BFB3
:10341000C9420CBF93B955BFD0EA0CBFA44A55BFEF
:1034200081920DBF31DB54BFDA390EBF3B6B54BF05
:10343000DBE00EBFC3FA53BF84870FBFC78953BFFA
:10344000D52D10BF491853BFCDD310BF49A652BFC9
:103450006B7911BFC63352BFB01E12BFC2C051BF7D
:103460009AC312BF3D4D51BF2A6813BF37D950BF11
:103470005F0C14BFAF6450BF39B014BFA8EF4FBF8B
:10348000B75315BF1F7A4FBFD9F615BF17044FBFEB
:103490009F9916BF908D4EBF073C17BF89164EBF30
:1034A00012DE17BF029F4DBFC07F18BFFD264DBF64
:1034B0000F2119BF79AE4CBF00C219BF78354CBF80
:1034C00093621ABFF8BB4BBFC6021BBFFA414BBF8A
:1034D00099A21BBF7FC74ABF0C421CBF874C4ABF83
:1034E0001FE11CBF12D149BFD17F1DBF215549BF6C
:1034F000221E1EBFB3D848BF12BC1EBFCA5B48BF46
:103500009F591FBF65DE47BFCBF61FBF856047BF12
:10351000939320BF2AE246BFF92F21BF546346BFD1
:10352000FBCB21BF03E445BF996722BF396445BF88
:10353000D30223BFF5E344BFA99D23BF376344BF34
:103540001A3824BF00E243BF25D224BF516043BFD5
:10355000CB6B25BF29DE42BF0A0526BF895B42BF70
:10356000E39D26BF70D841BF563627BFE15441BF07
:1035700061CE27BFDAD040BF056628BF5C4C40BF94
:1035800041FD28BF67C73FBF159429BFFC413FBF1E
:10359000802A2ABF1BBC3EBF82C02ABFC5353EBFA2
:1035A0001B562BBFF9AE3DBF4AEB2BBFB8273DBF23
:1035B0000F802CBF03A03CBF69142DBFD9173CBF9F
:1035C00059A82DBF3B8F3BBFDE3B2EBF29063BBF1B
:1035D000F7CE2EBFA47C3ABFA5612FBFACF239BF96
:1035E000E6F32FBF426839BFBB8530BF65DD38BF0A
:1035F000221731BF165238BF1DA831BF55C637BF7D
:10360000AA3832BF233A37BFC9C832BF7FAD36BFF1
:103610007A5833BF6C2036BFBCE733BFE79235BF63
:103620008F7634BFF30435BFF30435BF8F7634BFD4
:10363000E79235BFBCE733BF6C2036BF7A5833BF43
:103640007FAD36BFC9C832BF233A37BFAA3832BFB1
:1036500055C637BF1DA831BF165238BF221731BF1C
:1036600065DD38BFBB8530BF426839BFE6F32FBF89
:10367000ACF239BFA5612FBFA47C3ABFF7CE2EBFF5
:1036800029063BBFDE3B2EBF3B8F3BBF59A82DBF5A
:10369000D9173CBF69142DBF03A03CBF0F802CBFBE
:1036A000B8273DBF4AEB2BBFF9AE3DBF1B562BBF22
:1036B000C5353EBF82C02ABF1BBC3EBF802A2ABF81
:1036C000FC413FBF159429BF67C73FBF41FD28BFDD
:1036D0005C4C40BF056628BFDAD040BF61CE27BF33
:1036E000E15441BF563627BF70D841BFE39D26BF86
:1036F000895B42BF0A0526BF29DE42BFCB6B25BFCF
:10370000516043BF25D224BF00E243BF1A3824BF13
:10371000376344BFA99D23BFF5E344BFD30223BF52
:10372000396445BF996722BF03E445BFFBCB21BF86
:10373000546346BFF92F21BF2AE246BF939320BFAF
:10374000856047BFCBF61FBF65DE47BF9F591FBFD0
:10375000CA5B48BF12BC1EBFB3D848BF221E1EBFE3
:10376000215549BFD17F1DBF12D149BF1FE11CBFE9
:10377000874C4ABF0C421CBF7FC74ABF99A21BBFE0
:10378000FA414BBFC6021BBFF8BB4BBF93621ABFC7
:1037900078354CBF00C219BF79AE4CBF0F2119BF9D
:1037A000FD264DBFC07F18BF029F4DBF12DE17BF61
:1037B00089164EBF073C17BF908D4EBF9F9916BF0D
:1037C00017044FBFD9F615BF1F7A4FBFB75315BFA8
:1037D000A8EF4FBF39B014BFAF6450BF5F0C14BF28
:1037E00037D950BF2A6813BF3D4D51BF9AC312BF8E
:1037F000C2C051BFB01E12BFC63352BF6B7911BFDA
:1038000049A652BFCDD310BF491853BFD52D10BF05
:10381000C78953BF84870FBFC3FA53BFDBE00EBF16
:103820003B6B54BFDA390EBF31DB54BF81920DBF01
:10383000A44A55BFD0EA0CBF93B955BFC9420CBFCB
:10384000FE2756BF6B9A0BBFE59556BFB7F10ABF6F
:10385000480357BFAD480ABF267057BF4E9F09BFE8
:103860007FDC57BF9BF508BF534858BF924B08BF3A
:10387000A1B358BF36A107BF6A1E59BF86F606BF5F
:10388000AD8859BF824B06BF6AF259BF2CA005BF55
:10389000A05B5ABF84F404BF50C45ABF894804BF18
:1038A000792C5BBF3D9C03BF1A945BBF9FEF02BFA7
:1038B00034FB5BBFB14202BFC7615CBF739501BF00
:1038C000D1C75CBFE4E700BF532D5DBF063A00BF20
:1038D0004D925DBFB217FFBEBEF65DBFBBBAFDBE67
:1038E000A65A5EBF275DFCBE05BE5EBFF7FEFABEF0
:1038F000DB205FBF2DA0F9BE27835FBFC840F8BEA5
:10390000E9E45FBFCBE0F6BE214660BF3580F5BE7F
:10391000CFA660BF071FF4BEF20661BF43BDF2BE73
:103920008A6661BFEA5AF1BE98C561BFFBF7EFBE78
:103930001A2462BF7994EEBE108262BF6330EDBE7E
:103940007BDF62BFBBCBEBBE5A3C63BF8166EABE86
:10395000AC9863BFB700E9BE73F463BF5D9AE7BE7E
:10396000AC4F64BF7533E6BE59AA64BFFECBE4BE5C
:10397000790465BFFA63E3BE0B5E65BF6AFBE1BE17
:1039800010B765BF4F92E0BE880F66BFA928DFBEA3
:10399000716766BF79BEDDBECCBE66BFC153DCBEFB
:1039A000991567BF80E8DABED86B67BFB97CD9BE0E
:1039B00087C167BF6B10D8BEA81668BF99A3D6BED3
:1039C000396B68BF4136D5BE3CBF68BF67C8D3BE40
:1039D000AE1269BF095AD2BE916569BF2AEBD0BE4B
:1039E000E4B769BFCA7BCFBEA7096ABFEA0BCEBEE8
:1039F000D95A6ABF8B9BCCBE7BAB6ABFAE2ACBBE0B
:103A00008CFB6ABF53B9C9BE0C4B6BBF7C47C8BEA9
:103A1000FB996BBF29D5C6BE58E86BBF5C62C5BEBB
:103A200024366CBF15EFC3BE5E836CBF557BC2BE30
:103A300007D06CBF1E07C1BE1D1C6DBF6F92BFBEFD
:103A4000A1676DBF4A1DBEBE93B26DBFAFA7BCBE1E
:103A5000F2FC6DBFA031BBBEBE466EBF1EBBB9BE81
:103A6000F88F6EBF2A44B8BE9ED86EBFC3CCB6BE18
:103A7000B0206FBFEC54B5BE30686FBFA5DCB3BEDD
:103A80001BAF6FBFEF63B2BE73F56FBFCBEAB0BEC3
:103A9000373B70BF3A71AFBE668070BF3CF7ADBEBA
:103AA00002C570BFD47CACBE080971BF0102ABBEB9
:103AB0007A4C71BFC486A9BE578F71BF1F0BA8BEB9
:103AC0009FD171BF128FA6BE521372BF9F12A5BEA7
:103AD000705472BFC595A3BEF89472BF8718A2BE7A
:103AE000EBD472BFE59AA0BE471473BFDF1C9FBE24
:103AF0000E5373BF789E9DBE3F9173BFAF1F9CBE98
:103B0000D9CE73BF86A09ABEDD0B74BFFE2099BECE
:103B10004B4874BF17A197BE228474BFD22096BEB3
:103B200062BF74BF31A094BE0BFA74BF351F93BE41
:103B30001D3475BFDD9D91BE976D75BF2C1C90BE69
:103B40007BA675BF229A8EBEC6DE75BFC0178DBE1E
:103B50007A1676BF07958BBE974D76BFF8118ABE51
:103B60001B8476BF938E88BE07BA76BFDA0A87BEFB
:103B70005BEF76BFCE8685BE172477BF700284BE0A
:103B80003A5877BFC07D82BEC58B77BFC0F880BE74
:103B9000B7BE77BFE1E67EBE10F177BFA4DB7BBE88
:103BA000D12278BFCCCF78BEF85378BF5AC375BE48
:103BB000868478BF51B672BE7BB478BFB2A86FBEA0
:103BC000D6E378BF7F9A6CBE981279BFBA8B69BE74
:103BD000C04079BF667C66BE4E6E79BF836C63BEA3
:103BE000439B79BF135C60BE9DC779BF1A4B5DBE16
:103BF0005EF379BF97395ABE841E7ABF8F2757BEAE
:103C000010497ABF011554BE02737ABFF10151BE4B
:103C1000599C7ABF60EE4DBE16C57ABF4FDA4ABED8
:103C200037ED7ABFC2C547BEBE147BBFB9B044BE34
:103C3000AB3B7BBF379B41BEFC617BBF3E853EBE3D
:103C4000B2877BBFCF6E3BBECDAC7BBFEC5738BEDF
:103C50004DD17BBF984035BE31F57BBFD42832BEF5
:103C60007A187CBFA2102FBE283B7CBF04F82BBE65
:103C70003A5D7CBFFCDE28BEB07E7CBF8CC525BE15
:103C80008A9F7CBFB6AB22BEC9BF7CBF7B911FBEE3
:103C90006CDF7CBFDE761CBE73FE7CBFE05B19BEB2
:103CA000DD1C7DBF834016BEAC3A7DBFCA2413BE67
:103CB000DE577DBFB70810BE74747DBF4AEC0CBEE2
:103CC0006E907DBF86CF09BECCAB7DBF6EB206BE07
:103CD0008CC67DBF029503BEB1E07DBF457700BEB7
:103CE00038FA7DBF73B2FABD24137EBFC075F4BD30
:103CF000722B7EBF7638EEBD23437EBF9AFAE7BDB6
:103D0000385A7EBF2EBCE1BDB0707EBF377DDBBDB3
:103D10008B867EBFB93DD5BDC99B7EBFB7FDCEBDED
:103D200069B07EBF36BDC8BD6DC47EBF397CC2BD23
:103D3000D4D77EBFC33ABCBD9DEA7EBFDAF8B5BD1D
:103D4000C9FC7EBF80B6AFBD580E7FBFBA73A9BD98
:103D5000491F7FBF8C30A3BD9D2F7FBFF9EC9CBD59
:103D6000543F7FBF05A996BD6D4E7FBFB46490BD23
:103D7000E95C7FBF0A208ABDC76A7FBF0ADB83BDBB
:103D800008787FBF742B7BBDAB847FBF38A06EBD2E
:103D9000B1907FBF681462BD189C7FBF0E8855BD6F
:103DA000E3A67FBF2FFB48BD0FB17FBFD56D3CBDE4
:103DB0009EBA7FBF07E02FBD8FC37FBFCC5123BD0D
:103DC000E2CB7FBF2CC316BD98D37FBF2F340ABD73
:103DD000AFDA7FBFB949FBBC29E17FBF7B2AE2BCD8
:103DE00005E77FBFB00AC9BC43EC7FBF69EAAFBC3F
:103DF000E3F07FBFB6C996BCE6F47FBF4B517BBCF6
:103E00004AF87FBF900E49BC11FB7FBF59CB16BC4F
:103E100039FD7FBF890FC9BBC4FE7FBFC70F49BB38
:103E2000B1FF7FBF00000080000080BFC70F493B8B
:103E3000B1FF7FBF890FC93BC4FE7FBF59CB163C82
:103E400039FD7FBF900E493C11FB7FBF4B517B3C3E
:103E50004AF87FBFB6C9963CE6F47FBF69EAAF3C3B
:103E6000E3F07FBFB00AC93C43EC7FBF7B2AE23C52
:103E700005E77FBFB949FB3C29E17FBF2F340A3DED
:103E8000AFDA7FBF2CC3163D98D37FBFCC51233D03
:103E9000E2CB7FBF07E02F3D8FC37FBFD56D3C3D99
:103EA0009EBA7FBF2FFB483D0FB17FBF0E88553DA7
:103EB000E3A67FBF6814623D189C7FBF38A06E3DAB
:103EC000B1907FBF742B7B3DAB847FBF0ADB833D0A
:103ED00008787FBF0A208A3DC76A7FBFB464903DDF
:103EE000E95C7FBF05A9963D6D4E7FBFF9EC9C3D17
:103EF000543F7FBF8C30A33D9D2F7FBFBA73A93D38
:103F0000491F7FBF80B6AF3D580E7FBFDAF8B53D81
:103F1000C9FC7EBFC33ABC3D9DEA7EBF397CC23D31
:103F2000D4D77EBF36BDC83D6DC47EBFB7FDCE3D84
:103F300069B07EBFB93DD53DC99B7EBF377DDB3DB6
:103F40008B867EBF2EBCE13DB0707EBF9AFAE73D06
:103F5000385A7EBF7638EE3D23437EBFC075F43DB0
:103F6000722B7EBF73B2FA3D24137EBF4577003EAD
:103F700038FA7DBF0295033EB1E07DBF6EB2063ECA
:103F80008CC67DBF86CF093ECCAB7DBF4AEC0C3ED4
:103F90006E907DBFB708103E74747DBFCA24133E77
:103FA000DE577DBF8340163EAC3A7DBFE05B193ED5
:103FB000DD1C7DBFDE761C3E73FE7CBF7B911F3E09
:103FC0006CDF7CBFB6AB223EC9BF7CBF8CC5253E33
:103FD0008A9F7CBFFCDE283EB07E7CBF04F82B3E6F
:103FE0003A5D7CBFA2102F3E283B7CBFD428323ED6
:103FF0007A187CBF9840353E31F57BBFEC57383E90
:104000004DD17BBFCF6E3B3ECDAC7BBF3E853E3EB0
:10401000B2877BBF379B413EFC617BBFB9B0443E5A
:10402000AB3B7BBFC2C5473EBE147BBF4FDA4A3EA7
:1040300037ED7ABF60EE4D3E16C57ABFF101513EB5
:10404000599C7ABF0115543E02737ABF8F27573EA1
:1040500010497ABF97395A3E841E7ABF1A4B5D3E8B
:104060005EF379BF135C603E9DC779BF836C633E8E
:10407000439B79BF667C663E4E6E79BFBA8B693EC4
:10408000C04079BF7F9A6C3E981279BFB2A86F3E4C
:10409000D6E378BF51B6723E7BB478BF5AC3753E43
:1040A000868478BFCCCF783EF85378BFA4DB7B3EC4
:1040B000D12278BFE1E67E3E10F177BFC0F8803EA6
:1040C000B7BE77BFC07D823EC58B77BF7002843E8E
:1040D0003A5877BFCE86853E172477BFDA0A873EE7
:1040E0005BEF76BF938E883E07BA76BFF8118A3EA3
:1040F0001B8476BF07958B3E974D76BFC0178D3ECC
:104100007A1676BF229A8E3EC6DE75BF2C1C903E74
:104110007BA675BFDD9D913E976D75BF351F933EA4
:104120001D3475BF31A0943E0BFA74BFD220963E69
:1041300062BF74BF17A1973E228474BFFE20993ED0
:104140004B4874BF86A09A3EDD0B74BFAF1F9C3EE8
:10415000D9CE73BF789E9D3E3F9173BFDF1C9F3EBB
:104160000E5373BFE59AA03E471473BF8718A23E53
:10417000EBD472BFC595A33EF89472BF9F12A53EC3
:10418000705472BF128FA63E521372BF1F0BA83E0F
:104190009FD171BFC486A93E578F71BF0102AB3E4C
:1041A0007A4C71BFD47CAC3E080971BF3CF7AD3E80
:1041B00002C570BF3A71AF3E668070BFCBEAB03EB9
:1041C000373B70BFEF63B23E73F56FBFA5DCB33E04
:1041D0001BAF6FBFEC54B53E30686FBFC3CCB63E6B
:1041E000B0206FBF2A44B83E9ED86EBF1EBBB93EFA
:1041F000F88F6EBFA031BB3EBE466EBFAFA7BC3EC0
:10420000F2FC6DBF4A1DBE3E93B26DBF6F92BF3EC2
:10421000A1676DBF1E07C13E1D1C6DBF557BC23E11
:1042200007D06CBF15EFC33E5E836CBF5C62C53EBA
:1042300024366CBF29D5C63E58E86BBF7C47C83EC4
:10424000FB996BBF53B9C93E0C4B6BBFAE2ACB3E3B
:104250008CFB6ABF8B9BCC3E7BAB6ABFEA0BCE3E2E
:10426000D95A6ABFCA7BCF3EA7096ABF2AEBD03EA4
:10427000E4B769BF095AD23E916569BF67C8D33EAA
:10428000AE1269BF4136D53E3CBF68BF99A3D63E4A
:10429000396B68BF6B10D83EA81668BFB97CD93E91
:1042A00087C167BF80E8DA3ED86B67BFC153DC3E89
:1042B000991567BF79BEDD3ECCBE66BFA928DF3E3B
:1042C000716766BF4F92E03E880F66BF6AFBE13EB2
:1042D00010B765BFFA63E33E0B5E65BFFECBE43EFD
:1042E000790465BF7533E63E59AA64BF5D9AE73E1F
:1042F000AC4F64BFB700E93E73F463BF8166EA3E2A
:10430000AC9863BFBBCBEB3E5A3C63BF6330ED3E22
:104310007BDF62BF7994EE3E108262BFFBF7EF3E17
:104320001A2462BFEA5AF13E98C561BF43BDF23E0E
:104330008A6661BF071FF43EF20661BF3580F53E15
:10434000CFA660BFCBE0F63E214660BFC840F83E36
:10435000E9E45FBF2DA0F93E27835FBFF7FEFA3E79
:10436000DB205FBF275DFC3E05BE5EBFBBBAFD3EE6
:10437000A65A5EBFB217FF3EBEF65DBF063A003FCB
:104380004D925DBFE4E7003F532D5DBF7395013F44
:10439000D1C75CBFB142023FC7615CBF9FEF023F24
:1043A00034FB5BBF3D9C033F1A945BBF8948043FCD
:1043B000792C5BBF84F4043F50C45ABF2CA0053F46
:1043C000A05B5ABF824B063F6AF259BF86F6063F92
:1043D000AD8859BF36A1073F6A1E59BF924B083FAF
:1043E000A1B358BF9BF5083F534858BF4E9F093FA4
:1043F0007FDC57BFAD480A3F267057BFB7F10A3F71
:10440000480357BF6B9A0B3FE59556BFC9420C3F17
:10441000FE2756BFD0EA0C3F93B955BF81920D3F9E
:10442000A44A55BFDA390E3F31DB54BFDBE00E3F03
:104430003B6B54BF84870F3FC3FA53BFD52D103F4A
:10444000C78953BFCDD3103F491853BF6B79113F74
:1044500049A652BFB01E123FC63352BF9AC3123F85
:10446000C2C051BF2A68133F3D4D51BF5F0C143F7E
:1044700037D950BF39B0143FAF6450BFB753153F61
:10448000A8EF4FBFD9F6153F1F7A4FBF9F99163F30
:1044900017044FBF073C173F908D4EBF12DE173FEA
:1044A00089164EBFC07F183F029F4DBF0F21193F95
:1044B000FD264DBF00C2193F79AE4CBF93621A3F33
:1044C00078354CBFC6021B3FF8BB4BBF99A21B3FC0
:1044D000FA414BBF0C421C3F7FC74ABF1FE11C3F44
:1044E000874C4ABFD17F1D3F12D149BF221E1E3FBC
:1044F000215549BF12BC1E3FB3D848BF9F591F3F2B
:10450000CA5B48BFCBF61F3F65DE47BF9393203F92
:10451000856047BFF92F213F2AE246BFFBCB213FF1
:10452000546346BF9967223F03E445BFD302233F4C
:10453000396445BFA99D233FF5E344BF1A38243FA2
:10454000376344BF25D2243F00E243BFCB6B253FF6
:10455000516043BF0A05263F29DE42BFE39D263F47
:10456000895B42BF5636273F70D841BF61CE273F97
:10457000E15441BF0566283FDAD040BF41FD283FE6
:104580005C4C40BF1594293F67C73FBF802A2A3F34
:10459000FC413FBF82C02A3F1BBC3EBF1B562B3F86
:1045A000C5353EBF4AEB2B3FF9AE3DBF0F802C3FD8
:1045B000B8273DBF69142D3F03A03CBF59A82D3F2C
:1045C000D9173CBFDE3B2E3F3B8F3BBFF7CE2E3F84
:1045D00029063BBFA5612F3FA47C3ABFE6F32F3FDE
:1045E000ACF239BFBB85303F426839BF2217313F3B
:1045F00065DD38BF1DA8313F165238BFAA38323F9B
:1046000055C637BFC9C8323F233A37BF7A58333F00
:104610007FAD36BFBCE7333F6C2036BF8F76343F6B
:10462000E79235BFF304353FF30435BFE792353FDA
:104630008F7634BF6C20363FBCE733BF7FAD363F4B
:104640007A5833BF233A373FC9C832BF55C6373FC0
:10465000AA3832BF1652383F1DA831BF65DD383F3A
:10466000221731BF4268393FBB8530BFACF2393FBA
:10467000E6F32FBFA47C3A3FA5612FBF29063B3F3D
:10468000F7CE2EBF3B8F3B3FDE3B2EBFD9173C3FC3
:1046900059A82DBF03A03C3F69142DBFB8273D3F4B
:1046A0000F802CBFF9AE3D3F4AEB2BBFC5353E3FD7
:1046B0001B562BBF1BBC3E3F82C02ABFFC413F3F65
:1046C000802A2ABF67C73F3F159429BF5C4C403FF3
:1046D00041FD28BFDAD0403F056628BFE154413F85
:1046E00061CE27BF70D8413F563627BF895B423F16
:1046F000E39D26BF29DE423F0A0526BF5160433FA6
:10470000CB6B25BF00E2433F25D224BF3763443F34
:104710001A3824BFF5E3443FA99D23BF3964453FC0
:10472000D30223BF03E4453F996722BF5463463F4A
:10473000FBCB21BF2AE2463FF92F21BF8560473FCF
:10474000939320BF65DE473FCBF61FBFCA5B483F50
:104750009F591FBFB3D8483F12BC1EBF2155493FC8
:10476000221E1EBF12D1493FD17F1DBF874C4A3F39
:104770001FE11CBF7FC74A3F0C421CBFFA414B3FA1
:1047800099A21BBFF8BB4B3FC6021BBF78354C3FFD
:1047900093621ABF79AE4C3F00C219BFFD264D3F50
:1047A0000F2119BF029F4D3FC07F18BF89164E3F92
:1047B00012DE17BF908D4E3F073C17BF17044F3FC7
:1047C0009F9916BF1F7A4F3FD9F615BFA8EF4F3FED
:1047D000B75315BFAF64503F39B014BF37D9503FFE
:1047E0005F0C14BF3D4D513F2A6813BFC2C0513FFB
:1047F0009AC312BFC633523FB01E12BF49A6523FE2
:104800006B7911BF4918533FCDD310BFC789533FB0
:10481000D52D10BFC3FA533F84870FBF3B6B543F66
:10482000DBE00EBF31DB543FDA390EBFA44A553FFF
:1048300081920DBF93B9553FD0EA0CBFFE27563F7A
:10484000C9420CBFE595563F6B9A0BBF4803573FD3
:10485000B7F10ABF2670573FAD480ABF7FDC573F0C
:104860004E9F09BF5348583F9BF508BFA1B3583F1F
:10487000924B08BF6A1E593F36A107BFAD88593F0A
:1048800086F606BF6AF2593F824B06BFA05B5A3FCD
:104890002CA005BF50C45A3F84F404BF792C5B3F61
:1048A000894804BF1A945B3F3D9C03BF34FB5B3FC8
:1048B0009FEF02BFC7615C3FB14202BFD1C75C3FFF
:1048C000739501BF532D5D3FE4E700BF4D925D3FFF
:1048D000063A00BFBEF65D3FB217FFBEA65A5E3F66
:1048E000BBBAFDBE05BE5E3F275DFCBEDB205F3F61
:1048F000F7FEFABE27835F3F2DA0F9BEE9E45F3FD4
:10490000C840F8BE2146603FCBE0F6BECFA6603F70
:104910003580F5BEF206613F071FF4BE8A66613F2F
:1049200043BDF2BE98C5613FEA5AF1BE1A24623F08
:10493000FBF7EFBE1082623F7994EEBE7BDF623FF1
:104940006330EDBE5A3C633FBBCBEBBEAC98633FDC
:104950008166EABE73F4633FB700E9BEAC4F643FC3
:104960005D9AE7BE59AA643F7533E6BE7904653F98
:10497000FECBE4BE0B5E653FFA63E3BE10B7653F56
:104980006AFBE1BE880F663F4F92E0BE7167663FEB
:10499000A928DFBECCBE663F79BEDDBE9915673F54
:1049A000C153DCBED86B673F80E8DABE87C1673F82
:1049B000B97CD9BEA816683F6B10D8BE396B683F6A
:1049C00099A3D6BE3CBF683F4136D5BEAE12693F03
:1049D00067C8D3BE9165693F095AD2BEE4B7693F43
:1049E0002AEBD0BEA7096A3FCA7BCFBED95A6A3F1D
:1049F000EA0BCEBE7BAB6A3F8B9BCCBE8CFB6A3F87
:104A0000AE2ACBBE0C4B6B3F53B9C9BEFB996B3F73
:104A10007C47C8BE58E86B3F29D5C6BE24366C3FDC
:104A20005C62C5BE5E836C3F15EFC3BE07D06C3FB2
:104A3000557BC2BE1D1C6D3F1E07C1BEA1676D3FE9
:104A40006F92BFBE93B26D3F4A1DBEBEF2FC6D3F7A
:104A5000AFA7BCBEBE466E3FA031BBBEF88F6E3F57
:104A60001EBBB9BE9ED86E3F2A44B8BEB0206F3F71
:104A7000C3CCB6BE30686F3FEC54B5BE1BAF6F3FC2
:104A8000A5DCB3BE73F56F3FEF63B2BE373B703F3B
:104A9000CBEAB0BE6680703F3A71AFBE02C5703FD0
:104AA0003CF7ADBE0809713FD47CACBE7A4C713F77
:104AB0000102ABBE578F713FC486A9BE9FD1713F23
:104AC0001F0BA8BE5213723F128FA6BE7054723FC6
:104AD0009F12A5BEF894723FC595A3BEEBD4723F5A
:104AE0008718A2BE4714733FE59AA0BE0E53733FCA
:104AF000DF1C9FBE3F91733F789E9DBED9CE733F12
:104B0000AF1F9CBEDD0B743F86A09ABE4B48743F1E
:104B1000FE2099BE2284743F17A197BE62BF743FE6
:104B2000D22096BE0BFA743F31A094BE1D34753F5F
:104B3000351F93BE976D753FDD9D91BE7BA6753F7A
:104B40002C1C90BEC6DE753F229A8EBE7A16763F2A
:104B5000C0178DBE974D763F07958BBE1B84763F61
:104B6000F8118ABE07BA763F938E88BE5BEF763F18
:104B7000DA0A87BE1724773FCE8685BE3A58773F3C
:104B8000700284BEC58B773FC07D82BEB7BE773FC3
:104B9000C0F880BE10F1773FE1E67EBED122783FBB
:104BA000A4DB7BBEF853783FCCCF78BE8684783FB9
:104BB0005AC375BE7BB4783F51B672BED6E3783F18
:104BC000B2A86FBE9812793F7F9A6CBEC040793F01
:104BD000BA8B69BE4E6E793F667C66BE439B793F59
:104BE000836C63BE9DC7793F135C60BE5EF3793F03
:104BF0001A4B5DBE841E7A3F97395ABE10497A3FE0
:104C00008F2757BE02737A3F011554BE599C7A3FD5
:104C1000F10151BE16C57A3F60EE4DBE37ED7A3FC9
:104C20004FDA4ABEBE147B3FC2C547BEAB3B7B3F9B
:104C3000B9B044BEFC617B3F379B41BEB2877B3F2E
:104C40003E853EBECDAC7B3FCF6E3BBE4DD17B3F64
:104C5000EC5738BE31F57B3F984035BE7A187C3F23
:104C6000D42832BE283B7C3FA2102FBE3A5D7C3F49
:104C700004F82BBEB07E7C3FFCDE28BE8A9F7C3FC2
:104C80008CC525BEC9BF7C3FB6AB22BE6CDF7C3F66
:104C90007B911FBE73FE7C3FDE761CBEDD1C7D3F1C
:104CA000E05B19BEAC3A7D3F834016BEDE577D3FC8
:104CB000CA2413BE74747D3FB70810BE6E907D3F4A
:104CC0004AEC0CBECCAB7D3F86CF09BE8CC67D3F87
:104CD0006EB206BEB1E07D3F029503BE38FA7D3F5D
:104CE000457700BE24137E3F73B2FABD722B7E3F20
:104CF000C075F4BD23437E3F7638EEBD385A7E3F03
:104D00009AFAE7BDB0707E3F2EBCE1BD8B867E3F38
:104D1000377DDBBDC99B7E3FB93DD5BD69B07E3FC8
:104D2000B7FDCEBD6DC47E3F36BDC8BDD4D77E3F76
:104D3000397CC2BD9DEA7E3FC33ABCBDC9FC7E3F03
:104D4000DAF8B5BD580E7F3F80B6AFBD491F7F3F33
:104D5000BA73A9BD9D2F7F3F8C30A3BD543F7F3FC9
:104D6000F9EC9CBD6D4E7F3F05A996BDE95C7F3F88
:104D7000B46490BDC76A7F3F0A208ABD08787F3F30
:104D80000ADB83BDAB847F3F742B7BBDB1907F3F3B
:104D900038A06EBD189C7F3F681462BDE3A67F3FBC
:104DA0000E8855BD0FB17F3F2FFB48BD9EBA7F3F98
:104DB000D56D3CBD8FC37F3F07E02FBDE2CB7F3F6A
:104DC000CC5123BD98D37F3F2CC316BDAFDA7F3FB4
:104DD0002F340ABD29E17F3FB949FBBC05E77F3F7E
:104DE0007B2AE2BC43EC7F3FB00AC9BCE3F07F3FC3
:104DF00069EAAFBCE6F47F3FB6C996BC4AF87F3F8C
:104E00004B517BBC11FB7F3F900E49BC39FD7F3F6E
:104E100059CB16BCC4FE7F3F890FC9BBB1FF7F3F92
:104E2000C70F49BB0000803F0000000043EC7F3FFC
:104E3000B00AC93C0FB17F3F2FFB483D6D4E7F3F0D
:104E400005A9963D6DC47E3F36BDC83D24137E3F07
:104E500073B2FA3DAC3A7D3F8340163E283B7C3F1F
:104E6000A2102F3EBE147B3FC2C5473E9DC7793F6F
:104E7000135C603EF853783FCCCF783E07BA763F5C
:104E8000938E883E0BFA743F31A0943E4714733FD3
:104E9000E59AA03E0809713FD47CAC3E9ED86E3F97
:104EA0002A44B83E5E836C3F15EFC33EA7096A3FB4
:104EB000CA7BCF3ED86B673F80E8DA3E59AA643F91
:104EC0007533E63E98C5613FEA5AF13E05BE5E3F46
:104ED000275DFC3E1A945B3F3D9C033F5348583F7F
:104EE0009BF5083F31DB543FDA390E3F3D4D513FD2
:104EF0002A68133F029F4D3FC07F183F12D1493FA0
:104F0000D17F1D3F03E4453F9967223F70D8413F61
:104F10005636273FF9AE3D3F4AEB2B3F4268393FBB
:104F2000BB85303FF304353FF304353FBB85303F4D
:104F30004268393F4AEB2B3FF9AE3D3F5636273F9B
:104F400070D8413F9967223F03E4453FD17F1D3F21
:104F500012D1493FC07F183F029F4D3F2A68133F3F
:104F60003D4D513FDA390E3F31DB543F9BF5083F51
:104F70005348583F3D9C033F1A945B3F275DFC3EDE
:104F800005BE5E3FEA5AF13E98C5613F7533E63E85
:104F900059AA643F80E8DA3ED86B673FCA7BCF3EB0
:104FA000A7096A3F15EFC33E5E836C3F2A44B83EB3
:104FB0009ED86E3FD47CAC3E0809713FE59AA03E76
:104FC0004714733F31A0943E0BFA743F938E883E92
:104FD00007BA763FCCCF783EF853783F135C603EFB
:104FE0009DC7793FC2C5473EBE147B3FA2102F3EEE
:104FF000283B7C3F8340163EAC3A7D3F73B2FA3D7E
:1050000024137E3F36BDC83D6DC47E3F05A9963D45
:105010006D4E7F3F2FFB483D0FB17F3FB00AC93C2B
:1050200043EC7F3F000000000000803FB00AC9BC95
:1050300043EC7F3F2FFB48BD0FB17F3F05A996BDD5
:105040006D4E7F3F36BDC8BD6DC47E3F73B2FABDA5
:1050500024137E3F834016BEAC3A7D3FA2102FBE84
:10506000283B7C3FC2C547BEBE147B3F135C60BE7D
:105070009DC7793FCCCF78BEF853783F938E88BEDA
:1050800007BA763F31A094BE0BFA743FE59AA0BEF2
:105090004714733FD47CACBE0809713F2A44B8BEA4
:1050A0009ED86E3F15EFC3BE5E836C3FCA7BCFBEFA
:1050B000A7096A3F80E8DABED86B673F7533E6BE62
:1050C00059AA643FEA5AF1BE98C5613F275DFCBE0C
:1050D00005BE5E3F3D9C03BF1A945B3F9BF508BF36
:1050E0005348583FDA390EBF31DB543F2A6813BFAB
:1050F0003D4D513FC07F18BF029F4D3FD17F1DBF27
:1051000012D1493F996722BF03E4453F563627BF76
:1051100070D8413F4AEB2BBFF9AE3D3FBB8530BF56
:105120004268393FF30435BFF304353F426839BF65
:10513000BB85303FF9AE3DBF4AEB2B3F70D841BF36
:105140005636273F03E445BF9967223F12D149BF36
:10515000D17F1D3F029F4DBFC07F183F3D4D51BFC6
:105160002A68133F31DB54BFDA390E3F534858BF2A
:105170009BF5083F1A945BBF3D9C033F05BE5EBF95
:10518000275DFC3E98C561BFEA5AF13E59AA64BF4B
:105190007533E63ED86B67BF80E8DA3EA7096ABF81
:1051A000CA7BCF3E5E836CBF15EFC33E9ED86EBFF9
:1051B0002A44B83E080971BFD47CAC3E471473BF83
:1051C000E59AA03E0BFA74BF31A0943E07BA76BFB1
:1051D000938E883EF85378BFCCCF783E9DC779BF79
:1051E000135C603EBE147BBFC2C5473E283B7CBFFC
:1051F000A2102F3EAC3A7DBF8340163E24137EBFE3
:1052000073B2FA3D6DC47EBF36BDC83D6D4E7FBFE3
:1052100005A9963D0FB17FBF2FFB483D43EC7FBFF3
:10522000B00AC93C000080BF0000000043EC7FBF13
:10523000B00AC9BC0FB17FBF2FFB48BD6D4E7FBF09
:1052400005A996BD6DC47EBF36BDC8BD24137EBF03
:1052500073B2FABDAC3A7DBF834016BE283B7CBF1B
:10526000A2102FBEBE147BBFC2C547BE9DC779BF6B
:10527000135C60BEF85378BFCCCF78BE07BA76BF58
:10528000938E88BE0BFA74BF31A094BE471473BFCF
:10529000E59AA0BE080971BFD47CACBE9ED86EBF93
:1052A0002A44B8BE5E836CBF15EFC3BEA7096ABFB0
:1052B000CA7BCFBED86B67BF80E8DABE59AA64BF8D
:1052C0007533E6BE98C561BFEA5AF1BE05BE5EBF42
:1052D000275DFCBE1A945BBF3D9C03BF534858BF7B
:1052E0009BF508BF31DB54BFDA390EBF3D4D51BFCE
:1052F0002A6813BF029F4DBFC07F18BF12D149BF9C
:10530000D17F1DBF03E445BF996722BF70D841BF5D
:10531000563627BFF9AE3DBF4AEB2BBF426839BFB7
:10532000BB8530BFF30435BFF30435BFBB8530BF49
:10533000426839BF4AEB2BBFF9AE3DBF563627BF97
:1053400070D841BF996722BF03E445BFD17F1DBF1D
:1053500012D149BFC07F18BF029F4DBF2A6813BF3B
:105360003D4D51BFDA390EBF31DB54BF9BF508BF4D
:10537000534858BF3D9C03BF1A945BBF275DFCBEDA
:1053800005BE5EBFEA5AF1BE98C561BF7533E6BE81
:1053900059AA64BF80E8DABED86B67BFCA7BCFBEAC
:1053A000A7096ABF15EFC3BE5E836CBF2A44B8BEAF
:1053B0009ED86EBFD47CACBE080971BFE59AA0BE72
:1053C000471473BF31A094BE0BFA74BF938E88BE8E
:1053D00007BA76BFCCCF78BEF85378BF135C60BEF7
:1053E0009DC779BFC2C547BEBE147BBFA2102FBEEA
:1053F000283B7CBF834016BEAC3A7DBF73B2FABD7A
:1054000024137EBF36BDC8BD6DC47EBF05A996BD41
:105410006D4E7FBF2FFB48BD0FB17FBFB00AC9BC27
:1054200043EC7FBF00000080000080BFB00AC93C91
:1054300043EC7FBF2FFB483D0FB17FBF05A9963DD1
:105440006D4E7FBF36BDC83D6DC47EBF73B2FA3DA1
:1054500024137EBF8340163EAC3A7DBFA2102F3E80
:10546000283B7CBFC2C5473EBE147BBF135C603E79
:105470009DC779BFCCCF783EF85378BF938E883ED6
:1054800007BA76BF31A0943E0BFA74BFE59AA03EEE
:10549000471473BFD47CAC3E080971BF2A44B83EA0
:1054A0009ED86EBF15EFC33E5E836CBFCA7BCF3EF6
:1054B000A7096ABF80E8DA3ED86B67BF7533E63E5E
:1054C00059AA64BFEA5AF13E98C561BF275DFC3E08
:1054D00005BE5EBF3D9C033F1A945BBF9BF5083F32
:1054E000534858BFDA390E3F31DB54BF2A68133FA7
:1054F0003D4D51BFC07F183F029F4DBFD17F1D3F23
:1055000012D149BF9967223F03E445BF5636273F72
:1055100070D841BF4AEB2B3FF9AE3DBFBB85303F52
:10552000426839BFF304353FF30435BF4268393F61
:10553000BB8530BFF9AE3D3F4AEB2BBF70D8413F32
:10554000563627BF03E4453F996722BF12D1493F32
:10555000D17F1DBF029F4D3FC07F18BF3D4D513FC2
:105560002A6813BF31DB543FDA390EBF5348583F26
:105570009BF508BF1A945B3F3D9C03BF05BE5E3F91
:10558000275DFCBE98C5613FEA5AF1BE59AA643F47
:105590007533E6BED86B673F80E8DABEA7096A3F7D
:1055A000CA7BCFBE5E836C3F15EFC3BE9ED86E3FF5
:1055B0002A44B8BE0809713FD47CACBE4714733F7F
:1055C000E59AA0BE0BFA743F31A094BE07BA763FAD
:1055D000938E88BEF853783FCCCF78BE9DC7793F75
:1055E000135C60BEBE147B3FC2C547BE283B7C3FF8
:1055F000A2102FBEAC3A7D3F834016BE24137E3FDF
:1056000073B2FABD6DC47E3F36BDC8BD6D4E7F3FDF
:1056100005A996BD0FB17F3F2FFB48BD43EC7F3FEF
:10562000B00AC9BC0000803F00000000BE147B3FF0
:10563000C2C5473E5E836C3F15EFC33E31DB543F2E
:10564000DA390E3FF304353FF304353FDA390E3FC4
:1056500031DB543F15EFC33E5E836C3FC2C5473E0E
:10566000BE147B3F000000000000803FC2C547BE63
:10567000BE147B3F15EFC3BE5E836C3FDA390EBFAD
:1056800031DB543FF30435BFF304353F31DB54BF06
:10569000DA390E3F5E836CBF15EFC33EBE147BBF8D
:1056A000C2C5473E000080BF00000000BE147BBFA3
:1056B000C2C547BE5E836CBF15EFC3BE31DB54BFAE
:1056C000DA390EBFF30435BFF30435BFDA390EBF44
:1056D00031DB54BF15EFC3BE5E836CBFC2C547BE8E
:1056E000BE147BBF00000080000080BFC2C5473EE3
:1056F000BE147BBF15EFC33E5E836CBFDA390E3F2D
:1057000031DB54BFF304353FF30435BF31DB543F85
:10571000DA390EBF5E836C3F15EFC3BEBE147B3F0C
:10572000C2C547BE0000803F0000000011FB7F3F64
:10573000900E493C43EC7F3FB00AC93C98D37F3F71
:105740002CC3163D0FB17F3F2FFB483DAB847F3FFD
:10575000742B7B3D6D4E7F3F05A9963D580E7F3FD4
:1057600080B6AF3D6DC47E3F36BDC83DB0707E3F54
:105770002EBCE13D24137E3F73B2FA3DCCAB7D3F9E
:1057800086CF093EAC3A7D3F8340163EC9BF7C3F81
:10579000B6AB223E283B7C3FA2102F3ECDAC7B3FD8
:1057A000CF6E3B3EBE147B3FC2C5473E02737A3F7D
:1057B0000115543E9DC7793F135C603E9812793FB6
:1057C0007F9A6C3EF853783FCCCF783EC58B773FBD
:1057D000C07D823E07BA763F938E883EC6DE753F17
:1057E000229A8E3E0BFA743F31A0943EDD0B743F3B
:1057F00086A09A3E4714733FE59AA03E5213723F2B
:10580000128FA63E0809713FD47CAC3E73F56F3F02
:10581000EF63B23E9ED86E3F2A44B83E93B26D3FCE
:105820004A1DBE3E5E836C3F15EFC33E0C4B6B3F83
:1058300053B9C93EA7096A3FCA7BCF3E3CBF683F08
:105840004136D53ED86B673F80E8DA3E880F663F29
:105850004F92E03E59AA643F7533E63E5A3C633F9F
:10586000BBCBEB3E98C5613FEA5AF13E2146603F13
:10587000CBE0F63E05BE5E3F275DFC3E532D5D3F0F
:10588000E4E7003F1A945B3F3D9C033F6AF2593FB7
:10589000824B063F5348583F9BF5083FE595563FDE
:1058A0006B9A0B3F31DB543FDA390E3F4918533FB7
:1058B000CDD3103F3D4D513F2A68133F1F7A4F3FD4
:1058C000D9F6153F029F4D3FC07F183FF8BB4B3FB5
:1058D000C6021B3F12D1493FD17F1D3F65DE473FC6
:1058E000CBF61F3F03E4453F9967223F00E2433F69
:1058F00025D2243F70D8413F5636273F67C73F3FE8
:105900001594293FF9AE3D3F4AEB2B3F3B8F3B3F80
:10591000DE3B2E3F4268393FBB85303F233A373F5D
:10592000C9C8323FF304353FF304353FC9C8323F9D
:10593000233A373FBB85303F4268393FDE3B2E3F3D
:105940003B8F3B3F4AEB2B3FF9AE3D3F1594293F40
:1059500067C73F3F5636273F70D8413F25D2243F87
:1059600000E2433F9967223F03E4453FCBF61F3FE8
:1059700065DE473FD17F1D3F12D1493FC6021B3F25
:10598000F8BB4B3FC07F183F029F4D3FD9F6153FF4
:105990001F7A4F3F2A68133F3D4D513FCDD3103FF3
:1059A0004918533FDA390E3F31DB543F6B9A0B3FB6
:1059B000E595563F9BF5083F5348583F824B063FBD
:1059C0006AF2593F3D9C033F1A945B3FE4E7003F76
:1059D000532D5D3F275DFC3E05BE5E3FCBE0F63EAE
:1059E0002146603FEA5AF13E98C5613FBBCBEB3E92
:1059F0005A3C633F7533E63E59AA643F4F92E03EFE
:105A0000880F663F80E8DA3ED86B673F4136D53E67
:105A10003CBF683FCA7BCF3EA7096A3F53B9C93E26
:105A20000C4B6B3F15EFC33E5E836C3F4A1DBE3E81
:105A300093B26D3F2A44B83E9ED86E3FEF63B23EAC
:105A400073F56F3FD47CAC3E0809713F128FA63EC0
:105A50005213723FE59AA03E4714733F86A09A3EC8
:105A6000DD0B743F31A0943E0BFA743F229A8E3EB8
:105A7000C6DE753F938E883E07BA763FC07D823E74
:105A8000C58B773FCCCF783EF853783F7F9A6C3EFA
:105A90009812793F135C603E9DC7793F0115543ED3
:105AA00002737A3FC2C5473EBE147B3FCF6E3B3E7A
:105AB000CDAC7B3FA2102F3E283B7C3FB6AB223EB5
:105AC000C9BF7C3F8340163EAC3A7D3F86CF093E3E
:105AD000CCAB7D3F73B2FA3D24137E3F2EBCE13D3B
:105AE000B0707E3F36BDC83D6DC47E3F80B6AF3DD1
:105AF000580E7F3F05A9963D6D4E7F3F742B7B3D31
:105B0000AB847F3F2FFB483D0FB17F3F2CC3163D39
:105B100098D37F3FB00AC93C43EC7F3F900E493C8D
:105B200011FB7F3F000000000000803F900E49BC49
:105B300011FB7F3FB00AC9BC43EC7F3F2CC316BDAD
:105B400098D37F3F2FFB48BD0FB17F3F742B7BBDA8
:105B5000AB847F3F05A996BD6D4E7F3F80B6AFBD3C
:105B6000580E7F3F36BDC8BD6DC47E3F2EBCE1BD23
:105B7000B0707E3F73B2FABD24137E3F86CF09BE5C
:105B8000CCAB7D3F834016BEAC3A7D3FB6AB22BE68
:105B9000C9BF7C3FA2102FBE283B7C3FCF6E3BBECF
:105BA000CDAC7B3FC2C547BEBE147B3F011554BE82
:105BB00002737A3F135C60BE9DC7793F7F9A6CBECB
:105BC0009812793FCCCF78BEF853783FC07D82BE23
:105BD000C58B773F938E88BE07BA763F229A8EBEDA
:105BE000C6DE753F31A094BE0BFA743F86A09ABE04
:105BF000DD0B743FE59AA0BE4714733F128FA6BE1B
:105C00005213723FD47CACBE0809713FEF63B2BE41
:105C100073F56F3F2A44B8BE9ED86E3F4A1DBEBE84
:105C200093B26D3F15EFC3BE5E836C3F53B9C9BEDF
:105C30000C4B6B3FCA7BCFBEA7096A3F4136D5BE2E
:105C40003CBF683F80E8DABED86B673F4F92E0BE4A
:105C5000880F663F7533E6BE59AA643FBBCBEBBEE7
:105C60005A3C633FEA5AF1BE98C5613FCBE0F6BEAD
:105C70002146603F275DFCBE05BE5E3FE4E700BFF6
:105C8000532D5D3F3D9C03BF1A945B3F824B06BF83
:105C90006AF2593F9BF508BF5348583F6B9A0BBFB8
:105CA000E595563FDA390EBF31DB543FCDD310BFF7
:105CB0004918533F2A6813BF3D4D513FD9F615BFD0
:105CC0001F7A4F3FC07F18BF029F4D3FC6021BBFC8
:105CD000F8BB4B3FD17F1DBF12D1493FCBF61FBF51
:105CE00065DE473F996722BF03E4453F25D224BFC5
:105CF00000E2433F563627BF70D8413F159429BF75
:105D000067C73F3F4AEB2BBFF9AE3D3FDE3B2EBF9F
:105D10003B8F3B3FBB8530BF4268393FC9C832BF6C
:105D2000233A373FF30435BFF304353F233A37BFF7
:105D3000C9C8323F426839BFBB85303F3B8F3BBF4C
:105D4000DE3B2E3FF9AE3DBF4AEB2B3F67C73FBF5F
:105D50001594293F70D841BF5636273F00E243BF14
:105D600025D2243F03E445BF9967223F65DE47BF44
:105D7000CBF61F3F12D149BFD17F1D3FF8BB4BBFB0
:105D8000C6021B3F029F4DBFC07F183F1F7A4FBF07
:105D9000D9F6153F3D4D51BF2A68133F491853BFEF
:105DA000CDD3103F31DB54BFDA390E3FE59556BFF6
:105DB0006B9A0B3F534858BF9BF5083F6AF259BF97
:105DC000824B063F1A945BBF3D9C033F532D5DBF42
:105DD000E4E7003F05BE5EBF275DFC3E214660BF95
:105DE000CBE0F63E98C561BFEA5AF13E5A3C63BF2C
:105DF000BBCBEB3E59AA64BF7533E63E880F66BF46
:105E00004F92E03ED86B67BF80E8DA3E3CBF68BF88
:105E10004136D53EA7096ABFCA7BCF3E0C4B6BBF4C
:105E200053B9C93E5E836CBF15EFC33E93B26DBFDD
:105E30004A1DBE3E9ED86EBF2A44B83E73F56FBF62
:105E4000EF63B23E080971BFD47CAC3E521372BFFF
:105E5000128FA63E471473BFE59AA03EDD0B74BFB8
:105E600086A09A3E0BFA74BF31A0943EC6DE75BF81
:105E7000229A8E3E07BA76BF938E883EC58B77BF37
:105E8000C07D823EF85378BFCCCF783E981279BF60
:105E90007F9A6C3E9DC779BF135C603E02737ABFE8
:105EA0000115543EBE147BBFC2C5473ECDAC7BBF7F
:105EB000CF6E3B3E283B7CBFA2102F3EC9BF7CBFAC
:105EC000B6AB223EAC3A7DBF8340163ECCAB7DBF25
:105ED00086CF093E24137EBF73B2FA3DB0707EBFF9
:105EE0002EBCE13D6DC47EBF36BDC83D580E7FBFA0
:105EF00080B6AF3D6D4E7FBF05A9963DAB847FBF99
:105F0000742B7B3D0FB17FBF2FFB483D98D37FBFE4
:105F10002CC3163D43EC7FBFB00AC93C11FB7FBFC9
:105F2000900E493C000080BF0000000011FB7FBFC5
:105F3000900E49BC43EC7FBFB00AC9BC98D37FBF69
:105F40002CC316BD0FB17FBF2FFB48BDAB847FBFF5
:105F5000742B7BBD6D4E7FBF05A996BD580E7FBFCC
:105F600080B6AFBD6DC47EBF36BDC8BDB0707EBF4C
:105F70002EBCE1BD24137EBF73B2FABDCCAB7DBF96
:105F800086CF09BEAC3A7DBF834016BEC9BF7CBF79
:105F9000B6AB22BE283B7CBFA2102FBECDAC7BBFD0
:105FA000CF6E3BBEBE147BBFC2C547BE02737ABF75
:105FB000011554BE9DC779BF135C60BE981279BFAE
:105FC0007F9A6CBEF85378BFCCCF78BEC58B77BFB5
:105FD000C07D82BE07BA76BF938E88BEC6DE75BF0F
:105FE000229A8EBE0BFA74BF31A094BEDD0B74BF33
:105FF00086A09ABE471473BFE59AA0BE521372BF23
:10600000128FA6BE080971BFD47CACBE73F56FBFFA
:10601000EF63B2BE9ED86EBF2A44B8BE93B26DBFC6
:106020004A1DBEBE5E836CBF15EFC3BE0C4B6BBF7B
:1060300053B9C9BEA7096ABFCA7BCFBE3CBF68BF00
:106040004136D5BED86B67BF80E8DABE880F66BF21
:106050004F92E0BE59AA64BF7533E6BE5A3C63BF97
:10606000BBCBEBBE98C561BFEA5AF1BE214660BF0B
:10607000CBE0F6BE05BE5EBF275DFCBE532D5DBF07
:10608000E4E700BF1A945BBF3D9C03BF6AF259BFAF
:10609000824B06BF534858BF9BF508BFE59556BFD6
:1060A0006B9A0BBF31DB54BFDA390EBF491853BFAF
:1060B000CDD310BF3D4D51BF2A6813BF1F7A4FBFCC
:1060C000D9F615BF029F4DBFC07F18BFF8BB4BBFAD
:1060D000C6021BBF12D149BFD17F1DBF65DE47BFBE
:1060E000CBF61FBF03E445BF996722BF00E243BF61
:1060F00025D224BF70D841BF563627BF67C73FBFE0
:10610000159429BFF9AE3DBF4AEB2BBF3B8F3BBF78
:10611000DE3B2EBF426839BFBB8530BF233A37BF55
:10612000C9C832BFF30435BFF30435BFC9C832BF95
:10613000233A37BFBB8530BF426839BFDE3B2EBF35
:106140003B8F3BBF4AEB2BBFF9AE3DBF159429BF38
:1061500067C73FBF563627BF70D841BF25D224BF7F
:1061600000E243BF996722BF03E445BFCBF61FBFE0
:1061700065DE47BFD17F1DBF12D149BFC6021BBF1D
:10618000F8BB4BBFC07F18BF029F4DBFD9F615BFEC
:106190001F7A4FBF2A6813BF3D4D51BFCDD310BFEB
:1061A000491853BFDA390EBF31DB54BF6B9A0BBFAE
:1061B000E59556BF9BF508BF534858BF824B06BFB5
:1061C0006AF259BF3D9C03BF1A945BBFE4E700BF6E
:1061D000532D5DBF275DFCBE05BE5EBFCBE0F6BEA6
:1061E000214660BFEA5AF1BE98C561BFBBCBEBBE8A
:1061F0005A3C63BF7533E6BE59AA64BF4F92E0BEF6
:10620000880F66BF80E8DABED86B67BF4136D5BE5F
:106210003CBF68BFCA7BCFBEA7096ABF53B9C9BE1E
:106220000C4B6BBF15EFC3BE5E836CBF4A1DBEBE79
:1062300093B26DBF2A44B8BE9ED86EBFEF63B2BEA4
:1062400073F56FBFD47CACBE080971BF128FA6BEB8
:10625000521372BFE59AA0BE471473BF86A09ABEC0
:10626000DD0B74BF31A094BE0BFA74BF229A8EBEB0
:10627000C6DE75BF938E88BE07BA76BFC07D82BE6C
:10628000C58B77BFCCCF78BEF85378BF7F9A6CBEF2
:10629000981279BF135C60BE9DC779BF011554BECB
:1062A00002737ABFC2C547BEBE147BBFCF6E3BBE72
:1062B000CDAC7BBFA2102FBE283B7CBFB6AB22BEAD
:1062C000C9BF7CBF834016BEAC3A7DBF86CF09BE36
:1062D000CCAB7DBF73B2FABD24137EBF2EBCE1BD33
:1062E000B0707EBF36BDC8BD6DC47EBF80B6AFBDC9
:1062F000580E7FBF05A996BD6D4E7FBF742B7BBD29
:10630000AB847FBF2FFB48BD0FB17FBF2CC316BD31
:1063100098D37FBFB00AC9BC43EC7FBF900E49BC85
:1063200011FB7FBF00000080000080BF900E493C41
:1063300011FB7FBFB00AC93C43EC7FBF2CC3163DA5
:1063400098D37FBF2FFB483D0FB17FBF742B7B3DA0
:10635000AB847FBF05A9963D6D4E7FBF80B6AF3D34
:10636000580E7FBF36BDC83D6DC47EBF2EBCE13D1B
:10637000B0707EBF73B2FA3D24137EBF86CF093E54
:10638000CCAB7DBF8340163EAC3A7DBFB6AB223E60
:10639000C9BF7CBFA2102F3E283B7CBFCF6E3B3EC7
:1063A000CDAC7BBFC2C5473EBE147BBF0115543E7A
:1063B00002737ABF135C603E9DC779BF7F9A6C3EC3
:1063C000981279BFCCCF783EF85378BFC07D823E1B
:1063D000C58B77BF938E883E07BA76BF229A8E3ED2
:1063E000C6DE75BF31A0943E0BFA74BF86A09A3EFC
:1063F000DD0B74BFE59AA03E471473BF128FA63E13
:10640000521372BFD47CAC3E080971BFEF63B23E39
:1064100073F56FBF2A44B83E9ED86EBF4A1DBE3E7C
:1064200093B26DBF15EFC33E5E836CBF53B9C93ED7
:106430000C4B6BBFCA7BCF3EA7096ABF4136D53E26
:106440003CBF68BF80E8DA3ED86B67BF4F92E03E42
:10645000880F66BF7533E63E59AA64BFBBCBEB3EDF
:106460005A3C63BFEA5AF13E98C561BFCBE0F63EA5
:10647000214660BF275DFC3E05BE5EBFE4E7003FEE
:10648000532D5DBF3D9C033F1A945BBF824B063F7B
:106490006AF259BF9BF5083F534858BF6B9A0B3FB0
:1064A000E59556BFDA390E3F31DB54BFCDD3103FEF
:1064B000491853BF2A68133F3D4D51BFD9F6153FC8
:1064C0001F7A4FBFC07F183F029F4DBFC6021B3FC0
:1064D000F8BB4BBFD17F1D3F12D149BFCBF61F3F49
:1064E00065DE47BF9967223F03E445BF25D2243FBD
:1064F00000E243BF5636273F70D841BF1594293F6D
:1065000067C73FBF4AEB2B3FF9AE3DBFDE3B2E3F97
:106510003B8F3BBFBB85303F426839BFC9C8323F64
:10652000233A37BFF304353FF30435BF233A373FEF
:10653000C9C832BF4268393FBB8530BF3B8F3B3F44
:10654000DE3B2EBFF9AE3D3F4AEB2BBF67C73F3F57
:10655000159429BF70D8413F563627BF00E2433F0C
:1065600025D224BF03E4453F996722BF65DE473F3C
:10657000CBF61FBF12D1493FD17F1DBFF8BB4B3FA8
:10658000C6021BBF029F4D3FC07F18BF1F7A4F3FFF
:10659000D9F615BF3D4D513F2A6813BF4918533FE7
:1065A000CDD310BF31DB543FDA390EBFE595563FEE
:1065B0006B9A0BBF5348583F9BF508BF6AF2593F8F
:1065C000824B06BF1A945B3F3D9C03BF532D5D3F3A
:1065D000E4E700BF05BE5E3F275DFCBE2146603F8D
:1065E000CBE0F6BE98C5613FEA5AF1BE5A3C633F24
:1065F000BBCBEBBE59AA643F7533E6BE880F663F3E
:106600004F92E0BED86B673F80E8DABE3CBF683F80
:106610004136D5BEA7096A3FCA7BCFBE0C4B6B3F44
:1066200053B9C9BE5E836C3F15EFC3BE93B26D3FD5
:106630004A1DBEBE9ED86E3F2A44B8BE73F56F3F5A
:10664000EF63B2BE0809713FD47CACBE5213723FF7
:10665000128FA6BE4714733FE59AA0BEDD0B743FB0
:1066600086A09ABE0BFA743F31A094BEC6DE753F79
:10667000229A8EBE07BA763F938E88BEC58B773F2F
:10668000C07D82BEF853783FCCCF78BE9812793F58
:106690007F9A6CBE9DC7793F135C60BE02737A3FE0
:1066A000011554BEBE147B3FC2C547BECDAC7B3F77
:1066B000CF6E3BBE283B7C3FA2102FBEC9BF7C3FA4
:1066C000B6AB22BEAC3A7D3F834016BECCAB7D3F1D
:1066D00086CF09BE24137E3F73B2FABDB0707E3FF1
:1066E0002EBCE1BD6DC47E3F36BDC8BD580E7F3F98
:1066F00080B6AFBD6D4E7F3F05A996BDAB847F3F91
:10670000742B7BBD0FB17F3F2FFB48BD98D37F3FDC
:106710002CC316BD43EC7F3FB00AC9BC11FB7F3FC1
:10672000900E49BC0000803F000000006DC47E3F19
:1067300036BDC83DBE147B3FC2C5473E0BFA743F11
:1067400031A0943E5E836C3F15EFC33E98C5613F18
:10675000EA5AF13E31DB543FDA390E3F03E4453F5C
:106760009967223FF304353FF304353F9967223F91
:1067700003E4453FDA390E3F31DB543FEA5AF13E3C
:1067800098C5613F15EFC33E5E836C3F31A0943ED8
:106790000BFA743FC2C5473EBE147B3F36BDC83DB1
:1067A0006DC47E3F000000000000803F36BDC8BDC4
:1067B0006DC47E3FC2C547BEBE147B3F31A094BEB0
:1067C0000BFA743F15EFC3BE5E836C3FEA5AF1BE0D
:1067D00098C5613FDA390EBF31DB543F996722BF5C
:1067E00003E4453FF30435BFF304353F03E445BFFD
:1067F0009967223F31DB54BFDA390E3F98C561BF3C
:10680000EA5AF13E5E836CBF15EFC33E0BFA74BFCC
:1068100031A0943EBE147BBFC2C5473E6DC47EBF4F
:1068200036BDC83D000080BF000000006DC47EBFC3
:1068300036BDC8BDBE147BBFC2C547BE0BFA74BF10
:1068400031A094BE5E836CBF15EFC3BE98C561BF17
:10685000EA5AF1BE31DB54BFDA390EBF03E445BF5B
:10686000996722BFF30435BFF30435BF996722BF90
:1068700003E445BFDA390EBF31DB54BFEA5AF1BE3B
:1068800098C561BF15EFC3BE5E836CBF31A094BED7
:106890000BFA74BFC2C547BEBE147BBF36BDC8BDB0
:1068A0006DC47EBF00000080000080BF36BDC83DC3
:1068B0006DC47EBFC2C5473EBE147BBF31A0943EAF
:1068C0000BFA74BF15EFC33E5E836CBFEA5AF13E0C
:1068D00098C561BFDA390E3F31DB54BF9967223F5B
:1068E00003E445BFF304353FF30435BF03E4453FFC
:1068F000996722BF31DB543FDA390EBF98C5613F3B
:10690000EA5AF1BE5E836C3F15EFC3BE0BFA743FCB
:1069100031A094BEBE147B3FC2C547BE6DC47E3F4E
:1069200036BDC8BD000000000000803F890FC93B94
:10693000C4FE7F3F900E493C11FB7F3FB6C9963C99
:10694000E6F47F3FB00AC93C43EC7F3FB949FB3CCA
:1069500029E17F3F2CC3163D98D37F3F07E02F3DB1
:106960008FC37F3F2FFB483D0FB17F3F6814623DCF
:10697000189C7F3F742B7B3DAB847F3F0A208A3D70
:10698000C76A7F3F05A9963D6D4E7F3F8C30A33D82
:106990009D2F7F3F80B6AF3D580E7F3FC33ABC3D31
:1069A0009DEA7E3F36BDC83D6DC47E3FB93DD53DB5
:1069B000C99B7E3F2EBCE13DB0707E3F7638EE3DF8
:1069C00023437E3F73B2FA3D24137E3F0295033E7C
:1069D000B1E07D3F86CF093ECCAB7D3FB708103E8E
:1069E00074747D3F8340163EAC3A7D3FDE761C3E9C
:1069F00073FE7C3FB6AB223EC9BF7C3FFCDE283E27
:106A0000B07E7C3FA2102F3E283B7C3F9840353E15
:106A100031F57B3FCF6E3B3ECDAC7B3F379B413E5C
:106A2000FC617B3FC2C5473EBE147B3F60EE4D3EDE
:106A300016C57A3F0115543E02737A3F97395A3E84
:106A4000841E7A3F135C603E9DC7793F667C663E3C
:106A50004E6E793F7F9A6C3E9812793F51B6723EE6
:106A60007BB4783FCCCF783EF853783FE1E67E3E6A
:106A700010F1773FC07D823EC58B773FCE86853E45
:106A80001724773F938E883E07BA763F07958B3E53
:106A9000974D763F229A8E3EC6DE753FDD9D913E34
:106AA000976D753F31A0943E0BFA743F17A1973E46
:106AB0002284743F86A09A3EDD0B743F789E9D3EF3
:106AC0003F91733FE59AA03E4714733FC595A33E9F
:106AD000F894723F128FA63E5213723FC486A93EAD
:106AE000578F713FD47CAC3E0809713F3A71AF3E7D
:106AF0006680703FEF63B23E73F56F3FEC54B53E76
:106B000030686F3F2A44B83E9ED86E3FA031BB3EEE
:106B1000BE466E3F4A1DBE3E93B26D3F1E07C13E4C
:106B20001D1C6D3F15EFC33E5E836C3F29D5C63EED
:106B300058E86B3F53B9C93E0C4B6B3F8B9BCC3E27
:106B40007BAB6A3FCA7BCF3EA7096A3F095AD23E58
:106B50009165693F4136D53E3CBF683F6B10D83EDA
:106B6000A816683F80E8DA3ED86B673F79BEDD3E05
:106B7000CCBE663F4F92E03E880F663FFA63E33E2D
:106B80000B5E653F7533E63E59AA643FB700E93EA8
:106B900073F4633FBBCBEB3E5A3C633F7994EE3ECC
:106BA0001082623FEA5AF13E98C5613F071FF43EEA
:106BB000F206613FCBE0F63E2146603F2DA0F93E54
:106BC00027835F3F275DFC3E05BE5E3FB217FF3E59
:106BD000BEF65D3FE4E7003F532D5D3FB142023F0B
:106BE000C7615C3F3D9C033F1A945B3F84F4043FC4
:106BF00050C45A3F824B063F6AF2593F36A1073FC5
:106C00006A1E593F9BF5083F5348583FAD480A3F1D
:106C10002670573F6B9A0B3FE595563FD0EA0C3FE5
:106C200093B9553FDA390E3F31DB543F84870F3F2C
:106C3000C3FA533FCDD3103F4918533FB01E123F04
:106C4000C633523F2A68133F3D4D513F39B0143F80
:106C5000AF64503FD9F6153F1F7A4F3F073C173FAF
:106C6000908D4E3FC07F183F029F4D3F00C2193F9D
:106C700079AE4C3FC6021B3FF8BB4B3F0C421C3F5A
:106C80007FC74A3FD17F1D3F12D1493F12BC1E3FF3
:106C9000B3D8483FCBF61F3F65DE473FF92F213F72
:106CA0002AE2463F9967223F03E4453FA99D233FDF
:106CB000F5E3443F25D2243F00E2433F0A05263F47
:106CC00029DE423F5636273F70D8413F0566283FB0
:106CD000DAD0403F1594293F67C73F3F82C02A3F23
:106CE0001BBC3E3F4AEB2B3FF9AE3D3F69142D3FA5
:106CF00003A03C3FDE3B2E3F3B8F3B3FA5612F3F38
:106D0000A47C3A3FBB85303F4268393F1DA8313FE4
:106D10001652383FC9C8323F233A373FBCE7333FAA
:106D20006C20363FF304353FF304353F6C20363F8B
:106D3000BCE7333F233A373FC9C8323F1652383F8A
:106D40001DA8313F4268393FBB85303FA47C3A3FA4
:106D5000A5612F3F3B8F3B3FDE3B2E3F03A03C3FD7
:106D600069142D3FF9AE3D3F4AEB2B3F1BBC3E3F24
:106D700082C02A3F67C73F3F1594293FDAD0403F82
:106D80000566283F70D8413F5636273F29DE423FEF
:106D90000A05263F00E2433F25D2243FF5E3443F66
:106DA000A99D233F03E4453F9967223F2AE2463FDE
:106DB000F92F213F65DE473FCBF61F3FB3D8483F51
:106DC00012BC1E3F12D1493FD17F1D3F7FC74A3FB2
:106DD0000C421C3FF8BB4B3FC6021B3F79AE4C3FF9
:106DE00000C2193F029F4D3FC07F183F908D4E3F1C
:106DF000073C173F1F7A4F3FD9F6153FAF64503F0E
:106E000039B0143F3D4D513F2A68133FC633523FBE
:106E1000B01E123F4918533FCDD3103FC3FA533F22
:106E200084870F3F31DB543FDA390E3F93B9553F2A
:106E3000D0EA0C3FE595563F6B9A0B3F2670573FC3
:106E4000AD480A3F5348583F9BF5083F6A1E593FDB
:106E500036A1073F6AF2593F824B063F50C45A3F62
:106E600084F4043F1A945B3F3D9C033FC7615C3F41
:106E7000B142023F532D5D3FE4E7003FBEF65D3F68
:106E8000B217FF3E05BE5E3F275DFC3E27835F3F96
:106E90002DA0F93E2146603FCBE0F63EF206613F71
:106EA000071FF43E98C5613FEA5AF13E1082623FE7
:106EB0007994EE3E5A3C633FBBCBEB3E73F4633FA9
:106EC000B700E93E59AA643F7533E63E0B5E653F65
:106ED000FA63E33E880F663F4F92E03ECCBE663FCA
:106EE00079BEDD3ED86B673F80E8DA3EA816683F82
:106EF0006B10D83E3CBF683F4136D53E9165693F37
:106F0000095AD23EA7096A3FCA7BCF3E7BAB6A3F94
:106F10008B9BCC3E0C4B6B3F53B9C93E58E86B3F43
:106F200029D5C63E5E836C3F15EFC33E1D1C6D3FE9
:106F30001E07C13E93B26D3F4A1DBE3EBE466E3F28
:106F4000A031BB3E9ED86E3F2A44B83E30686F3FAA
:106F5000EC54B53E73F56F3FEF63B23E6680703F11
:106F60003A71AF3E0809713FD47CAC3E578F713FF8
:106F7000C486A93E5213723F128FA63EF894723F08
:106F8000C595A33E4714733FE59AA03E3F91733FDA
:106F9000789E9D3EDD0B743F86A09A3E2284743F0E
:106FA00017A1973E0BFA743F31A0943E976D753F41
:106FB000DD9D913EC6DE753F229A8E3E974D763F0F
:106FC00007958B3E07BA763F938E883E1724773F0E
:106FD000CE86853EC58B773FC07D823E10F1773FE0
:106FE000E1E67E3EF853783FCCCF783E7BB4783FE5
:106FF00051B6723E9812793F7F9A6C3E4E6E793F41
:10700000667C663E9DC7793F135C603E841E7A3F76
:1070100097395A3E02737A3F0115543E16C57A3F9E
:1070200060EE4D3EBE147B3FC2C5473EFC617B3FD8
:10703000379B413ECDAC7B3FCF6E3B3E31F57B3F36
:107040009840353E283B7C3FA2102F3EB07E7C3FCF
:10705000FCDE283EC9BF7C3FB6AB223E73FE7C3FC0
:10706000DE761C3EAC3A7D3F8340163E74747D3F15
:10707000B708103ECCAB7D3F86CF093EB1E07D3FE7
:107080000295033E24137E3F73B2FA3D23437E3FB5
:107090007638EE3DB0707E3F2EBCE13DC99B7E3F11
:1070A000B93DD53D6DC47E3F36BDC83D9DEA7E3FAE
:1070B000C33ABC3D580E7F3F80B6AF3D9D2F7F3F0A
:1070C0008C30A33D6D4E7F3F05A9963DC76A7F3F3B
:1070D0000A208A3DAB847F3F742B7B3D189C7F3F09
:1070E0006814623D0FB17F3F2FFB483D8FC37F3F48
:1070F00007E02F3D98D37F3F2CC3163D29E17F3F0A
:10710000B949FB3C43EC7F3FB00AC93CE6F47F3F02
:10711000B6C9963C11FB7F3F900E493CC4FE7F3FB1
:10712000890FC93B0000803F00000000C4FE7F3F84
:10713000890FC9BB11FB7F3F900E49BCE6F47F3F2E
:10714000B6C996BC43EC7F3FB00AC9BC29E17F3F7A
:10715000B949FBBC98D37F3F2CC316BD8FC37F3F7B
:1071600007E02FBD0FB17F3F2FFB48BD189C7F3F2D
:10717000681462BDAB847F3F742B7BBDC76A7F3FC1
:107180000A208ABD6D4E7F3F05A996BD9D2F7F3F8A
:107190008C30A3BD580E7F3F80B6AFBD9DEA7E3FC9
:1071A000C33ABCBD6DC47E3F36BDC8BDC99B7E3FE2
:1071B000B93DD5BDB0707E3F2EBCE1BD23437E3FBF
:1071C0007638EEBD24137E3F73B2FABDB1E07D3F49
:1071D000029503BECCAB7D3F86CF09BE74747D3F64
:1071E000B70810BEAC3A7D3F834016BE73FE7C3FAD
:1071F000DE761CBEC9BF7C3FB6AB22BEB07E7C3FF4
:10720000FCDE28BE283B7C3FA2102FBE31F57B3F21
:10721000984035BECDAC7B3FCF6E3BBEFC617B3F23
:10722000379B41BEBE147B3FC2C547BE16C57A3FE1
:1072300060EE4DBE02737A3F011554BE841E7A3F44
:1072400097395ABE9DC7793F135C60BE4E6E793F39
:10725000667C66BE9812793F7F9A6CBE7BB4783F9D
:1072600051B672BEF853783FCCCF78BE10F1773F5D
:10727000E1E67EBEC58B773FC07D82BE1724773F97
:10728000CE8685BE07BA763F938E88BE974D763FF1
:1072900007958BBEC6DE753F229A8EBE976D753FF1
:1072A000DD9D91BE0BFA743F31A094BE2284743FE1
:1072B00017A197BEDD0B743F86A09ABE3F91733F26
:1072C000789E9DBE4714733FE59AA0BEF894723F26
:1072D000C595A3BE5213723F128FA6BE578F713F42
:1072E000C486A9BE0809713FD47CACBE6680703FDD
:1072F0003A71AFBE73F56F3FEF63B2BE30686F3F58
:10730000EC54B5BE9ED86E3F2A44B8BEBE466E3F12
:10731000A031BBBE93B26D3F4A1DBEBE1D1C6D3F6A
:107320001E07C1BE5E836C3F15EFC3BE58E86B3FBE
:1073300029D5C6BE0C4B6B3F53B9C9BE7BAB6A3F68
:107340008B9BCCBEA7096A3FCA7BCFBE9165693FC4
:10735000095AD2BE3CBF683F4136D5BEA816683F29
:107360006B10D8BED86B673F80E8DABECCBE663FF4
:1073700079BEDDBE880F663F4F92E0BE0B5E653F73
:10738000FA63E3BE59AA643F7533E6BE73F4633F04
:10739000B700E9BE5A3C633FBBCBEBBE1082623FF5
:1073A0007994EEBE98C5613FEA5AF1BEF206613F9C
:1073B000071FF4BE2146603FCBE0F6BE27835F3F48
:1073C0002DA0F9BE05BE5E3F275DFCBEBEF65D3F4B
:1073D000B217FFBE532D5D3FE4E700BFC7615C3FBE
:1073E000B14202BF1A945B3F3D9C03BF50C45A3F59
:1073F00084F404BF6AF2593F824B06BF6A1E593FAC
:1074000036A107BF5348583F9BF508BF2670573F2A
:10741000AD480ABFE595563F6B9A0BBF93B9553FF0
:10742000D0EA0CBF31DB543FDA390EBFC3FA533F09
:1074300084870FBF4918533FCDD310BFC633523F87
:10744000B01E12BF3D4D513F2A6813BFAF64503F7D
:1074500039B014BF1F7A4F3FD9F615BF908D4E3FFC
:10746000073C17BF029F4D3FC07F18BF79AE4C3F0E
:1074700000C219BFF8BB4B3FC6021BBF7FC74A3FC4
:107480000C421CBF12D1493FD17F1DBFB3D8483F2A
:1074900012BC1EBF65DE473FCBF61FBF2AE2463F48
:1074A000F92F21BF03E4453F996722BFF5E3443F2D
:1074B000A99D23BF00E2433F25D224BF29DE423FDE
:1074C0000A0526BF70D8413F563627BFDAD0403F65
:1074D000056628BF67C73F3F159429BF1BBC3E3FC9
:1074E00082C02ABFF9AE3D3F4AEB2BBF03A03C3F11
:1074F00069142DBF3B8F3B3FDE3B2EBFA47C3A3F40
:10750000A5612FBF4268393FBB8530BF1652383F57
:107510001DA831BF233A373FC9C832BF6C20363F60
:10752000BCE733BFF304353FF30435BFBCE7333F5B
:107530006C2036BFC9C8323F233A37BF1DA8313F40
:10754000165238BFBB85303F426839BFA5612F3F17
:10755000A47C3ABFDE3B2E3F3B8F3BBF69142D3FDF
:1075600003A03CBF4AEB2B3FF9AE3DBF82C02A3F90
:107570001BBC3EBF1594293F67C73FBF0566283F28
:10758000DAD040BF5636273F70D841BF0A05263FA4
:1075900029DE42BF25D2243F00E243BFA99D233FFD
:1075A000F5E344BF9967223F03E445BFF92F213F2C
:1075B0002AE246BFCBF61F3F65DE47BF12BC1E3F27
:1075C000B3D848BFD17F1D3F12D149BF0C421C3FE9
:1075D0007FC74ABFC6021B3FF8BB4BBF00C2193F63
:1075E00079AE4CBFC07F183F029F4DBF073C173F8D
:1075F000908D4EBFD9F6153F1F7A4FBF39B0143F5B
:10760000AF6450BF2A68133F3D4D51BFB01E123FBB
:10761000C63352BFCDD3103F491853BF84870F3FA5
:10762000C3FA53BFDA390E3F31DB54BFD0EA0C3F07
:1076300093B955BF6B9A0B3FE59556BFAD480A3FCE
:10764000267057BF9BF5083F534858BF36A1073FE8
:107650006A1E59BF824B063F6AF259BF84F4043F49
:1076600050C45ABF3D9C033F1A945BBFB142023FD6
:10767000C7615CBFE4E7003F532D5DBFB217FF3E1B
:10768000BEF65DBF275DFC3E05BE5EBF2DA0F93E88
:1076900027835FBFCBE0F63E214660BF071FF43E65
:1076A000F20661BFEA5AF13E98C561BF7994EE3E99
:1076B000108262BFBBCBEB3E5A3C63BFB700E93ED2
:1076C00073F463BF7533E63E59AA64BFFA63E33EC1
:1076D0000B5E65BF4F92E03E880F66BF79BEDD3E10
:1076E000CCBE66BF80E8DA3ED86B67BF6B10D83E71
:1076F000A81668BF4136D53E3CBF68BF095AD23E86
:10770000916569BFCA7BCF3EA7096ABF8B9BCC3E00
:107710007BAB6ABF53B9C93E0C4B6BBF29D5C63E84
:1077200058E86BBF15EFC33E5E836CBF1E07C13EBA
:107730001D1C6DBF4A1DBE3E93B26DBFA031BB3E46
:10774000BE466EBF2A44B83E9ED86EBFEC54B53ECE
:1077500030686FBFEF63B23E73F56FBF3A71AF3EF3
:10776000668070BFD47CAC3E080971BFC486A93E58
:10777000578F71BF128FA63E521372BFC595A33E9D
:10778000F89472BFE59AA03E471473BF789E9D3E61
:107790003F9173BF86A09A3EDD0B74BF17A1973E41
:1077A000228474BF31A0943E0BFA74BFDD9D913EDC
:1077B000976D75BF229A8E3EC6DE75BF07958B3ECC
:1077C000974D76BF938E883E07BA76BFCE86853EAC
:1077D000172477BFC07D823EC58B77BFE1E67E3E32
:1077E00010F177BFCCCF783EF85378BF51B6723ED8
:1077F0007BB478BF7F9A6C3E981279BF667C663EF8
:107800004E6E79BF135C603E9DC779BF97395A3E73
:10781000841E7ABF0115543E02737ABF60EE4D3E5E
:1078200016C57ABFC2C5473EBE147BBF379B413EDB
:10783000FC617BBFCF6E3B3ECDAC7BBF9840353EFD
:1078400031F57BBFA2102F3E283B7CBFFCDE283EDB
:10785000B07E7CBFB6AB223EC9BF7CBFDE761C3E8D
:1078600073FE7CBF8340163EAC3A7DBFB708103E26
:1078700074747DBF86CF093ECCAB7DBF0295033EBD
:10788000B1E07DBF73B2FA3D24137EBF7638EE3D82
:1078900023437EBF2EBCE13DB0707EBFB93DD53DD8
:1078A000C99B7EBF36BDC83D6DC47EBFC33ABC3DDB
:1078B0009DEA7EBF80B6AF3D580E7FBF8C30A33DA2
:1078C0009D2F7FBF05A9963D6D4E7FBF0A208A3D43
:1078D000C76A7FBF742B7B3DAB847FBF6814623D5A
:1078E000189C7FBF2FFB483D0FB17FBF07E02F3DA6
:1078F0008FC37FBF2CC3163D98D37FBFB949FB3CD4
:1079000029E17FBFB00AC93C43EC7FBFB6C9963CB2
:10791000E6F47FBF900E493C11FB7FBF890FC93B46
:10792000C4FE7FBF000000000000803F2FFB483DE9
:107930000FB17F3F36BDC83D6DC47E3F8340163ECC
:10794000AC3A7D3FC2C5473EBE147B3FCCCF783EAC
:10795000F853783F31A0943E0BFA743FD47CAC3E90
:107960000809713F15EFC33E5E836C3F80E8DA3E45
:10797000D86B673FEA5AF13E98C5613F3D9C033F93
:107980001A945B3FDA390E3F31DB543FC07F183F1A
:10799000029F4D3F9967223F03E4453F4AEB2B3F4F
:1079A000F9AE3D3FF304353FF304353FF9AE3D3FBB
:1079B0004AEB2B3F03E4453F9967223F029F4D3F2F
:1079C000C07F183F31DB543FDA390E3F1A945B3FDA
:1079D0003D9C033F98C5613FEA5AF13ED86B673F33
:1079E00080E8DA3E5E836C3F15EFC33E0809713FC5
:1079F000D47CAC3E0BFA743F31A0943EF853783FF0
:107A0000CCCF783EBE147B3FC2C5473EAC3A7D3FEB
:107A10008340163E6DC47E3F36BDC83D0FB17F3FEB
:107A20002FFB483D0000803F000000000FB17F3F6A
:107A30002FFB48BD6DC47E3F36BDC8BDAC3A7D3F0F
:107A4000834016BEBE147B3FC2C547BEF853783F85
:107A5000CCCF78BE0BFA743F31A094BE0809713FB9
:107A6000D47CACBE5E836C3F15EFC3BED86B673F62
:107A700080E8DABE98C5613FEA5AF1BE1A945B3FCE
:107A80003D9C03BF31DB543FDA390EBF029F4D3FAF
:107A9000C07F18BF03E4453F996722BFF9AE3D3F61
:107AA0004AEB2BBFF304353FF30435BF4AEB2B3FC2
:107AB000F9AE3DBF9967223F03E445BFC07F183F41
:107AC000029F4DBFDA390E3F31DB54BF3D9C033F6F
:107AD0001A945BBFEA5AF13E98C561BF80E8DA3E6E
:107AE000D86B67BF15EFC33E5E836CBFD47CAC3EE2
:107AF000080971BF31A0943E0BFA74BFCCCF783E19
:107B0000F85378BFC2C5473EBE147BBF8340163EC4
:107B1000AC3A7DBF36BDC83D6DC47EBF2FFB483D2E
:107B20000FB17FBF000000000000803FC70F493B3E
:107B3000B1FF7F3F890FC93BC4FE7F3F59CB163C45
:107B400039FD7F3F900E493C11FB7F3F4B517B3C01
:107B50004AF87F3FB6C9963CE6F47F3F69EAAF3CFE
:107B6000E3F07F3FB00AC93C43EC7F3F7B2AE23C15
:107B700005E77F3FB949FB3C29E17F3F2F340A3DB0
:107B8000AFDA7F3F2CC3163D98D37F3FCC51233DC6
:107B9000E2CB7F3F07E02F3D8FC37F3FD56D3C3D5C
:107BA0009EBA7F3F2FFB483D0FB17F3F0E88553D6A
:107BB000E3A67F3F6814623D189C7F3F38A06E3D6E
:107BC000B1907F3F742B7B3DAB847F3F0ADB833DCD
:107BD00008787F3F0A208A3DC76A7F3FB464903DA2
:107BE000E95C7F3F05A9963D6D4E7F3FF9EC9C3DDA
:107BF000543F7F3F8C30A33D9D2F7F3FBA73A93DFB
:107C0000491F7F3F80B6AF3D580E7F3FDAF8B53D44
:107C1000C9FC7E3FC33ABC3D9DEA7E3F397CC23DF4
:107C2000D4D77E3F36BDC83D6DC47E3FB7FDCE3D47
:107C300069B07E3FB93DD53DC99B7E3F377DDB3D79
:107C40008B867E3F2EBCE13DB0707E3F9AFAE73DC9
:107C5000385A7E3F7638EE3D23437E3FC075F43D73
:107C6000722B7E3F73B2FA3D24137E3F4577003E70
:107C700038FA7D3F0295033EB1E07D3F6EB2063E8D
:107C80008CC67D3F86CF093ECCAB7D3F4AEC0C3E97
:107C90006E907D3FB708103E74747D3FCA24133E3A
:107CA000DE577D3F8340163EAC3A7D3FE05B193E98
:107CB000DD1C7D3FDE761C3E73FE7C3F7B911F3ECC
:107CC0006CDF7C3FB6AB223EC9BF7C3F8CC5253EF6
:107CD0008A9F7C3FFCDE283EB07E7C3F04F82B3E32
:107CE0003A5D7C3FA2102F3E283B7C3FD428323E99
:107CF0007A187C3F9840353E31F57B3FEC57383E53
:107D00004DD17B3FCF6E3B3ECDAC7B3F3E853E3E73
:107D1000B2877B3F379B413EFC617B3FB9B0443E1D
:107D2000AB3B7B3FC2C5473EBE147B3F4FDA4A3E6A
:107D300037ED7A3F60EE4D3E16C57A3FF101513E78
:107D4000599C7A3F0115543E02737A3F8F27573E64
:107D500010497A3F97395A3E841E7A3F1A4B5D3E4E
:107D60005EF3793F135C603E9DC7793F836C633E51
:107D7000439B793F667C663E4E6E793FBA8B693E87
:107D8000C040793F7F9A6C3E9812793FB2A86F3E0F
:107D9000D6E3783F51B6723E7BB4783F5AC3753E06
:107DA0008684783FCCCF783EF853783FA4DB7B3E87
:107DB000D122783FE1E67E3E10F1773FC0F8803E69
:107DC000B7BE773FC07D823EC58B773F7002843E51
:107DD0003A58773FCE86853E1724773FDA0A873EAA
:107DE0005BEF763F938E883E07BA763FF8118A3E66
:107DF0001B84763F07958B3E974D763FC0178D3E8F
:107E00007A16763F229A8E3EC6DE753F2C1C903E37
:107E10007BA6753FDD9D913E976D753F351F933E67
:107E20001D34753F31A0943E0BFA743FD220963E2C
:107E300062BF743F17A1973E2284743FFE20993E93
:107E40004B48743F86A09A3EDD0B743FAF1F9C3EAB
:107E5000D9CE733F789E9D3E3F91733FDF1C9F3E7E
:107E60000E53733FE59AA03E4714733F8718A23E16
:107E7000EBD4723FC595A33EF894723F9F12A53E86
:107E80007054723F128FA63E5213723F1F0BA83ED2
:107E90009FD1713FC486A93E578F713F0102AB3E0F
:107EA0007A4C713FD47CAC3E0809713F3CF7AD3E43
:107EB00002C5703F3A71AF3E6680703FCBEAB03E7C
:107EC000373B703FEF63B23E73F56F3FA5DCB33EC7
:107ED0001BAF6F3FEC54B53E30686F3FC3CCB63E2E
:107EE000B0206F3F2A44B83E9ED86E3F1EBBB93EBD
:107EF000F88F6E3FA031BB3EBE466E3FAFA7BC3E83
:107F0000F2FC6D3F4A1DBE3E93B26D3F6F92BF3E85
:107F1000A1676D3F1E07C13E1D1C6D3F557BC23ED4
:107F200007D06C3F15EFC33E5E836C3F5C62C53E7D
:107F300024366C3F29D5C63E58E86B3F7C47C83E87
:107F4000FB996B3F53B9C93E0C4B6B3FAE2ACB3EFE
:107F50008CFB6A3F8B9BCC3E7BAB6A3FEA0BCE3EF1
:107F6000D95A6A3FCA7BCF3EA7096A3F2AEBD03E67
:107F7000E4B7693F095AD23E9165693F67C8D33E6D
:107F8000AE12693F4136D53E3CBF683F99A3D63E0D
:107F9000396B683F6B10D83EA816683FB97CD93E54
:107FA00087C1673F80E8DA3ED86B673FC153DC3E4C
:107FB0009915673F79BEDD3ECCBE663FA928DF3EFE
:107FC0007167663F4F92E03E880F663F6AFBE13E75
:107FD00010B7653FFA63E33E0B5E653FFECBE43EC0
:107FE0007904653F7533E63E59AA643F5D9AE73EE2
:107FF000AC4F643FB700E93E73F4633F8166EA3EED
:10800000AC98633FBBCBEB3E5A3C633F6330ED3EE5
:108010007BDF623F7994EE3E1082623FFBF7EF3EDA
:108020001A24623FEA5AF13E98C5613F43BDF23ED1
:108030008A66613F071FF43EF206613F3580F53ED8
:10804000CFA6603FCBE0F63E2146603FC840F83EF9
:10805000E9E45F3F2DA0F93E27835F3FF7FEFA3E3C
:10806000DB205F3F275DFC3E05BE5E3FBBBAFD3EA9
:10807000A65A5E3FB217FF3EBEF65D3F063A003F8E
:108080004D925D3FE4E7003F532D5D3F7395013F07
:10809000D1C75C3FB142023FC7615C3F9FEF023FE7
:1080A00034FB5B3F3D9C033F1A945B3F8948043F90
:1080B000792C5B3F84F4043F50C45A3F2CA0053F09
:1080C000A05B5A3F824B063F6AF2593F86F6063F55
:1080D000AD88593F36A1073F6A1E593F924B083F72
:1080E000A1B3583F9BF5083F5348583F4E9F093F67
:1080F0007FDC573FAD480A3F2670573FB7F10A3F34
:108100004803573F6B9A0B3FE595563FC9420C3FDA
:10811000FE27563FD0EA0C3F93B9553F81920D3F61
:10812000A44A553FDA390E3F31DB543FDBE00E3FC6
:108130003B6B543F84870F3FC3FA533FD52D103F0D
:10814000C789533FCDD3103F4918533F6B79113F37
:1081500049A6523FB01E123FC633523F9AC3123F48
:10816000C2C0513F2A68133F3D4D513F5F0C143F41
:1081700037D9503F39B0143FAF64503FB753153F24
:10818000A8EF4F3FD9F6153F1F7A4F3F9F99163FF3
:1081900017044F3F073C173F908D4E3F12DE173FAD
:1081A00089164E3FC07F183F029F4D3F0F21193F58
:1081B000FD264D3F00C2193F79AE4C3F93621A3FF6
:1081C00078354C3FC6021B3FF8BB4B3F99A21B3F83
:1081D000FA414B3F0C421C3F7FC74A3F1FE11C3F07
:1081E000874C4A3FD17F1D3F12D1493F221E1E3F7F
:1081F0002155493F12BC1E3FB3D8483F9F591F3FEE
:10820000CA5B483FCBF61F3F65DE473F9393203F55
:108210008560473FF92F213F2AE2463FFBCB213FB4
:108220005463463F9967223F03E4453FD302233F0F
:108230003964453FA99D233FF5E3443F1A38243F65
:108240003763443F25D2243F00E2433FCB6B253FB9
:108250005160433F0A05263F29DE423FE39D263F0A
:10826000895B423F5636273F70D8413F61CE273F5A
:10827000E154413F0566283FDAD0403F41FD283FA9
:108280005C4C403F1594293F67C73F3F802A2A3FF7
:10829000FC413F3F82C02A3F1BBC3E3F1B562B3F49
:1082A000C5353E3F4AEB2B3FF9AE3D3F0F802C3F9B
:1082B000B8273D3F69142D3F03A03C3F59A82D3FEF
:1082C000D9173C3FDE3B2E3F3B8F3B3FF7CE2E3F47
:1082D00029063B3FA5612F3FA47C3A3FE6F32F3FA1
:1082E000ACF2393FBB85303F4268393F2217313FFE
:1082F00065DD383F1DA8313F1652383FAA38323F5E
:1083000055C6373FC9C8323F233A373F7A58333FC3
:108310007FAD363FBCE7333F6C20363F8F76343F2E
:10832000E792353FF304353FF304353FE792353F9D
:108330008F76343F6C20363FBCE7333F7FAD363F0E
:108340007A58333F233A373FC9C8323F55C6373F83
:10835000AA38323F1652383F1DA8313F65DD383FFD
:108360002217313F4268393FBB85303FACF2393F7D
:10837000E6F32F3FA47C3A3FA5612F3F29063B3F00
:10838000F7CE2E3F3B8F3B3FDE3B2E3FD9173C3F86
:1083900059A82D3F03A03C3F69142D3FB8273D3F0E
:1083A0000F802C3FF9AE3D3F4AEB2B3FC5353E3F9A
:1083B0001B562B3F1BBC3E3F82C02A3FFC413F3F28
:1083C000802A2A3F67C73F3F1594293F5C4C403FB6
:1083D00041FD283FDAD0403F0566283FE154413F48
:1083E00061CE273F70D8413F5636273F895B423FD9
:1083F000E39D263F29DE423F0A05263F5160433F69
:10840000CB6B253F00E2433F25D2243F3763443FF7
:108410001A38243FF5E3443FA99D233F3964453F83
:10842000D302233F03E4453F9967223F5463463F0D
:10843000FBCB213F2AE2463FF92F213F8560473F92
:108440009393203F65DE473FCBF61F3FCA5B483F13
:108450009F591F3FB3D8483F12BC1E3F2155493F8B
:10846000221E1E3F12D1493FD17F1D3F874C4A3FFC
:108470001FE11C3F7FC74A3F0C421C3FFA414B3F64
:1084800099A21B3FF8BB4B3FC6021B3F78354C3FC0
:1084900093621A3F79AE4C3F00C2193FFD264D3F13
:1084A0000F21193F029F4D3FC07F183F89164E3F55
:1084B00012DE173F908D4E3F073C173F17044F3F8A
:1084C0009F99163F1F7A4F3FD9F6153FA8EF4F3FB0
:1084D000B753153FAF64503F39B0143F37D9503FC1
:1084E0005F0C143F3D4D513F2A68133FC2C0513FBE
:1084F0009AC3123FC633523FB01E123F49A6523FA5
:108500006B79113F4918533FCDD3103FC789533F73
:10851000D52D103FC3FA533F84870F3F3B6B543F29
:10852000DBE00E3F31DB543FDA390E3FA44A553FC2
:1085300081920D3F93B9553FD0EA0C3FFE27563F3D
:10854000C9420C3FE595563F6B9A0B3F4803573F96
:10855000B7F10A3F2670573FAD480A3F7FDC573FCF
:108560004E9F093F5348583F9BF5083FA1B3583FE2
:10857000924B083F6A1E593F36A1073FAD88593FCD
:1085800086F6063F6AF2593F824B063FA05B5A3F90
:108590002CA0053F50C45A3F84F4043F792C5B3F24
:1085A0008948043F1A945B3F3D9C033F34FB5B3F8B
:1085B0009FEF023FC7615C3FB142023FD1C75C3FC2
:1085C0007395013F532D5D3FE4E7003F4D925D3FC2
:1085D000063A003FBEF65D3FB217FF3EA65A5E3F29
:1085E000BBBAFD3E05BE5E3F275DFC3EDB205F3F24
:1085F000F7FEFA3E27835F3F2DA0F93EE9E45F3F97
:10860000C840F83E2146603FCBE0F63ECFA6603F33
:108610003580F53EF206613F071FF43E8A66613FF2
:1086200043BDF23E98C5613FEA5AF13E1A24623FCB
:10863000FBF7EF3E1082623F7994EE3E7BDF623FB4
:108640006330ED3E5A3C633FBBCBEB3EAC98633F9F
:108650008166EA3E73F4633FB700E93EAC4F643F86
:108660005D9AE73E59AA643F7533E63E7904653F5B
:10867000FECBE43E0B5E653FFA63E33E10B7653F19
:108680006AFBE13E880F663F4F92E03E7167663FAE
:10869000A928DF3ECCBE663F79BEDD3E9915673F17
:1086A000C153DC3ED86B673F80E8DA3E87C1673F45
:1086B000B97CD93EA816683F6B10D83E396B683F2D
:1086C00099A3D63E3CBF683F4136D53EAE12693FC6
:1086D00067C8D33E9165693F095AD23EE4B7693F06
:1086E0002AEBD03EA7096A3FCA7BCF3ED95A6A3FE0
:1086F000EA0BCE3E7BAB6A3F8B9BCC3E8CFB6A3F4A
:10870000AE2ACB3E0C4B6B3F53B9C93EFB996B3F36
:108710007C47C83E58E86B3F29D5C63E24366C3F9F
:108720005C62C53E5E836C3F15EFC33E07D06C3F75
:10873000557BC23E1D1C6D3F1E07C13EA1676D3FAC
:108740006F92BF3E93B26D3F4A1DBE3EF2FC6D3F3D
:10875000AFA7BC3EBE466E3FA031BB3EF88F6E3F1A
:108760001EBBB93E9ED86E3F2A44B83EB0206F3F34
:10877000C3CCB63E30686F3FEC54B53E1BAF6F3F85
:10878000A5DCB33E73F56F3FEF63B23E373B703FFE
:10879000CBEAB03E6680703F3A71AF3E02C5703F93
:1087A0003CF7AD3E0809713FD47CAC3E7A4C713F3A
:1087B0000102AB3E578F713FC486A93E9FD1713FE6
:1087C0001F0BA83E5213723F128FA63E7054723F89
:1087D0009F12A53EF894723FC595A33EEBD4723F1D
:1087E0008718A23E4714733FE59AA03E0E53733F8D
:1087F000DF1C9F3E3F91733F789E9D3ED9CE733FD5
:10880000AF1F9C3EDD0B743F86A09A3E4B48743FE1
:10881000FE20993E2284743F17A1973E62BF743FA9
:10882000D220963E0BFA743F31A0943E1D34753F22
:10883000351F933E976D753FDD9D913E7BA6753F3D
:108840002C1C903EC6DE753F229A8E3E7A16763FED
:10885000C0178D3E974D763F07958B3E1B84763F24
:10886000F8118A3E07BA763F938E883E5BEF763FDB
:10887000DA0A873E1724773FCE86853E3A58773FFF
:108880007002843EC58B773FC07D823EB7BE773F86
:10889000C0F8803E10F1773FE1E67E3ED122783F7E
:1088A000A4DB7B3EF853783FCCCF783E8684783F7C
:1088B0005AC3753E7BB4783F51B6723ED6E3783FDB
:1088C000B2A86F3E9812793F7F9A6C3EC040793FC4
:1088D000BA8B693E4E6E793F667C663E439B793F1C
:1088E000836C633E9DC7793F135C603E5EF3793FC6
:1088F0001A4B5D3E841E7A3F97395A3E10497A3FA3
:108900008F27573E02737A3F0115543E599C7A3F98
:10891000F101513E16C57A3F60EE4D3E37ED7A3F8C
:108920004FDA4A3EBE147B3FC2C5473EAB3B7B3F5E
:10893000B9B0443EFC617B3F379B413EB2877B3FF1
:108940003E853E3ECDAC7B3FCF6E3B3E4DD17B3F27
:10895000EC57383E31F57B3F9840353E7A187C3FE6
:10896000D428323E283B7C3FA2102F3E3A5D7C3F0C
:1089700004F82B3EB07E7C3FFCDE283E8A9F7C3F85
:108980008CC5253EC9BF7C3FB6AB223E6CDF7C3F29
:108990007B911F3E73FE7C3FDE761C3EDD1C7D3FDF
:1089A000E05B193EAC3A7D3F8340163EDE577D3F8B
:1089B000CA24133E74747D3FB708103E6E907D3F0D
:1089C0004AEC0C3ECCAB7D3F86CF093E8CC67D3F4A
:1089D0006EB2063EB1E07D3F0295033E38FA7D3F20
:1089E0004577003E24137E3F73B2FA3D722B7E3FE3
:1089F000C075F43D23437E3F7638EE3D385A7E3FC6
:108A00009AFAE73DB0707E3F2EBCE13D8B867E3FFB
:108A1000377DDB3DC99B7E3FB93DD53D69B07E3F8B
:108A2000B7FDCE3D6DC47E3F36BDC83DD4D77E3F39
:108A3000397CC23D9DEA7E3FC33ABC3DC9FC7E3FC6
:108A4000DAF8B53D580E7F3F80B6AF3D491F7F3FF6
:108A5000BA73A93D9D2F7F3F8C30A33D543F7F3F8C
:108A6000F9EC9C3D6D4E7F3F05A9963DE95C7F3F4B
:108A7000B464903DC76A7F3F0A208A3D08787F3FF3
:108A80000ADB833DAB847F3F742B7B3DB1907F3FFE
:108A900038A06E3D189C7F3F6814623DE3A67F3F7F
:108AA0000E88553D0FB17F3F2FFB483D9EBA7F3F5B
:108AB000D56D3C3D8FC37F3F07E02F3DE2CB7F3F2D
:108AC000CC51233D98D37F3F2CC3163DAFDA7F3F77
:108AD0002F340A3D29E17F3FB949FB3C05E77F3F41
:108AE0007B2AE23C43EC7F3FB00AC93CE3F07F3F86
:108AF00069EAAF3CE6F47F3FB6C9963C4AF87F3F4F
:108B00004B517B3C11FB7F3F900E493C39FD7F3F31
:108B100059CB163CC4FE7F3F890FC93BB1FF7F3F55
:108B2000C70F493B0000803F00000000B1FF7F3FBE
:108B3000C70F49BBC4FE7F3F890FC9BB39FD7F3FCB
:108B400059CB16BC11FB7F3F900E49BC4AF87F3FC2
:108B50004B517BBCE6F47F3FB6C996BCE3F07F3F48
:108B600069EAAFBC43EC7F3FB00AC9BC05E77F3F71
:108B70007B2AE2BC29E17F3FB949FBBCAFDA7F3FEA
:108B80002F340ABD98D37F3F2CC316BDE2CB7F3F65
:108B9000CC5123BD8FC37F3F07E02FBD9EBA7F3FDF
:108BA000D56D3CBD0FB17F3F2FFB48BDE3A67F3F96
:108BB0000E8855BD189C7F3F681462BDB1907F3F01
:108BC00038A06EBDAB847F3F742B7BBD08787F3FA0
:108BD0000ADB83BDC76A7F3F0A208ABDE95C7F3F0D
:108BE000B46490BD6D4E7F3F05A996BD543F7F3F55
:108BF000F9EC9CBD9D2F7F3F8C30A3BD491F7F3F6B
:108C0000BA73A9BD580E7F3F80B6AFBDC9FC7E3F89
:108C1000DAF8B5BD9DEA7E3FC33ABCBDD4D77E3FEE
:108C2000397CC2BD6DC47E3F36BDC8BD69B07E3FD4
:108C3000B7FDCEBDC99B7E3FB93DD5BD8B867E3F7E
:108C4000377DDBBDB0707E3F2EBCE1BD385A7E3F24
:108C50009AFAE7BD23437E3F7638EEBD722B7E3F06
:108C6000C075F4BD24137E3F73B2FABD38FA7D3F60
:108C7000457700BEB1E07D3F029503BE8CC67D3FC7
:108C80006EB206BECCAB7D3F86CF09BE6E907D3FF7
:108C90004AEC0CBE74747D3FB70810BEDE577D3FB2
:108CA000CA2413BEAC3A7D3F834016BEDD1C7D3F17
:108CB000E05B19BE73FE7C3FDE761CBE6CDF7C3F42
:108CC0007B911FBEC9BF7C3FB6AB22BE8A9F7C3F53
:108CD0008CC525BEB07E7C3FFCDE28BE3A5D7C3F65
:108CE00004F82BBE283B7C3FA2102FBE7A187C3F95
:108CF000D42832BE31F57B3F984035BE4DD17B3F05
:108D0000EC5738BECDAC7B3FCF6E3BBEB2877B3FCE
:108D10003E853EBEFC617B3F379B41BEAB3B7B3F0C
:108D2000B9B044BEBE147B3FC2C547BE37ED7A3FE3
:108D30004FDA4ABE16C57A3F60EE4DBE599C7A3F67
:108D4000F10151BE02737A3F011554BE10497A3FBA
:108D50008F2757BE841E7A3F97395ABE5EF3793FFC
:108D60001A4B5DBE9DC7793F135C60BE439B793F44
:108D7000836C63BE4E6E793F667C66BEC040793FB1
:108D8000BA8B69BE9812793F7F9A6CBED6E3783F62
:108D9000B2A86FBE7BB4783F51B672BE8684783F6E
:108DA0005AC375BEF853783FCCCF78BED122783FF6
:108DB000A4DB7BBE10F1773FE1E67EBEB7BE773F16
:108DC000C0F880BEC58B773FC07D82BE3A58773FE2
:108DD000700284BE1724773FCE8685BE5BEF763F58
:108DE000DA0A87BE07BA763F938E88BE1B84763F29
:108DF000F8118ABE974D763F07958BBE7A16763F5F
:108E0000C0178DBEC6DE753F229A8EBE7BA6753F0B
:108E10002C1C90BE976D753FDD9D91BE1D34753F36
:108E2000351F93BE0BFA743F31A094BE62BF743FEE
:108E3000D22096BE2284743F17A197BE4B48743F40
:108E4000FE2099BEDD0B743F86A09ABED9CE733F3B
:108E5000AF1F9CBE3F91733F789E9DBE0E53733FE4
:108E6000DF1C9FBE4714733FE59AA0BEEBD4723F50
:108E70008718A2BEF894723FC595A3BE7054723F86
:108E80009F12A5BE5213723F128FA6BE9FD1713F93
:108E90001F0BA8BE578F713FC486A9BE7A4C713F85
:108EA0000102ABBE0809713FD47CACBE02C5703F65
:108EB0003CF7ADBE6680703F3A71AFBE373B703F46
:108EC000CBEAB0BE73F56F3FEF63B2BE1BAF6F3F2F
:108ED000A5DCB3BE30686F3FEC54B5BEB0206F3F29
:108EE000C3CCB6BE9ED86E3F2A44B8BEF88F6E3F44
:108EF0001EBBB9BEBE466E3FA031BBBEF2FC6D3F8D
:108F0000AFA7BCBE93B26D3F4A1DBEBEA1676D3F09
:108F10006F92BFBE1D1C6D3F1E07C1BE07D06C3FC8
:108F2000557BC2BE5E836C3F15EFC3BE24366C3FDB
:108F30005C62C5BE58E86B3F29D5C6BEFB996B3F46
:108F40007C47C8BE0C4B6B3F53B9C9BE8CFB6A3F14
:108F5000AE2ACBBE7BAB6A3F8B9BCCBED95A6A3F55
:108F6000EA0BCEBEA7096A3FCA7BCFBEE4B7693F12
:108F70002AEBD0BE9165693F095AD2BEAE12693F55
:108F800067C8D3BE3CBF683F4136D5BE396B683F2A
:108F900099A3D6BEA816683F6B10D8BE87C1673F9D
:108FA000B97CD9BED86B673F80E8DABE9915673FB8
:108FB000C153DCBECCBE663F79BEDDBE7167663F85
:108FC000A928DFBE880F663F4F92E0BE10B7653F0D
:108FD0006AFBE1BE0B5E653FFA63E3BE7904653F61
:108FE000FECBE4BE59AA643F7533E6BEAC4F643F86
:108FF0005D9AE7BE73F4633FB700E9BEAC98633F88
:109000008166EABE5A3C633FBBCBEBBE7BDF623F6F
:109010006330EDBE1082623F7994EEBE1A24623F47
:10902000FBF7EFBE98C5613FEA5AF1BE8A66613F21
:1090300043BDF2BEF206613F071FF4BECFA6603FFC
:109040003580F5BE2146603FCBE0F6BEE9E45F3FE8
:10905000C840F8BE27835F3F2DA0F9BEDB205F3FED
:10906000F7FEFABE05BE5E3F275DFCBEA65A5E3F18
:10907000BBBAFDBEBEF65D3FB217FFBE4D925D3F6F
:10908000063A00BF532D5D3FE4E700BFD1C75C3F08
:10909000739501BFC7615C3FB14202BF34FB5B3FC8
:1090A0009FEF02BF1A945B3F3D9C03BF792C5B3F4F
:1090B000894804BF50C45A3F84F404BFA05B5A3FA0
:1090C0002CA005BF6AF2593F824B06BFAD88593FBD
:1090D00086F606BF6A1E593F36A107BFA1B3583FA7
:1090E000924B08BF5348583F9BF508BF7FDC573F62
:1090F0004E9F09BF2670573FAD480ABF4803573FF0
:10910000B7F10ABFE595563F6B9A0BBFFE27563F56
:10911000C9420CBF93B9553FD0EA0CBFA44A553F92
:1091200081920DBF31DB543FDA390EBF3B6B543FA8
:10913000DBE00EBFC3FA533F84870FBFC789533F9D
:10914000D52D10BF4918533FCDD310BF49A6523F6C
:109150006B7911BFC633523FB01E12BFC2C0513F20
:109160009AC312BF3D4D513F2A6813BF37D9503FB4
:109170005F0C14BFAF64503F39B014BFA8EF4F3F2E
:10918000B75315BF1F7A4F3FD9F615BF17044F3F8E
:109190009F9916BF908D4E3F073C17BF89164E3FD3
:1091A00012DE17BF029F4D3FC07F18BFFD264D3F07
:1091B0000F2119BF79AE4C3F00C219BF78354C3F23
:1091C00093621ABFF8BB4B3FC6021BBFFA414B3F2D
:1091D00099A21BBF7FC74A3F0C421CBF874C4A3F26
:1091E0001FE11CBF12D1493FD17F1DBF2155493F0F
:1091F000221E1EBFB3D8483F12BC1EBFCA5B483FE9
:109200009F591FBF65DE473FCBF61FBF8560473FB5
:10921000939320BF2AE2463FF92F21BF5463463F74
:10922000FBCB21BF03E4453F996722BF3964453F2B
:10923000D30223BFF5E3443FA99D23BF3763443FD7
:109240001A3824BF00E2433F25D224BF5160433F78
:10925000CB6B25BF29DE423F0A0526BF895B423F13
:10926000E39D26BF70D8413F563627BFE154413FAA
:1092700061CE27BFDAD0403F056628BF5C4C403F37
:1092800041FD28BF67C73F3F159429BFFC413F3FC1
:10929000802A2ABF1BBC3E3F82C02ABFC5353E3F45
:1092A0001B562BBFF9AE3D3F4AEB2BBFB8273D3FC6
:1092B0000F802CBF03A03C3F69142DBFD9173C3F42
:1092C00059A82DBF3B8F3B3FDE3B2EBF29063B3FBE
:1092D000F7CE2EBFA47C3A3FA5612FBFACF2393F39
:1092E000E6F32FBF4268393FBB8530BF65DD383FAD
:1092F000221731BF1652383F1DA831BF55C6373F20
:10930000AA3832BF233A373FC9C832BF7FAD363F94
:109310007A5833BF6C20363FBCE733BFE792353F06
:109320008F7634BFF304353FF30435BF8F76343F77
:10933000E79235BFBCE7333F6C2036BF7A58333FE6
:109340007FAD36BFC9C8323F233A37BFAA38323F54
:1093500055C637BF1DA8313F165238BF2217313FBF
:1093600065DD38BFBB85303F426839BFE6F32F3F2C
:10937000ACF239BFA5612F3FA47C3ABFF7CE2E3F98
:1093800029063BBFDE3B2E3F3B8F3BBF59A82D3FFD
:10939000D9173CBF69142D3F03A03CBF0F802C3F61
:1093A000B8273DBF4AEB2B3FF9AE3DBF1B562B3FC5
:1093B000C5353EBF82C02A3F1BBC3EBF802A2A3F24
:1093C000FC413FBF1594293F67C73FBF41FD283F80
:1093D0005C4C40BF0566283FDAD040BF61CE273FD6
:1093E000E15441BF5636273F70D841BFE39D263F29
:1093F000895B42BF0A05263F29DE42BFCB6B253F72
:10940000516043BF25D2243F00E243BF1A38243FB6
:10941000376344BFA99D233FF5E344BFD302233FF5
:10942000396445BF9967223F03E445BFFBCB213F29
:10943000546346BFF92F213F2AE246BF9393203F52
:10944000856047BFCBF61F3F65DE47BF9F591F3F73
:10945000CA5B48BF12BC1E3FB3D848BF221E1E3F86
:10946000215549BFD17F1D3F12D149BF1FE11C3F8C
:10947000874C4ABF0C421C3F7FC74ABF99A21B3F83
:10948000FA414BBFC6021B3FF8BB4BBF93621A3F6A
:1094900078354CBF00C2193F79AE4CBF0F21193F40
:1094A000FD264DBFC07F183F029F4DBF12DE173F04
:1094B00089164EBF073C173F908D4EBF9F99163FB0
:1094C00017044FBFD9F6153F1F7A4FBFB753153F4B
:1094D000A8EF4FBF39B0143FAF6450BF5F0C143FCB
:1094E00037D950BF2A68133F3D4D51BF9AC3123F31
:1094F000C2C051BFB01E123FC63352BF6B79113F7D
:1095000049A652BFCDD3103F491853BFD52D103FA8
:10951000C78953BF84870F3FC3FA53BFDBE00E3FB9
:109520003B6B54BFDA390E3F31DB54BF81920D3FA4
:10953000A44A55BFD0EA0C3F93B955BFC9420C3F6E
:10954000FE2756BF6B9A0B3FE59556BFB7F10A3F12
:10955000480357BFAD480A3F267057BF4E9F093F8B
:109560007FDC57BF9BF5083F534858BF924B083FDD
:10957000A1B358BF36A1073F6A1E59BF86F6063F02
:10958000AD8859BF824B063F6AF259BF2CA0053FF8
:10959000A05B5ABF84F4043F50C45ABF8948043FBB
:1095A000792C5BBF3D9C033F1A945BBF9FEF023F4A
:1095B00034FB5BBFB142023FC7615CBF7395013FA3
:1095C000D1C75CBFE4E7003F532D5DBF063A003FC3
:1095D0004D925DBFB217FF3EBEF65DBFBBBAFD3E0A
:1095E000A65A5EBF275DFC3E05BE5EBFF7FEFA3E93
:1095F000DB205FBF2DA0F93E27835FBFC840F83E48
:10960000E9E45FBFCBE0F63E214660BF3580F53E22
:10961000CFA660BF071FF43EF20661BF43BDF23E16
:109620008A6661BFEA5AF13E98C561BFFBF7EF3E1B
:109630001A2462BF7994EE3E108262BF6330ED3E21
:109640007BDF62BFBBCBEB3E5A3C63BF8166EA3E29
:10965000AC9863BFB700E93E73F463BF5D9AE73E21
:10966000AC4F64BF7533E63E59AA64BFFECBE43EFF
:10967000790465BFFA63E33E0B5E65BF6AFBE13EBA
:1096800010B765BF4F92E03E880F66BFA928DF3E46
:10969000716766BF79BEDD3ECCBE66BFC153DC3E9E
:1096A000991567BF80E8DA3ED86B67BFB97CD93EB1
:1096B00087C167BF6B10D83EA81668BF99A3D63E76
:1096C000396B68BF4136D53E3CBF68BF67C8D33EE3
:1096D000AE1269BF095AD23E916569BF2AEBD03EEE
:1096E000E4B769BFCA7BCF3EA7096ABFEA0BCE3E8B
:1096F000D95A6ABF8B9BCC3E7BAB6ABFAE2ACB3EAE
:109700008CFB6ABF53B9C93E0C4B6BBF7C47C83E4C
:10971000FB996BBF29D5C63E58E86BBF5C62C53E5E
:1097200024366CBF15EFC33E5E836CBF557BC23ED3
:1097300007D06CBF1E07C13E1D1C6DBF6F92BF3EA0
:10974000A1676DBF4A1DBE3E93B26DBFAFA7BC3EC1
:10975000F2FC6DBFA031BB3EBE466EBF1EBBB93E24
:10976000F88F6EBF2A44B83E9ED86EBFC3CCB63EBB
:10977000B0206FBFEC54B53E30686FBFA5DCB33E80
:109780001BAF6FBFEF63B23E73F56FBFCBEAB03E66
:10979000373B70BF3A71AF3E668070BF3CF7AD3E5D
:1097A00002C570BFD47CAC3E080971BF0102AB3E5C
:1097B0007A4C71BFC486A93E578F71BF1F0BA83E5C
:1097C0009FD171BF128FA63E521372BF9F12A53E4A
:1097D000705472BFC595A33EF89472BF8718A23E1D
:1097E000EBD472BFE59AA03E471473BFDF1C9F3EC7
:1097F0000E5373BF789E9D3E3F9173BFAF1F9C3E3B
:10980000D9CE73BF86A09A3EDD0B74BFFE20993E71
:109810004B4874BF17A1973E228474BFD220963E56
:1098200062BF74BF31A0943E0BFA74BF351F933EE4
:109830001D3475BFDD9D913E976D75BF2C1C903E0C
:109840007BA675BF229A8E3EC6DE75BFC0178D3EC1
:109850007A1676BF07958B3E974D76BFF8118A3EF4
:109860001B8476BF938E883E07BA76BFDA0A873E9E
:109870005BEF76BFCE86853E172477BF7002843EAD
:109880003A5877BFC07D823EC58B77BFC0F8803E17
:10989000B7BE77BFE1E67E3E10F177BFA4DB7B3E2B
:1098A000D12278BFCCCF783EF85378BF5AC3753EEB
:1098B000868478BF51B6723E7BB478BFB2A86F3E43
:1098C000D6E378BF7F9A6C3E981279BFBA8B693E17
:1098D000C04079BF667C663E4E6E79BF836C633E46
:1098E000439B79BF135C603E9DC779BF1A4B5D3EB9
:1098F0005EF379BF97395A3E841E7ABF8F27573E51
:1099000010497ABF0115543E02737ABFF101513EEE
:10991000599C7ABF60EE4D3E16C57ABF4FDA4A3E7B
:1099200037ED7ABFC2C5473EBE147BBFB9B0443ED7
:10993000AB3B7BBF379B413EFC617BBF3E853E3EE0
:10994000B2877BBFCF6E3B3ECDAC7BBFEC57383E82
:109950004DD17BBF9840353E31F57BBFD428323E98
:109960007A187CBFA2102F3E283B7CBF04F82B3E08
:109970003A5D7CBFFCDE283EB07E7CBF8CC5253EB8
:109980008A9F7CBFB6AB223EC9BF7CBF7B911F3E86
:109990006CDF7CBFDE761C3E73FE7CBFE05B193E55
:1099A000DD1C7DBF8340163EAC3A7DBFCA24133E0A
:1099B000DE577DBFB708103E74747DBF4AEC0C3E85
:1099C0006E907DBF86CF093ECCAB7DBF6EB2063EAA
:1099D0008CC67DBF0295033EB1E07DBF4577003E5A
:1099E00038FA7DBF73B2FA3D24137EBFC075F43DD3
:1099F000722B7EBF7638EE3D23437EBF9AFAE73D59
:109A0000385A7EBF2EBCE13DB0707EBF377DDB3D56
:109A10008B867EBFB93DD53DC99B7EBFB7FDCE3D90
:109A200069B07EBF36BDC83D6DC47EBF397CC23DC6
:109A3000D4D77EBFC33ABC3D9DEA7EBFDAF8B53DC0
:109A4000C9FC7EBF80B6AF3D580E7FBFBA73A93D3B
:109A5000491F7FBF8C30A33D9D2F7FBFF9EC9C3DFC
:109A6000543F7FBF05A9963D6D4E7FBFB464903DC6
:109A7000E95C7FBF0A208A3DC76A7FBF0ADB833D5E
:109A800008787FBF742B7B3DAB847FBF38A06E3DD1
:109A9000B1907FBF6814623D189C7FBF0E88553D12
:109AA000E3A67FBF2FFB483D0FB17FBFD56D3C3D87
:109AB0009EBA7FBF07E02F3D8FC37FBFCC51233DB0
:109AC000E2CB7FBF2CC3163D98D37FBF2F340A3D16
:109AD000AFDA7FBFB949FB3C29E17FBF7B2AE23C7B
:109AE00005E77FBFB00AC93C43EC7FBF69EAAF3CE2
:109AF000E3F07FBFB6C9963CE6F47FBF4B517B3C99
:109B00004AF87FBF900E493C11FB7FBF59CB163CF2
:109B100039FD7FBF890FC93BC4FE7FBFC70F493BDB
:109B2000B1FF7FBF000000000000803FB00AC93CC9
:109B300043EC7F3F2FFB483D0FB17F3F05A9963D8A
:109B40006D4E7F3F36BDC83D6DC47E3F73B2FA3D5A
:109B500024137E3F8340163EAC3A7D3FA2102F3E39
:109B6000283B7C3FC2C5473EBE147B3F135C603E32
:109B70009DC7793FCCCF783EF853783F938E883E8F
:109B800007BA763F31A0943E0BFA743FE59AA03EA7
:109B90004714733FD47CAC3E0809713F2A44B83E59
:109BA0009ED86E3F15EFC33E5E836C3FCA7BCF3EAF
:109BB000A7096A3F80E8DA3ED86B673F7533E63E17
:109BC00059AA643FEA5AF13E98C5613F275DFC3EC1
:109BD00005BE5E3F3D9C033F1A945B3F9BF5083FEB
:109BE0005348583FDA390E3F31DB543F2A68133F60
:109BF0003D4D513FC07F183F029F4D3FD17F1D3FDC
:109C000012D1493F9967223F03E4453F5636273F2B
:109C100070D8413F4AEB2B3FF9AE3D3FBB85303F0B
:109C20004268393FF304353FF304353F4268393F1A
:109C3000BB85303FF9AE3D3F4AEB2B3F70D8413FEB
:109C40005636273F03E4453F9967223F12D1493FEB
:109C5000D17F1D3F029F4D3FC07F183F3D4D513F7B
:109C60002A68133F31DB543FDA390E3F5348583FDF
:109C70009BF5083F1A945B3F3D9C033F05BE5E3F4A
:109C8000275DFC3E98C5613FEA5AF13E59AA643F00
:109C90007533E63ED86B673F80E8DA3EA7096A3F36
:109CA000CA7BCF3E5E836C3F15EFC33E9ED86E3FAE
:109CB0002A44B83E0809713FD47CAC3E4714733F38
:109CC000E59AA03E0BFA743F31A0943E07BA763F66
:109CD000938E883EF853783FCCCF783E9DC7793F2E
:109CE000135C603EBE147B3FC2C5473E283B7C3FB1
:109CF000A2102F3EAC3A7D3F8340163E24137E3F98
:109D000073B2FA3D6DC47E3F36BDC83D6D4E7F3F98
:109D100005A9963D0FB17F3F2FFB483D43EC7F3FA8
:109D2000B00AC93C0000803F0000000043EC7F3FC8
:109D3000B00AC9BC0FB17F3F2FFB48BD6D4E7F3FBE
:109D400005A996BD6DC47E3F36BDC8BD24137E3FB8
:109D500073B2FABDAC3A7D3F834016BE283B7C3FD0
:109D6000A2102FBEBE147B3FC2C547BE9DC7793F20
:109D7000135C60BEF853783FCCCF78BE07BA763F0D
:109D8000938E88BE0BFA743F31A094BE4714733F84
:109D9000E59AA0BE0809713FD47CACBE9ED86E3F48
:109DA0002A44B8BE5E836C3F15EFC3BEA7096A3F65
:109DB000CA7BCFBED86B673F80E8DABE59AA643F42
:109DC0007533E6BE98C5613FEA5AF1BE05BE5E3FF7
:109DD000275DFCBE1A945B3F3D9C03BF5348583F30
:109DE0009BF508BF31DB543FDA390EBF3D4D513F83
:109DF0002A6813BF029F4D3FC07F18BF12D1493F51
:109E0000D17F1DBF03E4453F996722BF70D8413F12
:109E1000563627BFF9AE3D3F4AEB2BBF4268393F6C
:109E2000BB8530BFF304353FF30435BFBB85303FFE
:109E3000426839BF4AEB2B3FF9AE3DBF5636273F4C
:109E400070D841BF9967223F03E445BFD17F1D3FD2
:109E500012D149BFC07F183F029F4DBF2A68133FF0
:109E60003D4D51BFDA390E3F31DB54BF9BF5083F02
:109E7000534858BF3D9C033F1A945BBF275DFC3E8F
:109E800005BE5EBFEA5AF13E98C561BF7533E63E36
:109E900059AA64BF80E8DA3ED86B67BFCA7BCF3E61
:109EA000A7096ABF15EFC33E5E836CBF2A44B83E64
:109EB0009ED86EBFD47CAC3E080971BFE59AA03E27
:109EC000471473BF31A0943E0BFA74BF938E883E43
:109ED00007BA76BFCCCF783EF85378BF135C603EAC
:109EE0009DC779BFC2C5473EBE147BBFA2102F3E9F
:109EF000283B7CBF8340163EAC3A7DBF73B2FA3D2F
:109F000024137EBF36BDC83D6DC47EBF05A9963DF6
:109F10006D4E7FBF2FFB483D0FB17FBFB00AC93CDC
:109F200043EC7FBF000000000000803FC2C5473EF9
:109F3000BE147B3F15EFC33E5E836C3FDA390E3FA4
:109F400031DB543FF304353FF304353F31DB543FFD
:109F5000DA390E3F5E836C3F15EFC33EBE147B3F84
:109F6000C2C5473E0000803F00000000BE147B3F9A
:109F7000C2C547BE5E836C3F15EFC3BE31DB543FA5
:109F8000DA390EBFF304353FF30435BFDA390E3F3B
:109F900031DB54BF15EFC33E5E836CBFC2C5473E85
:109FA000BE147BBF000000000000803FD40FC93A00
:109FB000ECFF7F3FC70F493BB1FF7F3FC1CB963BD3
:109FC0004EFF7F3F890FC93BC4FE7F3F3053FB3BB1
:109FD00013FE7F3F59CB163C39FD7F3F02ED2F3CEE
:109FE00039FC7F3F900E493C11FB7F3F0030623CC3
:109FF000C1F97F3F4B517B3C4AF87F3F38398A3C5F
:10A00000ACF67F3FB6C9963CE6F47F3F1C5AA33CB2
:10A01000F8F27F3F69EAAF3CE3F07F3F9B7ABC3CBC
:10A02000A7EE7F3FB00AC93C43EC7F3FA69AD53CE0
:10A03000B8E97F3F7B2AE23C05E77F3F2DBAEE3C43
:10A040002BE47F3FB949FB3C29E17F3F90EC033D86
:10A0500000DE7F3F2F340A3DAFDA7F3FB87B103DF3
:10A0600037D77F3F2CC3163D98D37F3F880A1D3DCD
:10A07000D1CF7F3FCC51233DE2CB7F3FF698293DA6
:10A08000CCC77F3F07E02F3D8FC37F3FFC26363D87
:10A090002ABF7F3FD56D3C3D9EBA7F3F91B4423D84
:10A0A000EAB57F3F2FFB483D0FB17F3FAF414F3DAA
:10A0B0000DAC7F3F0E88553DE3A67F3F4CCE5B3D08
:10A0C00091A17F3F6814623D189C7F3F625A683DB2
:10A0D00078967F3F38A06E3DB1907F3FE9E5743DB3
:10A0E000C28A7F3F742B7B3DAB847F3F6CB8803D41
:10A0F0006D7E7F3F0ADB833D08787F3F94FD863D80
:10A100007B717F3F0A208A3DC76A7F3F6A428D3D4F
:10A11000EC637F3FB464903DE95C7F3FE786933D0D
:10A12000BF557F3F05A9963D6D4E7F3F0ACB993DB8
:10A13000F4467F3FF9EC9C3D543F7F3FCF0EA03D5E
:10A140008D377F3F8C30A33D9D2F7F3F3052A63D02
:10A1500087277F3FBA73A93D491F7F3F2B95AC3DB1
:10A16000E4167F3F80B6AF3D580E7F3FBBD7B23D70
:10A17000A4057F3FDAF8B53DC9FC7E3FDD19B93D46
:10A18000C7F37E3FC33ABC3D9DEA7E3F8D5BBF3D3A
:10A190004CE17E3F397CC23DD4D77E3FC69CC53D55
:10A1A00034CE7E3F36BDC83D6DC47E3F86DDCB3D9F
:10A1B0007FBA7E3FB7FDCE3D69B07E3FC81DD23D20
:10A1C0002DA67E3FB93DD53DC99B7E3F895DD83DDB
:10A1D0003D917E3F377DDB3D8B867E3FC49CDE3DDF
:10A1E000B17B7E3F2EBCE13DB0707E3F76DBE43D2F
:10A1F00088657E3F9AFAE73D385A7E3F9A19EB3DD3
:10A20000C14E7E3F7638EE3D23437E3F2E57F13DD3
:10A210005E377E3FC075F43D722B7E3F2C94F73D38
:10A220005E1F7E3F73B2FA3D24137E3F92D0FD3D08
:10A23000C2067E3F4577003E38FA7D3F2E06023E3D
:10A2400088ED7D3F0295033EB1E07D3FC223053E90
:10A25000B2D37D3F6EB2063E8CC67D3F0541083EBF
:10A2600040B97D3F86CF093ECCAB7D3FF35D0B3ED1
:10A27000309E7D3F4AEC0C3E6E907D3F8B7A0E3EC9
:10A2800085827D3FB708103E74747D3FCC96113EA9
:10A290003D667D3FCA24133EDE577D3FB2B2143E79
:10A2A00059497D3F8340163EAC3A7D3F3DCE173E37
:10A2B000D82B7D3FE05B193EDD1C7D3F6BE91A3EEC
:10A2C000BC0D7D3FDE761C3E73FE7C3F38041E3E97
:10A2D00003EF7C3F7B911F3E6CDF7C3FA51E213E40
:10A2E000AECF7C3FB6AB223EC9BF7C3FAD38243EEB
:10A2F000BDAF7C3F8CC5253E8A9F7C3F5152273E97
:10A30000318F7C3FFCDE283EB07E7C3F8D6B2A3E49
:10A31000086E7C3F04F82B3E3A5D7C3F61842D3E05
:10A32000444C7C3FA2102F3E283B7C3FC99C303ED2
:10A33000E5297C3FD428323E7A187C3FC4B4333EB2
:10A34000E9067C3F9840353E31F57B3F50CC363EA8
:10A3500053E37B3FEC57383E4DD17B3F6CE3393EB6
:10A3600020BF7B3FCF6E3B3ECDAC7B3F15FA3C3EE2
:10A37000539A7B3F3E853E3EB2877B3F4910403E2D
:10A38000EA747B3F379B413EFC617B3F0726433E9F
:10A39000E74E7B3FB9B0443EAB3B7B3F4D3B463E37
:10A3A00048287B3FC2C5473EBE147B3F1850493EFC
:10A3B0000E017B3F4FDA4A3E37ED7A3F67644C3EF1
:10A3C0003AD97A3F60EE4D3E16C57A3F38784F3E17
:10A3D000CBB07A3FF101513E599C7A3F898B523E76
:10A3E000C1877A3F0115543E02737A3F589E553E0D
:10A3F0001C5E7A3F8F27573E10497A3FA4B0583EE3
:10A40000DD337A3F97395A3E841E7A3F6AC25B3EFB
:10A4100004097A3F1A4B5D3E5EF3793FA8D35E3E56
:10A4200091DD793F135C603E9DC7793F5CE4613EFE
:10A4300083B1793F836C633E439B793F86F4643EEE
:10A44000DC84793F667C663E4E6E793F2204683E2E
:10A450009A57793FBA8B693EC040793F2F136B3EC4
:10A46000BF29793F7F9A6C3E9812793FAB216E3EAF
:10A470004AFB783FB2A86F3ED6E3783F942F713EF7
:10A480003BCC783F51B6723E7BB4783FE83C743E9B
:10A49000939C783F5AC3753E8684783FA649773EA1
:10A4A000526C783FCCCF783EF853783FCB557A3E0C
:10A4B000773B783FA4DB7B3ED122783F56617D3EDF
:10A4C000040A783FE1E67E3E10F1773F2236803E77
:10A4D000F7D7773FC0F8803EB7BE773F4ABB813E93
:10A4E00051A5773FC07D823EC58B773F2240833E9A
:10A4F0001372773F7002843E3A58773FAAC4843E75
:10A500003C3E773FCE86853E1724773FDF48863E28
:10A51000CC09773FDA0A873E5BEF763FC1CC873EB6
:10A52000C4D4763F938E883E07BA763F5050893E1A
:10A53000249F763FF8118A3E1B84763F8AD38A3E59
:10A54000EC68763F07958B3E974D763F6E568C3E76
:10A550001B32763FC0178D3E7A16763FFCD88D3E73
:10A56000B3FA753F229A8E3EC6DE753F325B8F3E50
:10A57000B3C2753F2C1C903E7BA6753F10DD903E0C
:10A580001C8A753FDD9D913E976D753F945E923EAE
:10A59000ED50753F351F933E1D34753FBFDF933E31
:10A5A0002717753F31A0943E0BFA743F8D60953E9E
:10A5B000C9DC743FD220963E62BF743F00E1963EF4
:10A5C000D5A1743F17A1973E2284743F1661983E2F
:10A5D0004966743FFE20993E4B48743FCEE0993E59
:10A5E000272A743F86A09A3EDD0B743F27609B3E6E
:10A5F0006EED733FAF1F9C3ED9CE733F20DF9C3E74
:10A600001FB0733F789E9D3E3F91733FB85D9E3E65
:10A610003972733FDF1C9F3E0E53733FEEDB9F3E4C
:10A62000BE33733FE59AA03E4714733FC259A13E23
:10A63000ACF4723F8718A23EEBD4723F33D7A23EF0
:10A6400004B5723FC595A33EF894723F3F54A43EB3
:10A65000C774723F9F12A53E7054723FE5D0A53E6D
:10A66000F433723F128FA63E5213723F254DA73E20
:10A670008CF2713F1F0BA83E9FD1713FFEC8A83ED0
:10A680008EB0713FC486A93E578F713F6F44AA3E7A
:10A69000FB6D713F0102AB3E7A4C713F77BFAB3E21
:10A6A000D42A713FD47CAC3E0809713F153AAD3EC7
:10A6B00017E7703F3CF7AD3E02C5703F49B4AE3E70
:10A6C000C6A2703F3A71AF3E6680703F102EB03E1A
:10A6D000E15D703FCBEAB03E373B703F6BA7B13EC8
:10A6E0006718703FEF63B23E73F56F3F5820B33E7B
:10A6F0005AD26F3FA5DCB33E1BAF6F3FD698B43E36
:10A70000B88B6F3FEC54B53E30686F3FE610B63EF5
:10A7100083446F3FC3CCB63EB0206F3F8488B73EC2
:10A72000BAFC6E3F2A44B83E9ED86E3FB2FFB83E98
:10A730005DB46E3F1EBBB93EF88F6E3F6E76BA3E7B
:10A740006D6B6E3FA031BB3EBE466E3FB6ECBB3E6E
:10A75000EB216E3FAFA7BC3EF2FC6D3F8B62BD3E6E
:10A76000D5D76D3F4A1DBE3E93B26D3FEBD7BE3E7F
:10A770002D8D6D3F6F92BF3EA1676D3FD54CC03EA2
:10A78000F2416D3F1E07C13E1D1C6D3F48C1C13ED9
:10A7900024F66C3F557BC23E07D06C3F4435C33E28
:10A7A000C5A96C3F15EFC33E5E836C3FC8A8C43E8D
:10A7B000D45C6C3F5C62C53E24366C3FD21BC63E07
:10A7C000500F6C3F29D5C63E58E86B3F628EC73E9E
:10A7D0003BC16B3F7C47C83EFB996B3F7700C93E4E
:10A7E00095726B3F53B9C93E0C4B6B3F1072CA3E1A
:10A7F0005E236B3FAE2ACB3E8CFB6A3F2CE3CB3E05
:10A8000095D36A3F8B9BCC3E7BAB6A3FCA53CD3E10
:10A810003C836A3FEA0BCE3ED95A6A3FEAC3CE3E3A
:10A8200052326A3FCA7BCF3EA7096A3F8A33D03E85
:10A83000D7E0693F2AEBD03EE4B7693FAAA2D13EF8
:10A84000CC8E693F095AD23E9165693F4811D33E8B
:10A85000323C693F67C8D33EAE12693F647FD43E45
:10A8600007E9683F4136D53E3CBF683FFDECD53E29
:10A870004C95683F99A3D63E396B683F135AD73E33
:10A880000341683F6B10D83EA816683FA3C6D83E68
:10A890002AEC673FB97CD93E87C1673FAD32DA3ECB
:10A8A000C196673F80E8DA3ED86B673F319EDB3E5A
:10A8B000CA40673FC153DC3E9915673F2E09DD3E14
:10A8C00045EA663F79BEDD3ECCBE663FA273DE3E02
:10A8D0003093663FA928DF3E7167663F8DDDDF3E1E
:10A8E0008E3B663F4F92E03E880F663FEE46E13E6C
:10A8F0005EE3653F6AFBE13E10B7653FC4AFE23EF1
:10A90000A08A653FFA63E33E0B5E653F0E18E43EA6
:10A910005431653FFECBE43E7904653FCB7FE53E95
:10A920007BD7643F7533E63E59AA643FFBE6E63EBB
:10A93000147D643F5D9AE73EAC4F643F9C4DE83E1A
:10A940002122643FB700E93E73F4633FAEB3E93EB2
:10A95000A1C6633F8166EA3EAC98633F3019EB3E87
:10A96000956A633FBBCBEB3E5A3C633F217EEC3E96
:10A97000FC0D633F6330ED3E7BDF623F80E2ED3EE6
:10A98000D7B0623F7994EE3E1082623F4C46EF3E74
:10A990002653623FFBF7EF3E1A24623F85A9F03E43
:10A9A000EAF4613FEA5AF13E98C5613F290CF23E54
:10A9B0002296613F43BDF23E8A66613F386EF33EA8
:10A9C000D036613F071FF43EF206613FB1CFF43E3F
:10A9D000F2D6603F3580F53ECFA6603F9330F63E1D
:10A9E0008976603FCBE0F63E2146603FDC90F73E43
:10A9F0009615603FC840F83EE9E45F3F8EF0F83EB0
:10AA000019B45F3F2DA0F93E27835F3FA54FFA3E63
:10AA100012525F3FF7FEFA3EDB205F3F22AEFB3E65
:10AA200081EF5E3F275DFC3E05BE5E3F040CFD3EB0
:10AA3000678C5E3FBBBAFD3EA65A5E3F4A69FE3E4A
:10AA4000C3285E3FB217FF3EBEF65D3FF3C5FF3E33
:10AA500097C45D3F063A003F4D925D3FFF90003F37
:10AA6000E15F5D3FE4E7003F532D5D3FB53E013FB1
:10AA7000A3FA5C3F7395013FD1C75C3F1CEC013FDB
:10AA8000DD945C3FB142023FC7615C3F3299023FB7
:10AA90008E2E5C3F9FEF023F34FB5B3FF845033F48
:10AAA000B8C75B3F3D9C033F1A945B3F6DF2033F89
:10AAB0005A605B3F8948043F792C5B3F919E043F7D
:10AAC00075F85A3F84F4043F50C45A3F624A053F28
:10AAD00009905A3F2CA0053FA05B5A3FE2F5053F85
:10AAE00016275A3F824B063F6AF2593F0EA1063F96
:10AAF0009CBD593F86F6063FAD88593FE84B073F5E
:10AB00009C53593F36A1073F6A1E593F6FF6073FD6
:10AB100017E9583F924B083FA1B3583FA1A0083F07
:10AB20000B7E583F9BF5083F5348583F7F4A093FEB
:10AB30007912583F4E9F093F7FDC573F09F4093F88
:10AB400063A6573FAD480A3F2670573F3D9D0A3FD9
:10AB5000C739573FB7F10A3F4803573F1C460B3FE1
:10AB6000A7CC563F6B9A0B3FE595563FA5EE0B3FA2
:10AB7000025F563FC9420C3FFE27563FD7960C3F17
:10AB8000D9F0553FD0EA0C3F93B9553FB33E0D3F46
:10AB90002C82553F81920D3FA44A553F38E60D3F28
:10ABA000FB12553FDA390E3F31DB543F658D0E3FC6
:10ABB00047A3543FDBE00E3F3B6B543F3B340F3F1A
:10ABC0000F33543F84870F3FC3FA533FB8DA0F3F28
:10ABD00055C2533FD52D103FC789533FDC80103FEE
:10ABE0001851533FCDD3103F4918533FA726113F6B
:10ABF00059DF523F6B79113F49A6523F19CC113FA3
:10AC0000186D523FB01E123FC633523F3071123F93
:10AC100054FA513F9AC3123FC2C0513FEE15133F41
:10AC20001087513F2A68133F3D4D513F50BA133FA3
:10AC30004A13513F5F0C143F37D9503F585E143FC1
:10AC4000039F503F39B0143FAF64503F0402153F9B
:10AC50003B2A503FB753153FA8EF4F3F54A5153F30
:10AC6000F4B44F3FD9F6153F1F7A4F3F4748163F80
:10AC70002B3F4F3F9F99163F17044F3FDFEA163F88
:10AC8000E4C84E3F073C173F908D4E3F188D173F4D
:10AC90001C524E3F12DE173F89164E3FF52E183FCD
:10ACA000D5DA4D3FC07F183F029F4D3F73D0183F0C
:10ACB00010634D3F0F21193FFD264D3F9471193F01
:10ACC000CBEA4C3F00C2193F79AE4C3F55121A3FB8
:10ACD00008724C3F93621A3F78354C3FB8B21A3F26
:10ACE000C7F84B3FC6021B3FF8BB4B3FBB521B3F55
:10ACF000097F4B3F99A21B3FFA414B3F5FF21B3F3D
:10AD0000CC044B3F0C421C3F7FC74A3FA2911C3FE3
:10AD1000138A4A3F1FE11C3F874C4A3F84301D3F46
:10AD2000DC0E4A3FD17F1D3F12D1493F06CF1D3F68
:10AD30002993493F221E1E3F2155493F266D1E3F44
:10AD4000FA16493F12BC1E3FB3D8483FE50A1F3FE1
:10AD50004E9A483F9F591F3FCA5B483F41A81F3F3B
:10AD6000271D483FCBF61F3F65DE473F3B45203F51
:10AD7000849F473F9393203F8560473FD2E1203F28
:10AD80006721473FF92F213F2AE2463F067E213FB8
:10AD9000CEA2463FFBCB213F5463463FD719223F0B
:10ADA000BB23463F9967223F03E4453F43B5223F1B
:10ADB0002DA4453FD302233F3964453F4B50233FE9
:10ADC0002624453FA99D233FF5E3443FEEEA233F78
:10ADD000A5A3443F1A38243F3763443F2C85243FC2
:10ADE000AB22443F25D2243F00E2433F041F253FCE
:10ADF00038A1433FCB6B253F5160433F77B8253F98
:10AE00004C1F433F0A05263F29DE423F8451263F1F
:10AE1000E89C423FE39D263F895B423F2AEA263F6A
:10AE20000B1A423F5636273F70D8413F6882273F72
:10AE3000B796413F61CE273FE154413F401A283F3A
:10AE4000EC12413F0566283FDAD0403FB0B1283FC1
:10AE5000A98E403F41FD283F5C4C403FB848293F08
:10AE6000F009403F1594293F67C73F3F57DF293F0F
:10AE7000C0843F3F802A2A3FFC413F3F8E752A3FD6
:10AE80001BFF3E3F82C02A3F1BBC3E3F5B0B2B3F5C
:10AE9000FF783E3F1B562B3FC5353E3FBFA02B3FA3
:10AEA0006EF23D3F4AEB2B3FF9AE3D3FB9352C3FAB
:10AEB000676B3D3F0F802C3FB8273D3F49CA2C3F71
:10AEC000ECE33C3F69142D3F03A03C3F6F5E2D3FF8
:10AED000FC5B3C3F59A82D3FD9173C3F29F22D3F41
:10AEE00098D33B3FDE3B2E3F3B8F3B3F78852E3F49
:10AEF000C14A3B3FF7CE2E3F29063B3F5B182F3F11
:10AF000075C13A3FA5612F3FA47C3A3FD3AA2F3F9A
:10AF1000B7373A3FE6F32F3FACF2393FDE3C303FE4
:10AF200085AD393FBB85303F4268393F7CCE303FED
:10AF3000E122393F2217313F65DD383FAD5F313FB8
:10AF4000CB97383F1DA8313F1652383F71F0313F43
:10AF5000430C383FAA38323F55C6373FC780323F8F
:10AF60004A80373FC9C8323F233A373FAF10333F9B
:10AF7000DFF3363F7A58333F7FAD363F29A0333F6A
:10AF80000467363FBCE7333F6C20363F342F343FF5
:10AF9000B8D9353F8F76343FE792353FCFBD343F48
:10AFA000FB4B353FF304353FF304353FFB4B353F57
:10AFB000CFBD343FE792353F8F76343FB8D9353F28
:10AFC000342F343F6C20363FBCE7333F0467363FB5
:10AFD00029A0333F7FAD363F7A58333FDFF3363F0A
:10AFE000AF10333F233A373FC9C8323F4A80373F1B
:10AFF000C780323F55C6373FAA38323F430C383FEF
:10B0000071F0313F1652383F1DA8313FCB97383F82
:10B01000AD5F313F65DD383F2217313FE122393FD7
:10B020007CCE303F4268393FBB85303F85AD393FEC
:10B03000DE3C303FACF2393FE6F32F3FB7373A3FC3
:10B04000D3AA2F3FA47C3A3FA5612F3F75C13A3F59
:10B050005B182F3F29063B3FF7CE2E3FC14A3B3FAF
:10B0600078852E3F3B8F3B3FDE3B2E3F98D33B3FC7
:10B0700029F22D3FD9173C3F59A82D3FFC5B3C3F9F
:10B080006F5E2D3F03A03C3F69142D3FECE33C3F36
:10B0900049CA2C3FB8273D3F0F802C3F676B3D3F8F
:10B0A000B9352C3FF9AE3D3F4AEB2B3F6EF23D3FA9
:10B0B000BFA02B3FC5353E3F1B562B3FFF783E3F81
:10B0C0005B0B2B3F1BBC3E3F82C02A3F1BFF3E3F1A
:10B0D0008E752A3FFC413F3F802A2A3FC0843F3F74
:10B0E00057DF293F67C73F3F1594293FF009403F8D
:10B0F000B848293F5C4C403F41FD283FA98E403F66
:10B10000B0B1283FDAD0403F0566283FEC12413FFE
:10B11000401A283FE154413F61CE273FB796413F57
:10B120006882273F70D8413F5636273F0B1A423F6F
:10B130002AEA263F895B423FE39D263FE89C423F47
:10B140008451263F29DE423F0A05263F4C1F433FDC
:10B1500077B8253F5160433FCB6B253F38A1433F34
:10B16000041F253F00E2433F25D2243FAB22443F4A
:10B170002C85243F3763443F1A38243FA5A3443F1E
:10B18000EEEA233FF5E3443FA99D233F2624453FB4
:10B190004B50233F3964453FD302233F2DA4453F05
:10B1A00043B5223F03E4453F9967223FBB23463F17
:10B1B000D719223F5463463FFBCB213FCEA2463FE7
:10B1C000067E213F2AE2463FF92F213F6721473F74
:10B1D000D2E1203F8560473F9393203F849F473FC4
:10B1E0003B45203F65DE473FCBF61F3F271D483FCD
:10B1F00041A81F3FCA5B483F9F591F3F4E9A483F97
:10B20000E50A1F3FB3D8483F12BC1E3FFA16493F1C
:10B21000266D1E3F2155493F221E1E3F2993493F5F
:10B2200006CF1D3F12D1493FD17F1D3FDC0E4A3F63
:10B2300084301D3F874C4A3F1FE11C3F138A4A3F21
:10B24000A2911C3F7FC74A3F0C421C3FCC044B3F9E
:10B250005FF21B3FFA414B3F99A21B3F097F4B3FD7
:10B26000BB521B3FF8BB4B3FC6021B3FC7F84B3FCF
:10B27000B8B21A3F78354C3F93621A3F08724C3F80
:10B2800055121A3F79AE4C3F00C2193FCBEA4C3FF2
:10B290009471193FFD264D3F0F21193F10634D3F1B
:10B2A00073D0183F029F4D3FC07F183FD5DA4D3F06
:10B2B000F52E183F89164E3F12DE173F1C524E3FA7
:10B2C000188D173F908D4E3F073C173FE4C84E3F07
:10B2D000DFEA163F17044F3F9F99163F2B3F4F3F22
:10B2E0004748163F1F7A4F3FD9F6153FF4B44F3FFA
:10B2F00054A5153FA8EF4F3FB753153F3B2A503F8A
:10B300000402153FAF64503F39B0143F039F503FD4
:10B31000585E143F37D9503F5F0C143F4A13513FDA
:10B3200050BA133F3D4D513F2A68133F1087513F9C
:10B33000EE15133FC2C0513F9AC3123F54FA513F1A
:10B340003071123FC633523FB01E123F186D523F4C
:10B3500019CC113F49A6523F6B79113F59DF523F3B
:10B36000A726113F4918533FCDD3103F1851533FE3
:10B37000DC80103FC789533FD52D103F55C2533F46
:10B38000B8DA0F3FC3FA533F84870F3F0F33543F60
:10B390003B340F3F3B6B543FDBE00E3F47A3543F32
:10B3A000658D0E3F31DB543FDA390E3FFB12553FBE
:10B3B00038E60D3FA44A553F81920D3F2C82553F00
:10B3C000B33E0D3F93B9553FD0EA0C3FD9F0553FFE
:10B3D000D7960C3FFE27563FC9420C3F025F563FAF
:10B3E000A5EE0B3FE595563F6B9A0B3FA7CC563F1A
:10B3F0001C460B3F4803573FB7F10A3FC739573F39
:10B400003D9D0A3F2670573FAD480A3F63A6573F10
:10B4100009F4093F7FDC573F4E9F093F7912583F9F
:10B420007F4A093F5348583F9BF5083F0B7E583FE2
:10B43000A1A0083FA1B3583F924B083F17E9583FDE
:10B440006FF6073F6A1E593F36A1073F9C53593F8D
:10B45000E84B073FAD88593F86F6063F9CBD593FF4
:10B460000EA1063F6AF2593F824B063F16275A3F0C
:10B47000E2F5053FA05B5A3F2CA0053F09905A3FDB
:10B48000624A053F50C45A3F84F4043F75F85A3F5E
:10B49000919E043F792C5B3F8948043F5A605B3F93
:10B4A0006DF2033F1A945B3F3D9C033FB8C75B3F7F
:10B4B000F845033F34FB5B3F9FEF023F8E2E5C3F1E
:10B4C0003299023FC7615C3FB142023FDD945C3F6D
:10B4D0001CEC013FD1C75C3F7395013FA3FA5C3F71
:10B4E000B53E013F532D5D3FE4E7003FE15F5D3F27
:10B4F000FF90003F4D925D3F063A003F97C45D3F8D
:10B50000F3C5FF3EBEF65D3FB217FF3EC3285E3F68
:10B510004A69FE3EA65A5E3FBBBAFD3E678C5E3F5F
:10B52000040CFD3E05BE5E3F275DFC3E81EF5E3FA5
:10B5300022AEFB3EDB205F3FF7FEFA3E12525F3F3A
:10B54000A54FFA3E27835F3F2DA0F93E19B45F3F18
:10B550008EF0F83EE9E45F3FC840F83E9615603F44
:10B56000DC90F73E2146603FCBE0F63E8976603FB7
:10B570009330F63ECFA6603F3580F53EF2D6603F71
:10B58000B1CFF43EF206613F071FF43ED036613F73
:10B59000386EF33E8A66613F43BDF23E2296613FBC
:10B5A000290CF23E98C5613FEA5AF13EEAF4613F48
:10B5B00085A9F03E1A24623FFBF7EF3E2653623F17
:10B5C0004C46EF3E1082623F7994EE3ED7B0623F28
:10B5D00080E2ED3E7BDF623F6330ED3EFC0D633F7A
:10B5E000217EEC3E5A3C633FBBCBEB3E956A633F0A
:10B5F0003019EB3EAC98633F8166EA3EA1C6633FDB
:10B60000AEB3E93E73F4633FB700E93E2122643FE5
:10B610009C4DE83EAC4F643F5D9AE73E147D643F2D
:10B62000FBE6E63E59AA643F7533E63E7BD7643FAE
:10B63000CB7FE53E7904653FFECBE43E5431653F68
:10B640000E18E43E0B5E653FFA63E33EA08A653F59
:10B65000C4AFE23E10B7653F6AFBE13E5EE3653F83
:10B66000EE46E13E880F663F4F92E03E8E3B663FDE
:10B670008DDDDF3E7167663FA928DF3E3093663F70
:10B68000A273DE3ECCBE663F79BEDD3E45EA663F34
:10B690002E09DD3E9915673FC153DC3ECA40673F26
:10B6A000319EDB3ED86B673F80E8DA3EC196673F4C
:10B6B000AD32DA3E87C1673FB97CD93E2AEC673F9D
:10B6C000A3C6D83EA816683F6B10D83E0341683F1A
:10B6D000135AD73E396B683F99A3D63E4C95683FC5
:10B6E000FDECD53E3CBF683F4136D53E07E9683F9B
:10B6F000647FD43EAE12693F67C8D33E323C693F97
:10B700004811D33E9165693F095AD23ECC8E693FBC
:10B71000AAA2D13EE4B7693F2AEBD03ED7E0693F09
:10B720008A33D03EA7096A3FCA7BCF3E52326A3F76
:10B73000EAC3CE3ED95A6A3FEA0BCE3E3C836A3F0B
:10B74000CA53CD3E7BAB6A3F8B9BCC3E95D36A3FC1
:10B750002CE3CB3E8CFB6A3FAE2ACB3E5E236B3F95
:10B760001072CA3E0C4B6B3F53B9C93E95726B3F8A
:10B770007700C93EFB996B3F7C47C83E3BC16B3F9E
:10B78000628EC73E58E86B3F29D5C63E500F6C3FCE
:10B79000D21BC63E24366C3F5C62C53ED45C6C3F17
:10B7A000C8A8C43E5E836C3F15EFC33EC5A96C3F7D
:10B7B0004435C33E07D06C3F557BC23E24F66C3FF8
:10B7C00048C1C13E1D1C6D3F1E07C13EF2416D3F89
:10B7D000D54CC03EA1676D3F6F92BF3E2D8D6D3F32
:10B7E000EBD7BE3E93B26D3F4A1DBE3ED5D76D3FEF
:10B7F0008B62BD3EF2FC6D3FAFA7BC3EEB216E3FBE
:10B80000B6ECBB3EBE466E3FA031BB3E6D6B6E3F9D
:10B810006E76BA3EF88F6E3F1EBBB93E5DB46E3F8A
:10B82000B2FFB83E9ED86E3F2A44B83EBAFC6E3F87
:10B830008488B73EB0206F3FC3CCB63E83446F3F91
:10B84000E610B63E30686F3FEC54B53EB88B6F3FA4
:10B85000D698B43E1BAF6F3FA5DCB33E5AD26F3FC4
:10B860005820B33E73F56F3FEF63B23E6718703FE9
:10B870006BA7B13E373B703FCBEAB03EE15D703F16
:10B88000102EB03E6680703F3A71AF3EC6A2703F48
:10B8900049B4AE3E02C5703F3CF7AD3E17E7703F7E
:10B8A000153AAD3E0809713FD47CAC3ED42A713FB5
:10B8B00077BFAB3E7A4C713F0102AB3EFB6D713FEF
:10B8C0006F44AA3E578F713FC486A93E8EB0713F28
:10B8D000FEC8A83E9FD1713F1F0BA83E8CF2713F5E
:10B8E000254DA73E5213723F128FA63EF433723F8E
:10B8F000E5D0A53E7054723F9F12A53EC774723FBB
:10B900003F54A43EF894723FC595A33E04B5723FE0
:10B9100033D7A23EEBD4723F8718A23EACF4723FFD
:10B92000C259A13E4714733FE59AA03EBE33733F10
:10B93000EEDB9F3E0E53733FDF1C9F3E3972733F19
:10B94000B85D9E3E3F91733F789E9D3E1FB0733F12
:10B9500020DF9C3ED9CE733FAF1F9C3E6EED733F00
:10B9600027609B3EDD0B743F86A09A3E272A743FDA
:10B97000CEE0993E4B48743FFE20993E4966743FA5
:10B980001661983E2284743F17A1973ED5A1743F5B
:10B9900000E1963E62BF743FD220963EC9DC743F00
:10B9A0008D60953E0BFA743F31A0943E2717753F8A
:10B9B000BFDF933E1D34753F351F933EED50753FFD
:10B9C000945E923E976D753FDD9D913E1C8A753F5A
:10B9D00010DD903E7BA6753F2C1C903EB3C2753F98
:10B9E000325B8F3EC6DE753F229A8E3EB3FA753FBC
:10B9F000FCD88D3E7A16763FC0178D3E1B32763FBF
:10BA00006E568C3E974D763F07958B3EEC68763FA1
:10BA10008AD38A3E1B84763FF8118A3E249F763F64
:10BA20005050893E07BA763F938E883EC4D4763F05
:10BA3000C1CC873E5BEF763FDA0A873ECC09773F81
:10BA4000DF48863E1724773FCE86853E3C3E773FD3
:10BA5000AAC4843E3A58773F7002843E1372773FFF
:10BA60002240833EC58B773FC07D823E51A5773F04
:10BA70004ABB813EB7BE773FC0F8803EF7D7773FDD
:10BA80002236803E10F1773FE1E67E3E040A783FA1
:10BA900056617D3ED122783FA4DB7B3E773B783FE9
:10BAA000CB557A3EF853783FCCCF783E526C783FF6
:10BAB000A649773E8684783F5AC3753E939C783F6B
:10BAC000E83C743E7BB4783F51B6723E3BCC783F45
:10BAD000942F713ED6E3783FB2A86F3E4AFB783F81
:10BAE000AB216E3E9812793F7F9A6C3EBF29793F19
:10BAF0002F136B3EC040793FBA8B693E9A57793F0E
:10BB00002204683E4E6E793F667C663EDC84793F57
:10BB100086F4643E439B793F836C633E83B1793FF7
:10BB20005CE4613E9DC7793F135C603E91DD793FE7
:10BB3000A8D35E3E5EF3793F1A4B5D3E04097A3F1F
:10BB40006AC25B3E841E7A3F97395A3EDD337A3FA4
:10BB5000A4B0583E10497A3F8F27573E1C5E7A3F6B
:10BB6000589E553E02737A3F0115543EC1877A3F75
:10BB7000898B523E599C7A3FF101513ECBB07A3FBE
:10BB800038784F3E16C57A3F60EE4D3E3AD97A3F3F
:10BB900067644C3E37ED7A3F4FDA4A3E0E017B3FF9
:10BBA0001850493EBE147B3FC2C5473E48287B3FE4
:10BBB0004D3B463EAB3B7B3FB9B0443EE74E7B3FFF
:10BBC0000726433EFC617B3F379B413EEA747B3F47
:10BBD0004910403EB2877B3F3E853E3E539A7B3FB5
:10BBE00015FA3C3ECDAC7B3FCF6E3B3E20BF7B3F4A
:10BBF0006CE3393E4DD17B3FEC57383E53E37B3FFE
:10BC000050CC363E31F57B3F9840353EE9067C3FCF
:10BC1000C4B4333E7A187C3FD428323EE5297C3FB9
:10BC2000C99C303E283B7C3FA2102F3E444C7C3FB9
:10BC300061842D3E3A5D7C3F04F82B3E086E7C3FCC
:10BC40008D6B2A3EB07E7C3FFCDE283E318F7C3FF0
:10BC50005152273E8A9F7C3F8CC5253EBDAF7C3F1D
:10BC6000AD38243EC9BF7C3FB6AB223EAECF7C3F51
:10BC7000A51E213E6CDF7C3F7B911F3E03EF7C3F86
:10BC800038041E3E73FE7C3FDE761C3EBC0D7D3FBD
:10BC90006BE91A3EDD1C7D3FE05B193ED82B7D3FF2
:10BCA0003DCE173EAC3A7D3F8340163E59497D3F1D
:10BCB000B2B2143EDE577D3FCA24133E3D667D3F3F
:10BCC000CC96113E74747D3FB708103E85827D3F4F
:10BCD0008B7A0E3E6E907D3F4AEC0C3E309E7D3F4F
:10BCE000F35D0B3ECCAB7D3F86CF093E40B97D3F37
:10BCF0000541083E8CC67D3F6EB2063EB2D37D3F05
:10BD0000C223053EB1E07D3F0295033E88ED7D3FB5
:10BD10002E06023E38FA7D3F4577003EC2067E3F42
:10BD200092D0FD3D24137E3F73B2FA3D5E1F7E3FED
:10BD30002C94F73D722B7E3FC075F43D5E377E3FFD
:10BD40002E57F13D23437E3F7638EE3DC14E7E3F78
:10BD50009A19EB3D385A7E3F9AFAE73D88657E3F57
:10BD600076DBE43DB0707E3F2EBCE13DB17B7E3F93
:10BD7000C49CDE3D8B867E3F377DDB3D3D917E3F23
:10BD8000895DD83DC99B7E3FB93DD53D2DA67E3FFF
:10BD9000C81DD23D69B07E3FB7FDCE3D7FBA7E3F24
:10BDA00086DDCB3D6DC47E3F36BDC83D34CE7E3F83
:10BDB000C69CC53DD4D77E3F397CC23D4CE17E3F19
:10BDC0008D5BBF3D9DEA7E3FC33ABC3DC7F37E3FDE
:10BDD000DD19B93DC9FC7E3FDAF8B53DA4057F3FCA
:10BDE000BBD7B23D580E7F3F80B6AF3DE4167F3FD4
:10BDF0002B95AC3D491F7F3FBA73A93D87277F3FF5
:10BE00003052A63D9D2F7F3F8C30A33D8D377F3F25
:10BE1000CF0EA03D543F7F3FF9EC9C3DF4467F3F61
:10BE20000ACB993D6D4E7F3F05A9963DBF557F3F9B
:10BE3000E786933DE95C7F3FB464903DEC637F3FD0
:10BE40006A428D3DC76A7F3F0A208A3D7B717F3FF2
:10BE500094FD863D08787F3F0ADB833D6D7E7F3F02
:10BE60006CB8803DAB847F3F742B7B3DC28A7F3FA3
:10BE7000E9E5743DB1907F3F38A06E3D78967F3FF5
:10BE8000625A683D189C7F3F6814623D91A17F3FD4
:10BE90004CCE5B3DE3A67F3F0E88553D0DAC7F3F0A
:10BEA000AF414F3D0FB17F3F2FFB483DEAB57F3F8C
:10BEB00091B4423D9EBA7F3FD56D3C3D2ABF7F3F46
:10BEC000FC26363D8FC37F3F07E02F3DCCC77F3F29
:10BED000F698293DE2CB7F3FCC51233DD1CF7F3F28
:10BEE000880A1D3D98D37F3F2CC3163D37D77F3F2F
:10BEF000B87B103DAFDA7F3F2F340A3D00DE7F3F35
:10BF000090EC033D29E17F3FB949FB3C2BE47F3FA7
:10BF10002DBAEE3C05E77F3F7B2AE23CB8E97F3F44
:10BF2000A69AD53C43EC7F3FB00AC93CA7EE7F3FC1
:10BF30009B7ABC3CE3F07F3F69EAAF3CF8F27F3F7D
:10BF40001C5AA33CE6F47F3FB6C9963CACF67F3F53
:10BF500038398A3C4AF87F3F4B517B3CC1F97F3FDF
:10BF60000030623C11FB7F3F900E493C39FC7F3F23
:10BF700002ED2F3C39FD7F3F59CB163C13FE7F3F2E
:10BF80003053FB3BC4FE7F3F890FC93B4EFF7F3FD1
:10BF9000C1CB963BB1FF7F3FC70F493BECFF7F3FD3
:10BFA000D40FC93A0000803F00000000ECFF7F3F43
:10BFB000D40FC9BAB1FF7F3FC70F49BB4EFF7F3FC8
:10BFC000C1CB96BBC4FE7F3F890FC9BB13FE7F3F29
:10BFD0003053FBBB39FD7F3F59CB16BC39FC7F3F4B
:10BFE00002ED2FBC11FB7F3F900E49BCC1F97F3F92
:10BFF000003062BC4AF87F3F4B517BBCACF67F3FC0
:10C0000038398ABCE6F47F3FB6C996BCF8F27F3F68
:10C010001C5AA3BCE3F07F3F69EAAFBCA7EE7F3FA9
:10C020009B7ABCBC43EC7F3FB00AC9BCB8E97F3FF8
:10C03000A69AD5BC05E77F3F7B2AE2BC2BE47F3F75
:10C040002DBAEEBC29E17F3FB949FBBC00DE7F3F42
:10C0500090EC03BDAFDA7F3F2F340ABD37D77F3F67
:10C06000B87B10BD98D37F3F2CC316BDD1CF7F3F87
:10C07000880A1DBDE2CB7F3FCC5123BDCCC77F3F9B
:10C08000F69829BD8FC37F3F07E02FBD2ABF7F3FB2
:10C09000FC2636BD9EBA7F3FD56D3CBDEAB57F3FDD
:10C0A00091B442BD0FB17F3F2FFB48BD0DAC7F3F28
:10C0B000AF414FBDE3A67F3F0E8855BD91A17F3FA5
:10C0C0004CCE5BBD189C7F3F681462BD78967F3F65
:10C0D000625A68BDB1907F3F38A06EBDC28A7F3F73
:10C0E000E9E574BDAB847F3F742B7BBD6D7E7F3FE4
:10C0F0006CB880BD08787F3F0ADB83BD7B717F3FD2
:10C1000094FD86BDC76A7F3F0A208ABDEC637F3FEE
:10C110006A428DBDE95C7F3FB46490BDBF557F3FEF
:10C12000E78693BD6D4E7F3F05A996BDF4467F3FE0
:10C130000ACB99BD543F7F3FF9EC9CBD8D377F3FC3
:10C14000CF0EA0BD9D2F7F3F8C30A3BD87277F3FA3
:10C150003052A6BD491F7F3FBA73A9BDE4167F3F89
:10C160002B95ACBD580E7F3F80B6AFBDA4057F3F79
:10C17000BBD7B2BDC9FC7E3FDAF8B5BDC7F37E3F81
:10C18000DD19B9BD9DEA7E3FC33ABCBD4CE17E3F9F
:10C190008D5BBFBDD4D77E3F397CC2BD34CE7E3FE0
:10C1A000C69CC5BD6DC47E3F36BDC8BD7FBA7E3F4F
:10C1B00086DDCBBD69B07E3FB7FDCEBD2DA67E3FEF
:10C1C000C81DD2BDC99B7E3FB93DD5BD3D917E3FC7
:10C1D000895DD8BD8B867E3F377DDBBDB17B7E3FE1
:10C1E000C49CDEBDB0707E3F2EBCE1BD88657E3F45
:10C1F00076DBE4BD385A7E3F9AFAE7BDC14E7E3FFA
:10C200009A19EBBD23437E3F7638EEBD5E377E3F05
:10C210002E57F1BD722B7E3FC075F4BD5E1F7E3F71
:10C220002C94F7BD24137E3F73B2FABDC2067E3F45
:10C2300092D0FDBD38FA7D3F457700BE88ED7D3F49
:10C240002E0602BEB1E07D3F029503BEB2D37D3F14
:10C25000C22305BE8CC67D3F6EB206BE40B97D3F8F
:10C26000054108BECCAB7D3F86CF09BE309E7D3FE9
:10C27000F35D0BBE6E907D3F4AEC0CBE85827D3F28
:10C280008B7A0EBE74747D3FB70810BE3D667D3F4D
:10C29000CC9611BEDE577D3FCA2413BE59497D3F5F
:10C2A000B2B214BEAC3A7D3F834016BED82B7D3F60
:10C2B0003DCE17BEDD1C7D3FE05B19BEBC0D7D3F52
:10C2C0006BE91ABE73FE7C3FDE761CBE03EF7C3F3B
:10C2D00038041EBE6CDF7C3F7B911FBEAECF7C3F1F
:10C2E000A51E21BEC9BF7C3FB6AB22BEBDAF7C3F01
:10C2F000AD3824BE8A9F7C3F8CC525BE318F7C3FE4
:10C30000515227BEB07E7C3FFCDE28BE086E7C3FCB
:10C310008D6B2ABE3A5D7C3F04F82BBE444C7C3FBB
:10C3200061842DBE283B7C3FA2102FBEE5297C3FB7
:10C33000C99C30BE7A187C3FD42832BEE9067C3FC7
:10C34000C4B433BE31F57B3F984035BE53E37B3FE9
:10C3500050CC36BE4DD17B3FEC5738BE20BF7B3F23
:10C360006CE339BECDAC7B3FCF6E3BBE539A7B3F77
:10C3700015FA3CBEB2877B3F3E853EBEEA747B3FEA
:10C38000491040BEFC617B3F379B41BEE74E7B3F7F
:10C39000072643BEAB3B7B3FB9B044BE48287B3F3A
:10C3A0004D3B46BEBE147B3FC2C547BE0E017B3F20
:10C3B000185049BE37ED7A3F4FDA4ABE3AD97A3F34
:10C3C00067644CBE16C57A3F60EE4DBECBB07A3F77
:10C3D00038784FBE599C7A3FF10151BEC1877A3FF0
:10C3E000898B52BE02737A3F011554BE1C5E7A3FA0
:10C3F000589E55BE10497A3F8F2757BEDD337A3F8E
:10C40000A4B058BE841E7A3F97395ABE04097A3FB9
:10C410006AC25BBE5EF3793F1A4B5DBE91DD793F28
:10C42000A8D35EBE9DC7793F135C60BE83B1793FE0
:10C430005CE461BE439B793F836C63BEDC84793FDF
:10C4400086F464BE4E6E793F667C66BE9A57793F2D
:10C45000220468BEC040793FBA8B69BEBF29793FCC
:10C460002F136BBE9812793F7F9A6CBE4AFB783FC0
:10C47000AB216EBED6E3783FB2A86FBE3BCC783F0F
:10C48000942F71BE7BB4783F51B672BE939C783FB7
:10C49000E83C74BE8684783F5AC375BE526C783FC0
:10C4A000A64977BEF853783FCCCF78BE773B783F2C
:10C4B000CB557ABED122783FA4DB7BBE040A783FFD
:10C4C00056617DBE10F1773FE1E67EBEF7D7773F3C
:10C4D000223680BEB7BE773FC0F880BE51A5773FF9
:10C4E0004ABB81BEC58B773FC07D82BE1372773F4A
:10C4F000224083BE3A58773F700284BE3C3E773F6D
:10C50000AAC484BE1724773FCE8685BECC09773F68
:10C51000DF4886BE5BEF763FDA0A87BEC4D4763F3B
:10C52000C1CC87BE07BA763F938E88BE249F763FE4
:10C53000505089BE1B84763FF8118ABEEC68763F66
:10C540008AD38ABE974D763F07958BBE1B32763FC6
:10C550006E568CBE7A16763FC0178DBEB3FA753F05
:10C56000FCD88DBEC6DE753F229A8EBEB3C2753F23
:10C57000325B8FBE7BA6753F2C1C90BE1C8A753F1C
:10C5800010DD90BE976D753FDD9D91BEED50753FFE
:10C59000945E92BE1D34753F351F93BE2717753FBD
:10C5A000BFDF93BE0BFA743F31A094BEC9DC743F69
:10C5B0008D6095BE62BF743FD22096BED5A1743FF8
:10C5C00000E196BE2284743F17A197BE4966743F6E
:10C5D000166198BE4B48743FFE2099BE272A743FCF
:10C5E000CEE099BEDD0B743F86A09ABE6EED733F20
:10C5F00027609BBED9CE733FAF1F9CBE1FB0733F59
:10C6000020DF9CBE3F91733F789E9DBE3972733F81
:10C61000B85D9EBE0E53733FDF1C9FBEBE33733F9B
:10C62000EEDB9FBE4714733FE59AA0BEACF4723FA9
:10C63000C259A1BEEBD4723F8718A2BE04B5723FA7
:10C6400033D7A2BEF894723FC595A3BEC774723F9C
:10C650003F54A4BE7054723F9F12A5BEF433723F84
:10C66000E5D0A5BE5213723F128FA6BE8CF2713F69
:10C67000254DA7BE9FD1713F1F0BA8BE8EB0713F45
:10C68000FEC8A8BE578F713FC486A9BEFB6D713F1F
:10C690006F44AABE7A4C713F0102ABBED42A713FEF
:10C6A00077BFABBE0809713FD47CACBE17E7703FC3
:10C6B000153AADBE02C5703F3CF7ADBEC6A2703F95
:10C6C00049B4AEBE6680703F3A71AFBEE15D703F67
:10C6D000102EB0BE373B703FCBEAB0BE6718703F3C
:10C6E0006BA7B1BE73F56F3FEF63B2BE5AD26F3F17
:10C6F0005820B3BE1BAF6F3FA5DCB3BEB88B6F3FF6
:10C70000D698B4BE30686F3FEC54B5BE83446F3FDB
:10C71000E610B6BEB0206F3FC3CCB6BEBAFC6E3FCB
:10C720008488B7BE9ED86E3F2A44B8BE5DB46E3FC3
:10C73000B2FFB8BEF88F6E3F1EBBB9BE6D6B6E3FC9
:10C740006E76BABEBE466E3FA031BBBEEB216E3FD9
:10C75000B6ECBBBEF2FC6D3FAFA7BCBED5D76D3FFC
:10C760008B62BDBE93B26D3F4A1DBEBE2D8D6D3F27
:10C77000EBD7BEBEA1676D3F6F92BFBEF2416D3F6A
:10C78000D54CC0BE1D1C6D3F1E07C1BE24F66C3FBC
:10C7900048C1C1BE07D06C3F557BC2BEC5A96C3F26
:10C7A0004435C3BE5E836C3F15EFC3BED45C6C3FA3
:10C7B000C8A8C4BE24366C3F5C62C5BE500F6C3F37
:10C7C000D21BC6BE58E86B3F29D5C6BE3BC16B3FE6
:10C7D000628EC7BEFB996B3F7C47C8BE95726B3FAC
:10C7E0007700C9BE0C4B6B3F53B9C9BE5E236B3F8C
:10C7F0001072CABE8CFB6A3FAE2ACBBE95D36A3F8D
:10C800002CE3CBBE7BAB6A3F8B9BCCBE3C836A3FA9
:10C81000CA53CDBED95A6A3FEA0BCEBE52326A3FE6
:10C82000EAC3CEBEA7096A3FCA7BCFBED7E0693F45
:10C830008A33D0BEE4B7693F2AEBD0BECC8E693FC5
:10C84000AAA2D1BE9165693F095AD2BE323C693F66
:10C850004811D3BEAE12693F67C8D3BE07E9683F2F
:10C86000647FD4BE3CBF683F4136D5BE4C95683F1F
:10C87000FDECD5BE396B683F99A3D6BE0341683F36
:10C88000135AD7BEA816683F6B10D8BE2AEC673F74
:10C89000A3C6D8BE87C1673FB97CD9BEC196673FE2
:10C8A000AD32DABED86B673F80E8DABECA40673F78
:10C8B000319EDBBE9915673FC153DCBE45EA663F3A
:10C8C0002E09DDBECCBE663F79BEDDBE3093663F2D
:10C8D000A273DEBE7167663FA928DFBE8E3B663F4E
:10C8E0008DDDDFBE880F663F4F92E0BE5EE3653FA1
:10C8F000EE46E1BE10B7653F6AFBE1BEA08A653F28
:10C90000C4AFE2BE0B5E653FFA63E3BE5431653FE0
:10C910000E18E4BE7904653FFECBE4BE7BD7643FCE
:10C92000CB7FE5BE59AA643F7533E6BE147D643FF4
:10C93000FBE6E6BEAC4F643F5D9AE7BE2122643F52
:10C940009C4DE8BE73F4633FB700E9BEA1C6633FE8
:10C95000AEB3E9BEAC98633F8166EABE956A633FB9
:10C960003019EBBE5A3C633FBBCBEBBEFC0D633FC3
:10C97000217EECBE7BDF623F6330EDBED7B0623F0D
:10C9800080E2EDBE1082623F7994EEBE2653623F94
:10C990004C46EFBE1A24623FFBF7EFBEEAF4613F5C
:10C9A00085A9F0BE98C5613FEA5AF1BE2296613F63
:10C9B000290CF2BE8A66613F43BDF2BED036613FAC
:10C9C000386EF3BEF206613F071FF4BEF2D6603F39
:10C9D000B1CFF4BECFA6603F3580F5BE8976603F0B
:10C9E0009330F6BE2146603FCBE0F6BE9615603F21
:10C9F000DC90F7BEE9E45F3FC840F8BE19B45F3F82
:10CA00008EF0F8BE27835F3F2DA0F9BE12525F3F24
:10CA1000A54FFABEDB205F3FF7FEFABE81EF5E3F17
:10CA200022AEFBBE05BE5E3F275DFCBE678C5E3F4F
:10CA3000040CFDBEA65A5E3FBBBAFDBEC3285E3FD6
:10CA40004A69FEBEBEF65D3FB217FFBE97C45D3FAA
:10CA5000F3C5FFBE4D925D3F063A00BFE15F5D3F0B
:10CA6000FF9000BF532D5D3FE4E700BFA3FA5C3F9A
:10CA7000B53E01BFD1C75C3F739501BFDD945C3FFC
:10CA80001CEC01BFC7615C3FB14202BF8E2E5C3F10
:10CA9000329902BF34FB5B3F9FEF02BFB8C75B3FD9
:10CAA000F84503BF1A945B3F3D9C03BF5A605B3F50
:10CAB0006DF203BF792C5B3F894804BF75F85A3F7C
:10CAC000919E04BF50C45A3F84F404BF09905A3F5A
:10CAD000624A05BFA05B5A3F2CA005BF16275A3FEC
:10CAE000E2F505BF6AF2593F824B06BF9CBD593F34
:10CAF0000EA106BFAD88593F86F606BF9C53593F2D
:10CB0000E84B07BF6A1E593F36A107BF17E9583FD8
:10CB10006FF607BFA1B3583F924B08BF0B7E583F3B
:10CB2000A1A008BF5348583F9BF508BF7912583F52
:10CB30007F4A09BF7FDC573F4E9F09BF63A6573F1F
:10CB400009F409BF2670573FAD480ABFC739573FA0
:10CB50003D9D0ABF4803573FB7F10ABFA7CC563FD8
:10CB60001C460BBFE595563F6B9A0BBF025F563FC5
:10CB7000A5EE0BBFFE27563FC9420CBFD9F0553F6B
:10CB8000D7960CBF93B9553FD0EA0CBF2C82553FC6
:10CB9000B33E0DBFA44A553F81920DBFFB12553FD6
:10CBA00038E60DBF31DB543FDA390EBF47A3543F9F
:10CBB000658D0EBF3B6B543FDBE00EBF0F33543F20
:10CBC0003B340FBFC3FA533F84870FBF55C2533F57
:10CBD000B8DA0FBFC789533FD52D10BF1851533F47
:10CBE000DC8010BF4918533FCDD310BF59DF523FEF
:10CBF000A72611BF49A6523F6B7911BF186D523F4E
:10CC000019CC11BFC633523FB01E12BF54FA513F68
:10CC1000307112BFC2C0513F9AC312BF1087513F3B
:10CC2000EE1513BF3D4D513F2A6813BF4A13513FC4
:10CC300050BA13BF37D9503F5F0C14BF039F503F0A
:10CC4000585E14BFAF64503F39B014BF3B2A503F09
:10CC5000040215BFA8EF4F3FB75315BFF4B44F3FC1
:10CC600054A515BF1F7A4F3FD9F615BF2B3F4F3F35
:10CC7000474816BF17044F3F9F9916BFE4C84E3F61
:10CC8000DFEA16BF908D4E3F073C17BF1C524E3F48
:10CC9000188D17BF89164E3F12DE17BFD5DA4D3FEC
:10CCA000F52E18BF029F4D3FC07F18BF10634D3F48
:10CCB00073D018BFFD264D3F0F2119BFCBEA4C3F63
:10CCC000947119BF79AE4C3F00C219BF08724C3F36
:10CCD00055121ABF78354C3F93621ABFC7F84B3FC5
:10CCE000B8B21ABFF8BB4B3FC6021BBF097F4B3F10
:10CCF000BB521BBFFA414B3F99A21BBFCC044B3F19
:10CD00005FF21BBF7FC74A3F0C421CBF138A4A3FDA
:10CD1000A2911CBF874C4A3F1FE11CBFDC0E4A3F5B
:10CD200084301DBF12D1493FD17F1DBF2993493F98
:10CD300006CF1DBF2155493F221E1EBFFA16493F8F
:10CD4000266D1EBFB3D8483F12BC1EBF4E9A483F47
:10CD5000E50A1FBFCA5B483F9F591FBF271D483FB9
:10CD600041A81FBF65DE473FCBF61FBF849F473FEB
:10CD70003B4520BF8560473F939320BF6721473FD6
:10CD8000D2E120BF2AE2463FF92F21BFCEA2463F83
:10CD9000067E21BF5463463FFBCB21BFBB23463FEA
:10CDA000D71922BF03E4453F996722BF2DA4453F11
:10CDB00043B522BF3964453FD30223BF2624453FF4
:10CDC0004B5023BFF5E3443FA99D23BFA5A3443F98
:10CDD000EEEA23BF3763443F1A3824BFAB22443FF7
:10CDE0002C8524BF00E2433F25D224BF38A1433F16
:10CDF000041F25BF5160433FCB6B25BF4C1F433FF2
:10CE000077B825BF29DE423F0A0526BFE89C423F8E
:10CE1000845126BF895B423FE39D26BF0B1A423FE8
:10CE20002AEA26BF70D8413F563627BFB796413F02
:10CE3000688227BFE154413F61CE27BFEC12413FDA
:10CE4000401A28BFDAD0403F056628BFA98E403F70
:10CE5000B0B128BF5C4C403F41FD28BFF009403FC6
:10CE6000B84829BF67C73F3F159429BFC0843F3FDB
:10CE700057DF29BFFC413F3F802A2ABF1BFF3E3FAF
:10CE80008E752ABF1BBC3E3F82C02ABFFF783E3F43
:10CE90005B0B2BBFC5353E3F1B562BBF6EF23D3F94
:10CEA000BFA02BBFF9AE3D3F4AEB2BBF676B3D3FA9
:10CEB000B9352CBFB8273D3F0F802CBFECE33C3F7A
:10CEC00049CA2CBF03A03C3F69142DBFFC5B3C3F0B
:10CED0006F5E2DBFD9173C3F59A82DBF98D33B3F5C
:10CEE00029F22DBF3B8F3B3FDE3B2EBFC14A3B3F6C
:10CEF00078852EBF29063B3FF7CE2EBF75C13A3F3E
:10CF00005B182FBFA47C3A3FA5612FBFB7373A3FCC
:10CF1000D3AA2FBFACF2393FE6F32FBF85AD393F1F
:10CF2000DE3C30BF4268393FBB8530BFE122393F2C
:10CF30007CCE30BF65DD383F221731BFCB97383FFD
:10CF4000AD5F31BF1652383F1DA831BF430C383F8B
:10CF500071F031BF55C6373FAA3832BF4A80373FDC
:10CF6000C78032BF233A373FC9C832BFDFF3363FED
:10CF7000AF1033BF7FAD363F7A5833BF0467363FBB
:10CF800029A033BF6C20363FBCE733BFB8D9353F4B
:10CF9000342F34BFE792353F8F7634BFFB4B353F9C
:10CFA000CFBD34BFF304353FF30435BFCFBD343FAD
:10CFB000FB4B35BF8F76343FE79235BF342F343F7C
:10CFC000B8D935BFBCE7333F6C2036BF29A0333F0B
:10CFD000046736BF7A58333F7FAD36BFAF10333F5B
:10CFE000DFF336BFC9C8323F233A37BFC780323F6D
:10CFF0004A8037BFAA38323F55C637BF71F0313F3C
:10D00000430C38BF1DA8313F165238BFAD5F313FCA
:10D01000CB9738BF2217313F65DD38BF7CCE303F1C
:10D02000E12239BFBB85303F426839BFDE3C303F2B
:10D0300085AD39BFE6F32F3FACF239BFD3AA2F3FFE
:10D04000B7373ABFA5612F3FA47C3ABF5B182F3F8B
:10D0500075C13ABFF7CE2E3F29063BBF78852E3FDC
:10D06000C14A3BBFDE3B2E3F3B8F3BBF29F22D3FEA
:10D0700098D33BBF59A82D3FD9173CBF6F5E2D3FBA
:10D08000FC5B3CBF69142D3F03A03CBF49CA2C3F49
:10D09000ECE33CBF0F802C3FB8273DBFB9352C3F98
:10D0A000676B3DBF4AEB2B3FF9AE3DBFBFA02B3FA7
:10D0B0006EF23DBF1B562B3FC5353EBF5B0B2B3F72
:10D0C000FF783EBF82C02A3F1BBC3EBF8E752A3F01
:10D0D0001BFF3EBF802A2A3FFC413FBF57DF293F4D
:10D0E000C0843FBF1594293F67C73FBFB848293F59
:10D0F000F00940BF41FD283F5C4C40BFB0B1283F24
:10D10000A98E40BF0566283FDAD040BF401A283FAD
:10D11000EC1241BF61CE273FE15441BF6882273FF7
:10D12000B79641BF5636273F70D841BF2AEA263FFF
:10D130000B1A42BFE39D263F895B42BF8451263FC5
:10D14000E89C42BF0A05263F29DE42BF77B8253F4B
:10D150004C1F43BFCB6B253F516043BF041F253F8E
:10D1600038A143BF25D2243F00E243BF2C85243F92
:10D17000AB2244BF1A38243F376344BFEEEA233F53
:10D18000A5A344BFA99D233FF5E344BF4B50233FD4
:10D19000262445BFD302233F396445BF43B5223F10
:10D1A0002DA445BF9967223F03E445BFD719223F0D
:10D1B000BB2346BFFBCB213F546346BF067E213FC6
:10D1C000CEA246BFF92F213F2AE246BFD2E1203F3F
:10D1D000672147BF9393203F856047BF3B45203F72
:10D1E000849F47BFCBF61F3F65DE47BF41A81F3F67
:10D1F000271D48BF9F591F3FCA5B48BFE50A1F3F15
:10D200004E9A48BF12BC1E3FB3D848BF266D1E3F82
:10D21000FA1649BF221E1E3F215549BF06CF1D3FAA
:10D22000299349BFD17F1D3F12D149BF84301D3F93
:10D23000DC0E4ABF1FE11C3F874C4ABFA2911C3F36
:10D24000138A4ABF0C421C3F7FC74ABF5FF21B3F95
:10D25000CC044BBF99A21B3FFA414BBFBB521B3FB3
:10D26000097F4BBFC6021B3FF8BB4BBFB8B21A3F8A
:10D27000C7F84BBF93621A3F78354CBF55121A3F1F
:10D2800008724CBF00C2193F79AE4CBF9471193F70
:10D29000CBEA4CBF0F21193FFD264DBF73D0183F7D
:10D2A00010634DBFC07F183F029F4DBFF52E183F42
:10D2B000D5DA4DBF12DE173F89164EBF188D173FC6
:10D2C0001C524EBF073C173F908D4EBFDFEA163F02
:10D2D000E4C84EBF9F99163F17044FBF4748163FFB
:10D2E0002B3F4FBFD9F6153F1F7A4FBF54A5153FAF
:10D2F000F4B44FBFB753153FA8EF4FBF0402153F1B
:10D300003B2A50BF39B0143FAF6450BF585E143F42
:10D31000039F50BF5F0C143F37D950BF50BA133F23
:10D320004A1351BF2A68133F3D4D51BFEE15133FBD
:10D33000108751BF9AC3123FC2C051BF3071123F14
:10D3400054FA51BFB01E123FC63352BF19CC113F21
:10D35000186D52BF6B79113F49A652BFA726113FE6
:10D3600059DF52BFCDD3103F491853BFDC80103F67
:10D37000185153BFD52D103FC78953BFB8DA0F3F9F
:10D3800055C253BF84870F3FC3FA53BF3B340F3F8F
:10D390000F3354BFDBE00E3F3B6B54BF658D0E3F38
:10D3A00047A354BFDA390E3F31DB54BF38E60D3F97
:10D3B000FB1255BF81920D3FA44A55BFB33E0D3FAE
:10D3C0002C8255BFD0EA0C3F93B955BFD7960C3F7E
:10D3D000D9F055BFC9420C3FFE2756BFA5EE0B3F03
:10D3E000025F56BF6B9A0B3FE59556BF1C460B3F3D
:10D3F000A7CC56BFB7F10A3F480357BF3D9D0A3F30
:10D40000C73957BFAD480A3F267057BF09F4093FD7
:10D4100063A657BF4E9F093F7FDC57BF7F4A093F36
:10D42000791258BF9BF5083F534858BFA1A0083F49
:10D430000B7E58BF924B083FA1B358BF6FF6073F12
:10D4400017E958BF36A1073F6A1E59BFE84B073F8F
:10D450009C5359BF86F6063FAD8859BF0EA1063FC3
:10D460009CBD59BF824B063F6AF259BFE2F5053FAA
:10D4700016275ABF2CA0053FA05B5ABF624A053F42
:10D4800009905ABF84F4043F50C45ABF919E043F90
:10D4900075F85ABF8948043F792C5BBF6DF2033F92
:10D4A0005A605BBF3D9C033F1A945BBFF845033F46
:10D4B000B8C75BBF9FEF023F34FB5BBF3299023FAF
:10D4C0008E2E5CBFB142023FC7615CBF1CEC013FC6
:10D4D000DD945CBF7395013FD1C75CBFB53E013F92
:10D4E000A3FA5CBFE4E7003F532D5DBFFF90003F10
:10D4F000E15F5DBF063A003F4D925DBFF3C5FF3E61
:10D5000097C45DBFB217FF3EBEF65DBF4A69FE3EDF
:10D51000C3285EBFBBBAFD3EA65A5EBF040CFD3EEB
:10D52000678C5EBF275DFC3E05BE5EBF22AEFB3E44
:10D5300081EF5EBFF7FEFA3EDB205FBFA54FFA3EEC
:10D5400012525FBF2DA0F93E27835FBF8EF0F83ED9
:10D5500019B45FBFC840F83EE9E45FBFDC90F73E16
:10D56000961560BFCBE0F63E214660BF9330F63E95
:10D57000897660BF3580F53ECFA660BFB1CFF43E5F
:10D58000F2D660BF071FF43EF20661BF386EF33E6D
:10D59000D03661BF43BDF23E8A6661BF290CF23EC0
:10D5A000229661BFEA5AF13E98C561BF85A9F03E57
:10D5B000EAF461BFFBF7EF3E1A2462BF4C46EF3E30
:10D5C000265362BF7994EE3E108262BF80E2ED3E48
:10D5D000D7B062BF6330ED3E7BDF62BF217EEC3EA1
:10D5E000FC0D63BFBBCBEB3E5A3C63BF3019EB3E37
:10D5F000956A63BF8166EA3EAC9863BFAEB3E93E0D
:10D60000A1C663BFB700E93E73F463BF9C4DE83E1B
:10D61000212264BF5D9AE73EAC4F64BFFBE6E63E65
:10D62000147D64BF7533E63E59AA64BFCB7FE53EE7
:10D630007BD764BFFECBE43E790465BF0E18E43EA1
:10D64000543165BFFA63E33E0B5E65BFC4AFE23E93
:10D65000A08A65BF6AFBE13E10B765BFEE46E13EBA
:10D660005EE365BF4F92E03E880F66BF8DDDDF3E13
:10D670008E3B66BFA928DF3E716766BFA273DE3EA0
:10D68000309366BF79BEDD3ECCBE66BF2E09DD3E5F
:10D6900045EA66BFC153DC3E991567BF319EDB3E4C
:10D6A000CA4067BF80E8DA3ED86B67BFAD32DA3E6A
:10D6B000C19667BFB97CD93E87C167BFA3C6D83EB4
:10D6C0002AEC67BF6B10D83EA81668BF135AD73E26
:10D6D000034168BF99A3D63E396B68BFFDECD53EC8
:10D6E0004C9568BF4136D53E3CBF68BF647FD43E91
:10D6F00007E968BF67C8D33EAE1269BF4811D33E81
:10D70000323C69BF095AD23E916569BFAAA2D13E97
:10D71000CC8E69BF2AEBD03EE4B769BF8A33D03ED6
:10D72000D7E069BFCA7BCF3EA7096ABFEAC3CE3E36
:10D7300052326ABFEA0BCE3ED95A6ABFCA53CD3EB7
:10D740003C836ABF8B9BCC3E7BAB6ABF2CE3CB3E5A
:10D7500095D36ABFAE2ACB3E8CFB6ABF1072CA3E1D
:10D760005E236BBF53B9C93E0C4B6BBF7700C93EFC
:10D7700095726BBF7C47C83EFB996BBF628EC73EFC
:10D780003BC16BBF29D5C63E58E86BBFD21BC63E16
:10D79000500F6CBF5C62C53E24366CBFC8A8C43E47
:10D7A000D45C6CBF15EFC33E5E836CBF4435C33E93
:10D7B000C5A96CBF557BC23E07D06CBF48C1C13EF6
:10D7C00024F66CBF1E07C13E1D1C6DBFD54CC03E6C
:10D7D000F2416DBF6F92BF3EA1676DBFEBD7BE3EFA
:10D7E0002D8D6DBF4A1DBE3E93B26DBF8B62BD3E97
:10D7F000D5D76DBFAFA7BC3EF2FC6DBFB6ECBB3E4C
:10D80000EB216EBFA031BB3EBE466EBF6E76BA3E08
:10D810006D6B6EBF1EBBB93EF88F6EBFB2FFB83ED8
:10D820005DB46EBF2A44B83E9ED86EBF8488B73EB2
:10D83000BAFC6EBFC3CCB63EB0206FBFE610B63E9A
:10D8400083446FBFEC54B53E30686FBFD698B43E8A
:10D85000B88B6FBFA5DCB33E1BAF6FBF5820B33E84
:10D860005AD26FBFEF63B23E73F56FBF6BA7B13E85
:10D87000671870BFCBEAB03E373B70BF102EB03E8A
:10D88000E15D70BF3A71AF3E668070BF49B4AE3E95
:10D89000C6A270BF3CF7AD3E02C570BF153AAD3EA3
:10D8A00017E770BFD47CAC3E080971BF77BFAB3EB1
:10D8B000D42A71BF0102AB3E7A4C71BF6F44AA3EBD
:10D8C000FB6D71BFC486A93E578F71BFFEC8A83ECD
:10D8D0008EB071BF1F0BA83E9FD171BF254DA73ED3
:10D8E0008CF271BF128FA63E521372BFE5D0A53ED7
:10D8F000F43372BF9F12A53E705472BF3F54A43ED2
:10D90000C77472BFC595A33EF89472BF33D7A23EC9
:10D9100004B572BF8718A23EEBD472BFC259A13EB4
:10D92000ACF472BFE59AA03E471473BFEEDB9F3E96
:10D93000BE3373BFDF1C9F3E0E5373BFB85D9E3E68
:10D94000397273BF789E9D3E3F9173BF20DF9C3E2E
:10D950001FB073BFAF1F9C3ED9CE73BF27609B3EE5
:10D960006EED73BF86A09A3EDD0B74BFCEE0993E8C
:10D97000272A74BFFE20993E4B4874BF1661983E1B
:10D98000496674BF17A1973E228474BF00E1963E9A
:10D99000D5A174BFD220963E62BF74BF8D60953E04
:10D9A000C9DC74BF31A0943E0BFA74BFBFDF933E55
:10D9B000271775BF351F933E1D3475BF945E923E89
:10D9C000ED5075BFDD9D913E976D75BF10DD903EAA
:10D9D0001C8A75BF2C1C903E7BA675BF325B8F3EA8
:10D9E000B3C275BF229A8E3EC6DE75BFFCD88D3E8F
:10D9F000B3FA75BFC0178D3E7A1676BF6E568C3E51
:10DA00001B3276BF07958B3E974D76BF8AD38A3EF1
:10DA1000EC6876BFF8118A3E1B8476BF5050893E71
:10DA2000249F76BF938E883E07BA76BFC1CC873ECF
:10DA3000C4D476BFDA0A873E5BEF76BFDF48863E06
:10DA4000CC0977BFCE86853E172477BFAAC4843E13
:10DA50003C3E77BF7002843E3A5877BF2240833EF7
:10DA6000137277BFC07D823EC58B77BF4ABB813EB4
:10DA700051A577BFC0F8803EB7BE77BF2236803E43
:10DA8000F7D777BFE1E67E3E10F177BF56617D3E66
:10DA9000040A78BFA4DB7B3ED12278BFCB557A3E07
:10DAA000773B78BFCCCF783EF85378BFA649773E16
:10DAB000526C78BF5AC3753E868478BFE83C743E8A
:10DAC000939C78BF51B6723E7BB478BF942F713E61
:10DAD0003BCC78BFB2A86F3ED6E378BFAB216E3E99
:10DAE0004AFB78BF7F9A6C3E981279BF2F136B3E2A
:10DAF000BF2979BFBA8B693EC04079BF2204683E16
:10DB00009A5779BF667C663E4E6E79BF86F4643E56
:10DB1000DC8479BF836C633E439B79BF5CE4613EE8
:10DB200083B179BF135C603E9DC779BFA8D35E3EC9
:10DB300091DD79BF1A4B5D3E5EF379BF6AC25B3EF1
:10DB400004097ABF97395A3E841E7ABFA4B0583E62
:10DB5000DD337ABF8F27573E10497ABF589E553E16
:10DB60001C5E7ABF0115543E02737ABF898B523E08
:10DB7000C1877ABFF101513E599C7ABF38784F3E38
:10DB8000CBB07ABF60EE4D3E16C57ABF67644C3E9F
:10DB90003AD97ABF4FDA4A3E37ED7ABF1850493E3C
:10DBA0000E017BBFC2C5473EBE147BBF4D3B463E08
:10DBB00048287BBFB9B0443EAB3B7BBF0726433E02
:10DBC000E74E7BBF379B413EFC617BBF4910403E27
:10DBD000EA747BBF3E853E3EB2877BBF15FA3C3E72
:10DBE000539A7BBFCF6E3B3ECDAC7BBF6CE3393EDF
:10DBF00020BF7BBFEC57383E4DD17BBF50CC363E6B
:10DC000053E37BBF9840353E31F57BBFC4B4333E10
:10DC1000E9067CBFD428323E7A187CBFC99C303ECE
:10DC2000E5297CBFA2102F3E283B7CBF61842D3E9E
:10DC3000444C7CBF04F82B3E3A5D7CBF8D6B2A3E82
:10DC4000086E7CBFFCDE283EB07E7CBF5152273E72
:10DC5000318F7CBF8CC5253E8A9F7CBFAD38243E6A
:10DC6000BDAF7CBFB6AB223EC9BF7CBFA51E213E67
:10DC7000AECF7CBF7B911F3E6CDF7CBF38041E3E65
:10DC800003EF7CBFDE761C3E73FE7CBF6BE91A3E61
:10DC9000BC0D7DBFE05B193EDD1C7DBF3DCE173E58
:10DCA000D82B7DBF8340163EAC3A7DBFB2B2143E46
:10DCB00059497DBFCA24133EDE577DBFCC96113E25
:10DCC0003D667DBFB708103E74747DBF8B7A0E3EF3
:10DCD00085827DBF4AEC0C3E6E907DBFF35D0B3EAE
:10DCE000309E7DBF86CF093ECCAB7DBF0541083E4F
:10DCF00040B97DBF6EB2063E8CC67DBFC223053ED5
:10DD0000B2D37DBF0295033EB1E07DBF2E06023E39
:10DD100088ED7DBF4577003E38FA7DBF92D0FD3D4E
:10DD2000C2067EBF73B2FA3D24137EBF2C94F73D2A
:10DD30005E1F7EBFC075F43D722B7EBF2E57F13D36
:10DD40005E377EBF7638EE3D23437EBF9A19EB3DAA
:10DD5000C14E7EBF9AFAE73D385A7EBF76DBE43D7E
:10DD600088657EBF2EBCE13DB0707EBFC49CDE3DA9
:10DD7000B17B7EBF377DDB3D8B867EBF895DD83D25
:10DD80003D917EBFB93DD53DC99B7EBFC81DD23DEB
:10DD90002DA67EBFB7FDCE3D69B07EBF86DDCB3DF3
:10DDA0007FBA7EBF36BDC83D6DC47EBFC69CC53D33
:10DDB00034CE7EBF397CC23DD4D77EBF8D5BBF3DA4
:10DDC0004CE17EBFC33ABC3D9DEA7EBFDD19B93D43
:10DDD000C7F37EBFDAF8B53DC9FC7EBFBBD7B23D05
:10DDE000A4057FBF80B6AF3D580E7FBF2B95AC3DDD
:10DDF000E4167FBFBA73A93D491F7FBF3052A63DCD
:10DE000087277FBF8C30A33D9D2F7FBFCF0EA03DC6
:10DE10008D377FBFF9EC9C3D543F7FBF0ACB993DC6
:10DE2000F4467FBF05A9963D6D4E7FBFE786933DC3
:10DE3000BF557FBFB464903DE95C7FBF6A428D3DB2
:10DE4000EC637FBF0A208A3DC76A7FBF94FD863D91
:10DE50007B717FBF0ADB833D08787FBF6CB8803D54
:10DE60006D7E7FBF742B7B3DAB847FBFE9E5743D46
:10DE7000C28A7FBF38A06E3DB1907FBF625A683DB5
:10DE800078967FBF6814623D189C7FBF4CCE5B3D87
:10DE900091A17FBF0E88553DE3A67FBFAF414F3DA7
:10DEA0000DAC7FBF2FFB483D0FB17FBF91B4423D0A
:10DEB000EAB57FBFD56D3C3D9EBA7FBFFC26363D9F
:10DEC0002ABF7FBF07E02F3D8FC37FBFF698293D54
:10DED000CCC77FBFCC51233DE2CB7FBF880A1D3D1D
:10DEE000D1CF7FBF2CC3163D98D37FBFB87B103DE9
:10DEF00037D77FBF2F340A3DAFDA7FBF90EC033DA9
:10DF000000DE7FBFB949FB3C29E17FBF2DBAEE3C63
:10DF10002BE47FBF7B2AE23C05E77FBFA69AD53C76
:10DF2000B8E97FBFB00AC93C43EC7FBF9B7ABC3CD9
:10DF3000A7EE7FBF69EAAF3CE3F07FBF1C5AA33C6A
:10DF4000F8F27FBFB6C9963CE6F47FBF38398A3C09
:10DF5000ACF67FBF4B517B3C4AF87FBF0030623C40
:10DF6000C1F97FBF900E493C11FB7FBF02ED2F3CF2
:10DF700039FC7FBF59CB163C39FD7FBF3053FB3B8B
:10DF800013FE7FBF890FC93BC4FE7FBFC1CB963B49
:10DF90004EFF7FBFC70F493BB1FF7FBFD40FC93AC8
:10DFA000ECFF7FBF000000000000803F900E493C66
:10DFB00011FB7F3FB00AC93C43EC7F3F2CC3163DA9
:10DFC00098D37F3F2FFB483D0FB17F3F742B7B3DA4
:10DFD000AB847F3F05A9963D6D4E7F3F80B6AF3D38
:10DFE000580E7F3F36BDC83D6DC47E3F2EBCE13D1F
:10DFF000B0707E3F73B2FA3D24137E3F86CF093E58
:10E00000CCAB7D3F8340163EAC3A7D3FB6AB223E63
:10E01000C9BF7C3FA2102F3E283B7C3FCF6E3B3ECA
:10E02000CDAC7B3FC2C5473EBE147B3F0115543E7D
:10E0300002737A3F135C603E9DC7793F7F9A6C3EC6
:10E040009812793FCCCF783EF853783FC07D823E1E
:10E05000C58B773F938E883E07BA763F229A8E3ED5
:10E06000C6DE753F31A0943E0BFA743F86A09A3EFF
:10E07000DD0B743FE59AA03E4714733F128FA63E16
:10E080005213723FD47CAC3E0809713FEF63B23E3D
:10E0900073F56F3F2A44B83E9ED86E3F4A1DBE3E80
:10E0A00093B26D3F15EFC33E5E836C3F53B9C93EDB
:10E0B0000C4B6B3FCA7BCF3EA7096A3F4136D53E2A
:10E0C0003CBF683F80E8DA3ED86B673F4F92E03E46
:10E0D000880F663F7533E63E59AA643FBBCBEB3EE3
:10E0E0005A3C633FEA5AF13E98C5613FCBE0F63EA9
:10E0F0002146603F275DFC3E05BE5E3FE4E7003FF2
:10E10000532D5D3F3D9C033F1A945B3F824B063F7E
:10E110006AF2593F9BF5083F5348583F6B9A0B3FB3
:10E12000E595563FDA390E3F31DB543FCDD3103FF2
:10E130004918533F2A68133F3D4D513FD9F6153FCB
:10E140001F7A4F3FC07F183F029F4D3FC6021B3FC3
:10E15000F8BB4B3FD17F1D3F12D1493FCBF61F3F4C
:10E1600065DE473F9967223F03E4453F25D2243FC0
:10E1700000E2433F5636273F70D8413F1594293F70
:10E1800067C73F3F4AEB2B3FF9AE3D3FDE3B2E3F9B
:10E190003B8F3B3FBB85303F4268393FC9C8323F68
:10E1A000233A373FF304353FF304353F233A373FF3
:10E1B000C9C8323F4268393FBB85303F3B8F3B3F48
:10E1C000DE3B2E3FF9AE3D3F4AEB2B3F67C73F3F5B
:10E1D0001594293F70D8413F5636273F00E2433F10
:10E1E00025D2243F03E4453F9967223F65DE473F40
:10E1F000CBF61F3F12D1493FD17F1D3FF8BB4B3FAC
:10E20000C6021B3F029F4D3FC07F183F1F7A4F3F02
:10E21000D9F6153F3D4D513F2A68133F4918533FEA
:10E22000CDD3103F31DB543FDA390E3FE595563FF1
:10E230006B9A0B3F5348583F9BF5083F6AF2593F92
:10E24000824B063F1A945B3F3D9C033F532D5D3F3D
:10E25000E4E7003F05BE5E3F275DFC3E2146603F90
:10E26000CBE0F63E98C5613FEA5AF13E5A3C633F27
:10E27000BBCBEB3E59AA643F7533E63E880F663F41
:10E280004F92E03ED86B673F80E8DA3E3CBF683F84
:10E290004136D53EA7096A3FCA7BCF3E0C4B6B3F48
:10E2A00053B9C93E5E836C3F15EFC33E93B26D3FD9
:10E2B0004A1DBE3E9ED86E3F2A44B83E73F56F3F5E
:10E2C000EF63B23E0809713FD47CAC3E5213723FFB
:10E2D000128FA63E4714733FE59AA03EDD0B743FB4
:10E2E00086A09A3E0BFA743F31A0943EC6DE753F7D
:10E2F000229A8E3E07BA763F938E883EC58B773F33
:10E30000C07D823EF853783FCCCF783E9812793F5B
:10E310007F9A6C3E9DC7793F135C603E02737A3FE3
:10E320000115543EBE147B3FC2C5473ECDAC7B3F7A
:10E33000CF6E3B3E283B7C3FA2102F3EC9BF7C3FA7
:10E34000B6AB223EAC3A7D3F8340163ECCAB7D3F20
:10E3500086CF093E24137E3F73B2FA3DB0707E3FF4
:10E360002EBCE13D6DC47E3F36BDC83D580E7F3F9B
:10E3700080B6AF3D6D4E7F3F05A9963DAB847F3F94
:10E38000742B7B3D0FB17F3F2FFB483D98D37F3FE0
:10E390002CC3163D43EC7F3FB00AC93C11FB7F3FC5
:10E3A000900E493C0000803F0000000011FB7F3FC1
:10E3B000900E49BC43EC7F3FB00AC9BC98D37F3F65
:10E3C0002CC316BD0FB17F3F2FFB48BDAB847F3FF1
:10E3D000742B7BBD6D4E7F3F05A996BD580E7F3FC8
:10E3E00080B6AFBD6DC47E3F36BDC8BDB0707E3F48
:10E3F0002EBCE1BD24137E3F73B2FABDCCAB7D3F92
:10E4000086CF09BEAC3A7D3F834016BEC9BF7C3F74
:10E41000B6AB22BE283B7C3FA2102FBECDAC7B3FCB
:10E42000CF6E3BBEBE147B3FC2C547BE02737A3F70
:10E43000011554BE9DC7793F135C60BE9812793FA9
:10E440007F9A6CBEF853783FCCCF78BEC58B773FB0
:10E45000C07D82BE07BA763F938E88BEC6DE753F0A
:10E46000229A8EBE0BFA743F31A094BEDD0B743F2E
:10E4700086A09ABE4714733FE59AA0BE5213723F1E
:10E48000128FA6BE0809713FD47CACBE73F56F3FF6
:10E49000EF63B2BE9ED86E3F2A44B8BE93B26D3FC2
:10E4A0004A1DBEBE5E836C3F15EFC3BE0C4B6B3F77
:10E4B00053B9C9BEA7096A3FCA7BCFBE3CBF683FFC
:10E4C0004136D5BED86B673F80E8DABE880F663F1D
:10E4D0004F92E0BE59AA643F7533E6BE5A3C633F93
:10E4E000BBCBEBBE98C5613FEA5AF1BE2146603F07
:10E4F000CBE0F6BE05BE5E3F275DFCBE532D5D3F03
:10E50000E4E700BF1A945B3F3D9C03BF6AF2593FAA
:10E51000824B06BF5348583F9BF508BFE595563FD1
:10E520006B9A0BBF31DB543FDA390EBF4918533FAA
:10E53000CDD310BF3D4D513F2A6813BF1F7A4F3FC7
:10E54000D9F615BF029F4D3FC07F18BFF8BB4B3FA8
:10E55000C6021BBF12D1493FD17F1DBF65DE473FB9
:10E56000CBF61FBF03E4453F996722BF00E2433F5C
:10E5700025D224BF70D8413F563627BF67C73F3FDB
:10E58000159429BFF9AE3D3F4AEB2BBF3B8F3B3F74
:10E59000DE3B2EBF4268393FBB8530BF233A373F51
:10E5A000C9C832BFF304353FF30435BFC9C8323F91
:10E5B000233A37BFBB85303F426839BFDE3B2E3F31
:10E5C0003B8F3BBF4AEB2B3FF9AE3DBF1594293F34
:10E5D00067C73FBF5636273F70D841BF25D2243F7B
:10E5E00000E243BF9967223F03E445BFCBF61F3FDC
:10E5F00065DE47BFD17F1D3F12D149BFC6021B3F19
:10E60000F8BB4BBFC07F183F029F4DBFD9F6153FE7
:10E610001F7A4FBF2A68133F3D4D51BFCDD3103FE6
:10E62000491853BFDA390E3F31DB54BF6B9A0B3FA9
:10E63000E59556BF9BF5083F534858BF824B063FB0
:10E640006AF259BF3D9C033F1A945BBFE4E7003F69
:10E65000532D5DBF275DFC3E05BE5EBFCBE0F63EA1
:10E66000214660BFEA5AF13E98C561BFBBCBEB3E85
:10E670005A3C63BF7533E63E59AA64BF4F92E03EF1
:10E68000880F66BF80E8DA3ED86B67BF4136D53E5B
:10E690003CBF68BFCA7BCF3EA7096ABF53B9C93E1A
:10E6A0000C4B6BBF15EFC33E5E836CBF4A1DBE3E75
:10E6B00093B26DBF2A44B83E9ED86EBFEF63B23EA0
:10E6C00073F56FBFD47CAC3E080971BF128FA63EB4
:10E6D000521372BFE59AA03E471473BF86A09A3EBC
:10E6E000DD0B74BF31A0943E0BFA74BF229A8E3EAC
:10E6F000C6DE75BF938E883E07BA76BFC07D823E68
:10E70000C58B77BFCCCF783EF85378BF7F9A6C3EED
:10E71000981279BF135C603E9DC779BF0115543EC6
:10E7200002737ABFC2C5473EBE147BBFCF6E3B3E6D
:10E73000CDAC7BBFA2102F3E283B7CBFB6AB223EA8
:10E74000C9BF7CBF8340163EAC3A7DBF86CF093E31
:10E75000CCAB7DBF73B2FA3D24137EBF2EBCE13D2E
:10E76000B0707EBF36BDC83D6DC47EBF80B6AF3DC4
:10E77000580E7FBF05A9963D6D4E7FBF742B7B3D24
:10E78000AB847FBF2FFB483D0FB17FBF2CC3163D2D
:10E7900098D37FBFB00AC93C43EC7FBF900E493C81
:10E7A00011FB7FBF000000000000803F36BDC83D68
:10E7B0006DC47E3FC2C5473EBE147B3F31A0943E30
:10E7C0000BFA743F15EFC33E5E836C3FEA5AF13E8D
:10E7D00098C5613FDA390E3F31DB543F9967223FDC
:10E7E00003E4453FF304353FF304353F03E4453F7D
:10E7F0009967223F31DB543FDA390E3F98C5613FBC
:10E80000EA5AF13E5E836C3F15EFC33E0BFA743F4C
:10E8100031A0943EBE147B3FC2C5473E6DC47E3FCF
:10E8200036BDC83D0000803F000000006DC47E3F43
:10E8300036BDC8BDBE147B3FC2C547BE0BFA743F90
:10E8400031A094BE5E836C3F15EFC3BE98C5613F97
:10E85000EA5AF1BE31DB543FDA390EBF03E4453FDB
:10E86000996722BFF304353FF30435BF9967223F10
:10E8700003E445BFDA390E3F31DB54BFEA5AF13EBB
:10E8800098C561BF15EFC33E5E836CBF31A0943E57
:10E890000BFA74BFC2C5473EBE147BBF36BDC83D30
:10E8A0006DC47EBF000000008B351E378B351E38CF
:10E8B0003CFCB1383A381E39A9337739E4FAB1391A
:10E8C000F63DF239D8301E3A0A33483AE524773A11
:10E8D0003483953A75EBB13ADECAD03A1A21F23A4E
:10E8E000EAF60A3B59181E3BDD74323BF30B483BFA
:10E8F0009BDD5E3B81E9763BBC17883BAB57953B84
:10E900004D34A33BA2ADB13B7FC3C03BA475D03B0C
:10E9100010C4E03B84AEF13B749A013C75AB0A3CF9
:10E92000430A143CBFB61D3CD4B0273C60F8313CD0
:10E930005A8D3C3C966F473C099F523C891B5E3C7C
:10E9400001E5693C5AFB753C352F813C0887873CC3
:10E9500021058E3C65A9943CC9739B3C3964A23C5B
:10E96000A87AA93C02B7B03C3719B83C30A1BF3CEB
:10E97000DF4EC73C2C22CF3C0A1BD73C6139DF3C21
:10E98000227DE73C32E6EF3C8174F83CFC93003D8D
:10E990004000053D027F093D39100E3DD4B3123DC4
:10E9A000CF69173D1B321C3DAB0C213D71F9253D54
:10E9B00067F82A3D7D09303DA82C353DD9613A3DA7
:10E9C00003A93F3D1D02453D166D4A3DE0E94F3D1F
:10E9D0007078553DB8185B3DA9CA603D378E663DDD
:10E9E00050636C3DEA49723DF141783D5A4B7E3DA2
:10E9F0000B33823D0C49853DA667883DD28E8B3D09
:10EA000088BE8E3DC1F6913D7637953D9D80983DFF
:10EA10002ED29B3D212C9F3D6F8EA23D0EF9A53D30
:10EA2000F76BA93D20E7AC3D816AB03D13F6B33DDD
:10EA3000CA89B73D9F25BB3D8AC9BE3D7F75C23D92
:10EA40007829C63D6BE5C93D4DA9CD3D1875D13D31
:10EA5000BF48D53D3C24D93D8307DD3D89F2E03DEB
:10EA600049E5E43DB5DFE83DC7E1EC3D71EBF03D44
:10EA7000ACFCF43D6D15F93DAA35FD3DABAE003E55
:10EA800036C6023E6FE1043E5100073ED822093EE1
:10EA9000FD480B3EBB720D3E0EA00F3EF0D0113E66
:10EAA0005A05143E483D163EB578183E9BB71A3EAF
:10EAB000F4F91C3EBA3F1F3EE988213E7AD5233E39
:10EAC0006825263EAD78283E43CF2A3E25292D3E97
:10EAD0004C862F3EB3E6313E554A343E2AB1363E8F
:10EAE0002D1B393E58883B3EA6F83D3E106C403EFB
:10EAF00090E2423E1F5C453EB9D8473E57584A3ED9
:10EB0000F1DA4C3E84604F3E07E9513E7574543E45
:10EB1000C802573EF993593E01285C3EDCBE5E3E7A
:10EB20008158613EEBF4633E1394663EF435693ED2
:10EB300085DA6B3EC1816E3EA12B713E1FD8733EBC
:10EB40003387763ED838793E07ED7B3EB9A37E3ECB
:10EB500073AE803E450C823E4E6B833E8BCB843E33
:10EB6000F82C863E938F873E57F3883E42588A3E64
:10EB700050BE8B3E7D258D3EC68D8E3E28F78F3E46
:10EB80009E61913E26CD923EBC39943E5CA7953E57
:10EB90000416973EAF85983E59F6993E00689B3E15
:10EBA0009FDA9C3E344E9E3EBAC29F3E2E38A13E16
:10EBB0008CAEA23ED125A43EF99DA53E0117A73EED
:10EBC000E490A83EA00BAA3E3087AB3E9103AD3E39
:10EBD000BF80AE3EB6FEAF3E737DB13EF2FCB23EAC
:10EBE000307DB43E29FEB53ED87FB73E3B02B93EEC
:10EBF0004D85BA3E0B09BC3E718DBD3E7B12BF3EBA
:10EC00002698C03E6D1EC23E4DA5C33EC32CC53ED8
:10EC1000CAB4C63E5F3DC83E7DC6C93E2250CB3E0B
:10EC200049DACC3EEE64CE3E0EF0CF3EA57BD13E1F
:10EC3000AF07D33E2894D43E0C21D63E58AED73EE3
:10EC4000073CD93E17CADA3E8258DC3E46E7DD3E35
:10EC50005D76DF3EC605E13E7A95E23E7825E43EEC
:10EC6000BAB5E53E3E46E73EFED6E83EF867EA3EE8
:10EC700027F9EB3E888AED3E161CEF3ECEADF03E06
:10EC8000AC3FF23EACD1F33ECA63F53E02F6F63E2F
:10EC90005188F83EB21AFA3E22ADFB3E9C3FFD3E43
:10ECA0001DD2FE3E5132003F92FB003FD1C4013FD6
:10ECB0000C8E023F4057033F6D20043F8EE9043F16
:10ECC000A4B2053FAC7B063FA444073F8A0D083F32
:10ECD0005BD6083F179F093FBB670A3F46300B3F93
:10ECE000B5F80B3F06C10C3F38890D3F48510E3F28
:10ECF00035190F3FFCE00F3F9CA8103F1370113FE8
:10ED00005F37123F7EFE123F6EC5133F2D8C143FBE
:10ED1000BA52153F1119163F32DF163F1BA5173F98
:10ED2000C86A183F3A30193F6DF5193F60BA1A3F6B
:10ED3000117F1B3F7F431C3FA6071D3F85CB1D3F17
:10ED40001B8F1E3F65521F3F6215203F0FD8203F8B
:10ED50006B9A213F755C223F291E233F86DF233FAC
:10ED60008BA0243F3561253F8321263F73E1263F59
:10ED700002A1273F2F60283FF91E293F5DDD293F73
:10ED8000599B2A3FED582B3F14162C3FCFD22C3FD6
:10ED90001C8F2D3FF74A2E3F60062F3F55C12F3F56
:10EDA000D47B303FDB35313F68EF313F7AA8323FCB
:10EDB0000E61333F2419343FB8D0343FCA87353F02
:10EDC000583E363F60F4363FE0A9373FD65E383FC5
:10EDD0004113393F1FC7393F6E7A3A3F2C2D3B3FD5
:10EDE00058DF3B3FF0903C3FF2413D3F5DF23D3FFD
:10EDF0002FA23E3F66513F3F0000403FFCAD403FE9
:10EE0000585B413F1308423F2AB4423F9D5F433F56
:10EE1000690A443F8DB4443F065E453FD506463FF0
:10EE2000F6AE463F6856473F2BFD473F3BA3483F62
:10EE30009748493F3FED493F2F914A3F68344B3F48
:10EE4000E6D64B3FA9784C3FAF194D3FF6B94D3F41
:10EE50007D594E3F42F84E3F45964F3F8233503FDB
:10EE6000F9CF503FA86B513F8F06523FAAA0523FA7
:10EE7000F939533F7AD2533F2C6A543F0D01553F25
:10EE80001C97553F582C563FBEC0563F4F54573FD6
:10EE900007E7573FE678583FEA09593F129A593F2A
:10EEA0005C295A3FC8B75A3F53455B3FFDD15B3F92
:10EEB000C35D5C3FA6E85C3FA2725D3FB8FB5D3F6F
:10EEC000E5835E3F290B5F3F81915F3FEE16603F18
:10EED0006D9B603FFC1E613F9CA1613F4B23623FE5
:10EEE00007A4623FCF23633FA2A2633F7E20643F1B
:10EEF000639D643F5019653F4294653F390E663FFC
:10EF00003487663F32FF663F3176673F30EC673FBC
:10EF10002E61683F2AD5683F2348693F17BA693F89
:10EF2000072B6A3FF09A6A3FD1096B3FA9776B3F85
:10EF300078E46B3F3D506C3FF5BA6C3FA1246D3FC8
:10EF40003E8D6D3FCDF46D3F4D5B6E3FBBC06E3F60
:10EF500017256F3F61886F3F97EA6F3FB84B703F4F
:10EF6000C4AB703FB90A713F9768713F5CC5713F90
:10EF70000821723F9A7B723F11D5723F6C2D733F0F
:10EF8000AA84733FCBDA733FCD2F743FB083743FB5
:10EF900073D6743F1528753F9578753FF3C7753F55
:10EFA0002E16763F4563763F38AF763F04FA763FBC
:10EFB000AB43773F2B8C773F83D3773FB319783FB1
:10EFC000BA5E783F98A2783F4BE5783FD426793FE8
:10EFD0003167793F61A6793F65E4793F3C217A3F0B
:10EFE000E55C7A3F5F977A3FAAD07A3FC6087B3FBD
:10EFF000B13F7B3F6C757B3FF6A97B3F4DDD7B3F8F
:10F00000730F7C3F66407C3F25707C3FB19E7C3F08
:10F0100009CC7C3F2DF87C3F1B237D3FD44C7D3FAA
:10F0200058757D3FA59C7D3FBBC27D3F9BE77D3FE3
:10F03000440B7E3FB42D7E3FED4E7E3FEE6E7E3F15
:10F04000B68D7E3F45AB7E3F9BC77E3FB8E27E3F9D
:10F050009BFC7E3F44157F3FB32C7F3FE7427F3FC1
:10F06000E1577F3FA06B7F3F247E7F3F6C8F7F3FC8
:10F070007A9F7F3F4CAE7F3FE2BB7F3F3CC87F3FE4
:10F080005BD37F3F3EDD7F3FE4E57F3F4EED7F3F3B
:10F090007CF37F3F6EF87F3F23FC7F3F9CFE7F3FEA
:10F0A000D8FF7F3FD8FF7F3F9CFE7F3F23FC7F3F01
:10F0B0006EF87F3F7CF37F3F4EED7F3FE4E57F3F7F
:10F0C0003EDD7F3F5BD37F3F3CC87F3FE2BB7F3F5E
:10F0D0004CAE7F3F7A9F7F3F6C8F7F3F247E7F3F88
:10F0E000A06B7F3FE1577F3FE7427F3FB32C7F3FDD
:10F0F00044157F3F9BFC7E3FB8E27E3F9BC77E3F2F
:10F1000045AB7E3FB68D7E3FEE6E7E3FED4E7E3F41
:10F11000B42D7E3F440B7E3F9BE77D3FBBC27D3FCE
:10F12000A59C7D3F58757D3FD44C7D3F1B237D3F83
:10F130002DF87C3F09CC7C3FB19E7C3F25707C3F05
:10F1400066407C3F730F7C3F4DDD7B3FF6A97B3FE4
:10F150006C757B3FB13F7B3FC6087B3FAAD07A3FAF
:10F160005F977A3FE55C7A3F3C217A3F65E4793FDF
:10F1700061A6793F3167793FD426793F4BE5783FE7
:10F1800098A2783FBA5E783FB319783F83D3773F30
:10F190002B8C773FAB43773F04FA763F38AF763F0F
:10F1A0004563763F2E16763FF3C7753F9578753FDA
:10F1B0001528753F73D6743FB083743FCD2F743FCD
:10F1C000CBDA733FAA84733F6C2D733F11D5723F26
:10F1D0009A7B723F0821723F5CC5713F9768713F0F
:10F1E000B90A713FC4AB703FB84B703F97EA6F3FAD
:10F1F00061886F3F17256F3FBBC06E3F4D5B6E3F11
:10F20000CDF46D3F3E8D6D3FA1246D3FF5BA6C3F4F
:10F210003D506C3F78E46B3FA9776B3FD1096B3F62
:10F22000F09A6A3F072B6A3F17BA693F2348693F44
:10F230002AD5683F2E61683F30EC673F3176673FE3
:10F2400032FF663F3487663F390E663F4294653F22
:10F250005019653F639D643F7E20643FA2A2633FD7
:10F26000CF23633F07A4623F4B23623F9CA1613FD2
:10F27000FC1E613F6D9B603FEE16603F81915F3FDA
:10F28000290B5F3FE5835E3FB8FB5D3FA2725D3FA8
:10F29000A6E85C3FC35D5C3FFDD15B3F53455B3FF0
:10F2A000C8B75A3F5C295A3F129A593FEA09593F59
:10F2B000E678583F07E7573F4F54573FBEC0563F89
:10F2C000582C563F1C97553F0D01553F2C6A543F13
:10F2D0007AD2533FF939533FAAA0523F8F06523F8B
:10F2E000A86B513FF9CF503F8233503F45964F3F77
:10F2F00042F84E3F7D594E3FF6B94D3FAF194D3F55
:10F30000A9784C3FE6D64B3F68344B3F2F914A3F9C
:10F310003FED493F9748493F3BA3483F2BFD473FBF
:10F320006856473FF6AE463FD506463F065E453F28
:10F330008DB4443F690A443F9D5F433F2AB4423F36
:10F340001308423F585B413FFCAD403F0000403F47
:10F3500066513F3F2FA23E3F5DF23D3FF2413D3FB0
:10F36000F0903C3F58DF3B3F2C2D3B3F6E7A3A3FBD
:10F370001FC7393F4113393FD65E383FE0A9373FB9
:10F3800060F4363F583E363FCA87353FB8D0343FE9
:10F390002419343F0E61333F7AA8323F68EF313F82
:10F3A000DB35313FD47B303F55C12F3F60062F3FC7
:10F3B000F74A2E3F1C8F2D3FCFD22C3F14162C3FE7
:10F3C000ED582B3F599B2A3F5DDD293FF91E293F10
:10F3D0002F60283F02A1273F73E1263F8321263F6C
:10F3E0003561253F8BA0243F86DF233F291E233F25
:10F3F000755C223F6B9A213F0FD8203F6215203F5A
:10F4000065521F3F1B8F1E3F85CB1D3FA6071D3F2B
:10F410007F431C3F117F1B3F60BA1A3F6DF5193FB8
:10F420003A30193FC86A183F1BA5173F32DF163F15
:10F430001119163FBA52153F2D8C143F6EC5133F5C
:10F440007EFE123F5F37123F1370113F9CA8103FA2
:10F45000FCE00F3F35190F3F48510E3F38890D3FF3
:10F4600006C10C3FB5F80B3F46300B3FBB670A3F68
:10F47000179F093F5BD6083F8A0D083FA444073F0A
:10F48000AC7B063FA4B2053F8EE9043F6D20043FEC
:10F490004057033F0C8E023FD1C4013F92FB003F17
:10F4A0005132003F1DD2FE3E9C3FFD3E22ADFB3E51
:10F4B000B21AFA3E5188F83E02F6F63ECA63F53EAD
:10F4C000ACD1F33EAC3FF23ECEADF03E161CEF3E6B
:10F4D000888AED3E27F9EB3EF867EA3EFED6E83E25
:10F4E0003E46E73EBAB5E53E7825E43E7A95E23EF3
:10F4F000C605E13E5D76DF3E46E7DD3E8258DC3EF6
:10F5000017CADA3E073CD93E58AED73E0C21D63E4C
:10F510002894D43EAF07D33EA57BD13E0EF0CF3E1C
:10F52000EE64CE3E49DACC3E2250CB3E7DC6C93E8B
:10F530005F3DC83ECAB4C63EC32CC53E4DA5C33EC2
:10F540006D1EC23E2698C03E7B12BF3E718DBD3EF1
:10F550000B09BC3E4D85BA3E3B02B93ED87FB73E53
:10F5600029FEB53E307DB43EF2FCB23E737DB13E25
:10F57000B6FEAF3EBF80AE3E9103AD3E3087AB3EA0
:10F58000A00BAA3EE490A83E0117A73EF99DA53E18
:10F59000D125A43E8CAEA23E2E38A13EBAC29F3EDB
:10F5A000344E9E3E9FDA9C3E00689B3E59F6993E43
:10F5B000AF85983E0416973E5CA7953EBC39943EB5
:10F5C00026CD923E9E61913E28F78F3EC68D8E3E9F
:10F5D0007D258D3E50BE8B3E42588A3E57F3883E75
:10F5E000938F873EF82C863E8BCB843E4E6B833EBA
:10F5F000450C823E73AE803EB9A37E3E07ED7B3E56
:10F60000D838793E3387763E1FD8733EA12B713EA2
:10F61000C1816E3E85DA6B3EF435693E1394663ED9
:10F62000EBF4633E8158613EDCBE5E3E01285C3EE9
:10F63000F993593EC802573E7574543E07E9513E4E
:10F6400084604F3EF1DA4C3E57584A3EB9D8473EA7
:10F650001F5C453E90E2423E106C403EA6F83D3EA7
:10F6600058883B3E2D1B393E2AB1363E554A343E22
:10F67000B3E6313E4C862F3E25292D3E43CF2A3E10
:10F68000AD78283E6825263E7AD5233EE988213E7E
:10F69000BA3F1F3EF4F91C3E9BB71A3EB578183EA0
:10F6A000483D163E5A05143EF0D0113E0EA00F3EC6
:10F6B000BB720D3EFD480B3ED822093E5100073E6D
:10F6C0006FE1043E36C6023EABAE003EAA35FD3DBC
:10F6D0006D15F93DACFCF43D71EBF03DC7E1EC3D3F
:10F6E000B5DFE83D49E5E43D89F2E03D8307DD3DD6
:10F6F0003C24D93DBF48D53D1875D13D4DA9CD3DE0
:10F700006BE5C93D7829C63D7F75C23D8AC9BE3DBE
:10F710009F25BB3DCA89B73D13F6B33D816AB03D15
:10F7200020E7AC3DF76BA93D0EF9A53D6F8EA23DDC
:10F73000212C9F3D2ED29B3D9D80983D7637953D57
:10F74000C1F6913D88BE8E3DD28E8B3DA667883D29
:10F750000C49853D0B33823D5A4B7E3DF141783D4E
:10F76000EA49723D50636C3D378E663DA9CA603DE3
:10F77000B8185B3D7078553DE0E94F3D166D4A3D48
:10F780001D02453D03A93F3DD9613A3DA82C353DB9
:10F790007D09303D67F82A3D71F9253DAB0C213DCF
:10F7A0001B321C3DCF69173DD4B3123D39100E3DBD
:10F7B000027F093D4000053DFC93003D8174F83C0B
:10F7C00032E6EF3C227DE73C6139DF3C0A1BD73C47
:10F7D0002C22CF3CDF4EC73C30A1BF3C3719B83C90
:10F7E00002B7B03CA87AA93C3964A23CC9739B3CDF
:10F7F00065A9943C21058E3C0887873C352F813CC8
:10F800005AFB753C01E5693C891B5E3C099F523CF3
:10F81000966F473C5A8D3C3C60F8313CD4B0273C55
:10F82000BFB61D3C430A143C75AB0A3C749A013CBC
:10F8300084AEF13B10C4E03BA475D03B7FC3C03B1A
:10F84000A2ADB13B4D34A33BAB57953BBC17883BB6
:10F8500081E9763B9BDD5E3BF30B483BDD74323B3D
:10F8600059181E3BEAF60A3B1A21F23ADECAD03A90
:10F8700075EBB13A3483953AE524773A0A33483A3E
:10F88000D8301E3AF63DF239E4FAB139A933773966
:10F890003A381E393CFCB1388B351E388B351E3753
:10F8A00000000000000000007E601E36980A1E372F
:10F8B000A7D6B13754151E38EBF5763849D1B13893
:10F8C0004608F238F60F1E396F094839EBF57639DC
:10F8D0005E6995399ACEB139FFABD0399001F239D2
:10F8E000F9E60A3A40091E3A9C67323AB500483AAE
:10F8F00090D65E3A28E7763AEA19883AF65D953A64
:10F90000B63FA33A2ABFB13AFEDBC03A8696D03A58
:10F91000C3EEE03A5EE4F13AD7BB013B2FD40A3B99
:10F92000363B143BECF01D3B27F5273B3C48323B74
:10F93000D6E93C3BF4D9473B9618533BE8A55E3BE0
:10F9400094816A3BC3AB763B3C92813BC3F5873BDA
:10F9500076808E3B5732953B640B9C3B880BA33BD8
:10F96000D932AA3B4281B13BC2F6B83B5993C03B66
:10F970000757C83BA141D03B5353D83B078CE03BD2
:10F98000A7EBE83B4972F13BC11FFA3B1E7A013CF1
:10F99000C6F7053CE5880A3C6F2D0F3C5AE5133C41
:10F9A000B1B0183C728F1D3C8A81223C0D87273CE8
:10F9B000DC9F2C3C0BCC313C900B373C605E3C3CDC
:10F9C00086C4413CED3D473C9ECA4C3C916A523C4A
:10F9D000CE1D583C42E45D3CEBBD633CC9AA693C8A
:10F9E000DEAA6F3C1DBE753C92E47B3C0F0F813C50
:10F9F0006935843C5465873CD09E8A3CD0E18D3C7F
:10FA00005B2E913C7184943C0DE4973C284D9B3CCB
:10FA1000C4BF9E3CE53BA23C7BC1A53C9150A93CA8
:10FA20001DE9AC3C238BB03C9936B43C84EBB73C2D
:10FA3000DFA9BB3CA571BF3CD642C33C701DC73C8F
:10FA40007101CB3CD1EECE3C96E5D23CBBE5D63C39
:10FA50003AEFDA3C1402DF3C481EE33CCC43E73C7F
:10FA6000A572EB3CCEAAEF3C41ECF33C0337F83CEB
:10FA70000B8BFC3C2C74003D72A7023D5BDF043D08
:10FA8000E11B073D035D093DC3A20B3D1BED0D3D91
:10FA90000D3C103D978F123DB6E7143D6A44173D6B
:10FAA000B3A5193D8C0B1C3DF5751E3DEDE4203DC5
:10FAB0007258233D84D0253D1E4D283D42CE2A3D1F
:10FAC000EB532D3D1CDE2F3DD26C323D0700353D02
:10FAD000BF97373DF6333A3DAAD43C3DD8793F3DF8
:10FAE0008423423DA6D1443D4184473D503B4A3D9D
:10FAF000D4F64C3DC7B64F3D2D7B523D0244553D9B
:10FB00004111583DEDE25A3D03B95D3D8193603DA1
:10FB10006372633DAA55663D533D693D5E296C3D68
:10FB2000C6196F3D8B0E723DAC07753D2505783DBE
:10FB3000F7067B3D1E0D7E3DCC8B803D3113823D13
:10FB4000C09C833D7528853D50B6863D5046883D16
:10FB500075D8893DBC6C8B3D26038D3DB09B8E3D99
:10FB60005C36903D27D3913D0F72933D1513953D23
:10FB700036B6963D745B983DCB029A3D3BAC9B3DBF
:10FB8000C5579D3D64059F3D19B5A03DE566A23D65
:10FB9000C41AA43DB6D0A53DB988A73DCE42A93D23
:10FBA000F3FEAA3D26BDAC3D677DAE3DB33FB03D03
:10FBB0000D04B23D70CAB33DDC92B53D505DB73D1A
:10FBC000CC29B93D4DF8BA3DD3C8BC3D5D9BBE3D87
:10FBD000EA6FC03D7846C23D061FC43D94F9C53D5D
:10FBE00020D6C73DA9B4C93D2C95CB3DAA77CD3DC4
:10FBF000245CCF3D9342D13DFB2AD33D5915D53DE1
:10FC0000AA01D73DEFEFD83D27E0DA3D51D2DC3DE8
:10FC10006AC6DE3D71BCE03D67B4E23D48AEE43DFE
:10FC200015AAE63DCBA7E83D69A7EA3DF0A8EC3D63
:10FC30005CACEE3DADB1F03DE2B8F23DFBC1F43D50
:10FC4000F2CCF63DCBD9F83D83E8FA3D16F9FC3D00
:10FC5000880BFF3DE98F003EFC9A013EFAA6023E6A
:10FC6000E4B3033EB9C1043E78D0053E20E0063E31
:10FC7000B2F0073E2B02093E8C140A3ED4270B3EFD
:10FC8000033C0C3E16510D3E0F670E3EEB7D0F3EC2
:10FC9000AC95103E4FAE113ED4C7123E3BE2133E30
:10FCA00083FD143EAB19163EB236173E9854183EEB
:10FCB0005C73193EFE921A3E7CB31B3ED6D41C3EAA
:10FCC0000CF71D3E1C1A1F3E063E203EC962213E17
:10FCD0006588223ED8AE233E23D6243E44FE253EF0
:10FCE0003A27273E0651283EA67B293E19A72A3EE1
:10FCF0005FD32B3E77002D3E602E2E3E1A5D2F3EA9
:10FD0000A48C303EFDBC313E24EE323E1920343E00
:10FD1000DB52353E6886363EC2BA373EE6EF383EA5
:10FD2000D4253A3E8C5C3B3E0B943C3E52CC3D3E4F
:10FD300061053F3E363F403ED079413E2FB5423EC1
:10FD400051F1433E362E453EDF6B463E49AA473EC3
:10FD500073E9483E5E294A3E086A4B3E71AB4C3E11
:10FD600097ED4D3E7A304F3E1974503E74B8513E77
:10FD70008AFD523E5943543EE289553E22D1563EB9
:10FD80001A19583EC961593E2EAB5A3E49F55B3EA1
:10FD900017405D3E988B5E3ECED75F3EB424613EF9
:10FDA0004B72623E93C0633E8B0F653E315F663E91
:10FDB00085AF673E8600693E33526A3E8CA46B3E37
:10FDC00090F76C3E3D4B6E3E939F6F3E92F4703EBB
:10FDD000384A723E84A0733E76F7743E0D4F763EED
:10FDE00048A7773E2600793EA7597A3EC9B37B3EA5
:10FDF0008C0E7D3EEE697E3EF0C57F3E4891803E92
:10FE0000E73F813ED4EE813E0F9E823E974D833E7A
:10FE10006CFD833E8EAD843EFC5D853EB50E863E18
:10FE2000BABF863E0A71873EA422883E89D4883EA6
:10FE3000B686893E2D398A3EEDEB8A3EF59E8B3E95
:10FE400045528C3EDC058D3EBBB98D3EDF6D8E3E4E
:10FE50004A228F3EFBD68F3EF18B903E2C41913E45
:10FE6000ABF6913E6EAC923E7562933EBE18943EE8
:10FE70004ACF943E1986953E293D963E7AF4963EA9
:10FE80000DAC973EDF63983EF21B993E45D4993EF8
:10FE9000D68C9A3EA6459B3EB4FE9B3E00B89C3E47
:10FEA00089719D3E4F2B9E3E51E59E3E909F9F3E09
:10FEB0000A5AA03EBF14A13EAECFA13ED98AA23EAF
:10FEC0003C46A33ED901A43EAEBDA43EBC79A53EAE
:10FED0000236A63E7FF2A63E33AFA73E1E6CA83E7A
:10FEE0003F29A93E95E6A93E21A4AA3EE161AB3E89
:10FEF000D61FAC3EFEDDAC3E5A9CAD3EE85AAE3E4F
:10FF0000A919AF3E9CD8AF3EC097B03E1657B13E40
:10FF10009C16B23E52D6B23E3896B33E4D56B43ED3
:10FF20009016B53E02D7B53EA297B63E6F58B73E83
:10FF30006919B83E8FDAB83EE19BB93E5F5DBA3EC3
:10FF4000081FBB3EDBE0BB3ED8A2BC3EFF64BD3E0B
:10FF50004F27BE3EC7E9BE3E68ACBF3E316FC03ED4
:10FF60002032C13E37F5C13E74B8C23ED77BC33E96
:10FF70005F3FC43E0C03C53EDDC6C53ED28AC63EC9
:10FF8000EB4EC73E2713C83E85D7C83E069CC93EE8
:10FF9000A860CA3E6B25CB3E4EEACB3E52AFCC3E6C
:10FFA0007674CD3EB939CE3E1AFFCE3E9AC4CF3ECE
:10FFB000378AD03EF24FD13ECA15D23EBEDBD23E8A
:10FFC000CEA1D33EF967D43E402ED53EA0F4D53E17
:10FFD0001BBBD63EAF81D73E5C48D83E220FD93EF0
:10FFE000FFD5D93EF59CDA3E0164DB3E242BDC3E96
:10FFF0005DF2DC3EACB9DD3E1081DE3E8848DF3E7E
:020000040803EF
:100000001510E03EB5D7E03E699FE13E2F67E23E26
:10001000082FE33EF3F6E33EEFBEE43EFB86E53E0B
:10002000184FE63E4517E73E82DFE73ECDA7E83EA4
:100030002670E93E8E38EA3E0301EB3E84C9EB3E72
:100040001392EC3EAD5AED3E5323EE3E04ECEE3EF1
:10005000C0B4EF3E857DF03E5446F13E2C0FF23E9B
:100060000DD8F23EF6A0F33EE769F43EDE32F53EEF
:10007000DDFBF53EE1C4F63EEC8DF73EFB56F83E67
:100080001020F93E28E9F93E44B2FA3E647BFB3E7B
:100090008644FC3EAB0DFD3ED1D6FD3EF99FFE3EB3
:1000A0002169FF3E2519003FBA7D003F4EE2003F27
:1000B000E146013F74AB013F0610023F9674023FD8
:1000C00025D9023FB23D033F3EA2033FC706043F8E
:1000D0004D6B043FD1CF043F5234053FCF98053FCD
:1000E00049FD053FC061063F32C6063FA02A073FD3
:1000F0000A8F073F6FF3073FD057083F2BBC083FDD
:100100008120093FD184093F1BE9093F5F4D0A3F28
:100110009DB10A3FD4150B3F047A0B3F2DDE0B3FF8
:100120004F420C3F6AA60C3F7C0A0D3F876E0D3F85
:1001300089D20D3F82360E3F739A0E3F5BFE0E3F13
:100140003A620F3F0FC60F3FDA29103F9B8D103FD9
:1001500052F1103FFF54113FA1B8113F381C123F1C
:10016000C47F123F44E3123FB946133F22AA133F14
:100170007F0D143FCF70143F13D4143F4A37153FFF
:10018000739A153F90FD153F9F60163FA0C3163F21
:100190009326173F7789173F4DEC173F154F183FB0
:1001A000CDB1183F7614193F1077193F9AD9193FEE
:1001B000143C1A3F7E9E1A3FD7001B3F1F631B3F14
:1001C00057C51B3F7E271C3F93891C3F96EB1C3F66
:1001D000884D1D3F68AF1D3F35111E3FF0721E3F19
:1001E00098D41E3F2D361F3FAE971F3F1CF91F3F6F
:1001F000775A203FBDBB203FEF1C213F0D7E213FA2
:1002000016DF213F0A40223FE9A0223FB301233FEE
:100210006762233F05C3233F8D23243FFF83243F91
:100220005AE4243F9E44253FCCA4253FE204263FC8
:10023000E064263FC8C4263F9724273F4E84273FCB
:10024000ECE3273F7243283FDFA2283F3302293FD8
:100250006D61293F8EC0293F961F2A3F837E2A3F2A
:1002600056DD2A3F0E3C2B3FAC9A2B3F2FF92B3FFC
:1002700097572C3FE3B52C3F14142D3F29722D3F87
:1002800022D02D3FFE2D2E3FBF8B2E3F62E92E3F09
:10029000E8462F3F51A42F3F9D01303FCB5E303FBA
:1002A000DCBB303FCE18313FA275313F57D2313FD2
:1002B000ED2E323F658B323FBDE7323FF643333F91
:1002C00010A0333F09FC333FE257343F9BB3343F28
:1002D000340F353FAB6A353F02C6353F3821363FD4
:1002E0004C7C363F3ED7363F0F32373FBD8C373FD1
:1002F00049E7373FB341383FFA9B383F1EF6383F56
:100300001F50393FFCA9393FB6033A3F4C5D3A3F95
:10031000BEB63A3F0C103B3F35693B3F39C23B3FCD
:10032000191B3C3FD4733C3F69CC3C3FD8243D3F34
:10033000227D3D3F46D53D3F442D3E3F1C853E3FFF
:10034000CCDC3E3F56343F3FB98B3F3FF5E23F3F69
:10035000093A403FF690403FBAE7403F573E413FA1
:10036000CB94413F17EB413F3B41423F3597423FE2
:1003700006ED423FAE42433F2C98433F81ED433F61
:10038000AB42443FAC97443F82EC443F2D41453F54
:10039000AE95453F04EA453F2F3E463F2E92463FED
:1003A00002E6463FAA39473F268D473F75E0473F63
:1003B0009933483F9086483F5AD9483FF72B493FE9
:1003C000677E493FA9D0493FBE224A3FA5744A3FB4
:1003D0005EC64A3FEA174B3F46694B3F74BA4B3FF4
:1003E000730B4C3F445C4C3FE5AC4C3F57FD4C3FDE
:1003F000994D4D3FAC9D4D3F8FED4D3F413D4E3FA3
:10040000C38C4E3F15DC4E3F362B4F3F267A4F3F75
:10041000E6C84F3F7317503FD065503FFAB3503F87
:10042000F301513FBA4F513F4F9D513FB1EA513F08
:10043000E137523FDE84523FA8D1523F3F1E533F27
:10044000A26A533FD2B6533FCF02543F974E543F18
:100450002C9A543F8CE5543FB830553FAF7B553F05
:1004600071C6553FFF10563F575B563F7AA5563F22
:1004700067EF563F1F39573FA182573FEDCB573F9C
:100480000315583FE25D583F8BA6583FFDEE583F9D
:100490003837593F3C7F593F08C7593F9E0E5A3F56
:1004A000FB555A3F219D5A3F0FE45A3FC52A5B3FF7
:1004B00043715B3F88B75B3F94FD5B3F68435C3FA4
:1004C00003895C3F64CE5C3F8C135D3F7B585D3F8E
:1004D000309D5D3FACE15D3FED255E3FF4695E3FE1
:1004E000C1AD5E3F54F15E3FAC345F3FC9775F3FC3
:1004F000ABBA5F3F52FD5F3FBE3F603FEE81603F62
:10050000E3C3603F9C05613F1947613F5A88613FE3
:100510005FC9613F270A623FB34A623F028B623F75
:1005200014CB623FEA0A633F824A633FDD89633F3F
:10053000FAC8633FDA07643F7C46643FE084643F67
:1005400006C3643FEE00653F983E653F037C653F10
:100550002FB9653F1CF6653FCB32663F3A6F663F69
:100560006BAB663F5BE7663F0D23673F7E5E673F91
:10057000B099673FA2D4673F540F683FC549683FB1
:10058000F683683FE6BD683F96F7683F0531693FEF
:10059000336A693F20A3693FCCDB693F37146A3F68
:1005A0005F4C6A3F47846A3FECBB6A3F50F36A3F47
:1005B000712A6B3F51616B3FEE976B3F48CE6B3FAB
:1005C00060046C3F363A6C3FC86F6C3F18A56C3FB7
:1005D00024DA6C3FEE0E6D3F74436D3FB6776D3F8E
:1005E000B5AB6D3F70DF6D3FE8126E3F1B466E3F4F
:1005F0000A796E3FB5AB6E3F1CDE6E3F3F106F3F1A
:100600001C426F3FB5736F3F0AA56F3F19D66F3F0E
:10061000E306703F6837703FA867703FA297703F4E
:1006200057C7703FC6F6703FF025713FD354713FF6
:100630007183713FC8B1713FDADF713FA50D723F21
:10064000293B723F6768723F5F95723F0FC2723FEE
:1006500079EE723F9C1A733F7846733F0C72733F7A
:100660005A9D733F60C8733F1EF3733F951D743FDF
:10067000C447743FAB71743F4B9B743FA2C4743F3B
:10068000B2ED743F7916753FF83E753F2E67753FA2
:100690001C8F753FC1B6753F1EDE753F3205763F34
:1006A000FD2B763F7F52763FB878763FA89E763F07
:1006B0004FC4763FACE9763FC00E773F8A33773F31
:1006C0000B58773F427C773F2FA0773FD3C3773FCC
:1006D0002CE7773F3C0A783F012D783F7C4F783FED
:1006E000AD71783F9393783F2FB5783F81D6783FAF
:1006F00088F7783F4418793FB538793FDC58793F1F
:10070000B878793F4898793F8EB7793F88D6793F56
:1007100037F5793F9B137A3FB4317A3F814F7A3F67
:10072000036D7A3F388A7A3F23A77A3FC1C37A3F65
:1007300014E07A3F1BFC7A3FD6177B3F45337B3F63
:10074000684E7B3F3E697B3FC9837B3F079E7B3F73
:10075000F9B77B3F9FD17B3FF8EA7B3F04047C3FA6
:10076000C41C7C3F38357C3F5E4D7C3F38657C3F08
:10077000C57C7C3F06947C3FF9AA7C3F9FC17C3FAF
:10078000F8D77C3F05EE7C3FC4037D3F36197D3FA3
:100790005B2E7D3F32437D3FBC577D3FF86B7D3FF5
:1007A000E87F7D3F89937D3FDEA67D3FE4B97D3FB5
:1007B0009DCC7D3F08DF7D3F26F17D3FF6027E3FE9
:1007C00078147E3FAC257E3F92367E3F2A477E3F9F
:1007D00075577E3F71677E3F1F777E3F80867E3FE5
:1007E00092957E3F56A47E3FCBB27E3FF3C07E3FC4
:1007F000CCCE7E3F57DC7E3F94E97E3F82F67E3F43
:1008000022037F3F730F7F3F761B7F3F2B277F3F66
:1008100090327F3FA83D7F3F71487F3FEB527F3F43
:10082000175D7F3FF4667F3F82707F3FC2797F3FD5
:10083000B3827F3F558B7F3FA8937F3FAD9B7F3F28
:1008400063A37F3FCAAA7F3FE2B17F3FACB87F3F3F
:1008500026BF7F3F52C57F3F2FCB7F3FBDD07F3F1D
:10086000FCD57F3FECDA7F3F8DDF7F3FDFE37F3FCB
:10087000E2E77F3F96EB7F3FFCEE7F3F12F27F3F48
:10088000D9F47F3F51F77F3F7AF97F3F55FB7F3F98
:10089000E0FC7F3F1CFE7F3F09FF7F3FA7FF7F3FBC
:1008A000F6FF7F3FF6FF7F3FA7FF7F3F09FF7F3FB8
:1008B0001CFE7F3FE0FC7F3F55FB7F3F7AF97F3F87
:1008C00051F77F3FD9F47F3F12F27F3FFCEE7F3F2D
:1008D00096EB7F3FE2E77F3FDFE37F3F8DDF7F3FA8
:1008E000ECDA7F3FFCD57F3FBDD07F3F2FCB7F3FF2
:1008F00052C57F3F26BF7F3FACB87F3FE2B17F3F0D
:10090000CAAA7F3F63A37F3FAD9B7F3FA8937F3FF2
:10091000558B7F3FB3827F3FC2797F3F82707F3F9D
:10092000F4667F3F175D7F3FEB527F3F71487F3F0B
:10093000A83D7F3F90327F3F2B277F3F761B7F3F35
:10094000730F7F3F22037F3F82F67E3F94E97E3F15
:1009500057DC7E3FCCCE7E3FF3C07E3FCBB27E3FA6
:1009600056A47E3F92957E3F80867E3F1F777E3FD6
:1009700071677E3F75577E3F2A477E3F92367E3FA6
:10098000AC257E3F78147E3FF6027E3F26F17D3F08
:1009900008DF7D3F9DCC7D3FE4B97D3FDEA67D3FF6
:1009A00089937D3FE87F7D3FF86B7D3FBC577D3F5E
:1009B00032437D3F5B2E7D3F36197D3FC4037D3F33
:1009C00005EE7C3FF8D77C3F9FC17C3FF9AA7C3F76
:1009D00006947C3FC57C7C3F38657C3F5E4D7C3F08
:1009E00038357C3FC41C7C3F04047C3FF8EA7B3FE5
:1009F0009FD17B3FF9B77B3F079E7B3FC9837B3FFE
:100A00003E697B3F684E7B3F45337B3FD6177B3F3C
:100A10001BFC7A3F14E07A3FC1C37A3F23A77A3F99
:100A2000388A7A3F036D7A3F814F7A3FB4317A3FFB
:100A30009B137A3F37F5793F88D6793F8EB7793F58
:100A40004898793FB878793FDC58793FB538793F95
:100A50004418793F88F7783F81D6783F2FB5783FA3
:100A60009393783FAD71783F7C4F783F012D783F6D
:100A70003C0A783F2CE7773FD3C3773F2FA0773FDF
:100A8000427C773F0B58773F8A33773FC00E773FE2
:100A9000ACE9763F4FC4763FA89E763FB878763F64
:100AA0007F52763FFD2B763F3205763F1EDE753F47
:100AB000C1B6753F1C8F753F2E67753FF83E753F79
:100AC0007916753FB2ED743FA2C4743F4B9B743FDF
:100AD000AB71743FC447743F951D743F1EF3733F61
:100AE00060C8733F5A9D733F0C72733F7846733FE3
:100AF0009C1A733F79EE723F0FC2723F5F95723F4F
:100B00006768723F293B723FA50D723FDADF713F84
:100B1000C8B1713F7183713FD354713FF025713F6C
:100B2000C6F6703F57C7703FA297703FA867703FE7
:100B30006837703FE306703F19D66F3F0AA56F3FD5
:100B4000B5736F3F1C426F3F3F106F3F1CDE6E3F1F
:100B5000B5AB6E3F0A796E3F1B466E3FE8126E3FA3
:100B600070DF6D3FB5AB6D3FB6776D3F74436D3F42
:100B7000EE0E6D3F24DA6C3F18A56C3FC86F6C3FDA
:100B8000363A6C3F60046C3F48CE6B3FEE976B3F4C
:100B900051616B3F712A6B3F50F36A3FECBB6A3F78
:100BA00047846A3F5F4C6A3F37146A3FCCDB693F3A
:100BB00020A3693F336A693F0531693F96F7683F73
:100BC000E6BD683FF683683FC549683F540F683FFC
:100BD000A2D4673FB099673F7E5E673F0D23673FB2
:100BE0005BE7663F6BAB663F3A6F663FCB32663F73
:100BF0001CF6653F2FB9653F037C653F983E653F16
:100C0000EE00653F06C3643FE084643F7C46643F7A
:100C1000DA07643FFAC8633FDD89633F824A633F76
:100C2000EA0A633F14CB623F028B623FB34A623FE2
:100C3000270A623F5FC9613F5A88613F1947613F98
:100C40009C05613FE3C3603FEE81603FBE3F603F74
:100C500052FD5F3FABBA5F3FC9775F3FAC345F3F48
:100C600054F15E3FC1AD5E3FF4695E3FED255E3FEE
:100C7000ACE15D3F309D5D3F7B585D3F8C135D3F38
:100C800064CE5C3F03895C3F68435C3F94FD5B3FFF
:100C900088B75B3F43715B3FC52A5B3F0FE45A3F18
:100CA000219D5A3FFB555A3F9E0E5A3F08C7593F58
:100CB0003C7F593F3837593FFDEE583F8BA6583F90
:100CC000E25D583F0315583FEDCB573FA182573F98
:100CD0001F39573F67EF563F7AA5563F575B563F40
:100CE000FF10563F71C6553FAF7B553FB830553F5B
:100CF0008CE5543F2C9A543F974E543FCF02543FBB
:100D0000D2B6533FA26A533F3F1E533FA8D1523F32
:100D1000DE84523FE137523FB1EA513F4F9D513F90
:100D2000BA4F513FF301513FFAB3503FD065503FA6
:100D30007317503FE6C84F3F267A4F3F362B4F3F41
:100D400015DC4E3FC38C4E3F413D4E3F8FED4D3F36
:100D5000AC9D4D3F994D4D3F57FD4C3FE5AC4C3F51
:100D6000445C4C3F730B4C3F74BA4B3F46694B3F5E
:100D7000EA174B3F5EC64A3FA5744A3FBE224A3F30
:100D8000A9D0493F677E493FF72B493F5AD9483F91
:100D90009086483F9933483F75E0473F268D473F4F
:100DA000AA39473F02E6463F2E92463F2F3E463F36
:100DB00004EA453FAE95453F2D41453F82EC443F17
:100DC000AC97443FAB42443F81ED433F2C98433FB7
:100DD000AE42433F06ED423F3597423F3B41423FE3
:100DE00017EB413FCB94413F573E413FBAE7403F6D
:100DF000F690403F093A403FF5E23F3FB98B3F3F15
:100E000056343F3FCCDC3E3F1C853E3F442D3E3FA9
:100E100046D53D3F227D3D3FD8243D3F69CC3C3FF8
:100E2000D4733C3F191B3C3F39C23B3F35693B3FC4
:100E30000C103B3FBEB63A3F4C5D3A3FB6033A3FDB
:100E4000FCA9393F1F50393F1EF6383FFA9B383F07
:100E5000B341383F49E7373FBD8C373F0F32373F0B
:100E60003ED7363F4C7C363F3821363F02C6353FB1
:100E7000AB6A353F340F353F9BB3343FE257343FC5
:100E800009FC333F10A0333FF643333FBDE7323F09
:100E9000658B323FED2E323F57D2313FA275313F45
:100EA000CE18313FDCBB303FCB5E303F9D01303F41
:100EB00051A42F3FE8462F3F62E92E3FBF8B2E3FC4
:100EC000FE2D2E3F22D02D3F29722D3F14142D3F91
:100ED000E3B52C3F97572C3F2FF92B3FAC9A2B3F74
:100EE0000E3C2B3F56DD2A3F837E2A3F961F2A3F2A
:100EF0008EC0293F6D61293F3302293FDFA2283F81
:100F00007243283FECE3273F4E84273F9724273F37
:100F1000C8C4263FE064263FE204263FCCA4253F18
:100F20009E44253F5AE4243FFF83243F8D23243FE2
:100F300005C3233F6762233FB301233FE9A0223F5C
:100F40000A40223F16DF213F0D7E213FEF1C213F4B
:100F5000BDBB203F775A203F1CF91F3FAE971F3F74
:100F60002D361F3F98D41E3FF0721E3F35111E3F95
:100F700068AF1D3F884D1D3F96EB1C3F93891C3F7A
:100F80007E271C3F57C51B3F1F631B3FD7001B3FDE
:100F90007E9E1A3F143C1A3F9AD9193F1077193F89
:100FA0007614193FCDB1183F154F183F4DEC173F40
:100FB0007789173F9326173FA0C3163F9F60163FC0
:100FC00090FD153F739A153F4A37153F13D4143FD0
:100FD000CF70143F7F0D143F22AA133FB946133F31
:100FE00044E3123FC47F123F381C123FA1B8113FA7
:100FF000FF54113F52F1103F9B8D103FDA29103FF3
:101000000FC60F3F3A620F3F5BFE0E3F739A0E3FD3
:1010100082360E3F89D20D3F876E0D3F7C0A0D3F11
:101020006AA60C3F4F420C3F2DDE0B3F047A0B3F6C
:10103000D4150B3F9DB10A3F5F4D0A3F1BE9093FA5
:10104000D184093F8120093F2BBC083FD057083F7E
:101050006FF3073F0A8F073FA02A073F32C6063FBC
:10106000C061063F49FD053FCF98053F5234053F1B
:10107000D1CF043F4D6B043FC706043F3EA2033F60
:10108000B23D033F25D9023F9674023F0610023F4E
:1010900074AB013FE146013F4EE2003FBA7D003FA5
:1010A0002519003F2169FF3EF99FFE3ED1D6FD3E46
:1010B000AB0DFD3E8644FC3E647BFB3E44B2FA3EF3
:1010C00028E9F93E1020F93EFB56F83EEC8DF73E3C
:1010D000E1C4F63EDDFBF53EDE32F53EE769F43E67
:1010E000F6A0F33E0DD8F23E2C0FF23E5446F13EF0
:1010F000857DF03EC0B4EF3E04ECEE3E5323EE3E61
:10110000AD5AED3E1392EC3E84C9EB3E0301EB3E3B
:101110008E38EA3E2670E93ECDA7E83E82DFE73E04
:101120004517E73E184FE63EFB86E53EEFBEE43E40
:10113000F3F6E33E082FE33E2F67E23E699FE13E70
:10114000B5D7E03E1510E03E8848DF3E1081DE3E18
:10115000ACB9DD3E5DF2DC3E242BDC3E0164DB3EBF
:10116000F59CDA3EFFD5D93E220FD93E5C48D83EE9
:10117000AF81D73E1BBBD63EA0F4D53E402ED53E18
:10118000F967D43ECEA1D33EBEDBD23ECA15D23ED5
:10119000F24FD13E378AD03E9AC4CF3E1AFFCE3EA0
:1011A000B939CE3E7674CD3E52AFCC3E4EEACB3E00
:1011B0006B25CB3EA860CA3E069CC93E85D7C83E7B
:1011C0002713C83EEB4EC73ED28AC63EDDC6C53E9B
:1011D0000C03C53E5F3FC43ED77BC33E74B8C23EDE
:1011E00037F5C13E2032C13E316FC03E68ACBF3ED4
:1011F000C7E9BE3E4F27BE3EFF64BD3ED8A2BC3EFF
:10120000DBE0BB3E081FBB3E5F5DBA3EE19BB93EE3
:101210008FDAB83E6919B83E6F58B73EA297B63E0E
:1012200002D7B53E9016B53E4D56B43E3896B33E05
:1012300052D6B23E9C16B23E1657B13EC097B03E53
:101240009CD8AF3EA919AF3EE85AAE3E5A9CAD3E7F
:10125000FEDDAC3ED61FAC3EE161AB3E21A4AA3E12
:1012600095E6A93E3F29A93E1E6CA83E33AFA73E96
:101270007FF2A63E0236A63EBC79A53EAEBDA43E98
:10128000D901A43E3C46A33ED98AA23EAECFA13EA0
:10129000BF14A13E0A5AA03E909F9F3E51E59E3E3C
:1012A0004F2B9E3E89719D3E00B89C3EB4FE9B3EF6
:1012B000A6459B3ED68C9A3E45D4993EF21B993E5C
:1012C000DF63983E0DAC973E7AF4963E293D963EFC
:1012D0001986953E4ACF943EBE18943E7562933E61
:1012E0006EAC923EABF6913E2C41913EF18B903E1E
:1012F000FBD68F3E4A228F3EDF6D8E3EBBB98D3EC0
:10130000DC058D3E45528C3EF59E8B3EEDEB8A3ED4
:101310002D398A3EB686893E89D4883EA422883EED
:101320000A71873EBABF863EB50E863EFC5D853E9D
:101330008EAD843E6CFD833E974D833E0F9E823E74
:10134000D4EE813EE73F813E4891803EF0C57F3E2E
:10135000EE697E3E8C0E7D3EC9B37B3EA7597A3E38
:101360002600793E48A7773E0D4F763E76F7743ECD
:1013700084A0733E384A723E92F4703E939F6F3E53
:101380003D4B6E3E90F76C3E8CA46B3E33526A3EF2
:101390008600693E85AF673E315F663E8B0F653ED6
:1013A00093C0633E4B72623EB424613ECED75F3E33
:1013B000988B5E3E17405D3E49F55B3E2EAB5A3E34
:1013C000C961593E1A19583E22D1563EE289553E0E
:1013D0005943543E8AFD523E74B8513E1974503EF2
:1013E0007A304F3E97ED4D3E71AB4C3E086A4B3E16
:1013F0005E294A3E73E9483E49AA473EDF6B463EB6
:10140000362E453E51F1433E2FB5423ED079413E06
:10141000363F403E61053F3E52CC3D3E0B943C3E44
:101420008C5C3B3ED4253A3EE6EF383EC2BA373EAE
:101430006886363EDB52353E1920343E24EE323E7D
:10144000FDBC313EA48C303E1A5D2F3E602E2E3EF8
:1014500077002D3E5FD32B3E19A72A3EA67B293E5F
:101460000651283E3A27273E44FE253E23D6243EF9
:10147000D8AE233E6588223EC962213E063E203E0C
:101480001C1A1F3E0CF71D3ED6D41C3E7CB31B3EDF
:10149000FE921A3E5C73193E9854183EB236173EBF
:1014A000AB19163E83FD143E3BE2133ED4C7123EF9
:1014B0004FAE113EAC95103EEB7D0F3E0F670E3EDA
:1014C00016510D3E033C0C3ED4270B3E8C140A3EB5
:1014D0002B02093EB2F0073E20E0063E78D0053EE2
:1014E000B9C1043EE4B3033EFAA6023EFC9A013EB3
:1014F000E98F003E880BFF3D16F9FC3D83E8FA3D7D
:10150000CBD9F83DF2CCF63DFBC1F43DE2B8F23D5B
:10151000ADB1F03D5CACEE3DF0A8EC3D69A7EA3D15
:10152000CBA7E83D15AAE63D48AEE43D67B4E23DF1
:1015300071BCE03D6AC6DE3D51D2DC3D27E0DA3DBC
:10154000EFEFD83DAA01D73D5915D53DFB2AD33D34
:101550009342D13D245CCF3DAA77CD3D2C95CB3D28
:10156000A9B4C93D20D6C73D94F9C53D061FC43D69
:101570007846C23DEA6FC03D5D9BBE3DD3C8BC3DD1
:101580004DF8BA3DCC29B93D505DB73DDC92B53D33
:1015900070CAB33D0D04B23DB33FB03D677DAE3D73
:1015A00026BDAC3DF3FEAA3DCE42A93DB988A73D7C
:1015B000B6D0A53DC41AA43DE566A23D19B5A03D2F
:1015C00064059F3DC5579D3D3BAC9B3DCB029A3D7D
:1015D000745B983D36B6963D1513953D0F72933D5D
:1015E00027D3913D5C36903DB09B8E3D26038D3DCB
:1015F000BC6C8B3D75D8893D5046883D50B6863DC4
:101600007528853DC09C833D3113823DCC8B803D48
:101610001E0D7E3DF7067B3D2505783DAC07753DEB
:101620008B0E723DC6196F3D5E296C3D533D693D81
:10163000AA55663D6372633D8193603D03B95D3D8C
:10164000EDE25A3D4111583D0244553D2D7B523D3E
:10165000C7B64F3DD4F64C3D503B4A3D4184473DD3
:10166000A6D1443D8423423DD8793F3DAAD43C3D98
:10167000F6333A3DBF97373D0700353DD26C323DDA
:101680001CDE2F3DEB532D3D42CE2A3D1E4D283D05
:1016900084D0253D7258233DEDE4203DF5751E3D77
:1016A0008C0B1C3DB3A5193D6A44173DB6E7143DAC
:1016B000978F123D0D3C103D1BED0D3DC3A20B3D20
:1016C000035D093DE11B073D5BDF043D72A7023D61
:1016D0002C74003D0B8BFC3C0337F83C41ECF33C95
:1016E000CEAAEF3CA572EB3CCC43E73C481EE33C62
:1016F0001402DF3C3AEFDA3CBBE5D63C96E5D23C3F
:10170000D1EECE3C7101CB3C701DC73CD642C33CF0
:10171000A571BF3CDFA9BB3C84EBB73C9936B43C18
:10172000238BB03C1DE9AC3C9150A93C7BC1A53C4E
:10173000E53BA23CC4BF9E3C284D9B3C0DE4973C3E
:101740007184943C5B2E913CD0E18D3CD09E8A3CD0
:101750005465873C6935843C0F0F813C92E47B3CA7
:101760001DBE753CDEAA6F3CC9AA693CEBBD633C5B
:1017700042E45D3CCE1D583C916A523C9ECA4C3CB2
:10178000ED3D473C86C4413C605E3C3C900B373CA1
:101790000BCC313CDC9F2C3C0D87273C8A81223CC2
:1017A000728F1D3CB1B0183C5AE5133C6F2D0F3CB5
:1017B000E5880A3CC6F7053C1E7A013CC11FFA3B8E
:1017C0004972F13BA7EBE83B078CE03B5353D83B16
:1017D000A141D03B0757C83B5993C03BC2F6B83B29
:1017E0004281B13BD932AA3B880BA33B640B9C3BA3
:1017F0005732953B76808E3BC3F5873B3C92813BCD
:10180000C3AB763B94816A3BE8A55E3B9618533B9D
:10181000F4D9473BD6E93C3B3C48323B27F5273BD4
:10182000ECF01D3B363B143B2FD40A3BD7BB013BAE
:101830005EE4F13AC3EEE03A8696D03AFEDBC03A77
:101840002ABFB13AB63FA33AF65D953AEA19883A0B
:1018500028E7763A90D65E3AB500483A9C67323A25
:1018600040091E3AF9E60A3A9001F239FFABD03945
:101870009ACEB1395E699539EBF576396F094839F9
:10188000F60F1E394608F23849D1B138EBF57638F3
:1018900054151E38A7D6B137980A1E377E601E36FB
:1018A00000000000000000007E601E35B1B41D364F
:1018B000A7D6B136980A1E37F8CA76372EC1B13787
:1018C0006EEDF137DBFF1D3846F1473872E07638B0
:1018D00094569538CFBBB1382E95D0380FE8F138F3
:1018E00039DA0A397CFA1D398157323946F14739DC
:1018F000CCC75E3964D876398711883994569539C2
:10190000AA38A339C9B7B1399FD6C0392891D0397F
:1019100068EBE039B1E2F1392DBC013A87D50A3ADA
:10192000103E143ACAF51D3A08FC273ACB50323A19
:10193000BEF43C3AE1E7473A8829533A60BA5E3A46
:10194000689A6A3A49C8763A03A3813ACE08883A37
:1019500086968E3A2B4B953A68279C3A3E2BA33AB3
:101960005556AA3AAFA8B13AA122B93AD5C3C03A5E
:10197000A18CC83AB07CD03A0094D83A93D2E03ADD
:10198000BE38E93A2BC6F13A317BFA3A91AB013BCA
:10199000562D063BE7C20A3BEE6B0F3BC128143BBA
:1019A0000BF9183B20DD1D3BD7D4223B2EE0273B13
:1019B00052FF2C3BEC31323B5278373B2ED23C3B32
:1019C000D63F423BF4C0473BDF554D3B3FFE523BC9
:1019D0006CBA583B0F8A5E3B526D643B62646A3B53
:1019E000E86E703B108D763BADBE7C3B0B82813B3D
:1019F0007BAE843BD1E4873BCC248B3BAE6E8E3BED
:101A00004AC2913BB71F953BF586983BEEF79B3B4F
:101A1000B7729F3B3BF7A23B9085A63BA01DAA3B1C
:101A200081BFAD3B1D6BB13B8920B53BB0DFB83BFF
:101A3000A8A8BC3B5B7BC03BC957C43B073EC83B27
:101A4000EB2DCC3BB627D03B252BD43B5038D83B95
:101A50004C4FDC3B0270E03B749AE43BA1CEE83B88
:101A6000880CED3B2B54F13B89A5F53B8D00FA3BEF
:101A70006165FE3BF869013C1DA6033C15E7053C8A
:101A8000EA2C083C9D770A3C2EC70C3C911B0F3C6E
:101A9000D274113CF1D2133CE235163CB19D183C96
:101AA000520A1B3CD17B1D3C23F21F3C536D223C50
:101AB00055ED243C2A72273CDDFB293C628A2C3CF4
:101AC000BA1D2F3CE5B5313CEE52343CBFF4363CF8
:101AD0006D9B393CEE463C3C41F73E3C5DAC413CA5
:101AE0005766443C2325473CB7E8493C1EB14C3C73
:101AF000587E4F3C6550523C3927553CE102583CDA
:101B00005BE35A3C9EC85D3CB3B2603C90A1633C31
:101B10004095663CB88D693C038B6C3C0B8D6F3CEB
:101B2000E693723C949F753C00B0783C3EC57B3C8C
:101B300039DF7E3C04FF803CCF90823CF824843C1B
:101B40008CBB853C8354873CD9EF883C928D8A3C82
:101B5000B02D8C3C2DD08D3C0E758F3C521C913C91
:101B6000F6C5923CFD71943C6320963C2DD1973C88
:101B70005684993CDD399B3CC9F19C3C0DAC9E3CA4
:101B8000B668A03CBD27A23C23E9A33CE8ACA53C39
:101B90000C73A73C8E3BA93C6E06AB3CA8D3AC3C77
:101BA00041A3AE3C3875B03C8E49B23C3E20B43CBB
:101BB0004CF9B53CB3D4B73C79B2B93C9892BB3C34
:101BC0001175BD3CE259BF3C1341C13C9D2AC33C49
:101BD0008016C53CBC04C73C52F5C83C41E8CA3C31
:101BE00089DDCC3C2BD5CE3C25CFD03C74CBD23C30
:101BF0001CCAD43C18CBD63C6ECED83C1CD4DA3CA4
:101C00001FDCDC3C75E6DE3C25F3E03C2302E33CD4
:101C10007B13E53C2C27E73C2B3DE93C7E55EB3C18
:101C20002670ED3C218DEF3C70ACF13C13CEF33CC3
:101C300005F2F53C4A18F83CE440FA3CCC6BFC3C1D
:101C40000899FE3C4964003D367D013D4A97023DBE
:101C500087B2033DECCE043D79EC053D2C0B073DEE
:101C6000072B083D094C093D336E0A3D81910B3D20
:101C7000F6B50C3D93DB0D3D54020F3D3D2A103D62
:101C80004A53113D7E7D123DD7A8133D55D5143DD5
:101C9000F702163DC031173DAB61183DBB92193DAF
:101CA000F0C41A3D4CF81B3DC72C1D3D69621E3D1A
:101CB0002D991F3D13D1203D1E0A223D4D44233D49
:101CC0009F7F243D12BC253DA7F9263D5E38283D67
:101CD0003978293D34B92A3D51FB2B3D923E2D3DAB
:101CE000F0822E3D72C82F3D140F313DD756323D44
:101CF000BA9F333DBCE9343DE034363D2381373D66
:101D000088CE383D0A1D3A3DAB6C3B3D6EBD3C3D37
:101D10004D0F3E3D4B623F3D66B6403DA30B423DFD
:101D2000FD61433D73B9443D0812463DBA6B473DE2
:101D300088C6483D76224A3D7D7F4B3DA4DD4C3D23
:101D4000E43C4E3D449D4F3DBEFE503D5461523DEE
:101D500004C5533DD029553DB98F563DBCF6573D7E
:101D6000D95E593D10C85A3D63325C3DCD9D5D3D05
:101D7000540A5F3DF277603DADE6613D7F56633DBD
:101D800068C7643D6D39663D87AC673DBB20693DE2
:101D900009966A3D6B0C6C3DE7836D3D7AFC6E3DA8
:101DA0002576703DE4F0713DBC6C733DA9E9743D4E
:101DB000AE67763DC7E6773DF766793D3EE87A3D0A
:101DC000976A7C3D07EE7D3D8C727F3D137C803DA4
:101DD000683F813D4903823DB5C7823DA98C833D63
:101DE0002652843D2F18853DBFDE853DD9A5863D11
:101DF0007E6D873DAB35883D60FE883D9FC7893D40
:101E000066918A3DB65B8B3D8F268C3DEFF18C3D14
:101E1000D9BD8D3D4A8A8E3D43578F3DC324903DA9
:101E2000CCF2903D5DC1913D7590923D1460933D23
:101E30003B30943DE900953D1ED2953DD9A3963D9A
:101E40001B76973DE448983D331C993D0AF0993D37
:101E500066C49A3D47999B3DAF6E9C3D9E449D3D17
:101E6000121B9E3D0BF29E3D89C99F3D8EA1A03D58
:101E7000177AA13D2553A23DB82CA33DD206A43D1F
:101E80006EE1A43D90BCA53D3598A63D5F74A73D8D
:101E90000E51A83D3F2EA93DF70BAA3D30EAAA3DC1
:101EA000EDC8AB3D2FA8AC3DF387AD3D3B68AE3DE3
:101EB0000549AF3D532AB03D230CB13D76EEB13D0F
:101EC0004DD1B23DA4B4B33D7E98B43DDB7CB53D6D
:101ED000B961B63D1947B73DFC2CB83D5F13B93D1C
:101EE00045FAB93DABE1BA3D92C9BB3DFAB1BC3D43
:101EF000E49ABD3D4E84BE3D396EBF3DA458C03D01
:101F00008F43C13DFB2EC23DE61AC33D5207C43D7F
:101F10003EF4C43DA9E1C53D92CFC63DFDBDC73DE0
:101F2000E5ACC83D4D9CC93D348CCA3D9A7CCB3D47
:101F30007D6DCC3DE15ECD3DC150CE3D2043CF3DDA
:101F4000FE35D03D5829D13D311DD23D8611D33DBE
:101F50005A06D43DACFBD43D79F1D53DC5E7D63D1D
:101F60008DDED73DD1D5D83D93CDD93DD0C5DA3D15
:101F700089BEDB3DBFB7DC3D71B1DD3D9EABDE3DD3
:101F800047A6DF3D6CA1E03D0B9DE13D2799E23D79
:101F9000BD95E33DCE92E43D5990E53D618EE63D31
:101FA000E08CE73DDC8BE83D528BE93D408BEA3D20
:101FB000AA8BEB3D8B8CEC3DE88DED3DBD8FEE3D6E
:101FC0000C92EF3DD394F03D1398F13DCD9BF23D43
:101FD000FF9FF33DA9A4F43DCBA9F53D66AFF63DC7
:101FE00078B5F73D02BCF83D03C3F93D7DCAFA3D23
:101FF0006DD2FB3DD6DAFC3DB5E3FD3D0AEDFE3D7D
:10200000D6F6FF3D8C80003EE805013E808B013E08
:102010005311023E6097023EA91D033E2CA4033ECD
:10202000EA2A043EE2B1043E1539053E83C0053E6E
:102030002A48063E0CD0063E2858073E7FE0073E61
:102040000F69083ED9F1083EDD7A093E1B040A3EBD
:10205000938D0A3E44170B3E2FA10B3E532B0C3E93
:10206000B1B50C3E48400D3E18CB0D3E21560E3EFC
:1020700063E10E3EDE6C0F3E93F80F3E8084103E0F
:10208000A510113E039D113E9A29123E69B6123EDB
:102090007143133EB0D0133E285E143ED9EB143E7C
:1020A000C179153EE107163E3896163EC824173E04
:1020B00090B3173E8E42183EC5D1183E3261193E8C
:1020C000D8F0193EB4801A3EC8101B3E13A11B3E27
:1020D00094311C3E4CC21C3E3C531D3E62E41D3EEE
:1020E000BE751E3E52071F3E1B991F3E1B2B203EF6
:1020F00052BD203EBE4F213E61E2213E3975223E57
:102100004808233E8D9B233E072F243EB6C2243E23
:102110009C56253EB7EA253E077F263E8D13273E77
:1021200047A8273E383D283E5DD2283EB767293E66
:1021300045FD293E09932A3E01292B3E2EBF2B3E09
:1021400090552C3E25EC2C3EEF822D3EED192E3E77
:1021500020B12E3E87482F3E21E02F3EEF77303EC4
:10216000F10F313E27A8313E9040323E2DD9323E0C
:10217000FD71333E010B343E37A4343EA13D353E64
:102180003ED7353E0E71363E100B373E46A5373EE4
:10219000AE3F383E48DA383E1575393E15103A3EA6
:1021A00047AB3A3EAB463B3E41E23B3E097E3C3EBE
:1021B000031A3D3E2EB63D3E8C523E3E1CEF3E3E47
:1021C000DC8B3F3ECE28403EF2C5403E4763413E59
:1021D000CC00423E849E423E6B3C433E84DA433E0A
:1021E000CE78443E4817453EF3B5453ECE54463E74
:1021F000DAF3463E1693473E8332483E1ED2483EAF
:10220000EB71493EE7114A3E13B24A3E6F524B3ED4
:10221000FBF24B3EB6934C3EA0344D3EBAD54D3EFC
:1022200003774E3E7B184F3E22BA4F3EF85B503E3E
:10223000FDFD503E31A0513E9342523E24E5523EB8
:10224000E387533ED22A543EEDCD543E3771553E7E
:10225000B014563E56B8563E2A5C573E2C00583EA7
:102260005BA4583EB948593E43ED593EFB915A3E56
:10227000E0365B3EF3DB5B3E32815C3E9E265D3E9C
:1022800038CC5D3EFD715E3EF0175F3E0FBE5F3E97
:102290005B64603ED30A613E78B1613E4958623E5C
:1022A00045FF623E6EA6633EC24D643E42F5643E0B
:1022B000EF9C653EC644663EC9EC663EF794673EB9
:1022C000513D683ED6E5683E868E693E60376A3E7F
:1022D00066E06A3E96896B3EF1326C3E77DC6C3E7E
:1022E00027866D3E01306E3E06DA6E3E35846F3EC7
:1022F0008E2E703E11D9703EBD83713E942E723E7B
:1023000094D9723EBD84733E1030743E8CDB743EB3
:102310003287753E0033763EF8DE763E198B773E87
:102320006237783ED4E3783E6F90793E323D7A3E14
:102330001DEA7A3E31977B3E6D447C3ED1F17C3E76
:102340005D9F7D3E104D7E3EECFA7E3EF0A87F3EC6
:102350008D2B803EB682803EF3D9803E4431813E53
:10236000A788813E1FE0813EAA37823E488F823E89
:10237000FAE6823EBF3E833E9796833E83EE833EDF
:102380008146843E939E843EB8F6843EF04E853E60
:102390003AA7853E98FF853E0858863E8BB0863E1C
:1023A0002109873EC961873E84BA873E5213883E21
:1023B000326C883E25C5883E2A1E893E4177893E7B
:1023C0006BD0893EA7298A3EF5828A3E55DC8A3E3B
:1023D000C7358B3E4C8F8B3EE2E88B3E8A428C3E6B
:1023E000449C8C3E10F68C3EED4F8D3EDCA98D3E1C
:1023F000DE038E3EF05D8E3E14B88E3E49128F3E57
:10240000906C8F3EE9C68F3E5221903ECD7B903E30
:1024100059D6903EF630913EA58B913E64E6913EB2
:102420003441923E169C923E08F7923E0B52933EE8
:102430001FAD933E4308943E7863943EBEBE943EE7
:10244000141A953E7B75953EF2D0953E792C963EBA
:102450001288963EB9E3963E723F973E3A9B973E6E
:1024600013F7973EFC52983EF4AE983EFD0A993E13
:102470001667993E3EC3993E761F9A3EBE7B9A3EB2
:1024800016D89A3E7D349B3EF3909B3E7AED9B3E60
:102490000F4A9C3EB4A69C3E69039D3E2C609D3E27
:1024A000FFBC9D3EE1199E3ED2769E3ED2D39E3E1B
:1024B000E1309F3EFF8D9F3E2CEB9F3E6848A03E43
:1024C000B3A5A03E0C03A13E7460A13EEABDA13EAF
:1024D0006F1BA23E0379A23EA5D6A23E5534A33E71
:1024E0001492A33EE0EFA33EBC4DA43EA5ABA43E98
:1024F0009C09A53EA267A53EB5C5A53ED623A63E2E
:102500000582A63E42E0A63E8D3EA73EE59CA73E44
:102510004BFBA73EBF59A83E40B8A83ECF16A93EE8
:102520006B75A93E14D4A93ECB32AA3E8F91AA3E28
:1025300060F0AA3E3E4FAB3E29AEAB3E220DAC3E14
:10254000276CAC3E39CBAC3E582AAD3E8489AD3EBB
:10255000BCE8AD3E0148AE3E53A7AE3EB106AF3E2D
:102560001C66AF3E93C5AF3E1725B03EA784B03E74
:1025700043E4B03EEB43B13EA0A3B13E6103B23EA3
:102580002D63B23E06C3B23EEA22B33EDB82B33EC7
:10259000D7E2B33EDF42B43EF3A2B43E1203B53EEF
:1025A0003D63B53E73C3B53EB523B63E0284B63E29
:1025B0005BE4B63EBE44B73E2EA5B73EA805B83E86
:1025C0002D66B83EBEC6B83E5927B93EFF87B93E14
:1025D000B0E8B93E6C49BA3E33AABA3E040BBB3EE2
:1025E000E06BBB3EC7CCBB3EB82DBC3EB48EBC3E00
:1025F000BAEFBC3ECA50BD3EE5B1BD3E0A13BE3E79
:102600003974BE3E72D5BE3EB536BF3E0398BF3E5E
:102610005AF9BF3EBB5AC03E26BCC03E9A1DC13EC1
:10262000197FC13EA0E0C13E3242C23ECDA3C23EB0
:102630007205C33E2067C33ED7C8C33E982AC43E36
:10264000618CC43E34EEC43E1150C53EF6B1C53E69
:10265000E413C63EDB75C63EDBD7C63EE439C73E53
:10266000F59BC73E0FFEC73E3360C83E5EC2C83E04
:102670009224C93ECE86C93E13E9C93E604BCA3E8C
:10268000B6ADCA3E1410CB3E7A72CB3EE8D4CB3EF8
:102690005E37CC3EDC99CC3E62FCCC3EF05ECD3E5B
:1026A00085C1CD3E2324CE3EC886CE3E74E9CE3EC3
:1026B000294CCF3EE5AECF3EA811D03E7274D03E3D
:1026C00044D7D03E1E3AD13EFE9CD13EE6FFD13EDD
:1026D000D562D23ECBC5D23EC728D33ECB8BD33EAC
:1026E000D6EED33EE751D43EFFB4D43E1E18D53EBD
:1026F000437BD53E6FDED53EA241D63EDAA4D63E20
:102700001A08D73E5F6BD73EABCED73EFD31D83EE1
:102710005595D83EB4F8D83E185CD93E82BFD93E14
:10272000F222DA3E6886DA3EE4E9DA3E664DDB3EC6
:10273000EDB0DB3E7A14DC3E0C78DC3EA4DBDC3E04
:10274000413FDD3EE4A2DD3E8B06DE3E396ADE3EE1
:10275000EBCDDE3EA231DF3E5F95DF3E20F9DF3E6E
:10276000E75CE03EB2C0E03E8224E13E5788E13EB5
:1027700031ECE13E0F50E23EF2B3E23ED917E33EC8
:10278000C57BE33EB5DFE33EA943E43EA2A7E43EBA
:102790009F0BE53EA06FE53EA6D3E53EAF37E63E94
:1027A000BC9BE63ECEFFE63EE363E73EFCC7E73E6A
:1027B000182CE83E3990E83E5DF4E83E8458E93E46
:1027C000AFBCE93EDD20EA3E0F85EA3E44E9EA3E41
:1027D0007D4DEB3EB8B1EB3EF715EC3E387AEC3E62
:1027E0007DDEEC3EC542ED3E0FA7ED3E5D0BEE3EBD
:1027F000AD6FEE3E00D4EE3E5638EF3EAD9CEF3E60
:102800000801F03E6565F03EC5C9F03E272EF13E59
:102810008B92F13EF1F6F13E5A5BF23EC4BFF23EBE
:102820003124F33EA088F33E11EDF33E8351F43E94
:10283000F7B5F43E6D1AF53EE57EF53E5EE3F53EF6
:10284000DA47F63E56ACF63ED410F73E5375F73EE7
:10285000D3D9F73E553EF83ED8A2F83E5C07F93E84
:10286000E16BF93E68D0F93EEF34FA3E7799FA3ED3
:1028700000FEFA3E8962FB3E14C7FB3E9F2BFC3EE6
:102880002B90FC3EB6F4FC3E4359FD3ED0BDFD3ED0
:102890005E22FE3EEB86FE3E79EBFE3E0750FF3E9B
:1028A00095B4FF3E920C003FD93E003F2071003F9F
:1028B00067A3003FAED5003FF507013F3B3A013F1C
:1028C000826C013FC89E013F0ED1013F5303023F7E
:1028D0009935023FDE67023F229A023F67CC023FF2
:1028E000AAFE023FEE30033F3163033F7395033F7F
:1028F000B5C7033FF6F9033F372C043F775E043F2B
:10290000B690043FF4C2043F32F5043F6F27053F01
:10291000AB59053FE78B053F22BE053F5BF0053F06
:102920009422063FCC54063F0387063F38B9063F42
:102930006DEB063FA11D073FD44F073F0582073FC0
:1029400036B4073F65E6073F9318083FBF4A083F84
:10295000EB7C083F15AF083F3EE1083F6513093F98
:102960008B45093FB077093FD3A9093FF5DB093F04
:10297000150E0A3F33400A3F50720A3F6CA40A3FCB
:1029800085D60A3F9D080B3FB43A0B3FC86C0B3FFE
:10299000DB9E0B3FECD00B3FFB020C3F09350C3F9D
:1029A00014670C3F1E990C3F25CB0C3F2BFD0C3FB1
:1029B0002F2F0D3F30610D3F30930D3F2DC50D3F43
:1029C00029F70D3F22290E3F195B0E3F0E8D0E3F5A
:1029D00000BF0E3FF0F00E3FDE220F3FCA540F3F04
:1029E000B3860F3F9AB80F3F7FEA0F3F611C103F3D
:1029F000404E103F1D80103FF8B1103FCFE3103F15
:102A0000A515113F7747113F4779113F14AB113F8F
:102A1000DFDC113FA70E123F6C40123F2E72123FB7
:102A2000EDA3123FAAD5123F6307133F1A39133F94
:102A3000CD6A133F7E9C133F2CCE133FD6FF133F2E
:102A40007E31143F2263143FC394143F61C6143F88
:102A5000FCF7143F9429153F285B153FB98C153FAF
:102A600047BE153FD1EF153F5821163FDC52163FA8
:102A70005C84163FD9B5163F52E7163FC718173F7B
:102A8000394A173FA87B173F13AD173F7ADE173F30
:102A9000DD0F183F3D41183F9972183FF1A3183FD1
:102AA00046D5183F9606193FE337193F2C69193F61
:102AB000719A193FB2CB193FEFFC193F282E1A3FEC
:102AC0005D5F1A3F8E901A3FBBC11A3FE4F21A3F76
:102AD00008241B3F28551B3F44861B3F5CB71B3F08
:102AE00070E81B3F7F191C3F8A4A1C3F917B1C3FAB
:102AF00093AC1C3F91DD1C3F8A0E1D3F7F3F1D3F65
:102B00006F701D3F5BA11D3F42D21D3F25031E3F3D
:102B100003341E3FDC641E3FB1951E3F81C61E3F3D
:102B20004CF71E3F12281F3FD4581F3F91891F3F6B
:102B300049BA1F3FFCEA1F3FA91B203F534C203FCF
:102B4000F77C203F96AD203F30DE203FC50E213F71
:102B5000553F213FE06F213F65A0213FE6D0213F57
:102B60006101223FD731223F4762223FB392223F89
:102B700019C3223F7AF3223FD523233F2B54233F0F
:102B80007B84233FC6B4233F0BE5233F4B15243FF3
:102B90008645243FBA75243FE9A5243F13D6243F38
:102BA0003706253F5536253F6D66253F8096253FE4
:102BB0008CC6253F93F6253F9426263F8F56263F09
:102BC0008586263F74B6263F5DE6263F4116273FA1
:102BD0001E46273FF575273FC6A5273F91D5273FBE
:102BE0005605283F1535283FCD64283F8094283F5F
:102BF0002CC4283FD1F3283F7123293F0A53293F92
:102C00009C82293F29B2293FAFE1293F2E112A3F5B
:102C1000A7402A3F19702A3F859F2A3FEACE2A3FC4
:102C200049FE2A3FA12D2B3FF25C2B3F3D8C2B3FD1
:102C300081BB2B3FBEEA2B3FF5192C3F24492C3F8B
:102C40004D782C3F6FA72C3F8AD62C3F9E052D3FF9
:102C5000AB342D3FB1632D3FB1922D3FA9C12D3F24
:102C60009AF02D3F841F2E3F674E2E3F427D2E3F10
:102C700017AC2E3FE4DA2E3FAB092F3F69382F3FC8
:102C800021672F3FD1952F3F7AC42F3F1CF32F3F51
:102C9000B621303F4950303FD47E303F58AD303FB1
:102CA000D4DB303F490A313FB638313F1C67313FF2
:102CB0007A95313FD0C3313F1FF2313F6620323F1A
:102CC000A54E323FDC7C323F0CAB323F34D9323F31
:102CD0005407333F6C35333F7C63333F8491333F3C
:102CE00085BF333F7DED333F6E1B343F5649343F44
:102CF0003677343F0EA5343FDED2343FA600353F51
:102D0000662E353F1D5C353FCD89353F74B7353F65
:102D100012E5353FA912363F3740363FBC6D363F8E
:102D20003A9B363FAFC8363F1BF6363F7F23373FCF
:102D3000DA50373F2D7E373F78AB373FB9D8373F32
:102D4000F205383F2333383F4B60383F6A8D383FB8
:102D500080BA383F8EE7383F9314393F8F41393F6F
:102D6000826E393F6C9B393F4EC8393F26F5393F5B
:102D7000F6213A3FBC4E3A3F7A7B3A3F2FA83A3F82
:102D8000DAD43A3F7D013B3F162E3B3FA65A3B3FEC
:102D90002D873B3FABB33B3F20E03B3F8B0C3C3FA1
:102DA000EE383C3F47653C3F96913C3FDCBD3C3FA5
:102DB00019EA3C3F4D163D3F77423D3F976E3D3F00
:102DC000AE9A3D3FBCC63D3FC0F23D3FBB1E3E3FBD
:102DD000AC4A3E3F93763E3F71A23E3F45CE3E3FDA
:102DE0000FFA3E3FD0253F3F87513F3F347D3F3F65
:102DF000D7A83F3F70D43F3F0000403F862B403F65
:102E00000257403F7482403FDCAD403F3AD9403FDB
:102E10008E04413FD82F413F175B413F4D86413FD4
:102E200079B1413F9ADC413FB207423FBF32423F56
:102E3000C25D423FBB88423FAAB3423F8EDE423F63
:102E40006809433F3734433FFC5E433FB789433F04
:102E500067B4433F0DDF433FA909443F3A34443F41
:102E6000C05E443F3C89443FAEB3443F14DE443F20
:102E70007008453FC232453F095D453F4587453FA4
:102E800076B1453F9DDB453FB805463FC92F463FDC
:102E9000CF59463FCB83463FBBAD463FA1D7463FC8
:102EA0007B01473F4B2B473F1055473FC97E473F6C
:102EB00078A8473F1CD2473FB4FB473F4225483FD5
:102EC000C44E483F3B78483FA7A1483F07CB483F07
:102ED0005DF4483FA71D493FE646493F1A70493F08
:102EE0004299493F5FC2493F70EB493F77144A3FDF
:102EF000713D4A3F61664A3F458F4A3F1DB84A3F90
:102F0000EAE04A3FAB094B3F60324B3F0B5B4B3F24
:102F1000A9834B3F3CAC4B3FC3D44B3F3EFD4B3FA3
:102F2000AE254C3F124E4C3F6A764C3FB69E4C3F0E
:102F3000F7C64C3F2BEF4C3F54174D3F713F4D3F71
:102F400082674D3F878F4D3F80B74D3F6DDF4D3FCF
:102F50004E074E3F242F4E3FEC564E3FA97E4E3F2C
:102F60005AA64E3FFFCD4E3F97F54E3F231D4F3F94
:102F7000A4444F3F186C4F3F7F934F3FDBBA4F3F06
:102F80002AE24F3F6C09503FA330503FCD57503F8E
:102F9000EA7E503FFBA5503F00CD503FF8F3503F35
:102FA000E41A513FC341513F9668513F5C8F513FF6
:102FB00016B6513FC3DC513F6303523FF729523FDE
:102FC0007E50523FF876523F669D523FC7C3523FF4
:102FD0001BEA523F6210533F9C36533FCA5C533F3B
:102FE000EB82533FFFA8533F06CF533F00F5533FBB
:102FF000ED1A543FCD40543FA066543F668C543F79
:103000001FB2543FCBD7543F6AFD543FFC22553F7B
:103010008048553FF86D553F6293553FBFB8553FC7
:103020000FDE553F5203563F8728563FAF4D563F60
:10303000CA72563FD797563FD7BC563FCAE1563F54
:10304000AF06573F872B573F5150573F0E75573F9D
:10305000BE99573F60BE573FF4E2573F7B07583F4A
:10306000F42B583F6050583FBE74583F0E99583F5C
:1030700051BD583F86E1583FAD05593FC629593FDC
:10308000D24D593FD071593FC095593FA3B9593FCF
:1030900077DD593F3E015A3FF7245A3FA2485A3F35
:1030A0003F6C5A3FCE8F5A3F4FB35A3FC2D65A3F1A
:1030B00027FA5A3F7E1D5B3FC7405B3F01645B3F81
:1030C0002E875B3F4DAA5B3F5DCD5B3F5FF05B3F73
:1030D00054135C3F39365C3F11595C3FDB7B5C3FEE
:1030E000969E5C3F43C15C3FE1E35C3F72065D3FFF
:1030F000F3285D3F674B5D3FCC6D5D3F23905D3FA7
:103100006BB25D3FA5D45D3FD0F65D3FED185E3FED
:10311000FB3A5E3FFB5C5E3FEC7E5E3FCFA05E3FD6
:10312000A3C25E3F68E45E3F1F065F3FC7275F3F65
:1031300061495F3FEC6A5F3F688C5F3FD5AD5F3FA1
:1031400033CF5F3F83F05F3FC411603FF632603F93
:103150001954603F2E75603F3396603F2AB7603F39
:1031600011D8603FEAF8603FB419613F6F3A613FA0
:103170001B5B613FB77B613F459C613FC4BC613FC6
:1031800033DD613F94FD613FE51D623F283E623FB4
:103190005B5E623F7F7E623F939E623F99BE623F6D
:1031A0008FDE623F76FE623F4E1E633F163E633FF8
:1031B000CF5D633F797D633F149D633F9FBC633F59
:1031C0001ADC633F87FB633FE41A643F313A643F94
:1031D0006F59643F9D78643FBC97643FCCB6643FB1
:1031E000CCD5643FBCF4643F9D13653F6E32653FB0
:1031F0003051653FE26F653F848E653F16AD653F98
:1032000099CB653F0DEA653F7008663FC426663F6F
:103210000845663F3C63663F6181663F759F663F38
:103220007ABD663F6FDB663F54F9663F2917673FFB
:10323000EE34673FA452673F4970673FDE8D673FBA
:1032400064AB673FD9C8673F3FE6673F9403683F79
:10325000DA20683F0F3E683F345B683F4978683F3B
:103260004E95683F43B2683F28CF683FFCEB683F0C
:10327000C108693F7525693F1942693FAC5E693FE6
:10328000307B693FA397693F06B4693F58D0693FD7
:103290009BEC693FCD086A3FEE246A3FFF406A3FDE
:1032A000005D6A3FF0786A3FD0946A3FA0B06A3F01
:1032B0005FCC6A3F0DE86A3FAB036B3F391F6B3F42
:1032C000B63A6B3F22566B3F7E716B3FC98C6B3FAA
:1032D00004A86B3F2EC36B3F48DE6B3F51F96B3F39
:1032E00049146C3F302F6C3F074A6C3FCD646C3FF4
:1032F000837F6C3F279A6C3FBBB46C3F3ECF6C3FE3
:10330000B1E96C3F12046D3F631E6D3FA3386D3F02
:10331000D2526D3FF06C6D3FFD866D3FFAA06D3F60
:10332000E5BA6D3FC0D46D3F89EE6D3F42086E3FF8
:10333000E9216E3F803B6E3F06556E3F7A6E6E3FD1
:10334000DE876E3F30A16E3F72BA6E3FA2D36E3FF2
:10335000C2EC6E3FD0056F3FCD1E6F3FB8376F3F59
:1033600093506F3F5D696F3F15826F3FBC9A6F3F0F
:1033700052B36F3FD7CB6F3F4AE46F3FADFC6F3F17
:10338000FE14703F3D2D703F6C45703F885D703F6F
:103390009475703F8E8D703F77A5703F4FBD703F25
:1033A00015D5703FCAEC703F6D04713FFF1B713F34
:1033B0008033713FEF4A713F4C62713F9879713FA2
:1033C000D390713FFCA7713F13BF713F19D6713F76
:1033D0000DED713FF003723FC11A723F8131723FB0
:1033E0002F48723FCB5E723F5675723FCE8B723F55
:1033F00036A2723F8BB8723FD0CE723F02E5723F69
:1034000022FB723F3111733F2E27733F193D733FEB
:10341000F352733FBA68733F707E733F1494733FE7
:10342000A6A9733F27BF733F95D4733FF2E9733F5B
:103430003DFF733F7614743F9D29743FB13E743F46
:10344000B553743FA668743F857D743F5292743FB4
:103450000DA7743FB6BB743F4ED0743FD3E4743FA6
:1034600046F9743FA70D753FF621753F3336753F1A
:103470005E4A753F775E753F7D72753F7286753F18
:10348000549A753F25AE753FE3C1753F8FD5753FA3
:1034900029E9753FB0FC753F2610763F8923763FBA
:1034A000DA36763F184A763F455D763F5F70763F65
:1034B0006783763F5D96763F40A9763F11BC763FA5
:1034C000D0CE763F7CE1763F16F4763F9E06773F7E
:1034D0001319773F762B773FC73D773F0550773FEE
:1034E0003062773F4A74773F5186773F4598773F00
:1034F00027AA773FF7BB773FB4CD773F5EDF773FB3
:10350000F6F0773F7C02783FEF13783F5025783F05
:103510009E36783FD947783F0259783F186A783FFE
:103520001C7B783F0D8C783FEC9C783FB8AD783FA2
:1035300071BE783F18CF783FACDF783F2DF0783FF1
:103540009C00793FF810793F4121793F7831793FEC
:103550009C41793FAD51793FAC61793F9871793F9A
:103560007181793F3791793FEBA0793F8CB0793FFA
:103570001AC0793F95CF793FFEDE793F54EE793F0F
:1035800096FD793FC70C7A3FE41B7A3FEE2A7A3FDB
:10359000E6397A3FCA487A3F9C577A3F5B667A3F62
:1035A00007757A3FA0837A3F27927A3F9AA07A3FA5
:1035B000FAAE7A3F48BD7A3F83CB7A3FAAD97A3FA9
:1035C000BFE77A3FC1F57A3FAF037B3F8B117B3F6B
:1035D000541F7B3F0A2D7B3FAC3A7B3F3C487B3FEF
:1035E000B9557B3F23637B3F79707B3FBD7D7B3F3C
:1035F000ED8A7B3F0B987B3F15A57B3F0DB27B3F50
:10360000F1BE7B3FC2CB7B3F80D87B3F2BE57B3F2E
:10361000C3F17B3F48FE7B3FB90A7C3F18177C3FD4
:1036200063237C3F9B2F7C3FC03B7C3FD2477C3F4A
:10363000D1537C3FBC5F7C3F956B7C3F5A777C3F8E
:103640000C837C3FAA8E7C3F369A7C3FAEA57C3FA4
:1036500013B17C3F65BC7C3FA3C77C3FCFD27C3F8E
:10366000E7DD7C3FECE87C3FDDF37C3FBBFE7C3F4D
:1036700086097D3F3E147D3FE21E7D3F73297D3FDD
:10368000F1337D3F5B3E7D3FB2487D3FF6527D3F4B
:10369000265D7D3F44677D3F4D717D3F447B7D3F8F
:1036A00027857D3FF68E7D3FB2987D3F5BA27D3FB3
:1036B000F1AB7D3F73B57D3FE2BE7D3F3DC87D3FB1
:1036C00085D17D3FB9DA7D3FDAE37D3FE8EC7D3F90
:1036D000E2F57D3FC9FE7D3F9D077E3F5C107E3F4A
:1036E00009197E3FA2217E3F272A7E3F99327E3FE5
:1036F000F83A7E3F43437E3F7B4B7E3F9F537E3F66
:10370000B05B7E3FAD637E3F966B7E3F6D737E3FC9
:103710002F7B7E3FDE827E3F7A8A7E3F02927E3F13
:1037200077997E3FD8A07E3F25A87E3F5FAF7E3F42
:1037300086B67E3F98BD7E3F98C47E3F84CB7E3F59
:103740005CD27E3F20D97E3FD2DF7E3F6FE67E3F58
:10375000F9EC7E3F6FF37E3FD2F97E3F21007F3F41
:103760005D067F3F840C7F3F99127F3F9A187F3F11
:10377000871E7F3F60247F3F262A7F3FD82F7F3FD1
:1037800077357F3F023B7F3F79407F3FDD457F3F7D
:103790002D4B7F3F6A507F3F93557F3FA85A7F3F15
:1037A000A95F7F3F97647F3F72697F3F386E7F3F9D
:1037B000EB727F3F8A777F3F167C7F3F8E807F3F13
:1037C000F2847F3F43897F3F808D7F3FA9917F3F78
:1037D000BE957F3FC0997F3FAE9D7F3F89A17F3FD0
:1037E00050A57F3F03A97F3FA2AC7F3F2EB07F3F14
:1037F000A6B37F3F0AB77F3F5BBA7F3F97BD7F3F4E
:10380000C1C07F3FD6C37F3FD8C67F3FC6C97F3F79
:10381000A0CC7F3F67CF7F3F1AD27F3FB9D47F3F95
:1038200044D77F3FBCD97F3F20DC7F3F70DE7F3FA6
:10383000ADE07F3FD6E27F3FEBE47F3FECE67F3FAA
:10384000DAE87F3FB3EA7F3F7AEC7F3F2CEE7F3FA1
:10385000CBEF7F3F56F17F3FCDF27F3F30F47F3F8C
:1038600080F57F3FBCF67F3FE4F77F3FF8F87F3F6E
:10387000F9F97F3FE6FA7F3FBFFB7F3F85FC7F3F43
:1038800037FD7F3FD5FD7F3F5FFE7F3FD5FE7F3F0A
:1038900038FF7F3F87FF7F3FC2FF7F3FEAFF7F3FC9
:1038A000FDFF7F3FFDFF7F3FEAFF7F3FC2FF7F3F7E
:1038B00087FF7F3F38FF7F3FD5FE7F3F5FFE7F3F23
:1038C000D5FD7F3F37FD7F3F85FC7F3FBFFB7F3FBF
:1038D000E6FA7F3FF9F97F3FF8F87F3FE4F77F3F53
:1038E000BCF67F3F80F57F3F30F47F3FCDF27F3FD6
:1038F00056F17F3FCBEF7F3F2CEE7F3F7AEC7F3F4F
:10390000B3EA7F3FDAE87F3FECE67F3FEBE47F3FBF
:10391000D6E27F3FADE07F3F70DE7F3F20DC7F3F20
:10392000BCD97F3F44D77F3FB9D47F3F1AD27F3F76
:1039300067CF7F3FA0CC7F3FC6C97F3FD8C67F3FC0
:10394000D6C37F3FC1C07F3F97BD7F3F5BBA7F3FFC
:103950000AB77F3FA6B37F3F2EB07F3FA2AC7F3F29
:1039600003A97F3F50A57F3F89A17F3FAE9D7F3F49
:10397000C0997F3FBE957F3FA9917F3F808D7F3F5C
:1039800043897F3FF2847F3F8E807F3F167C7F3F5D
:103990008A777F3FEB727F3F386E7F3F72697F3F50
:1039A00097647F3FA95F7F3FA85A7F3F93557F3F32
:1039B0006A507F3F2D4B7F3FDD457F3F79407F3F02
:1039C000023B7F3F77357F3FD82F7F3F262A7F3FBF
:1039D00060247F3F871E7F3F9A187F3F99127F3F69
:1039E000840C7F3F5D067F3F21007F3FD2F97E3F01
:1039F0006FF37E3FF9EC7E3F6FE67E3FD2DF7E3F86
:103A000020D97E3F5CD27E3F84CB7E3F98C47E3FF0
:103A100098BD7E3F86B67E3F5FAF7E3F25A87E3F46
:103A2000D8A07E3F77997E3F02927E3F7A8A7E3F82
:103A3000DE827E3F2F7B7E3F6D737E3F966B7E3FA7
:103A4000AD637E3FB05B7E3F9F537E3F7B4B7E3FAF
:103A500043437E3FF83A7E3F99327E3F272A7E3F9E
:103A6000A2217E3F09197E3F5C107E3F9D077E3F6D
:103A7000C9FE7D3FE2F57D3FE8EC7D3FDAE37D3F27
:103A8000B9DA7D3F85D17D3F3DC87D3FE2BE7D3FB8
:103A900073B57D3FF1AB7D3F5BA27D3FB2987D3F2B
:103AA000F68E7D3F27857D3F447B7D3F4D717D3F79
:103AB00044677D3F265D7D3FF6527D3FB2487D3FA6
:103AC0005B3E7D3FF1337D3F73297D3FE21E7D3FAD
:103AD0003E147D3F86097D3FBBFE7C3FDDF37C3F8E
:103AE000ECE87C3FE7DD7C3FCFD27C3FA3C77C3F47
:103AF00065BC7C3F13B17C3FAEA57C3F369A7C3FD2
:103B0000AA8E7C3F0C837C3F5A777C3F956B7C3F31
:103B1000BC5F7C3FD1537C3FD2477C3FC03B7C3F66
:103B20009B2F7C3F63237C3F18177C3FB90A7C3F67
:103B300048FE7B3FC3F17B3F2BE57B3F80D87B3F3B
:103B4000C2CB7B3FF1BE7B3F0DB27B3F15A57B3FD8
:103B50000B987B3FED8A7B3FBD7D7B3F79707B3F40
:103B600023637B3FB9557B3F3C487B3FAC3A7B3F6F
:103B70000A2D7B3F541F7B3F8B117B3FAF037B3F65
:103B8000C1F57A3FBFE77A3FAAD97A3F83CB7A3F24
:103B900048BD7A3FFAAE7A3F9AA07A3F27927A3FA1
:103BA000A0837A3F07757A3F5B667A3F9C577A3FDE
:103BB000CA487A3FE6397A3FEE2A7A3FE41B7A3FD9
:103BC000C70C7A3F96FD793F54EE793FFEDE793F90
:103BD00095CF793F1AC0793F8CB0793FEBA0793F00
:103BE0003791793F7181793F9871793FAC61793F25
:103BF000AD51793F9C41793F7831793F4121793FFF
:103C0000F810793F9C00793F2DF0783FACDF783F8A
:103C100018CF783F71BE783FB8AD783FEC9C783FC5
:103C20000D8C783F1C7B783F186A783F0259783FAB
:103C3000D947783F9E36783F5025783FEF13783F3D
:103C40007C02783FF6F0773F5EDF773FB4CD773F79
:103C5000F7BB773F27AA773F4598773F5186773F55
:103C60004A74773F3062773F0550773FC73D773FD3
:103C7000762B773F1319773F9E06773F16F4763FF2
:103C80007CE1763FD0CE763F11BC763F40A9763FAF
:103C90005D96763F6783763F5F70763F455D763F02
:103CA000184A763FDA36763F8923763F2610763FEC
:103CB000B0FC753F29E9753F8FD5753FE3C1753F6E
:103CC00025AE753F549A753F7286753F7D72753F7C
:103CD000775E753F5E4A753F3336753FF621753F17
:103CE000A70D753F46F9743FD3E4743F4ED0743F3F
:103CF000B6BB743F0DA7743F5292743F857D743FED
:103D0000A668743FB553743FB13E743F9D29743F1C
:103D10007614743F3DFF733FF2E9733F95D4733FD0
:103D200027BF733FA6A9733F1494733F707E733F00
:103D3000BA68733FF352733F193D733F2E27733FA9
:103D40003111733F22FB723F02E5723FD0CE723FCA
:103D50008BB8723F36A2723FCE8B723F5675723F60
:103D6000CB5E723F2F48723F8131723FC11A723F62
:103D7000F003723F0DED713F19D6713F13BF713FD4
:103D8000FCA7713FD390713F9879713F4C62713FAE
:103D9000EF4A713F8033713FFF1B713F6D04713FEC
:103DA000CAEC703F15D5703F4FBD703F77A5703F8F
:103DB0008E8D703F9475703F885D703F6C45703F8D
:103DC0003D2D703FFE14703FADFC6F3F4AE46F3FE6
:103DD000D7CB6F3F52B36F3FBC9A6F3F15826F3F97
:103DE0005D696F3F93506F3FB8376F3FCD1E6F3F98
:103DF000D0056F3FC2EC6E3FA2D36E3F72BA6E3FEA
:103E000030A16E3FDE876E3F7A6E6E3F06556E3F85
:103E1000803B6E3FE9216E3F42086E3F89EE6D3F69
:103E2000C0D46D3FE5BA6D3FFAA06D3FFD866D3F92
:103E3000F06C6D3FD2526D3FA3386D3F631E6D3FF6
:103E400012046D3FB1E96C3F3ECF6C3FBBB46C3F99
:103E5000279A6C3F837F6C3FCD646C3F074A6C3F71
:103E6000302F6C3F49146C3F51F96B3F48DE6B3F7C
:103E70002EC36B3F04A86B3FC98C6B3F7E716B3FB9
:103E800022566B3FB63A6B3F391F6B3FAB036B3F1C
:103E90000DE86A3F5FCC6A3FA0B06A3FD0946A3FAA
:103EA000F0786A3F005D6A3FFF406A3FEE246A3F58
:103EB000CD086A3F9BEC693F58D0693F06B4693F23
:103EC000A397693F307B693FAC5E693F1942693F08
:103ED0007525693FC108693FFCEB683F28CF683F03
:103EE00043B2683F4E95683F4978683F345B683F0E
:103EF0000F3E683FDA20683F9403683F3FE6673F24
:103F0000D9C8673F64AB673FDE8D673F4970673F45
:103F1000A452673FEE34673F2917673F54F9663F65
:103F20006FDB663F7ABD663F759F663F6181663F86
:103F30003C63663F0845663FC426663F7008663F9F
:103F40000DEA653F99CB653F16AD653F848E653FB1
:103F5000E26F653F3051653F6E32653F9D13653FAF
:103F6000BCF4643FCCD5643FCCB6643FBC97643F9F
:103F70009D78643F6F59643F313A643FE41A643F6F
:103F800087FB633F1ADC633F9FBC633F149D633F25
:103F9000797D633FCF5D633F163E633F4E1E633FB7
:103FA00076FE623F8FDE623F99BE623F939E623F24
:103FB0007F7E623F5B5E623F283E623FE51D623F5F
:103FC00094FD613F33DD613FC4BC613F459C613F6F
:103FD000B77B613F1B5B613F6F3A613FB419613F43
:103FE000EAF8603F11D8603F2AB7603F3396603FE0
:103FF0002E75603F1954603FF632603FC411603F38
:1040000083F05F3F33CF5F3FD5AD5F3F688C5F3F4D
:10401000EC6A5F3F61495F3FC7275F3F1F065F3F15
:1040200068E45E3FA3C25E3FCFA05E3FEC7E5E3F92
:10403000FB5C5E3FFB3A5E3FED185E3FD0F65D3FB6
:10404000A5D45D3F6BB25D3F23905D3FCC6D5D3F7E
:10405000674B5D3FF3285D3F72065D3FE1E35C3FE8
:1040600043C15C3F969E5C3FDB7B5C3F11595C3FEC
:1040700039365C3F54135C3F5FF05B3F5DCD5B3F87
:104080004DAA5B3F2E875B3F01645B3FC7405B3FB0
:104090007E1D5B3F27FA5A3FC2D65A3F4FB35A3F65
:1040A000CE8F5A3F3F6C5A3FA2485A3FF7245A3F9F
:1040B0003E015A3F77DD593FA3B9593FC095593F5B
:1040C000D071593FD24D593FC629593FAD05593F8F
:1040D00086E1583F51BD583F0E99583FBE74583F36
:1040E0006050583FF42B583F7B07583FF4E2573F4E
:1040F00060BE573FBE99573F0E75573F5150573FCF
:10410000872B573FAF06573FCAE1563FD7BC563FB4
:10411000D797563FCA72563FAF4D563F8728563FF6
:104120005203563F0FDE553FBFB8553F6293553F90
:10413000F86D553F8048553FFC22553F6AFD543F7E
:10414000CBD7543F1FB2543F668C543FA066543FB8
:10415000CD40543FED1A543F00F5533F06CF533F37
:10416000FFA8533FEB82533FCA5C533F9C36533FFB
:104170006210533F1BEA523FC7C3523F669D523FF6
:10418000F876523F7E50523FF729523F6303523F29
:10419000C3DC513F16B6513F5C8F513F9668513F8B
:1041A000C341513FE41A513FF8F3503F00CD503F17
:1041B000FBA5503FEA7E503FCD57503FA330503FC4
:1041C0006C09503F2AE24F3FDBBA4F3F7F934F3F8E
:1041D000186C4F3FA4444F3F231D4F3F97F54E3F70
:1041E000FFCD4E3F5AA64E3FA97E4E3FEC564E3F66
:1041F000242F4E3F4E074E3F6DDF4D3F80B74D3F62
:10420000878F4D3F82674D3F713F4D3F54174D3F64
:104210002BEF4C3FF7C64C3FB69E4C3F6A764C3F67
:10422000124E4C3FAE254C3F3EFD4B3FC3D44B3F5F
:104230003CAC4B3FA9834B3F0B5B4B3F60324B3F4A
:10424000AB094B3FEAE04A3F1DB84A3F458F4A3F22
:1042500061664A3F713D4A3F77144A3F70EB493FE0
:104260005FC2493F4299493F1A70493FE646493F7C
:10427000A71D493F5DF4483F07CB483FA7A1483FF2
:104280003B78483FC44E483F4225483FB4FB473F38
:104290001CD2473F78A8473FC97E473F1055473F4C
:1042A0004B2B473F7B01473FA1D7463FBBAD463F26
:1042B000CB83463FCF59463FC92F463FB805463FBF
:1042C0009DDB453F76B1453F4587453F095D453F0D
:1042D000C232453F7008453F14DE443FAEB3443F11
:1042E0003C89443FC05E443F3A34443FA909443FBF
:1042F0000DDF433F67B4433FB789433FFC5E433F15
:104300003734433F6809433F8EDE423FAAB3423F02
:10431000BB88423FC25D423FBF32423FB207423F8D
:104320009ADC413F79B1413F4D86413F175B413FA8
:10433000D82F413F8E04413F3AD9403FDCAD403F4A
:104340007482403F0257403F862B403F0000403F71
:1043500070D43F3FD7A83F3F347D3F3F87513F3F19
:10436000D0253F3F0FFA3E3F45CE3E3F71A23E3F34
:1043700093763E3FAC4A3E3FBB1E3E3FC0F23D3FC0
:10438000BCC63D3FAE9A3D3F976E3D3F77423D3FB5
:104390004D163D3F19EA3C3FDCBD3C3F96913C3F0A
:1043A00047653C3FEE383C3F8B0C3C3F20E03B3FB9
:1043B000ABB33B3F2D873B3FA65A3B3F162E3B3FBF
:1043C0007D013B3FDAD43A3F2FA83A3F7A7B3A3F10
:1043D000BC4E3A3FF6213A3F26F5393F4EC8393FA9
:1043E0006C9B393F826E393F8F41393F9314393F7F
:1043F0008EE7383F80BA383F6A8D383F4B60383F90
:104400002333383FF205383FB9D8373F78AB373FD1
:104410002D7E373FDA50373F7F23373F1BF6363F3D
:10442000AFC8363F3A9B363FBC6D363F3740363FCC
:10443000A912363F12E5353F74B7353FCD89353F78
:104440001D5C353F662E353FA600353FDED2343F3A
:104450000EA5343F3677343F5649343F6E1B343F08
:104460007DED333F85BF333F8491333F7C63333FE2
:104470006C35333F5407333F34D9323F0CAB323FB6
:10448000DC7C323FA54E323F6620323F1FF2313F87
:10449000D0C3313F7A95313F1C67313FB638313F49
:1044A000490A313FD4DB303F58AD303FD47E303FF6
:1044B0004950303FB621303F1CF32F3F7AC42F3F85
:1044C000D1952F3F21672F3F69382F3FAB092F3FF1
:1044D000E4DA2E3F17AC2E3F427D2E3F674E2E3F33
:1044E000841F2E3F9AF02D3FA9C12D3FB1922D3F41
:1044F000B1632D3FAB342D3F9E052D3F8AD62C3F17
:104500006FA72C3F4D782C3F24492C3FF5192C3FA9
:10451000BEEA2B3F81BB2B3F3D8C2B3FF25C2B3FF8
:10452000A12D2B3F49FE2A3FEACE2A3F859F2A3FF5
:1045300019702A3FA7402A3F2E112A3FAFE1293F99
:1045400029B2293F9C82293F0A53293F7123293FE1
:10455000D1F3283F2CC4283F8094283FCD64283FC6
:104560001535283F5605283F91D5273FC6A5273F3B
:10457000F575273F1E46273F4116273F5DE6263F3C
:1045800074B6263F8586263F8F56263F9426263FC3
:1045900093F6253F8CC6253F8096253F6D66253FC7
:1045A0005536253F3706253F13D6243FE9A5243F3E
:1045B000BA75243F8645243F4B15243F0BE5233F26
:1045C000C6B4233F7B84233F2B54233FD523233F73
:1045D0007AF3223F19C3223FB392223F4762223F20
:1045E000D731223F6101223FE6D0213F65A0213F24
:1045F000E06F213F553F213FC50E213F30DE203F78
:1046000096AD203FF77C203F534C203FA91B203F15
:10461000FCEA1F3F49BA1F3F91891F3FD4581F3FF3
:1046200012281F3F4CF71E3F81C61E3FB1951E3F0B
:10463000DC641E3F03341E3F25031E3F42D21D3F54
:104640005BA11D3F6F701D3F7F3F1D3F8A0E1D3FC9
:1046500091DD1C3F93AC1C3F917B1C3F8A4A1C3F61
:104660007F191C3F70E81B3F5CB71B3F44861B3F14
:1046700028551B3F08241B3FE4F21A3FBBC11A3FD9
:104680008E901A3F5D5F1A3F282E1A3FEFFC193FAC
:10469000B2CB193F719A193F2C69193FE337193F83
:1046A0009606193F46D5183FF1A3183F9972183F57
:1046B0003D41183FDD0F183F7ADE173F13AD173F1E
:1046C000A87B173F394A173FC718173F52E7163FD5
:1046D000D9B5163F5C84163FDC52163F5821163F71
:1046E000D1EF153F47BE153FB98C153F285B153FED
:1046F0009429153FFCF7143F61C6143FC394143F3F
:104700002263143F7E31143FD6FF133F2CCE133F5C
:104710007E9C133FCD6A133F1A39133F6307133F43
:10472000AAD5123FEDA3123F2E72123F6C40123FEA
:10473000A70E123FDFDC113F14AB113F4779113F49
:104740007747113FA515113FCFE3103FF8B1103F58
:104750001D80103F404E103F611C103F7FEA0F3F0D
:104760009AB80F3FB3860F3FCA540F3FDE220F3F68
:10477000F0F00E3F00BF0E3F0E8D0E3F195B0E3F57
:1047800022290E3F29F70D3F2DC50D3F30930D3FD8
:1047900030610D3F2F2F0D3F2BFD0C3F25CB0C3FE4
:1047A0001E990C3F14670C3F09350C3FFB020C3F70
:1047B000ECD00B3FDB9E0B3FC86C0B3FB43A0B3F7A
:1047C0009D080B3F85D60A3F6CA40A3F50720A3FF2
:1047D00033400A3F150E0A3FF5DB093FD3A9093FD5
:1047E000B077093F8B45093F6513093F3EE1083F1C
:1047F00015AF083FEB7C083FBF4A083F9318083FBE
:1048000065E6073F36B4073F0582073FD44F073FB1
:10481000A11D073F6DEB063F38B9063F0387063FF2
:10482000CC54063F9422063F5BF0053F22BE053F75
:10483000E78B053FAB59053F6F27053F32F5043F36
:10484000F4C2043FB690043F775E043F372C043F28
:10485000F6F9033FB5C7033F7395033F3163033F49
:10486000EE30033FAAFE023F67CC023F229A023F8E
:10487000DE67023F9935023F5303023F0ED1013FED
:10488000C89E013F826C013F3B3A013FF507013F63
:10489000AED5003F67A3003F2071003FD93E003FE7
:1048A000920C003F95B4FF3E0750FF3E79EBFE3E71
:1048B000EB86FE3E5E22FE3ED0BDFD3E4359FD3EF0
:1048C000B6F4FC3E2B90FC3E9F2BFC3E14C7FB3EF7
:1048D0008962FB3E00FEFA3E7799FA3EEF34FA3EDB
:1048E00068D0F93EE16BF93E5C07F93ED8A2F83E8C
:1048F000553EF83ED3D9F73E5375F73ED410F73EF8
:1049000056ACF63EDA47F63E5EE3F53EE57EF53E12
:104910006D1AF53EF7B5F43E8351F43E11EDF33ECA
:10492000A088F33E3124F33EC4BFF23E5A5BF23E10
:10493000F1F6F13E8B92F13E272EF13EC5C9F03ED5
:104940006565F03E0801F03EAD9CEF3E5638EF3E07
:1049500000D4EE3EAD6FEE3E5D0BEE3E0FA7ED3E9A
:10496000C542ED3E7DDEEC3E387AEC3EF715EC3E7E
:10497000B8B1EB3E7D4DEB3E44E9EA3E0F85EA3EA1
:10498000DD20EA3EAFBCE93E8458E93E5DF4E83EF6
:104990003990E83E182CE83EFCC7E73EE363E73E6B
:1049A000CEFFE63EBC9BE63EAF37E63EA6D3E53EF5
:1049B000A06FE53E9F0BE53EA2A7E43EA943E43E7F
:1049C000B5DFE33EC57BE33ED917E33EF2B3E23EFB
:1049D0000F50E23E31ECE13E5788E13E8224E13E59
:1049E000B2C0E03EE75CE03E20F9DF3E5F95DF3E8F
:1049F000A231DF3EEBCDDE3E396ADE3E8B06DE3E87
:104A0000E4A2DD3E413FDD3EA4DBDC3E0C78DC3E33
:104A10007A14DC3EEDB0DB3E664DDB3EE4E9DA3E87
:104A20006886DA3EF222DA3E82BFD93E185CD93E71
:104A3000B4F8D83E5595D83EFD31D83EABCED73EE2
:104A40005F6BD73E1A08D73EDAA4D63EA241D63EC7
:104A50006FDED53E437BD53E1E18D53EFFB4D43E17
:104A6000E751D43ED6EED33ECB8BD33EC728D33EC0
:104A7000CBC5D23ED562D23EE6FFD13EFE9CD13EB2
:104A80001E3AD13E44D7D03E7274D03EA811D03EDB
:104A9000E5AECF3E294CCF3E74E9CE3EC886CE3E31
:104AA0002324CE3E85C1CD3EF05ECD3E62FCCC3EA1
:104AB000DC99CC3E5E37CC3EE8D4CB3E7A72CB3E1E
:104AC0001410CB3EB6ADCA3E604BCA3E13E9C93E98
:104AD000CE86C93E9224C93E5EC2C83E3360C83EFF
:104AE0000FFEC73EF59BC73EE439C73EDBD7C63E47
:104AF000DB75C63EE413C63EF6B1C53E1150C53E59
:104B000034EEC43E618CC43E982AC43ED7C8C33E2E
:104B10002067C33E7205C33ECDA3C23E3242C23EB1
:104B2000A0E0C13E197FC13E9A1DC13E26BCC03ED9
:104B3000BB5AC03E5AF9BF3E0398BF3EB536BF3E92
:104B400072D5BE3E3974BE3E0A13BE3EE5B1BD3ECF
:104B5000CA50BD3EBAEFBC3EB48EBC3EB82DBC3E82
:104B6000C7CCBB3EE06BBB3E040BBB3E33AABA3E98
:104B70006C49BA3EB0E8B93EFF87B93E5927B93E05
:104B8000BEC6B83E2D66B83EA805B83E2EA5B73EB7
:104B9000BE44B73E5BE4B63E0284B63EB523B63EA5
:104BA00073C3B53E3D63B53E1203B53EF3A2B43EBA
:104BB000DF42B43ED7E2B33EDB82B33EEA22B33EED
:104BC00006C3B23E2D63B23E6103B23EA0A3B13E26
:104BD000EB43B13E43E4B03EA784B03E1725B03E60
:104BE00093C5AF3E1C66AF3EB106AF3E53A7AE3E87
:104BF0000148AE3EBCE8AD3E8489AD3E582AAD3E8C
:104C000039CBAC3E276CAC3E220DAC3E29AEAB3E60
:104C10003E4FAB3E60F0AA3E8F91AA3ECB32AA3EF9
:104C200014D4A93E6B75A93ECF16A93E40B8A83E44
:104C3000BF59A83E4BFBA73EE59CA73E8D3EA73E35
:104C400042E0A63E0582A63ED623A63EB5C5A53EB9
:104C5000A267A53E9C09A53EA5ABA43EBC4DA43EC3
:104C6000E0EFA33E1492A33E5534A33EA5D6A23E48
:104C70000379A23E6F1BA23EEABDA13E7460A13E35
:104C80000C03A13EB3A5A03E6848A03E2CEB9F3E7E
:104C9000FF8D9F3EE1309F3ED2D39E3ED2769E3E18
:104CA000E1199E3EFFBC9D3E2C609D3E69039D3EEA
:104CB000B4A69C3E0F4A9C3E7AED9B3EF3909B3EF1
:104CC0007D349B3E16D89A3EBE7B9A3E761F9A3E16
:104CD0003EC3993E1667993EFD0A993EF4AE983E52
:104CE000FC52983E13F7973E3A9B973E723F973E91
:104CF000B9E3963E1288963E792C963EF2D0953EC8
:104D00007B75953E141A953EBEBE943E7863943EE4
:104D10004308943E1FAD933E0B52933E08F7923EDC
:104D2000169C923E3441923E64E6913EA58B913EA4
:104D3000F630913E59D6903ECD7B903E5221903E2A
:104D4000E9C68F3E906C8F3E49128F3E14B88E3E5E
:104D5000F05D8E3EDE038E3EDCA98D3EED4F8D3E36
:104D600010F68C3E449C8C3E8A428C3EE2E88B3EA0
:104D70004C8F8B3EC7358B3E55DC8A3EF5828A3E92
:104D8000A7298A3E6BD0893E4177893E2A1E893EFB
:104D900025C5883E326C883E5213883E84BA873ED1
:104DA000C961873E2109873E8BB0863E0858863E02
:104DB00098FF853E3AA7853EF04E853EB8F6843E84
:104DC000939E843E8146843E83EE833E9796833E47
:104DD000BF3E833EFAE6823E488F823EAA37823E3D
:104DE0001FE0813EA788813E4431813EF3D9803E59
:104DF000B682803E8D2B803EF0A87F3EECFA7E3E50
:104E0000104D7E3E5D9F7D3ED1F17C3E6D447C3EEB
:104E100031977B3E1DEA7A3E323D7A3E6F90793E75
:104E2000D4E3783E6237783E198B773EF8DE763EE3
:104E30000033763E3287753E8CDB743E1030743E14
:104E4000BD84733E94D9723E942E723EBD83713EF2
:104E500011D9703E8E2E703E35846F3E06DA6E3E5E
:104E600001306E3E27866D3E77DC6C3EF1326C3E43
:104E700096896B3E66E06A3E60376A3E868E693E82
:104E8000D6E5683E513D683EF794673EC9EC663E04
:104E9000C644663EEF9C653E42F5643EC24D643EAC
:104EA0006EA6633E45FF623E4958623E78B1613E60
:104EB000D30A613E5B64603E0FBE5F3EF0175F3E0B
:104EC000FD715E3E38CC5D3E9E265D3E32815C3E8D
:104ED000F3DB5B3EE0365B3EFB915A3E43ED593ED1
:104EE000B948593E5BA4583E2C00583E2A5C573EB8
:104EF00056B8563EB014563E3771553EEDCD543E31
:104F0000D22A543EE387533E24E5523E9342523E1A
:104F100031A0513EFDFD503EF85B503E22BA4F3E5F
:104F20007B184F3E03774E3EBAD54D3EA0344D3EE2
:104F3000B6934C3EFBF24B3E6F524B3E13B24A3E91
:104F4000E7114A3EEB71493E1ED2483E8332483E4D
:104F50001693473EDAF3463ECE54463EF3B5453E01
:104F60004817453ECE78443E84DA433E6B3C433E90
:104F7000849E423ECC00423E4763413EF2C5403EE5
:104F8000CE28403EDC8B3F3E1CEF3E3E8C523E3EE8
:104F90002EB63D3E031A3D3E097E3C3E41E23B3E7D
:104FA000AB463B3E47AB3A3E15103A3E1575393E8F
:104FB00048DA383EAE3F383E46A5373E100B373E06
:104FC0000E71363E3ED7353EA13D353E37A4343EC8
:104FD000010B343EFD71333E2DD9323E9040323EBE
:104FE00027A8313EF10F313EEF77303E21E02F3ED2
:104FF00087482F3E20B12E3EED192E3EEF822D3EEA
:1050000025EC2C3E90552C3E2EBF2B3E01292B3EED
:1050100009932A3E45FD293EB767293E5DD2283EC9
:10502000383D283E47A8273E8D13273E077F263E62
:10503000B7EA253E9C56253EB6C2243E072F243EA5
:105040008D9B233E4808233E3975223E61E2213E76
:10505000BE4F213E52BD203E1B2B203E1B991F3EC2
:1050600052071F3EBE751E3E62E41D3E3C531D3E70
:105070004CC21C3E94311C3E13A11B3EC8101B3E6B
:10508000B4801A3ED8F0193E3261193EC5D1183E9F
:105090008E42183E90B3173EC824173E3896163EEF
:1050A000E107163EC179153ED9EB143E285E143E49
:1050B000B0D0133E7143133E69B6123E9A29123E98
:1050C000039D113EA510113E8084103E93F80F3EC3
:1050D000DE6C0F3E63E10E3E21560E3E18CB0D3EB8
:1050E00048400D3EB1B50C3E532B0C3E2FA10B3E5C
:1050F00044170B3E938D0A3E1B040A3EDD7A093E9F
:10510000D9F1083E0F69083E7FE0073E2858073E68
:105110000CD0063E2A48063E83C0053E1539053EA2
:10512000E2B1043EEA2A043E2CA4033EA91D033E3C
:105130006097023E5311023E808B013EE805013E1E
:105140008C80003ED6F6FF3D0AEDFE3DB5E3FD3D09
:10515000D6DAFC3D6DD2FB3D7DCAFA3D03C3F93D75
:1051600002BCF83D78B5F73D66AFF63DCBA9F53DFD
:10517000A9A4F43DFF9FF33DCD9BF23D1398F13D73
:10518000D394F03D0C92EF3DBD8FEE3DE88DED3DAB
:105190008B8CEC3DAA8BEB3D408BEA3D528BE93D7D
:1051A000DC8BE83DE08CE73D618EE63D5990E53DC6
:1051B000CE92E43DBD95E33D2799E23D0B9DE13D57
:1051C0006CA1E03D47A6DF3D9EABDE3D71B1DD3D0C
:1051D000BFB7DC3D89BEDB3DD0C5DA3D93CDD93DBF
:1051E000D1D5D83D8DDED73DC5E7D63D79F1D53D4A
:1051F000ACFBD43D5A06D43D8611D33D311DD23D82
:105200005829D13DFE35D03D2043CF3DC150CE3D44
:10521000E15ECD3D7D6DCC3D9A7CCB3D348CCA3D6D
:105220004D9CC93DE5ACC83DFDBDC73D92CFC63DD7
:10523000A9E1C53D3EF4C43D5207C43DE61AC33D55
:10524000FB2EC23D8F43C13DA458C03D396EBF3DCA
:105250004E84BE3DE49ABD3DFAB1BC3D92C9BB3D12
:10526000ABE1BA3D45FAB93D5F13B93DFC2CB83D01
:105270001947B73DB961B63DDB7CB53D7E98B43D7D
:10528000A4B4B33D4DD1B23D76EEB13D230CB13D5A
:10529000532AB03D0549AF3D3B68AE3DF387AD3D78
:1052A0002FA8AC3DEDC8AB3D30EAAA3DF70BAA3DB7
:1052B0003F2EA93D0E51A83D5F74A73D3598A63DF0
:1052C00090BCA53D6EE1A43DD206A43DB82CA33D03
:1052D0002553A23D177AA13D8EA1A03D89C99F3DCE
:1052E0000BF29E3D121B9E3D9E449D3DAF6E9C3D2C
:1052F00047999B3D66C49A3D0AF0993D331C993D00
:10530000E448983D1B76973DD9A3963D1ED2953D26
:10531000E900953D3B30943D1460933D7590923D7E
:105320005DC1913DCCF2903DC324903D43578F3DEC
:105330004A8A8E3DD9BD8D3DEFF18C3D8F268C3D47
:10534000B65B8B3D66918A3D9FC7893D60FE883D77
:10535000AB35883D7E6D873DD9A5863DBFDE853D59
:105360002F18853D2652843DA98C833DB5C7823DCB
:105370004903823D683F813D137C803D8C727F3DB7
:1053800007EE7D3D976A7C3D3EE87A3DF766793DC4
:10539000C7E6773DAE67763DA9E9743DBC6C733DC9
:1053A000E4F0713D2576703D7AFC6E3DE7836D3DFE
:1053B0006B0C6C3D09966A3DBB20693D87AC673D2F
:1053C0006D39663D68C7643D7F56633DADE6613D1E
:1053D000F277603D540A5F3DCD9D5D3D63325C3D9B
:1053E00010C85A3DD95E593DBCF6573DB98F563D60
:1053F000D029553D04C5533D5461523DBEFE503D3C
:10540000449D4F3DE43C4E3DA4DD4C3D7D7F4B3DF6
:1054100076224A3D88C6483DBA6B473D0812463D54
:1054200073B9443DFD61433DA30B423D66B6403D2B
:105430004B623F3D4D0F3E3D6EBD3C3DAB6C3B3D39
:105440000A1D3A3D88CE383D2381373DE034363D54
:10545000BCE9343DBA9F333DD756323D140F313D40
:1054600072C82F3DF0822E3D923E2D3D51FB2B3DCB
:1054700034B92A3D3978293D5E38283DA7F9263DC3
:1054800012BC253D9F7F243D4D44233D1E0A223DF5
:1054900013D1203D2D991F3D69621E3DC72C1D3D36
:1054A0004CF81B3DF0C41A3DBB92193DAB61183D51
:1054B000C031173DF702163D55D5143DD7A8133D11
:1054C0007E7D123D4A53113D3D2A103D54020F3D51
:1054D00093DB0D3DF6B50C3D81910B3D336E0A3DDE
:1054E000094C093D072B083D2C0B073D79EC053D88
:1054F000ECCE043D87B2033D4A97023D367D013D27
:105500004964003D0899FE3CCC6BFC3CE440FA3C0D
:105510004A18F83C05F2F53C13CEF33C70ACF13C74
:10552000218DEF3C2670ED3C7E55EB3C2B3DE93C5C
:105530002C27E73C7B13E53C2302E33C25F3E03CCE
:1055400075E6DE3C1FDCDC3C1CD4DA3C6ECED83C7D
:1055500018CBD63C1CCAD43C74CBD23C25CFD03C13
:105560002BD5CE3C89DDCC3C41E8CA3C52F5C83C49
:10557000BC04C73C8016C53C9D2AC33C1341C13CBA
:10558000E259BF3C1175BD3C9892BB3C79B2B93C25
:10559000B3D4B73C4CF9B53C3E20B43C8E49B23C48
:1055A0003875B03C41A3AE3CA8D3AC3C6E06AB3CD6
:1055B0008E3BA93C0C73A73CE8ACA53C23E9A33C7B
:1055C000BD27A23CB668A03C0DAC9E3CC9F19C3CFA
:1055D000DD399B3C5684993C2DD1973C6320963C09
:1055E000FD71943CF6C5923C521C913C0E758F3C6B
:1055F0002DD08D3CB02D8C3C928D8A3CD9EF883CCF
:105600008354873C8CBB853CF824843CCF90823CFF
:1056100004FF803C39DF7E3C3EC57B3C00B0783CDB
:10562000949F753CE693723C0B8D6F3C038B6C3CF6
:10563000B88D693C4095663C90A1633CB3B2603C38
:105640009EC85D3C5BE35A3CE102583C3927553C1F
:105650006550523C587E4F3C1EB14C3CB7E8493C2B
:105660002325473C5766443C5DAC413C41F73E3CFA
:10567000EE463C3C6D9B393CBFF4363CEE52343C2C
:10568000E5B5313CBA1D2F3C628A2C3CDDFB293C40
:105690002A72273C55ED243C536D223C23F21F3CDB
:1056A000D17B1D3C520A1B3CB19D183CE235163C97
:1056B000F1D2133CD274113C911B0F3C2EC70C3C11
:1056C0009D770A3CEA2C083C15E7053C1DA6033CE7
:1056D000F869013C6165FE3B8D00FA3B89A5F53B0D
:1056E0002B54F13B880CED3BA1CEE83B749AE43B94
:1056F0000270E03B4C4FDC3B5038D83B252BD43B71
:10570000B627D03BEB2DCC3B073EC83BC957C43B2B
:105710005B7BC03BA8A8BC3BB0DFB83B8920B53B56
:105720001D6BB13B81BFAD3BA01DAA3B9085A63B45
:105730003BF7A23BB7729F3BEEF79B3BF586983B4E
:10574000B71F953B4AC2913BAE6E8E3BCC248B3B40
:10575000D1E4873B7BAE843B0B82813BADBE7C3B7F
:10576000108D763BE86E703B62646A3B526D643B21
:105770000F8A5E3B6CBA583B3FFE523BDF554D3BB8
:10578000F4C0473BD63F423B2ED23C3B5278373B9E
:10579000EC31323B52FF2C3B2EE0273BD7D4223B4F
:1057A00020DD1D3B0BF9183BC128143BEE6B0F3B72
:1057B000E7C20A3B562D063B91AB013B317BFA3ADF
:1057C0002BC6F13ABE38E93A93D2E03A0094D83A7F
:1057D000B07CD03AA18CC83AD5C3C03AA122B93A1C
:1057E000AFA8B13A5556AA3A3E2BA33A68279C3A3D
:1057F0002B4B953A86968E3ACE08883A03A3813A87
:1058000049C8763A689A6A3A60BA5E3A8829533A41
:10581000E1E7473ABEF43C3ACB50323A08FC273A2B
:10582000CAF51D3A103E143A87D50A3A2DBC013A02
:10583000B1E2F13968EBE0392891D0399FD6C0390F
:10584000C9B7B139AA38A33994569539871188391F
:1058500064D87639CCC75E3946F147398157323939
:105860007CFA1D3939DA0A390FE8F1382E95D0382B
:10587000CFBBB1389456953872E0763846F1473848
:10588000DBFF1D386EEDF1372EC1B137F8CA763720
:10589000980A1E37A7D6B136B1B41D367E601E35C4
:1058A0000000000000000000718B1E3812861E39B7
:1058B0007A53B23908801E3A0CA1773AB644B23A0C
:1058C0003C9AF23A8A671E3B1C70483B2765773B3F
:1058D00069A2953B8D06B23BE9DDD03B6527F23BE3
:1058E000CAF00A3C8F051E3C4151323C28D3473C4C
:1058F0005A8A5E3CFE75763C95CA873C72F3943CAE
:1059000011B5A23CF10EB13C7B00C03C1A89CF3CE2
:105910003CA8DF3C405DF03CBDD3003D25C3093DC4
:105920007AFC123D607F1C3D7E4B263D7060303D11
:10593000D1BD3A3D3C63453D4750503D88845B3D79
:105940008BFF663DE5C0723D1AC87E3D5D8A853D90
:1059500021D38B3D1F3E923D17CB983DC6799F3D8D
:10596000EA49A63D423BAD3D874DB43D7380BB3D0A
:10597000C0D3C23D2447CA3D55DAD13D0A8DD93D39
:10598000F55EE13DC94FE93D375FF13DEF8CF93DF3
:1059900051EC003EFD20053E5464093E2AB60D3E02
:1059A0005516123EA984163EFB001B3E1E8B1F3E61
:1059B000E622243E24C8283EAB7A2D3E4B3A323EA6
:1059C000D806373E1FE03B3EF2C5403E20B8453E7C
:1059D00077B64A3EC8C04F3EDED6543E8AF8593E9E
:1059E00096255F3ED05D643E05A1693EFFEE6E3EAA
:1059F0008B47743E74AA793E85177F3E4347823EAB
:105A0000A107853EC2CC873E8A968A3EDD648D3EE4
:105A1000A037903EB60E933E04EA953E6DC9983E7F
:105A2000D4AC9B3E1E949E3E2C7FA13EE36DA43ED3
:105A30002660A73ED655AA3ED74EAD3E0C4BB03E93
:105A4000574AB33E994CB63EB551B93E8E59BC3E0D
:105A50000664BF3EFD70C23E5680C53EF391C83E0F
:105A6000B5A5CB3E7EBBCE3E2FD3D13EAAECD43ED5
:105A7000CF07D83E8024DB3E9F42DE3E0C62E13EF3
:105A8000A882E43E54A4E73EF2C6EA3E63EAED3E55
:105A9000860EF13E3D33F43E6A58F73EEC7DFA3E09
:105AA000A5A3FD3EBA64003F9EF7013F6F8A033F06
:105AB0001D1D053F98AF063FD041083FB7D3093FB2
:105AC0003C650B3F51F60C3FE5860E3FE916103F53
:105AD0004EA6113F0435133FFCC2143F2550163F1C
:105AE00072DC173FD367193F37F21A3F917B1C3F97
:105AF000D0031E3FE68A1F3FC410213F5A95223F24
:105B00009918243F739A253FD81A273FB999283FFF
:105B100009172A3FB7922B3FB50C2D3FF6842E3F35
:105B200069FB2F3F0170313FAFE2323F6553343F95
:105B300014C2353FAF2E373F2799383F6E013A3FA9
:105B400077673B3F32CB3C3F942C3E3F8D8B3F3FB2
:105B500011E8403F1242423F8299433F55EE443F95
:105B60007C40463FEC8F473F96DC483F6F264A3FDC
:105B7000696D4B3F77B14C3F8EF24D3FA0304F3FA8
:105B8000A26B503F86A3513F42D8523FC909543FB0
:105B90001038553F0A63563FAC8A573FEBAE583F2B
:105BA000BBCF593F11ED5A3FE2065C3F241D5D3FDC
:105BB000CB2F5E3FCC3E5F3F1E4A603FB651613FF8
:105BC0008A55623F8F55633FBC51643F084A653F29
:105BD000673E663FD22E673F3E1B683FA203693F88
:105BE000F7E7693F31C86A3F4AA46B3F397C6C3F95
:105BF000F44F6D3F741F6E3FB2EA6E3FA4B16F3F2A
:105C00004374703F8932713F6CEC713FE7A1723F82
:105C1000F352733F87FF733F9EA7743F324B753F2C
:105C20003BEA753FB484763F971A773FDDAB773F09
:105C30008238783F80C0783FD143793F70C2793F46
:105C40005A3C7A3F88B17A3FF6217B3FA18D7B3F5A
:105C500083F47B3F99567C3FDFB37C3F520C7D3F02
:105C6000EE5F7D3FAFAE7D3F93F87D3F973D7E3F3A
:105C7000B87D7E3FF4B87E3F48EF7E3FB3207F3F44
:105C8000324D7F3FC3747F3F66977F3F19B57F3F9B
:105C9000DACD7F3FA9E17F3F85F07F3F6DFA7F3FFF
:105CA00061FF7F3F61FF7F3F6DFA7F3F85F07F3F60
:105CB000A9E17F3FDACD7F3F19B57F3F66977F3FF0
:105CC000C3747F3F324D7F3FB3207F3F48EF7E3F1D
:105CD000F4B87E3FB87D7E3F973D7E3F93F87D3F91
:105CE000AFAE7D3FEE5F7D3F520C7D3FDFB37C3F2B
:105CF00099567C3F83F47B3FA18D7B3FF6217B3F10
:105D000088B17A3F5A3C7A3F70C2793FD143793F9C
:105D100080C0783F8238783FDDAB773F971A773F76
:105D2000B484763F3BEA753F324B753F9EA7743F84
:105D300087FF733FF352733FE7A1723F6CEC713FF3
:105D40008932713F4374703FA4B16F3FB2EA6E3F36
:105D5000741F6E3FF44F6D3F397C6C3F4AA46B3F1C
:105D600031C86A3FF7E7693FA203693F3E1B683FBE
:105D7000D22E673F673E663F084A653FBC51643F8D
:105D80008F55633F8A55623FB651613F1E4A603F5F
:105D9000CC3E5F3FCB2F5E3F241D5D3FE2065C3F64
:105DA00011ED5A3FBBCF593FEBAE583FAC8A573F3E
:105DB0000A63563F1038553FC909543F42D8523FF5
:105DC00086A3513FA26B503FA0304F3F8EF24D3F14
:105DD00077B14C3F696D4B3F6F264A3F96DC483F99
:105DE000EC8F473F7C40463F55EE443F8299433F0E
:105DF0001242423F11E8403F8D8B3F3F942C3E3F83
:105E000032CB3C3F77673B3F6E013A3F2799383FA3
:105E1000AF2E373F14C2353F6553343FAFE2323FB8
:105E20000170313F69FB2F3FF6842E3FB50C2D3FAB
:105E3000B7922B3F09172A3FB999283FD81A273F15
:105E4000739A253F9918243F5A95223FC410213F49
:105E5000E68A1F3FD0031E3F917B1C3F37F21A3F5B
:105E6000D367193F72DC173F2550163FFCC2143F21
:105E70000435133F4EA6113FE916103FE5860E3F4D
:105E800051F60C3F3C650B3FB7D3093FD041083F6B
:105E900098AF063F1D1D053F6F8A033F9EF7013FE8
:105EA000BA64003FA5A3FD3EEC7DFA3E6A58F73E7A
:105EB0003D33F43E860EF13E63EAED3EF2C6EA3E25
:105EC00054A4E73EA882E43E0C62E13E9F42DE3EDF
:105ED0008024DB3ECF07D83EAAECD43E2FD3D13E60
:105EE0007EBBCE3EB5A5CB3EF391C83E5680C53EA7
:105EF000FD70C23E0664BF3E8E59BC3EB551B93EF0
:105F0000994CB63E574AB33E0C4BB03ED74EAD3ED1
:105F1000D655AA3E2660A73EE36DA43E2C7FA13E47
:105F20001E949E3ED4AC9B3E6DC9983E04EA953EBD
:105F3000B60E933EA037903EDD648D3E8A968A3E33
:105F4000C2CC873EA107853E4347823E85177F3EF0
:105F500074AA793E8B47743EFFEE6E3E05A1693E02
:105F6000D05D643E96255F3E8AF8593EDED6543EAB
:105F7000C8C04F3E77B64A3E20B8453EF2C5403EC7
:105F80001FE03B3ED806373E4B3A323EAB7A2D3EC1
:105F900024C8283EE622243E1E8B1F3EFB001B3EEB
:105FA000A984163E5516123E2AB60D3E5464093E8B
:105FB000FD20053E51EC003EEF8CF93D375FF13D91
:105FC000C94FE93DF55EE13D0A8DD93D55DAD13D38
:105FD0002447CA3DC0D3C23D7380BB3D874DB43D0D
:105FE000423BAD3DEA49A63DC6799F3D17CB983D62
:105FF0001F3E923D21D38B3D5D8A853D1AC87E3D73
:10600000E5C0723D8BFF663D88845B3D4750503D47
:106010003C63453DD1BD3A3D7060303D7E4B263DF1
:10602000607F1C3D7AFC123D25C3093DBDD3003D78
:10603000405DF03C3CA8DF3C1A89CF3C7B00C03C73
:10604000F10EB13C11B5A23C72F3943C95CA873C69
:10605000FE75763C5A8A5E3C28D3473C4151323C1F
:106060008F051E3CCAF00A3C6527F23BE9DDD03BB8
:106070008D06B23B69A2953B2765773B1C70483B78
:106080008A671E3B3C9AF23AB644B23A0CA1773A80
:1060900008801E3A7A53B23912861E39718B1E3827
:1060A00000000000C8600308000001242000000078
:1060B00040890108E860030820000124F827000057
:1060C00050890108000000000000000000000000EE
:1060D0008C0401240090D0030090D003FF01000045
:0860E0001000000000000000A8
:040000050800029954
:00000001FF
