id,true_freq_hz,waveform,amplitude,snr_db,est_freq_hz,error_pct,success,iterations,elapsed_ms
1,38079.47,triangle,0.7588,31.97,38183.59,0.273433,1,21,27.69
2,16445.85,sine,0.1523,37.32,16542.97,0.590565,1,53,55.74
3,60510.39,triangle,0.1185,39.40,60522.46,0.019955,1,26,30.62
4,83411.82,sine,0.2636,23.67,83500.98,0.106885,1,12,14.31
5,31119.98,square,0.4888,25.82,31171.88,0.166751,1,25,34.93
6,61573.44,sine,0.3629,27.33,61606.45,0.053609,1,20,24.50
7,46150.93,triangle,0.2797,30.28,46274.41,0.267569,1,10,12.43
8,59649.04,sine,0.6468,23.41,59658.20,0.015358,1,63,70.01
9,7440.11,triangle,0.9691,36.17,7543.95,1.395647,1,52,67.21
10,31156.76,sine,0.7158,28.80,31264.65,0.346266,1,24,29.63
11,13081.79,square,0.1309,38.19,13183.59,0.778246,1,61,79.11
12,26619.22,square,0.3805,30.40,26728.52,0.410596,1,39,55.21
13,55124.32,sine,0.9726,35.50,55200.20,0.137648,1,38,136.42
14,94010.40,triangle,0.6381,38.44,94072.27,0.065812,1,23,25.94
15,9760.76,sine,0.1407,26.51,9843.75,0.850265,1,73,74.78
16,39479.05,sine,0.8459,27.14,39531.25,0.132218,1,9,8.37
17,28812.52,square,0.2268,36.04,28886.72,0.257535,1,13,17.60
18,8380.51,triangle,0.7950,23.97,8471.68,1.087833,1,14,16.11
19,1546.69,triangle,0.7362,34.58,1552.73,0.390820,1,255,192.68
20,77355.76,sine,0.4226,22.32,77446.29,0.117024,1,50,52.78
21,86447.24,square,0.3978,21.27,86474.61,0.031661,1,39,61.11
22,31787.25,sine,0.7566,32.75,31914.06,0.398942,1,17,21.77
23,88834.06,square,0.2076,34.26,88901.37,0.075766,1,4,6.92
24,76317.72,square,0.7939,29.88,76420.90,0.135196,1,28,44.20
25,52750.55,square,0.1229,22.16,52827.15,0.145209,1,12,20.77
26,4111.49,square,0.3829,30.17,4321.29,5.102766,1,66,181.45
27,90849.08,sine,0.4693,35.11,90947.27,0.108075,1,83,89.39
28,23651.02,sine,0.3608,23.22,23730.47,0.335928,1,37,43.24
29,93040.07,triangle,0.6701,37.43,93164.06,0.133270,1,1,1.30
30,80563.54,sine,0.9033,30.79,80629.88,0.082354,1,24,28.64
31,80936.58,triangle,0.3862,22.20,81010.74,0.091636,1,8,10.55
32,23565.58,square,0.8362,37.21,23657.23,0.388895,1,38,46.58
33,1688.26,square,0.4757,24.44,1772.46,4.987382,1,240,192.02
34,12866.67,square,0.9486,26.46,12963.87,0.755408,1,66,91.36
35,52360.27,triangle,0.4273,39.44,52373.05,0.024399,1,15,29.89
36,96282.28,sine,0.5475,26.02,96411.13,0.133826,1,2,2.01
37,29199.21,sine,0.6486,30.05,29301.76,0.351204,1,8,7.71
38,6096.40,sine,0.9174,24.79,6201.17,1.718646,1,107,87.11
39,15344.59,square,0.9871,24.84,15468.75,0.809130,1,9,107.52
40,67541.42,triangle,0.3139,34.56,67602.54,0.090492,1,6,5.66
41,37410.53,square,0.6702,30.72,37509.77,0.265261,1,27,38.96
42,9938.69,triangle,0.3887,23.73,10014.65,0.764298,1,68,54.30
43,5036.74,square,0.7098,20.33,5273.44,4.699439,1,1,1.10
44,51697.21,sine,0.6807,23.49,51767.58,0.136111,1,19,17.91
45,69402.84,square,0.9431,22.75,69467.77,0.093566,1,14,19.00
46,34765.57,sine,0.9322,37.55,34863.28,0.281061,1,21,18.21
47,26536.22,square,0.8355,31.10,26645.51,0.411840,1,40,51.23
48,53435.41,sine,0.1838,37.94,53496.09,0.113570,1,29,35.44
49,90141.39,square,0.4051,26.98,90234.38,0.103157,1,25,38.87
50,72869.61,triangle,0.8984,35.60,72949.22,0.109245,1,29,44.88
51,64561.13,sine,0.2455,37.97,64677.73,0.180606,1,3,4.92
52,61036.48,sine,0.1913,33.27,61064.45,0.045835,1,23,116.56
53,1501.10,sine,0.5939,33.84,1567.38,4.415839,1,254,187.87
54,65544.16,sine,0.7410,24.74,65664.06,0.182927,1,33,34.18
55,33214.57,triangle,0.6847,36.98,33305.66,0.274259,1,2,1.85
56,66103.68,square,0.1843,27.35,66137.70,0.051463,1,46,63.62
57,27255.03,sine,0.9757,27.86,27309.57,0.200095,1,32,34.16
58,89312.61,square,0.8153,30.05,89399.41,0.097192,1,2,2.74
59,58113.48,square,0.2757,34.45,58173.83,0.103837,1,39,62.18
60,28796.46,sine,0.6809,23.54,28886.72,0.313423,1,13,14.30
61,94105.40,triangle,0.9234,27.40,94204.10,0.104884,1,34,38.78
62,2530.21,triangle,0.4854,39.33,2548.83,0.736031,1,187,168.49
63,96398.38,triangle,0.3650,27.70,96411.13,0.013232,1,2,3.21
64,85262.53,sine,0.2525,31.14,85273.44,0.012792,1,65,74.00
65,93679.32,triangle,0.6131,21.94,93725.59,0.049385,1,12,109.55
66,61885.72,triangle,0.2261,30.37,61967.77,0.132596,1,18,19.72
67,87859.93,triangle,0.7273,34.05,87905.27,0.051604,1,8,8.60
68,36589.62,sine,0.8284,36.20,36708.98,0.326214,1,3,2.82
69,86840.16,triangle,0.5602,30.03,86909.18,0.079480,1,12,12.34
70,80031.22,square,0.7318,35.92,80092.77,0.076908,1,12,15.18
71,89110.53,square,0.4380,21.88,89150.39,0.044733,1,3,3.99
72,58249.73,sine,0.5190,30.85,58276.37,0.045722,1,20,20.73
73,29367.58,square,0.1275,20.75,29467.77,0.341157,1,6,7.37
74,82437.46,square,0.2144,30.44,82543.95,0.129176,1,16,28.56
75,77229.36,sine,0.6606,21.71,77343.75,0.148115,1,9,8.47
76,6116.49,square,0.5866,32.75,6225.59,1.783630,1,106,125.40
77,72883.04,triangle,0.5647,26.46,72949.22,0.090799,1,29,42.93
78,79723.43,sine,0.4951,21.57,79863.28,0.175416,1,13,106.28
79,3509.72,triangle,0.8524,33.92,3530.27,0.585512,1,120,107.87
80,41486.34,sine,0.2408,25.00,41503.91,0.042339,1,21,20.59
81,55373.44,triangle,0.6942,25.60,55429.69,0.101579,1,17,17.33
82,95531.66,triangle,0.5989,32.23,95605.47,0.077258,1,5,6.14
83,42540.41,sine,0.4204,35.16,42602.54,0.146056,1,12,12.78
84,2424.96,sine,0.1414,20.81,2534.18,4.504178,1,188,157.26
85,85690.60,triangle,0.5268,21.96,85722.66,0.037412,1,53,73.62
86,49669.97,square,0.2559,28.68,49702.15,0.064781,1,10,13.92
87,40451.97,square,0.6716,20.91,40527.34,0.186332,1,29,44.95
88,38086.65,square,0.5528,37.13,38183.59,0.254538,1,21,31.71
89,66210.67,sine,0.1635,32.85,66269.53,0.088901,1,13,13.27
90,3624.62,square,0.9462,31.51,3808.59,5.075677,1,101,107.55
91,39428.82,square,0.5124,30.91,39531.25,0.259778,1,9,107.25
92,94205.02,square,0.9651,38.11,94262.70,0.061227,1,10,16.14
93,20383.32,sine,0.1907,20.36,20502.93,0.586790,1,38,42.52
94,10349.85,triangle,0.1641,26.38,10424.80,0.724180,1,56,57.49
95,84642.66,sine,0.8330,25.64,84697.27,0.064518,1,7,6.63
96,12698.32,triangle,0.6660,37.55,12788.09,0.706928,1,70,62.75
97,73772.03,triangle,0.3538,23.55,73828.12,0.076034,1,25,32.52
98,75310.86,triangle,0.9915,28.25,75375.98,0.086463,1,2,2.62
99,37829.79,triangle,0.4067,38.62,37846.68,0.044645,1,24,28.87
100,85982.86,square,0.7758,35.09,86079.10,0.111928,1,72,90.05
101,11209.26,triangle,0.5547,36.53,11313.48,0.929709,1,30,33.65
102,32684.91,triangle,0.4503,20.22,32749.02,0.196155,1,8,22.10
103,90632.82,sine,0.3874,39.00,90732.42,0.109901,1,35,42.29
104,95110.11,square,0.6687,28.97,95214.84,0.110121,1,61,183.03
105,30027.87,sine,0.7053,35.05,30058.59,0.102329,1,37,36.46
106,79366.33,triangle,0.1821,29.89,79404.30,0.047843,1,15,20.48
107,6698.32,square,0.4974,37.75,6811.52,1.690069,1,82,99.19
108,35740.59,sine,0.2287,35.23,35786.13,0.127437,1,12,14.66
109,62203.59,sine,0.1757,34.02,62329.10,0.201778,1,16,18.87
110,8203.54,triangle,0.7356,21.63,8300.78,1.185386,1,21,24.47
111,9398.93,triangle,0.4368,27.41,9467.77,0.732421,1,84,90.49
112,81467.16,triangle,0.9874,35.07,81469.73,0.003154,1,6,8.20
113,38249.70,sine,0.7994,31.17,38295.90,0.120784,1,20,27.98
114,42997.98,triangle,0.2001,29.85,43090.82,0.215920,1,8,19.92
115,2124.01,square,0.1507,22.38,2226.56,4.828208,1,209,199.61
116,12635.10,square,0.7714,31.67,12744.14,0.863010,1,71,75.24
117,96255.08,square,0.3571,37.37,96298.83,0.045448,1,15,109.46
118,23135.99,triangle,0.1109,39.40,23217.77,0.353499,1,44,45.15
119,5272.83,triangle,0.5749,39.86,5273.44,0.011497,1,1,1.07
120,8305.86,square,0.9724,30.46,8447.27,1.702481,1,15,22.25
121,63310.47,triangle,0.5091,32.55,63413.09,0.162091,1,10,8.82
122,58847.12,triangle,0.1409,25.62,58959.96,0.191758,1,16,13.80
123,95090.74,triangle,0.5101,32.40,95185.55,0.099705,1,19,16.43
124,28460.74,sine,0.5173,27.07,28554.69,0.330105,1,17,16.88
125,58781.96,sine,0.9770,39.72,58789.06,0.012091,1,17,19.09
126,70118.01,square,0.3786,36.28,70268.55,0.214702,1,10,17.96
127,68788.39,sine,0.9198,36.45,68867.19,0.114556,1,17,18.79
128,95030.19,triangle,0.6521,28.36,95068.36,0.040164,1,7,9.40
129,93340.12,triangle,0.1407,20.53,93457.03,0.125253,1,13,14.03
130,38269.87,triangle,0.9885,23.01,38295.90,0.068004,1,20,117.90
131,59818.94,square,0.9729,36.84,59858.40,0.065962,1,62,70.90
132,83994.54,square,0.4733,25.47,84106.45,0.133227,1,36,43.10
133,6581.17,triangle,0.8316,39.99,6665.04,1.274315,1,88,93.47
134,99667.05,square,0.7921,38.90,99677.73,0.010723,1,15,26.94
135,85115.09,sine,0.5055,22.58,85175.78,0.071303,1,5,5.47
136,95451.05,square,0.3058,33.43,95532.23,0.085043,1,60,88.75
137,62194.70,square,0.2022,33.43,62270.51,0.121895,1,34,43.77
138,52510.46,triangle,0.5681,37.04,52524.41,0.026569,1,14,30.27
139,55638.78,square,0.8890,28.07,55751.95,0.203412,1,15,24.50
140,14267.51,sine,0.7796,32.41,14370.12,0.719184,1,34,38.11
141,70703.90,sine,0.2227,20.29,70756.84,0.074874,1,24,27.55
142,35708.17,square,0.4530,28.75,35786.13,0.218338,1,12,21.00
143,90511.71,square,0.5626,35.67,90576.17,0.071219,1,11,116.00
144,40257.74,square,0.8761,38.99,40317.38,0.148164,1,2,3.43
145,15560.27,triangle,0.5429,25.16,15688.48,0.823905,1,4,4.84
146,46454.44,triangle,0.5434,26.58,46538.09,0.180060,1,8,10.07
147,63706.68,sine,0.1683,22.58,63774.41,0.106315,1,8,10.31
148,13676.54,sine,0.2249,32.82,13798.83,0.894160,1,47,56.52
149,19006.13,square,0.9071,29.48,19121.09,0.604886,1,5,7.58
150,67088.22,sine,0.2731,20.82,67187.50,0.147990,1,41,47.99
151,17724.57,sine,0.2593,21.77,17832.03,0.606277,1,29,35.63
152,12942.95,square,0.2857,27.29,13051.76,0.840663,1,64,82.24
153,50838.31,triangle,0.1354,35.99,50859.38,0.041436,1,25,36.26
154,63162.14,sine,0.8862,38.42,63232.42,0.111274,1,11,14.01
155,7046.72,sine,0.8256,34.97,7153.32,1.512793,1,68,85.26
156,19267.58,sine,0.4334,29.69,19335.94,0.354775,1,1,68.93
157,62207.22,square,0.5163,34.95,62329.10,0.195924,1,16,26.40
158,4631.64,sine,0.7420,37.90,4833.98,4.368807,1,31,33.00
159,51656.07,square,0.1965,28.95,51767.58,0.215873,1,19,22.83
160,53729.11,sine,0.3423,27.55,53735.35,0.011618,1,6,5.48
161,2987.05,sine,0.2903,26.55,3120.12,4.454852,1,148,129.25
162,12856.45,triangle,0.6342,33.58,12963.87,0.835504,1,66,65.54
163,79127.95,square,0.1782,30.74,79174.80,0.059211,1,16,25.80
164,59097.27,triangle,0.4885,22.55,59130.86,0.056836,1,15,16.63
165,29093.81,square,0.6813,31.42,29218.75,0.429422,1,9,14.07
166,36253.58,triangle,0.6452,24.74,36298.83,0.124822,1,7,15.74
167,11076.46,sine,0.3214,23.21,11176.76,0.905461,1,34,34.78
168,19470.14,sine,0.2560,37.94,19550.78,0.414203,1,53,55.82
169,8943.14,square,0.4694,39.65,9057.62,1.280047,1,96,187.97
170,12091.85,square,0.9725,37.31,12202.15,0.912161,1,4,8.61
171,81890.14,sine,0.2538,33.37,81928.71,0.047107,1,4,5.03
172,93008.22,square,0.6145,25.60,93051.76,0.046808,1,38,58.05
173,77179.80,sine,0.3913,28.51,77280.27,0.130181,1,38,41.90
174,51253.43,sine,0.2034,32.21,51313.48,0.117161,1,22,24.38
175,29574.42,square,0.2389,29.62,29716.80,0.481403,1,3,5.48
176,53726.35,sine,0.4029,22.69,53735.35,0.016747,1,6,7.60
177,7274.12,triangle,0.3901,36.20,7373.05,1.359955,1,59,65.03
178,26209.42,triangle,0.7842,31.91,26293.95,0.322481,1,2,4.31
179,47686.04,square,0.4140,38.59,47719.73,0.070637,1,24,41.51
180,83231.32,triangle,0.2119,34.62,83261.72,0.036522,1,13,15.86
181,93895.71,sine,0.1598,34.82,93994.14,0.104835,1,11,15.39
182,57872.84,triangle,0.2258,35.91,57934.57,0.106669,1,22,117.05
183,20961.10,sine,0.2478,36.29,21074.22,0.539638,1,29,30.67
184,66854.52,square,0.4229,37.54,66865.23,0.016019,1,27,42.07
185,39852.07,triangle,0.4952,27.54,39980.47,0.322199,1,5,4.53
186,46805.30,sine,0.7728,30.05,46933.59,0.274104,1,5,4.86
187,23989.06,triangle,0.4455,30.87,24096.68,0.448633,1,32,33.02
188,90740.74,square,0.2052,38.80,90834.96,0.103836,1,10,13.08
189,63143.10,square,0.2253,35.88,63232.42,0.141464,1,11,13.56
190,62387.20,square,0.9045,35.77,62509.77,0.196455,1,15,18.55
191,16015.81,sine,0.3236,34.88,16113.28,0.608575,1,61,64.58
192,4319.71,square,0.7862,37.54,4541.02,5.123134,1,51,62.88
193,34866.09,triangle,0.1996,36.93,34965.82,0.286029,1,20,21.94
194,13621.38,square,0.8176,23.00,13710.94,0.657495,1,49,58.94
195,23695.89,triangle,0.7480,32.82,23803.71,0.455028,1,36,139.88
196,69700.90,square,0.3266,26.91,69707.03,0.008802,1,29,46.10
197,18978.17,triangle,0.6251,28.02,19067.38,0.470060,1,6,7.16
198,46738.57,triangle,0.2380,31.72,46801.76,0.135184,1,6,7.57
199,51082.98,square,0.1163,37.44,51162.11,0.154905,1,23,33.55
200,93279.71,square,0.7270,38.45,93339.84,0.064466,1,37,53.23
201,71016.62,sine,0.6187,32.13,71069.34,0.074224,1,6,6.07
202,42988.94,triangle,0.9409,38.51,43090.82,0.237000,1,8,8.15
203,45633.10,sine,0.9864,36.78,45747.07,0.249759,1,14,15.78
204,13341.61,triangle,0.8829,30.38,13447.27,0.791960,1,55,56.42
205,59536.27,square,0.1493,26.70,59643.55,0.180204,1,12,18.83
206,80482.49,sine,0.4001,27.96,80551.76,0.086064,1,10,13.16
207,54202.16,triangle,0.4117,26.94,54301.76,0.183744,1,24,37.97
208,74012.62,square,0.3021,29.05,74116.21,0.139959,1,8,102.35
209,14944.85,sine,0.5485,28.38,15029.30,0.565090,1,19,16.74
210,91569.74,square,0.6225,32.65,91611.33,0.045412,1,7,9.13
211,2296.35,square,0.2602,39.22,2416.99,5.253595,1,196,167.48
212,15717.61,square,0.1768,39.94,15820.31,0.653423,1,1,1.11
213,50717.31,square,0.1604,35.00,50834.96,0.231982,1,2,3.21
214,21780.65,triangle,0.2846,23.81,21899.41,0.545256,1,16,15.75
215,4618.42,square,0.6084,21.31,4863.28,5.301906,1,29,35.30
216,77777.23,square,0.5720,28.82,77797.85,0.026508,1,22,34.74
217,40675.54,square,0.2397,23.64,40771.48,0.235870,1,27,38.56
218,86316.78,triangle,0.4360,25.41,86411.13,0.109314,1,14,14.92
219,64755.95,square,0.1228,23.12,64858.40,0.158200,1,2,2.50
220,71881.25,square,0.1244,24.44,71870.12,0.015489,1,2,3.50
221,23876.40,triangle,0.1177,22.08,23950.20,0.309052,1,34,36.54
222,80191.69,sine,0.6875,24.76,80224.61,0.041048,1,51,53.98
223,10844.70,sine,0.7500,37.11,10937.50,0.855737,1,41,41.80
224,83191.77,square,0.7013,24.10,83261.72,0.084085,1,13,23.30
225,30021.63,triangle,0.1117,21.71,30058.59,0.123139,1,37,37.65
226,21580.74,sine,0.2633,31.66,21708.98,0.594257,1,19,20.74
227,42721.03,triangle,0.8357,26.84,42846.68,0.294116,1,10,11.58
228,26682.92,square,0.6313,25.36,26811.52,0.481969,1,38,53.56
229,62790.74,square,0.5968,28.72,62871.09,0.127968,1,13,17.56
230,30152.11,triangle,0.7872,22.80,30244.14,0.305221,1,35,30.90
231,86978.33,square,0.9051,36.00,87011.72,0.038388,1,37,46.66
232,43096.14,sine,0.3418,30.83,43212.89,0.270914,1,7,6.52
233,63714.34,sine,0.2254,36.70,63774.41,0.094281,1,8,9.62
234,98455.82,square,0.2545,25.45,98525.39,0.070666,1,19,34.61
235,2820.68,triangle,0.2060,31.53,2841.80,0.748753,1,167,144.38
236,28131.47,square,0.6863,36.59,28222.66,0.324154,1,21,35.64
237,21435.71,sine,0.2232,38.00,21518.55,0.386499,1,22,25.25
238,87515.12,square,0.6405,33.30,87548.83,0.038520,1,35,58.89
239,18361.76,triangle,0.4769,27.66,18476.56,0.625245,1,17,21.51
240,52372.85,sine,0.2497,34.76,52465.82,0.177511,1,54,52.49
241,9197.07,square,0.3208,27.79,9296.88,1.085203,1,89,94.16
242,29580.68,square,0.7471,25.94,29716.80,0.460155,1,3,5.04
243,57074.06,square,0.6973,38.74,57202.15,0.224426,1,6,8.96
244,73524.64,sine,0.1281,25.25,73608.40,0.113922,1,26,21.00
245,59912.72,sine,0.5467,31.94,59985.35,0.121237,1,10,10.41
246,34090.15,triangle,0.1959,21.50,34145.51,0.162401,1,28,30.49
247,73090.69,square,0.7196,28.70,73168.95,0.107070,1,28,37.80
248,25393.80,triangle,0.8195,33.89,25488.28,0.372059,1,13,12.80
249,27942.37,square,0.4249,21.83,27973.63,0.111888,1,24,33.77
250,91814.04,sine,0.9552,28.92,91870.12,0.061073,1,6,6.71
251,19328.16,square,0.8857,34.64,19335.94,0.040239,1,1,1.61
252,80849.55,square,0.7230,36.98,80869.14,0.024226,1,23,36.50
253,25717.13,square,0.2991,39.75,25781.25,0.249317,1,9,13.64
254,94461.87,sine,0.7350,38.50,94531.25,0.073443,1,9,9.62
255,18876.96,square,0.9239,20.68,18959.96,0.439699,1,8,10.63
256,70044.61,sine,0.9320,39.42,70068.36,0.033911,1,11,11.01
257,94482.38,square,0.8758,36.89,94531.25,0.051721,1,9,23.69
258,32590.95,triangle,0.1333,31.93,32656.25,0.200372,1,9,10.48
259,23770.87,sine,0.1693,33.93,23876.95,0.446253,1,35,38.04
260,34647.62,triangle,0.1588,26.31,34760.74,0.326489,1,22,23.92
261,54409.64,triangle,0.3869,32.52,54492.19,0.151719,1,1,1.32
262,88711.80,square,0.3097,20.49,88764.65,0.059576,1,18,28.61
263,87139.79,sine,0.8872,30.58,87158.20,0.021132,1,11,10.83
264,93967.70,triangle,0.9981,27.01,93994.14,0.028136,1,11,9.93
265,76951.64,square,0.5319,32.55,77041.02,0.116144,1,39,58.04
266,87494.03,triangle,0.7914,28.36,87548.83,0.062626,1,35,34.89
267,42714.34,triangle,0.3149,22.21,42724.61,0.024034,1,11,11.95
268,36107.59,sine,0.3667,24.67,36196.29,0.245642,1,8,9.39
269,5167.23,sine,0.9890,28.56,5273.44,2.055488,1,1,0.99
270,39048.34,triangle,0.2964,39.00,39082.03,0.086286,1,13,15.45
271,78848.16,sine,0.4758,37.58,78881.84,0.042714,1,2,2.28
272,94528.47,square,0.6521,23.34,94531.25,0.002941,1,9,12.27
273,99125.69,sine,0.9485,32.99,99184.57,0.059396,1,28,30.03
274,61165.94,square,0.3076,23.53,61181.64,0.025664,1,3,4.80
275,22828.13,sine,0.8016,27.00,22851.56,0.102627,1,1,1.40
276,6726.42,triangle,0.8954,38.56,6811.52,1.265137,1,82,80.55
277,99495.87,sine,0.4566,35.16,99497.07,0.001202,1,74,76.09
278,69906.04,sine,0.8342,24.49,69916.99,0.015665,1,28,29.64
279,23157.94,square,0.6336,31.60,23217.77,0.258354,1,44,60.34
280,10057.20,triangle,0.3390,22.59,10151.37,0.936347,1,64,50.15
281,88986.06,triangle,0.8759,36.19,89023.44,0.042004,1,17,14.43
282,65868.96,square,0.1783,28.17,65888.67,0.029932,1,15,19.45
283,37896.16,sine,0.7511,29.92,37958.98,0.165772,1,23,22.94
284,9023.58,sine,0.7149,21.52,9091.80,0.756036,1,95,79.72
285,85269.48,square,0.5325,31.85,85273.44,0.004636,1,65,94.64
286,82643.42,square,0.7102,31.31,82675.78,0.039163,1,29,41.87
287,27435.80,triangle,0.8177,33.17,27558.59,0.447572,1,29,32.71
288,85207.59,triangle,0.7375,36.74,85273.44,0.077278,1,65,60.57
289,70049.67,triangle,0.6568,35.05,70068.36,0.026673,1,11,13.73
290,16701.91,triangle,0.8847,20.58,16811.52,0.656320,1,48,50.06
291,82755.86,sine,0.4016,34.87,82783.20,0.033043,1,15,15.95
292,16915.23,triangle,0.8489,30.15,17026.37,0.657026,1,44,42.00
293,1632.20,sine,0.6552,39.62,1699.22,4.105955,1,245,160.89
294,63549.54,sine,0.6706,30.80,63593.75,0.069569,1,9,9.63
295,78204.69,sine,0.7849,30.83,78222.66,0.022968,1,5,5.49
296,96336.21,square,0.6694,38.64,96411.13,0.077774,1,2,3.38
297,11148.46,triangle,0.7191,21.36,11245.12,0.866973,1,32,33.83
298,30795.39,triangle,0.1606,31.64,30893.55,0.318754,1,28,31.50
299,35242.42,square,0.1412,37.43,35273.44,0.088004,1,17,30.16
300,97375.41,triangle,0.7747,22.60,97412.11,0.037691,1,11,16.49
301,76068.06,sine,0.1199,26.47,76083.98,0.020939,1,43,52.04
302,49375.68,triangle,0.7150,28.92,49418.95,0.087633,1,12,17.22
303,28089.04,triangle,0.4836,29.03,28139.65,0.180172,1,22,28.66
304,17198.76,triangle,0.7243,24.42,17294.92,0.559131,1,39,55.82
305,9155.72,triangle,0.6891,25.47,9228.52,0.795045,1,91,144.81
306,95135.49,sine,0.4891,38.87,95185.55,0.052614,1,19,56.55
307,42553.00,square,0.4578,25.48,42602.54,0.116407,1,12,20.69
308,98413.79,square,0.9047,24.60,98525.39,0.113402,1,19,68.26
309,22097.37,sine,0.6865,27.37,22216.80,0.540477,1,11,40.82
310,86571.47,square,0.9714,23.71,86660.16,0.102447,1,13,57.09
311,86993.69,triangle,0.7938,36.90,87011.72,0.020720,1,37,80.04
312,76341.38,square,0.2181,20.65,76464.84,0.161732,1,13,55.13
313,92163.94,square,0.8169,29.63,92187.50,0.025566,1,41,135.31
314,12613.51,sine,0.7170,28.61,12700.20,0.687236,1,72,88.03
315,20851.95,square,0.1578,31.64,20947.27,0.457116,1,31,47.55
316,27630.35,triangle,0.3793,29.10,27724.61,0.341155,1,27,30.69
317,2150.43,sine,0.4532,29.60,2241.21,4.221358,1,208,165.75
318,60402.03,sine,0.7255,37.20,60498.05,0.158956,1,7,7.69
319,78205.25,sine,0.5325,22.10,78222.66,0.022260,1,5,6.12
320,24962.46,triangle,0.2282,29.98,25048.83,0.346006,1,19,19.86
321,62197.42,triangle,0.6037,20.20,62270.51,0.117513,1,34,31.96
322,33319.67,square,0.1791,27.01,33398.44,0.236401,1,1,1.64
323,4287.11,sine,0.4572,22.65,4482.42,4.555848,1,55,61.43
324,57186.54,triangle,0.8205,24.00,57202.15,0.027287,1,6,6.11
325,17580.78,sine,0.6728,34.13,17670.90,0.512621,1,32,32.84
326,4127.03,triangle,0.1468,30.83,4160.16,0.802706,1,77,80.36
327,71196.99,triangle,0.7427,36.03,71269.53,0.101886,1,5,6.23
328,34605.57,triangle,0.1721,37.90,34658.20,0.152097,1,23,23.67
329,55211.65,triangle,0.5071,32.87,55268.55,0.103075,1,18,18.81
330,53113.86,triangle,0.1735,21.21,53129.88,0.030160,1,10,10.89
331,25463.22,sine,0.8846,24.38,25561.52,0.386060,1,12,11.95
332,97610.66,square,0.2639,35.79,97661.13,0.051708,1,22,31.51
333,66212.07,square,0.5998,34.38,66269.53,0.086784,1,13,19.84
334,23617.02,triangle,0.9773,33.01,23730.47,0.480371,1,37,40.15
335,20754.70,triangle,0.1650,20.61,20883.79,0.621962,1,32,36.99
336,26510.61,square,0.8814,34.54,26562.50,0.195748,1,41,56.59
337,74527.95,square,0.4113,27.42,74536.13,0.010985,1,6,10.38
338,98777.31,sine,0.8803,31.57,98803.71,0.026731,1,6,5.25
339,44422.93,triangle,0.5380,37.47,44428.71,0.013021,1,24,25.21
340,90169.48,square,0.3491,31.85,90234.38,0.071965,1,25,43.83
341,91323.97,sine,0.6607,32.63,91352.54,0.031282,1,8,8.22
342,73578.19,sine,0.7442,38.18,73696.29,0.160509,1,10,11.09
343,18788.63,sine,0.9743,23.62,18906.25,0.626029,1,9,8.19
344,85584.12,square,0.3225,37.41,85654.30,0.081993,1,3,5.42
345,45085.22,square,0.4233,31.86,45219.73,0.298338,1,18,23.62
346,17188.86,square,0.9725,25.16,17294.92,0.617019,1,39,48.49
347,66016.93,sine,0.7961,22.62,66079.10,0.094175,1,14,12.89
348,97012.28,square,0.3124,21.47,97084.96,0.074916,1,24,31.69
349,17806.03,square,0.4033,36.58,17885.74,0.447655,1,28,36.11
350,43657.86,sine,0.6554,34.14,43701.17,0.099196,1,3,3.37
351,17537.15,sine,0.1330,34.73,17617.19,0.456395,1,33,29.52
352,66716.65,square,0.8598,36.11,66840.82,0.186119,1,10,15.70
353,58950.08,triangle,0.2853,22.24,58959.96,0.016758,1,16,15.22
354,27705.21,sine,0.5781,38.73,27807.62,0.369626,1,26,30.80
355,4895.01,sine,0.5070,38.68,5112.30,4.439095,1,12,12.86
356,32299.45,square,0.1374,22.97,32377.93,0.242962,1,12,19.17
357,98676.38,triangle,0.1044,39.04,98803.71,0.129037,1,6,5.70
358,64272.87,triangle,0.5093,30.31,64316.41,0.067731,1,5,5.81
359,49395.81,triangle,0.2257,20.60,49418.95,0.046834,1,12,13.48
360,31485.06,triangle,0.2817,33.47,31542.97,0.183911,1,21,24.20
361,97021.29,sine,0.7053,28.88,97133.79,0.115950,1,12,15.55
362,86946.08,sine,0.7234,36.76,86953.12,0.008099,1,25,34.03
363,94516.81,triangle,0.5475,32.36,94531.25,0.015280,1,9,14.14
364,87021.59,square,0.1273,38.62,87055.66,0.039152,1,78,119.69
365,69263.15,triangle,0.2941,33.18,69267.58,0.006396,1,15,16.83
366,39992.58,square,0.1959,33.16,40092.77,0.250540,1,4,5.59
367,99941.96,sine,0.9795,28.14,99965.82,0.023875,1,14,11.46
368,87204.59,triangle,0.6103,34.77,87211.91,0.008397,1,24,21.05
369,87973.04,square,0.3943,33.35,87988.28,0.017324,1,21,31.83
370,80976.75,triangle,0.8180,28.71,81010.74,0.041980,1,8,8.55
371,81965.59,sine,0.5900,20.12,82065.43,0.121810,1,18,17.71
372,33134.00,square,0.4566,33.91,33212.89,0.238104,1,3,3.60
373,39467.25,square,0.3138,27.47,39531.25,0.162155,1,9,12.05
374,23499.69,sine,0.6431,33.36,23583.98,0.358691,1,39,35.85
375,62329.54,square,0.4418,37.27,62460.94,0.210804,1,49,60.35
376,52389.10,square,0.1231,26.82,52524.41,0.258293,1,14,15.52
377,38639.37,square,0.6222,30.67,38745.12,0.273687,1,16,20.48
378,61182.60,triangle,0.8317,34.36,61245.12,0.102174,1,22,23.15
379,95596.85,sine,0.2762,20.15,95605.47,0.009020,1,5,4.14
380,65100.00,triangle,0.3191,38.54,65126.95,0.041408,1,19,17.92
381,6966.47,triangle,0.4165,22.03,7031.25,0.929859,1,73,68.10
382,49101.30,sine,0.3564,26.15,49135.74,0.070137,1,14,17.72
383,80499.56,square,0.3802,32.21,80551.76,0.064838,1,10,14.79
384,71898.92,sine,0.4722,22.44,72016.60,0.163681,1,18,18.67
385,18933.79,triangle,0.2633,30.50,19013.67,0.421924,1,7,6.95
386,71195.58,sine,0.6106,25.13,71269.53,0.103871,1,5,5.49
387,96329.76,square,0.8254,31.00,96411.13,0.084473,1,2,3.22
388,5297.84,square,0.9563,32.03,5395.51,1.843526,1,140,142.16
389,82099.70,triangle,0.3053,24.24,82158.20,0.071262,1,3,2.62
390,61487.12,square,0.8559,38.00,61523.44,0.059069,1,1,1.18
391,35988.72,sine,0.8025,25.50,36093.75,0.291851,1,9,9.03
392,82438.82,square,0.7008,21.91,82543.95,0.127522,1,16,24.92
393,62762.07,square,0.6279,23.36,62871.09,0.173705,1,13,22.62
394,73950.50,triangle,0.2951,21.91,74047.85,0.131643,1,24,26.46
395,3340.22,square,0.6464,30.93,3515.62,5.251300,1,121,127.91
396,23962.76,square,0.6350,29.94,24023.44,0.253205,1,33,44.58
397,98790.77,sine,0.7256,28.09,98803.71,0.013103,1,6,6.66
398,43391.76,triangle,0.7232,39.83,43457.03,0.150419,1,5,6.13
399,13711.03,sine,0.7519,31.57,13798.83,0.640313,1,47,42.75
400,28141.91,sine,0.1771,37.88,28222.66,0.286940,1,21,19.40
401,19994.87,sine,0.3040,27.10,20058.59,0.318725,1,45,43.79
402,7872.96,square,0.1609,36.01,8007.81,1.712851,1,33,39.71
403,24137.50,square,0.8921,33.02,24243.16,0.437775,1,30,37.37
404,53762.82,sine,0.3997,33.39,53886.72,0.230453,1,5,4.12
405,99419.80,square,0.6020,34.61,99482.42,0.062991,1,27,35.31
406,47055.36,sine,0.6061,39.15,47065.43,0.021409,1,4,4.24
407,18354.99,triangle,0.2808,30.72,18476.56,0.662333,1,17,15.54
408,10570.97,square,0.7805,26.95,10664.06,0.880657,1,49,57.09
409,66826.26,triangle,0.9345,24.69,66840.82,0.021787,1,10,8.86
410,40532.28,sine,0.9932,38.54,40649.41,0.289000,1,28,28.29
411,54455.76,triangle,0.5689,32.47,54492.19,0.066901,1,1,1.25
412,9823.32,triangle,0.2149,36.52,9912.11,0.903876,1,71,76.91
413,78420.78,triangle,0.1325,26.06,78442.38,0.027546,1,4,4.84
414,27048.14,square,0.1789,38.74,27143.55,0.352742,1,34,42.54
415,55826.42,sine,0.4573,28.94,55913.09,0.155239,1,14,12.69
416,60458.84,square,0.9275,29.94,60498.05,0.064851,1,7,8.26
417,99223.64,triangle,0.2877,38.61,99243.16,0.019673,1,90,67.71
418,12520.27,triangle,0.4426,37.56,12612.30,0.735058,1,74,57.65
419,86937.61,triangle,0.8110,26.09,86953.12,0.017843,1,25,24.63
420,9011.01,square,0.2562,33.90,9125.98,1.275856,1,94,88.22
421,35263.87,triangle,0.6769,36.45,35375.98,0.317899,1,16,18.26
422,14119.94,triangle,0.9305,29.74,14238.28,0.838096,1,37,40.32
423,61019.04,triangle,0.2574,30.05,61064.45,0.074423,1,23,25.25
424,40467.64,sine,0.4308,21.36,40527.34,0.147535,1,29,29.19
425,3555.38,sine,0.9668,30.99,3706.05,4.237970,1,108,95.51
426,96616.39,square,0.3806,30.12,96679.69,0.065510,1,1,1.77
427,44511.66,sine,0.6767,24.32,44560.55,0.109836,1,23,26.04
428,62339.21,square,0.2368,21.23,62460.94,0.195270,1,49,101.20
429,78295.40,square,0.1523,39.90,78359.38,0.081714,1,89,217.01
430,6720.28,triangle,0.9853,24.78,6787.11,0.994510,1,83,166.06
431,15082.69,sine,0.3729,22.02,15205.08,0.811464,1,15,37.15
432,69523.97,sine,0.5585,39.93,69536.13,0.017490,1,58,103.22
433,81583.06,square,0.3756,32.48,81699.22,0.142385,1,5,10.45
434,53177.10,square,0.2176,37.73,53281.25,0.195846,1,9,15.33
435,45528.68,sine,0.4310,28.28,45615.23,0.190109,1,15,44.08
436,82926.25,triangle,0.7924,20.22,83022.46,0.116018,1,14,32.82
437,42199.25,square,0.1173,25.20,42236.33,0.087874,1,15,27.32
438,76268.69,sine,0.5818,24.30,76323.24,0.071523,1,42,83.73
439,2199.96,sine,0.9783,36.03,2299.80,4.538635,1,204,180.68
440,95998.09,square,0.1988,30.96,96020.51,0.023355,1,76,100.32
441,45983.36,triangle,0.1883,29.76,46010.74,0.059556,1,12,14.51
442,15854.82,sine,0.7636,29.52,15952.15,0.613887,1,64,63.58
443,38212.94,square,0.5135,35.70,38295.90,0.217095,1,20,31.12
444,89316.38,triangle,0.8082,26.31,89399.41,0.092962,1,2,2.63
445,69125.34,square,0.3292,36.82,69267.58,0.205774,1,15,25.87
446,4804.21,triangle,0.5153,32.74,4833.98,0.619786,1,31,33.38
447,66276.04,triangle,0.6730,32.28,66347.66,0.108060,1,45,45.07
448,7598.55,square,0.2352,34.75,7739.26,1.851745,1,44,49.84
449,51709.97,triangle,0.1375,21.70,51767.58,0.111406,1,19,18.08
450,71916.02,sine,0.1641,20.24,72016.60,0.139866,1,18,17.85
451,95693.64,triangle,0.4179,25.93,95742.19,0.050734,1,17,18.09
452,35620.62,triangle,0.6952,23.70,35683.59,0.176791,1,13,10.75
453,18236.82,sine,0.6943,35.29,18315.43,0.431026,1,20,15.89
454,27239.60,sine,0.1740,39.36,27309.57,0.256883,1,32,32.94
455,30249.03,triangle,0.6622,27.64,30336.91,0.290525,1,34,35.01
456,21363.04,sine,0.6535,35.49,21455.08,0.430834,1,23,21.12
457,64746.52,square,0.1378,39.37,64858.40,0.172793,1,2,3.19
458,80072.70,sine,0.9820,32.04,80092.77,0.025063,1,12,13.67
459,58659.84,triangle,0.8306,33.13,58789.06,0.220286,1,17,19.52
460,13681.48,square,0.9353,24.49,13798.83,0.857723,1,47,56.70
461,37844.54,square,0.4955,32.26,37958.98,0.302419,1,23,27.24
462,94364.51,sine,0.2094,23.95,94492.19,0.135305,1,33,32.88
463,88805.57,square,0.3573,36.32,88901.37,0.107878,1,4,6.35
464,86275.63,triangle,0.9270,25.04,86411.13,0.157058,1,14,16.33
465,75749.15,square,0.8578,34.57,75805.66,0.074606,1,16,21.39
466,77868.30,square,0.2597,30.90,77944.34,0.097650,1,48,66.53
467,98482.30,triangle,0.1389,23.30,98525.39,0.043750,1,7,6.59
468,14041.15,triangle,0.8360,24.27,14150.39,0.778014,1,39,43.41
469,51079.42,triangle,0.7595,30.84,51162.11,0.161891,1,23,29.41
470,59444.42,square,0.3678,31.30,59472.66,0.047498,1,13,20.60
471,69199.64,triangle,0.6727,35.22,69267.58,0.098170,1,15,18.95
472,16847.09,square,0.1084,24.93,16918.95,0.426504,1,46,58.39
473,72919.71,triangle,0.1893,28.03,72949.22,0.040468,1,29,31.93
474,80207.03,sine,0.5996,34.66,80322.27,0.143678,1,11,12.53
475,61982.56,sine,0.4198,35.68,62080.08,0.157332,1,35,50.60
476,55868.42,sine,0.7849,20.71,55913.09,0.079940,1,14,13.77
477,74827.64,sine,0.9623,27.36,74956.05,0.171608,1,4,5.20
478,33366.23,sine,0.3750,37.53,33398.44,0.096527,1,1,0.84
479,99637.10,square,0.5037,34.44,99677.73,0.040783,1,15,21.85
480,88733.38,square,0.4524,28.25,88764.65,0.035236,1,18,29.39
481,69866.20,sine,0.6576,27.11,69868.16,0.002816,1,12,13.47
482,79625.54,sine,0.6294,29.62,79633.79,0.010365,1,14,16.25
483,64590.23,sine,0.6220,31.23,64677.73,0.135481,1,3,3.63
484,56505.35,square,0.7088,36.10,56557.62,0.092501,1,10,11.57
485,27712.25,triangle,0.5484,21.54,27807.62,0.344129,1,26,25.58
486,6796.54,square,0.8064,34.15,6909.18,1.657279,1,78,84.00
487,79072.88,square,0.4962,22.95,79101.56,0.036272,1,1,1.23
488,33491.08,square,0.1797,24.41,33530.27,0.117019,1,34,47.83
489,60224.30,triangle,0.9985,38.66,60327.15,0.170769,1,8,9.38
490,64613.95,square,0.6726,35.71,64677.73,0.098709,1,3,4.65
491,12715.28,square,0.8558,27.68,12832.03,0.918173,1,69,77.19
492,57615.35,square,0.2660,27.24,57685.55,0.121829,1,3,4.80
493,34116.62,sine,0.1218,36.63,34145.51,0.084681,1,28,23.70
494,28034.01,square,0.3689,38.81,28139.65,0.376822,1,22,31.08
495,26670.38,square,0.8855,36.84,26728.52,0.217982,1,39,53.88
496,19424.04,triangle,0.5124,29.66,19487.30,0.325701,1,54,66.84
497,14214.52,sine,0.7551,29.93,14326.17,0.785497,1,35,32.90
498,44248.22,triangle,0.7890,23.18,44296.88,0.109960,1,25,26.24
499,61412.29,sine,0.7762,33.14,61523.44,0.180986,1,1,0.85
500,95704.85,sine,0.1513,25.64,95742.19,0.039016,1,17,13.80
501,26908.86,sine,0.9156,24.99,26977.54,0.255218,1,36,34.30
502,27923.02,triangle,0.5048,35.53,27973.63,0.181248,1,24,27.08
503,7471.25,square,0.1303,21.25,7592.77,1.626553,1,50,55.43
504,90737.31,sine,0.5792,28.22,90834.96,0.107622,1,10,8.47
505,35386.99,triangle,0.1196,33.28,35478.52,0.258644,1,15,19.12
506,96376.05,square,0.9431,21.05,96411.13,0.036403,1,2,2.69
507,42460.54,sine,0.7577,39.63,42480.47,0.046938,1,13,11.74
508,26396.48,square,0.2783,31.31,26479.49,0.314497,1,42,48.36
509,46929.32,triangle,0.6477,26.99,46933.59,0.009115,1,5,4.30
510,12295.48,sine,0.3028,25.02,12304.69,0.074863,1,1,0.86
511,85210.99,square,0.5711,22.30,85273.44,0.073286,1,65,85.11
512,86153.83,triangle,0.1609,34.16,86162.11,0.009610,1,15,15.17
513,54810.28,sine,0.5125,29.69,54858.40,0.087784,1,40,38.53
514,17411.68,triangle,0.8650,33.38,17509.77,0.563335,1,35,36.56
515,46767.26,square,0.6859,30.91,46801.76,0.073764,1,6,8.49
516,7165.04,square,0.8258,29.18,7299.80,1.880900,1,62,66.04
517,6143.70,triangle,0.2812,25.17,6225.59,1.332825,1,106,96.92
518,17305.93,sine,0.7811,30.39,17402.34,0.557120,1,37,36.15
519,21283.25,triangle,0.8916,37.41,21391.60,0.509111,1,24,27.54
520,24640.82,square,0.9865,35.44,24755.86,0.466845,1,23,31.91
521,3689.57,sine,0.5175,38.18,3852.54,4.416887,1,98,83.28
522,54331.48,square,0.1949,33.14,54345.70,0.026182,1,43,57.37
523,82388.21,square,0.7981,39.29,82426.76,0.046784,1,30,42.19
524,21172.88,square,0.3584,35.86,21264.65,0.433427,1,26,36.61
525,58181.74,square,0.8181,27.92,58276.37,0.162635,1,20,25.97
526,91593.92,square,0.2422,33.92,91611.33,0.019009,1,7,9.03
527,79532.87,sine,0.8715,38.12,79633.79,0.126885,1,14,13.27
528,28413.54,triangle,0.2266,24.04,28471.68,0.204605,1,18,15.35
529,19238.26,triangle,0.6889,23.04,19335.94,0.507730,1,1,0.91
530,44592.02,square,0.1751,37.65,44692.38,0.225073,1,22,32.01
531,80556.75,square,0.9704,28.36,80629.88,0.090784,1,24,35.94
532,98426.92,triangle,0.6712,23.32,98525.39,0.100043,1,7,7.14
533,88310.85,square,0.2460,20.25,88403.32,0.104712,1,6,9.33
534,56415.81,square,0.7474,37.81,56455.08,0.069600,1,79,109.36
535,8861.25,triangle,0.2687,37.16,8920.90,0.673117,1,100,92.68
536,82087.29,square,0.7392,26.29,82158.20,0.086390,1,3,3.75
537,47645.62,triangle,0.5133,27.16,47719.73,0.155533,1,24,30.94
538,49927.03,triangle,0.4017,23.48,49985.35,0.116809,1,8,11.27
539,71489.39,triangle,0.1906,24.80,71596.68,0.150081,1,20,26.35
540,15055.23,square,0.5053,34.98,15161.13,0.703449,1,16,26.73
541,65463.61,square,0.4171,36.83,65507.81,0.067521,1,17,30.45
542,47657.43,triangle,0.6707,22.53,47719.73,0.130718,1,24,35.38
543,67941.58,sine,0.7177,21.39,67983.40,0.061553,1,4,5.53
544,18313.26,triangle,0.3045,36.74,18422.85,0.598415,1,18,25.04
545,28648.33,square,0.7247,30.25,28720.70,0.252616,1,15,28.58
546,31225.76,sine,0.1299,26.08,31264.65,0.124549,1,24,34.14
547,65663.12,triangle,0.8841,35.32,65698.24,0.053494,1,16,25.74
548,79056.29,square,0.3343,38.14,79101.56,0.057270,1,1,1.67
549,67402.50,square,0.1999,28.94,67412.11,0.014258,1,7,11.43
550,46575.47,triangle,0.5920,27.61,46669.92,0.202796,1,7,21.95
551,97703.23,sine,0.4803,20.84,97822.27,0.121831,1,43,65.42
552,74250.51,triangle,0.3520,37.17,74326.17,0.101904,1,7,10.36
553,29929.60,triangle,0.7786,36.10,29965.82,0.121002,1,38,99.19
554,2782.65,triangle,0.7540,26.10,2797.85,0.546334,1,170,292.69
555,83110.07,sine,0.8855,22.25,83173.83,0.076713,1,27,46.99
556,70664.91,square,0.1869,24.84,70668.95,0.005708,1,8,33.59
557,2228.00,square,0.3711,31.97,2343.75,5.195262,1,201,199.55
558,30426.54,sine,0.7689,20.96,30522.46,0.315244,1,32,32.55
559,90386.60,triangle,0.7010,31.86,90502.93,0.128697,1,24,25.37
560,89337.95,sine,0.1711,24.79,89399.41,0.068803,1,2,2.31
561,79663.25,sine,0.6245,39.91,79672.85,0.012053,1,28,29.66
562,85713.91,square,0.1573,36.63,85781.25,0.078560,1,73,104.72
563,60298.87,sine,0.1845,38.19,60327.15,0.046893,1,8,9.93
564,67250.83,triangle,0.8911,31.44,67265.62,0.022006,1,25,26.56
565,52227.19,square,0.3853,28.69,52294.92,0.129689,1,55,71.83
566,77614.09,square,0.9033,28.87,77695.31,0.104654,1,49,72.85
567,61101.87,square,0.6325,34.05,61181.64,0.130556,1,3,4.62
568,24505.91,square,0.1938,27.69,24609.38,0.422190,1,25,31.91
569,49279.04,square,0.9555,32.01,49345.70,0.135277,1,35,45.08
570,74615.80,square,0.6707,21.42,74746.09,0.174623,1,5,5.98
571,26184.77,square,0.5252,20.91,26293.95,0.416955,1,2,2.26
572,14862.39,sine,0.9744,26.63,14985.35,0.827363,1,20,16.08
573,48722.06,sine,0.6497,25.61,48740.23,0.037292,1,39,30.08
574,21492.27,square,0.1050,20.15,21582.03,0.417666,1,21,25.77
575,22687.81,sine,0.1972,26.78,22788.09,0.441972,1,2,2.26
576,80455.98,square,0.5614,25.87,80551.76,0.119041,1,10,15.20
577,93243.62,square,0.1784,32.34,93339.84,0.103198,1,37,54.92
578,12270.00,square,0.5567,37.48,12304.69,0.282694,1,1,1.33
579,49861.11,triangle,0.9935,22.63,49985.35,0.249172,1,8,8.41
580,28198.42,square,0.4796,28.22,28305.66,0.380316,1,20,27.21
581,90853.49,triangle,0.6471,26.19,90947.27,0.103217,1,83,82.45
582,82555.25,triangle,0.8391,20.03,82617.19,0.075028,1,1,1.17
583,64003.74,sine,0.3318,21.19,64135.74,0.206248,1,6,6.68
584,60775.75,triangle,0.2030,27.68,60839.84,0.105460,1,5,6.62
585,46167.41,square,0.2089,28.38,46274.41,0.231764,1,10,17.56
586,75366.63,sine,0.1722,27.10,75375.98,0.012406,1,2,2.28
587,94230.85,triangle,0.7108,27.24,94262.70,0.033800,1,10,12.37
588,59772.42,sine,0.6725,38.27,59814.45,0.070325,1,11,13.12
589,61644.77,triangle,0.7516,22.41,61699.22,0.088321,1,37,38.83
590,90342.88,sine,0.5806,22.84,90454.10,0.123113,1,36,39.45
591,2158.95,square,0.3655,29.72,2270.51,5.167008,1,206,216.90
592,58142.79,sine,0.2107,31.17,58173.83,0.053385,1,39,34.70
593,34973.57,triangle,0.6871,36.91,35068.36,0.271037,1,19,20.70
594,69556.79,square,0.7057,25.51,69667.97,0.159839,1,13,20.96
595,31325.04,triangle,0.5018,35.97,31450.20,0.399549,1,22,26.07
596,82419.81,triangle,0.9250,28.62,82543.95,0.150607,1,16,16.99
597,32567.82,square,0.4341,32.02,32656.25,0.271541,1,9,10.05
598,70853.00,triangle,0.4371,23.34,70966.80,0.160609,1,23,21.25
599,43622.40,sine,0.9011,26.92,43701.17,0.180566,1,3,3.28
600,16291.51,sine,0.6812,32.74,16381.84,0.554405,1,56,55.65
601,34719.81,sine,0.4687,26.22,34760.74,0.117886,1,22,20.66
602,68034.94,square,0.4281,24.36,68173.83,0.204137,1,3,4.56
603,98815.56,square,0.7194,22.81,98886.72,0.072011,1,29,42.41
604,49073.38,sine,0.5549,39.28,49135.74,0.127079,1,14,12.24
605,39036.46,sine,0.1279,27.76,39082.03,0.116728,1,13,10.38
606,16842.47,sine,0.7806,29.17,16918.95,0.454070,1,46,36.35
607,29635.23,triangle,0.2045,39.12,29716.80,0.275228,1,3,5.24
608,32082.71,triangle,0.6426,36.53,32192.38,0.341860,1,14,20.00
609,98417.30,sine,0.9650,27.79,98525.39,0.109826,1,7,7.65
610,39165.68,square,0.5873,23.08,39306.64,0.359912,1,11,22.14
611,55817.44,square,0.7857,36.67,55913.09,0.171360,1,14,21.02
612,44603.69,sine,0.3334,23.89,44692.38,0.198838,1,22,23.06
613,6707.11,square,0.3432,39.33,6811.52,1.556748,1,82,93.31
614,56213.17,square,0.6224,22.78,56235.35,0.039453,1,12,17.59
615,44960.33,square,0.5400,28.04,45087.89,0.283716,1,19,23.77
616,99390.99,triangle,0.6611,31.39,99482.42,0.091992,1,27,29.10
617,62445.39,sine,0.4556,20.79,62509.77,0.103095,1,15,18.44
618,48079.06,square,0.3050,39.28,48144.53,0.136179,1,21,28.54
619,91036.01,triangle,0.5800,37.40,91093.75,0.063429,1,9,9.49
620,13934.58,triangle,0.2123,35.88,14018.55,0.602621,1,42,42.80
621,28300.99,triangle,0.9496,22.98,28388.67,0.309822,1,19,21.00
622,46804.88,triangle,0.5351,37.27,46933.59,0.274990,1,5,6.13
623,59284.42,square,0.3572,24.06,59301.76,0.029244,1,14,22.08
624,76418.02,square,0.5601,29.85,76464.84,0.061272,1,13,21.65
625,58150.62,triangle,0.9827,28.15,58276.37,0.216237,1,20,24.20
626,82924.37,triangle,0.6162,39.12,83022.46,0.118286,1,14,17.10
627,20846.98,sine,0.8686,28.78,20947.27,0.481070,1,31,27.66
628,84849.92,triangle,0.1562,37.67,84936.52,0.102071,1,6,6.45
629,45383.59,square,0.6639,38.53,45483.40,0.219930,1,16,19.68
630,2892.49,square,0.7189,34.45,3032.23,4.830891,1,154,145.88
631,69560.71,sine,0.3695,27.17,69667.97,0.154193,1,13,11.02
632,80639.28,sine,0.2896,39.15,80683.59,0.054949,1,37,28.88
633,1877.47,triangle,0.7091,36.57,1889.65,0.648918,1,232,166.57
634,30167.32,sine,0.7641,36.68,30244.14,0.254648,1,35,35.15
635,74307.14,sine,0.7781,35.38,74326.17,0.025616,1,7,7.38
636,66195.51,triangle,0.8613,32.27,66269.53,0.111821,1,13,13.57
637,9771.87,square,0.1699,28.15,9877.93,1.085391,1,72,75.91
638,41303.54,sine,0.4139,22.22,41381.84,0.189556,1,22,22.70
639,81015.29,triangle,0.1651,39.10,81108.40,0.114932,1,22,20.61
640,52735.08,sine,0.1692,30.01,52827.15,0.174580,1,12,9.64
641,79657.04,triangle,0.1452,21.46,79672.85,0.019851,1,28,23.16
642,40884.45,sine,0.3091,25.62,40893.55,0.022257,1,26,20.43
643,80544.79,triangle,0.4646,38.12,80551.76,0.008649,1,10,8.46
644,32828.07,square,0.3034,32.81,32934.57,0.324405,1,6,6.94
645,97919.13,square,0.4220,32.96,97968.75,0.050674,1,9,11.36
646,13169.15,triangle,0.5528,28.99,13271.48,0.777098,1,59,56.52
647,59000.61,square,0.1646,33.65,59077.15,0.129718,1,34,42.41
648,24951.24,triangle,0.8403,36.08,25048.83,0.391130,1,19,16.25
649,55697.60,square,0.2286,35.51,55751.95,0.097594,1,15,17.56
650,27869.53,square,0.3558,22.68,27973.63,0.373541,1,24,26.39
651,63326.21,sine,0.7738,26.35,63413.09,0.137185,1,10,8.30
652,1013.33,square,0.1422,25.52,,,0,260,245.98
653,70990.67,sine,0.8554,20.08,71069.34,0.110808,1,6,8.14
654,25435.56,triangle,0.3846,22.04,25561.52,0.495214,1,12,16.13
655,36663.16,sine,0.8584,26.27,36708.98,0.124993,1,3,3.44
656,79104.31,triangle,0.4904,38.20,79174.80,0.089110,1,16,20.95
657,38354.49,triangle,0.1804,33.74,38408.20,0.140051,1,19,24.48
658,49887.59,square,0.6694,34.08,49985.35,0.195964,1,8,22.29
659,1431.96,sine,0.7417,33.33,1494.14,4.342074,1,259,331.27
660,96638.70,triangle,0.9557,34.05,96679.69,0.042410,1,1,1.28
661,30507.17,sine,0.8036,32.88,30615.23,0.354231,1,31,53.08
662,5770.42,square,0.9611,30.01,5859.38,1.541653,1,121,243.35
663,43840.18,square,0.2880,27.37,43945.31,0.239798,1,1,1.63
664,37611.51,sine,0.7908,28.33,37734.38,0.326662,1,25,33.00
665,82395.81,triangle,0.2908,33.15,82426.76,0.037561,1,30,31.14
666,47755.90,triangle,0.2942,33.56,47861.33,0.220768,1,23,24.29
667,61167.46,sine,0.2229,33.03,61181.64,0.023183,1,3,3.74
668,74121.15,sine,0.6803,27.90,74125.98,0.006514,1,38,40.82
669,71607.48,sine,0.9012,25.75,71669.92,0.087198,1,3,3.83
670,37410.81,sine,0.2004,30.32,37509.77,0.264503,1,27,29.36
671,27491.67,triangle,0.1132,27.58,27558.59,0.243415,1,29,34.06
672,34397.21,sine,0.2119,28.27,34453.12,0.162559,1,25,28.30
673,49793.59,square,0.5778,31.90,49843.75,0.100728,1,9,14.53
674,1982.46,square,0.9671,30.38,2080.08,4.924181,1,219,211.09
675,68076.68,sine,0.7966,35.46,68173.83,0.142697,1,3,4.07
676,52608.31,triangle,0.2130,20.34,52675.78,0.128255,1,13,13.36
677,77245.66,triangle,0.2082,25.31,77343.75,0.126981,1,9,8.48
678,2737.68,sine,0.7958,30.36,2856.45,4.338022,1,166,125.17
679,35461.46,square,0.1012,26.00,35581.05,0.337242,1,14,20.23
680,64999.42,triangle,0.8624,20.47,65039.06,0.060996,1,1,0.90
681,89957.50,triangle,0.8023,29.16,90058.59,0.112380,1,13,11.98
682,40402.52,sine,0.1591,24.56,40429.69,0.067232,1,1,1.28
683,25413.76,square,0.7727,29.48,25488.28,0.293232,1,13,16.67
684,6726.60,triangle,0.9485,35.70,6811.52,1.262494,1,82,78.72
685,99141.46,square,0.9665,21.51,99184.57,0.043481,1,28,40.62
686,37202.39,sine,0.2762,22.82,37285.16,0.222465,1,29,31.29
687,62618.95,triangle,0.6205,22.94,62690.43,0.114149,1,14,17.41
688,81301.25,square,0.4493,33.48,81347.66,0.057075,1,21,27.45
689,26730.59,square,0.9257,25.81,26811.52,0.302764,1,38,48.12
690,47528.84,triangle,0.7369,21.24,47578.12,0.103698,1,25,26.05
691,15583.00,sine,0.6678,28.95,15688.48,0.676860,1,4,4.92
692,14293.21,triangle,0.5767,24.84,14414.06,0.845522,1,33,33.72
693,50559.75,triangle,0.1686,25.49,50595.70,0.071103,1,47,51.83
694,80889.58,square,0.5919,28.66,81010.74,0.149783,1,8,12.82
695,5346.09,sine,0.5010,24.18,5419.92,1.380962,1,139,119.85
696,5947.92,triangle,0.9831,35.86,6030.27,1.384510,1,114,97.26
697,85524.71,sine,0.9646,23.94,85654.30,0.151523,1,3,2.62
698,95191.55,triangle,0.7406,39.62,95312.50,0.127058,1,41,45.27
699,57384.44,sine,0.4933,31.87,57421.88,0.065239,1,25,25.58
700,8235.07,square,0.9831,23.80,8374.02,1.687280,1,18,26.26
701,79466.92,triangle,0.9493,39.20,79492.19,0.031801,1,65,79.67
702,52624.50,triangle,0.7816,23.23,52675.78,0.097439,1,13,17.02
703,48213.11,triangle,0.3226,32.81,48286.13,0.151457,1,20,21.33
704,66993.45,sine,0.6086,35.43,67031.25,0.056427,1,9,7.38
705,50390.67,sine,0.1081,27.14,50410.16,0.038669,1,5,5.47
706,92693.21,sine,0.6709,24.44,92763.67,0.076013,1,39,51.00
707,32845.33,triangle,0.7560,21.91,32934.57,0.271702,1,6,7.15
708,43441.50,sine,0.5328,33.25,43457.03,0.035752,1,5,5.37
709,12731.76,sine,0.4581,38.39,12832.03,0.787570,1,69,64.43
710,99332.25,sine,0.7849,27.43,99360.35,0.028294,1,4,3.95
711,39853.36,triangle,0.9266,39.02,39980.47,0.318940,1,5,5.35
712,58135.14,square,0.8088,25.02,58173.83,0.066555,1,39,54.31
713,56843.33,square,0.6910,24.81,56879.88,0.064307,1,8,10.91
714,19967.70,triangle,0.1916,30.12,20058.59,0.455196,1,45,48.85
715,22864.43,sine,0.1324,23.50,22924.80,0.264075,1,48,42.30
716,86810.27,sine,0.9554,31.63,86909.18,0.113943,1,12,10.53
717,44224.80,square,0.5650,35.18,44296.88,0.162963,1,25,31.96
718,28967.11,square,0.9047,38.93,29052.73,0.295590,1,11,14.99
719,89363.26,square,0.8023,29.53,89399.41,0.040452,1,2,3.23
720,50256.45,sine,0.6320,23.72,50268.55,0.024095,1,6,6.63
721,33824.91,triangle,0.2864,21.42,33940.43,0.341537,1,30,27.97
722,7831.75,triangle,0.5562,28.19,7934.57,1.312844,1,36,33.31
723,81276.98,triangle,0.3990,33.87,81347.66,0.086958,1,21,24.51
724,77341.16,square,0.2364,37.52,77446.29,0.135931,1,50,78.79
725,54370.36,sine,0.4827,20.75,54492.19,0.224068,1,1,1.30
726,13658.81,triangle,0.1000,28.33,13754.88,0.703352,1,48,52.37
727,52728.51,sine,0.9758,24.52,52827.15,0.187072,1,12,12.74
728,31115.67,sine,0.3074,20.03,31171.88,0.180622,1,25,23.78
729,73205.13,triangle,0.3019,33.26,73276.37,0.097305,1,12,11.73
730,74447.74,triangle,0.4804,26.06,74536.13,0.118736,1,6,5.49
731,33204.22,triangle,0.8351,23.63,33305.66,0.305521,1,2,1.98
732,37723.16,triangle,0.8260,39.70,37846.68,0.327438,1,24,26.89
733,75670.58,square,0.6316,33.22,75732.42,0.081728,1,31,50.60
734,8767.13,square,0.7384,23.35,8852.54,0.974245,1,102,117.25
735,78282.54,square,0.9570,20.85,78359.38,0.098151,1,89,120.36
736,27267.29,square,0.3669,34.29,27392.58,0.459490,1,31,34.80
737,76141.52,sine,0.5625,30.18,76245.12,0.136055,1,14,11.34
738,37558.80,triangle,0.8448,33.94,37622.07,0.168467,1,26,24.40
739,71718.34,square,0.9289,33.89,71870.12,0.211634,1,2,2.51
740,73169.13,triangle,0.3467,36.14,73276.37,0.146567,1,12,11.26
741,20328.82,square,0.4020,39.57,20439.45,0.544220,1,39,40.78
742,85797.19,triangle,0.7544,31.24,85893.55,0.112322,1,2,1.76
743,94761.98,square,0.4425,23.26,94799.80,0.039920,1,8,10.75
744,78834.36,triangle,0.4459,20.50,78881.84,0.060223,1,2,2.41
745,84060.74,sine,0.7333,39.41,84169.92,0.129890,1,23,23.23
746,44328.47,sine,0.7344,36.34,44428.71,0.226129,1,24,25.25
747,55096.60,triangle,0.1465,30.10,55107.42,0.019639,1,19,17.87
748,72126.94,triangle,0.2613,36.00,72226.56,0.138120,1,17,17.59
749,55718.00,square,0.2185,37.31,55751.95,0.060937,1,15,25.50
750,16570.05,sine,0.3610,37.43,16650.39,0.484869,1,51,50.09
751,67597.60,triangle,0.3254,32.50,67602.54,0.007312,1,6,6.85
752,57602.85,triangle,0.9155,20.24,57685.55,0.143560,1,3,3.54
753,67727.97,sine,0.5940,25.75,67792.97,0.095967,1,5,5.61
754,31370.88,square,0.6592,26.68,31450.20,0.252820,1,22,32.39
755,73537.21,square,0.1615,35.68,73608.40,0.096811,1,26,35.94
756,29290.07,square,0.7169,26.65,29384.77,0.323289,1,7,11.10
757,6601.98,square,0.9500,32.83,6713.87,1.694753,1,86,94.61
758,67476.44,square,0.2791,28.37,67602.54,0.186885,1,6,8.13
759,75343.04,sine,0.3501,25.53,75375.98,0.043715,1,2,2.16
760,43769.87,triangle,0.1608,30.37,43823.24,0.121929,1,2,2.34
761,18757.10,triangle,0.2020,28.07,18852.54,0.508797,1,10,11.76
762,74050.61,triangle,0.4805,26.93,74116.21,0.088585,1,8,8.09
763,40363.63,sine,0.2848,29.66,40429.69,0.163667,1,1,1.13
764,27584.84,sine,0.6911,39.37,27641.60,0.205764,1,28,26.71
765,60760.08,sine,0.1680,39.03,60839.84,0.131272,1,5,5.65
766,30431.79,sine,0.6391,32.47,30522.46,0.297954,1,32,31.25
767,65201.98,sine,0.1136,39.30,65317.38,0.176997,1,18,18.09
768,25838.41,triangle,0.7360,32.20,25927.73,0.345698,1,7,8.32
769,31977.83,sine,0.6379,37.32,32099.61,0.380818,1,15,13.93
770,94726.64,sine,0.2393,38.89,94799.80,0.077239,1,8,7.02
771,73916.99,triangle,0.2824,31.75,73930.66,0.018502,1,52,53.27
772,70412.82,triangle,0.4673,20.31,70468.75,0.079432,1,9,10.62
773,58709.68,sine,0.5052,39.15,58789.06,0.135213,1,17,14.86
774,40504.50,triangle,0.2697,33.45,40527.34,0.056407,1,29,30.68
775,97723.69,sine,0.1075,28.67,97822.27,0.100873,1,43,41.71
776,10169.92,triangle,0.9231,28.68,10253.91,0.825802,1,61,51.21
777,26612.45,square,0.7511,20.18,26728.52,0.436123,1,39,61.86
778,59355.94,square,0.6739,24.84,59472.66,0.196629,1,13,22.64
779,71691.22,sine,0.2793,37.55,71806.64,0.160997,1,19,22.60
780,74133.59,sine,0.3235,24.29,74169.92,0.049006,1,51,55.73
781,27809.83,sine,0.1563,29.18,27890.62,0.290539,1,25,28.76
782,73540.61,square,0.7056,21.62,73608.40,0.092173,1,26,95.74
783,95197.58,triangle,0.8246,36.46,95312.50,0.120717,1,41,114.47
784,93338.34,square,0.2803,32.34,93457.03,0.127162,1,13,17.03
785,74545.27,triangle,0.5693,21.37,74584.96,0.053247,1,36,110.60
786,37740.18,triangle,0.6260,30.77,37846.68,0.282189,1,24,114.76
787,27616.50,square,0.9058,33.33,27724.61,0.391474,1,27,96.00
788,78951.32,square,0.6672,24.97,78955.08,0.004766,1,31,88.75
789,70840.62,square,0.4983,32.99,70869.14,0.040257,1,7,44.16
790,93691.78,sine,0.8423,25.85,93725.59,0.036080,1,12,12.38
791,44948.03,sine,0.3709,30.05,44956.05,0.017862,1,20,46.40
792,6561.43,square,0.9344,22.11,6665.04,1.579037,1,88,112.01
793,76679.63,square,0.6897,25.20,76699.22,0.025544,1,53,75.80
794,16789.73,sine,0.1634,23.71,16865.23,0.449682,1,47,46.67
795,66757.72,triangle,0.8327,33.70,66840.82,0.124482,1,10,10.02
796,11932.75,sine,0.3788,25.00,12065.43,1.111857,1,8,7.45
797,51985.56,square,0.4212,27.08,52070.31,0.163030,1,17,21.46
798,83027.00,triangle,0.3770,38.28,83071.29,0.053338,1,40,33.97
799,95328.69,sine,0.4190,30.11,95336.91,0.008631,1,6,5.37
800,94170.96,triangle,0.1923,27.85,94262.70,0.097413,1,10,8.66
801,55783.75,square,0.2745,37.18,55913.09,0.231856,1,14,17.10
802,68017.14,triangle,0.8729,34.97,68066.41,0.072436,1,21,18.21
803,44481.85,square,0.2443,33.47,44560.55,0.176920,1,23,27.72
804,18746.07,triangle,0.3066,22.35,18852.54,0.567942,1,10,13.64
805,17363.16,sine,0.7469,34.65,17456.05,0.534984,1,36,36.53
806,51978.40,sine,0.1752,20.38,52070.31,0.176825,1,17,18.55
807,17409.07,triangle,0.3174,27.09,17509.77,0.578412,1,35,41.22
808,11429.20,sine,0.5673,32.16,11552.73,1.080840,1,23,25.01
809,25289.88,sine,0.4519,24.68,25415.04,0.494901,1,14,25.12
810,22735.84,triangle,0.6547,31.14,22851.56,0.508994,1,1,2.64
811,42161.74,square,0.5868,33.93,42236.33,0.176921,1,15,25.94
812,70512.46,sine,0.5501,28.24,70546.88,0.048802,1,25,26.67
813,87182.17,square,0.5793,22.31,87211.91,0.034118,1,24,36.59
814,60958.15,sine,0.4035,22.86,61010.74,0.086274,1,4,6.53
815,69515.29,sine,0.4527,37.91,69536.13,0.029982,1,58,59.66
816,21227.32,square,0.4773,20.36,21328.12,0.474874,1,25,34.66
817,79483.05,sine,0.5268,31.21,79492.19,0.011492,1,65,68.17
818,63214.22,triangle,0.3279,20.20,63232.42,0.028795,1,11,12.36
819,72620.92,square,0.8525,36.43,72646.48,0.035199,1,15,18.27
820,84489.29,square,0.4003,35.83,84594.73,0.124792,1,46,57.04
821,45678.12,sine,0.8695,37.65,45747.07,0.150954,1,14,16.94
822,47164.67,sine,0.4490,36.07,47197.27,0.069119,1,3,3.24
823,90275.63,sine,0.1603,37.55,90317.38,0.046252,1,12,13.23
824,39551.09,square,0.9713,21.33,39643.55,0.233788,1,8,12.29
825,65183.48,sine,0.4379,36.08,65263.67,0.123021,1,35,32.09
826,43913.75,triangle,0.6032,26.42,43945.31,0.071871,1,1,1.00
827,22791.02,square,0.4353,21.37,22851.56,0.265636,1,1,1.59
828,37587.85,square,0.7505,33.13,37622.07,0.091052,1,26,41.52
829,71167.80,sine,0.2959,33.23,71269.53,0.142946,1,5,5.20
830,48914.95,sine,0.8240,35.46,48994.14,0.161900,1,15,14.20
831,55293.50,sine,0.7899,31.67,55371.09,0.140336,1,37,40.35
832,78414.04,triangle,0.8227,30.36,78442.38,0.036148,1,4,5.85
833,14892.13,triangle,0.6584,34.85,14985.35,0.625997,1,20,37.15
834,17818.22,sine,0.9014,35.00,17939.45,0.680391,1,27,29.48
835,90914.62,triangle,0.6374,33.08,91040.04,0.137952,1,22,24.19
836,89023.66,square,0.6692,23.13,89150.39,0.142351,1,3,4.56
837,47918.20,triangle,0.3438,24.05,48002.93,0.176820,1,22,22.98
838,32068.85,sine,0.2934,28.50,32192.38,0.385199,1,14,11.44
839,90876.01,square,0.2691,21.54,90947.27,0.078407,1,83,97.46
840,69919.46,square,0.8396,33.19,70068.36,0.212961,1,11,14.69
841,79827.90,sine,0.7231,25.28,79863.28,0.044317,1,13,15.08
842,93967.78,square,0.3921,25.39,93994.14,0.028053,1,11,14.25
843,19901.73,triangle,0.2968,31.91,19995.12,0.469232,1,46,42.47
844,27198.87,square,0.8334,35.56,27309.57,0.407012,1,32,41.89
845,76324.28,sine,0.1795,33.98,76420.90,0.126587,1,28,27.75
846,37466.37,square,0.1280,25.19,37509.77,0.115814,1,27,34.54
847,4333.96,triangle,0.3191,31.15,4365.23,0.721519,1,63,52.04
848,4858.95,triangle,0.3907,37.96,4892.58,0.692029,1,27,24.64
849,88923.70,sine,0.9109,39.92,89023.44,0.112160,1,17,15.92
850,82716.15,triangle,0.3241,31.53,82783.20,0.081063,1,15,17.72
851,7658.34,sine,0.9990,26.53,7788.09,1.694238,1,42,42.79
852,75070.21,triangle,0.8722,39.95,75166.02,0.127625,1,3,3.52
853,24908.15,sine,0.4701,22.60,24975.59,0.270730,1,20,20.84
854,3220.16,square,0.8054,31.32,3383.79,5.081297,1,130,119.90
855,31965.02,square,0.3088,20.29,32006.84,0.130815,1,16,23.74
856,76670.99,square,0.7861,20.78,76684.57,0.017719,1,12,16.70
857,83874.84,square,0.6071,32.49,83979.49,0.124768,1,10,12.92
858,86578.89,square,0.6229,39.81,86660.16,0.093862,1,13,18.73
859,75916.29,square,0.7367,27.78,76025.39,0.143716,1,15,20.43
860,23658.67,square,0.9354,38.58,23730.47,0.303474,1,37,45.81
861,34848.62,square,0.2905,39.91,34965.82,0.336305,1,20,30.11
862,98130.67,square,0.8240,34.30,98237.30,0.108663,1,20,32.79
863,59722.66,sine,0.5093,33.50,59814.45,0.153693,1,11,9.96
864,68075.63,square,0.9475,23.35,68173.83,0.144249,1,3,4.54
865,50535.59,triangle,0.7274,32.97,50551.76,0.032002,1,4,4.08
866,28253.53,sine,0.6723,31.99,28305.66,0.184511,1,20,19.87
867,18756.25,triangle,0.5097,33.36,18852.54,0.513397,1,10,9.77
868,83899.34,sine,0.1172,35.58,83979.49,0.095533,1,10,10.07
869,61360.05,triangle,0.8543,36.06,61425.78,0.107132,1,21,23.91
870,96131.09,square,0.5396,28.04,96142.58,0.011946,1,3,4.72
871,16215.41,square,0.3493,38.43,16328.12,0.695090,1,57,68.60
872,58735.89,square,0.4194,21.04,58789.06,0.090529,1,17,26.84
873,4142.63,square,0.1761,32.14,4350.59,5.019831,1,64,77.45
874,88216.33,triangle,0.6931,24.22,88247.07,0.034849,1,20,22.70
875,86436.69,triangle,0.2770,34.75,86435.55,0.001318,1,27,29.49
876,29365.44,triangle,0.9975,20.60,29467.77,0.348498,1,6,6.49
877,89839.22,square,0.9760,29.30,89965.82,0.140918,1,26,37.64
878,84891.41,sine,0.4018,21.34,84936.52,0.053148,1,6,5.53
879,97558.97,triangle,0.8673,38.76,97661.13,0.104719,1,22,22.98
880,9425.25,square,0.1639,24.22,9501.95,0.813857,1,83,110.64
881,23707.21,square,0.3417,22.02,23803.71,0.407045,1,36,62.10
882,17581.62,sine,0.9758,35.19,17670.90,0.507807,1,32,39.63
883,96808.39,square,0.3505,35.97,96855.47,0.048636,1,13,25.77
884,33299.14,sine,0.3093,22.59,33398.44,0.298205,1,1,1.18
885,26389.84,square,0.7066,21.25,26479.49,0.339711,1,42,76.63
886,21840.19,triangle,0.2322,26.85,21962.89,0.561825,1,15,24.24
887,86601.23,sine,0.1745,29.69,86660.16,0.068039,1,13,17.04
888,30939.53,square,0.8234,22.74,30986.33,0.151252,1,27,66.87
889,58489.21,square,0.2297,32.48,58535.16,0.078556,1,37,107.41
890,28090.40,square,0.1740,29.19,28222.66,0.470819,1,21,75.88
891,31339.88,triangle,0.1513,28.37,31450.20,0.351986,1,22,46.59
892,46384.71,triangle,0.6169,33.34,46406.25,0.046436,1,9,74.25
893,77927.88,triangle,0.3825,30.76,78002.93,0.096308,1,6,5.61
894,84170.70,triangle,0.9006,27.43,84218.75,0.057087,1,9,9.34
895,20321.49,square,0.7675,29.85,20375.98,0.268147,1,40,146.22
896,48834.91,triangle,0.4253,37.20,48852.54,0.036109,1,16,14.31
897,41273.68,sine,0.5086,35.25,41381.84,0.262057,1,22,54.60
898,13474.20,sine,0.9563,23.51,13579.10,0.778531,1,52,48.82
899,57205.00,square,0.5407,32.89,57250.98,0.080364,1,26,40.95
900,23752.85,square,0.4350,33.23,23876.95,0.522494,1,35,40.37
901,14981.13,square,0.2667,25.57,15117.19,0.908187,1,17,24.08
902,22652.27,sine,0.8431,25.71,22724.61,0.319346,1,3,2.64
903,92785.25,triangle,0.6141,22.86,92905.27,0.129351,1,2,1.96
904,38080.28,triangle,0.4307,21.74,38183.59,0.271315,1,21,20.58
905,56121.71,triangle,0.8163,23.50,56235.35,0.202498,1,12,10.64
906,67603.70,sine,0.2964,37.48,67666.02,0.092183,1,23,20.77
907,25717.23,sine,0.1006,37.41,25854.49,0.533751,1,8,9.49
908,79466.89,square,0.7752,23.04,79492.19,0.031838,1,65,95.20
909,46374.04,square,0.1844,29.72,46406.25,0.069466,1,9,13.81
910,92153.23,sine,0.3623,24.15,92187.50,0.037193,1,41,44.59
911,24576.52,triangle,0.5213,29.33,24682.62,0.431707,1,24,26.52
912,76296.99,sine,0.5385,28.60,76323.24,0.034410,1,42,40.17
913,60094.16,triangle,0.7925,27.96,60156.25,0.103324,1,9,11.86
914,82927.75,sine,0.1274,24.09,83022.46,0.114206,1,14,18.51
915,34700.74,square,0.6536,38.21,34760.74,0.172902,1,22,29.79
916,51475.55,square,0.1452,20.70,51562.50,0.168921,1,41,64.39
917,55564.84,square,0.8553,23.21,55590.82,0.046764,1,16,21.58
918,3472.19,square,0.3137,20.99,3647.46,5.047712,1,112,127.10
919,72735.23,sine,0.6475,25.62,72856.45,0.166652,1,14,15.47
920,18176.11,square,0.8213,27.84,18261.72,0.471002,1,21,24.30
921,75326.20,sine,0.7955,24.74,75375.98,0.066088,1,2,1.90
922,68061.92,square,0.9362,27.75,68173.83,0.164421,1,3,4.56
923,7550.35,sine,0.8442,30.49,7666.02,1.531874,1,47,39.04
924,77749.16,sine,0.4106,20.60,77783.20,0.043784,1,7,5.78
925,96187.74,triangle,0.9399,25.31,96298.83,0.115491,1,15,15.84
926,61534.90,triangle,0.3858,36.96,61606.45,0.116272,1,20,22.36
927,94768.98,triangle,0.7652,25.55,94799.80,0.032521,1,8,7.37
928,28879.99,triangle,0.1093,34.32,28969.73,0.310729,1,12,15.29
929,70918.37,square,0.9911,26.24,71069.34,0.212873,1,6,8.23
930,34657.21,sine,0.4985,25.22,34760.74,0.298719,1,22,23.06
931,34995.28,triangle,0.9419,23.71,35068.36,0.208816,1,19,18.79
932,37878.38,triangle,0.1556,21.85,37958.98,0.212787,1,23,26.07
933,17116.31,square,0.2354,39.36,17241.21,0.729731,1,40,48.42
934,45224.74,square,0.3220,29.42,45351.56,0.280431,1,17,24.78
935,66529.45,triangle,0.7785,31.56,66650.39,0.181786,1,11,9.79
936,90531.62,triangle,0.7813,21.11,90576.17,0.049214,1,11,10.98
937,1680.92,sine,0.6972,28.22,1757.81,4.574538,1,241,174.55
938,40838.22,triangle,0.9060,38.18,40893.55,0.135498,1,26,25.79
939,32073.93,triangle,0.3445,23.81,32192.38,0.369313,1,14,16.18
940,19278.61,square,0.4870,36.62,19335.94,0.297346,1,1,1.19
941,12869.22,triangle,0.5783,25.76,12963.87,0.735468,1,66,97.93
942,49789.14,sine,0.6365,28.68,49843.75,0.109685,1,9,12.17
943,17276.15,sine,0.5920,38.05,17348.63,0.419569,1,38,41.22
944,35051.81,triangle,0.6928,38.63,35170.90,0.339747,1,18,24.50
945,82277.12,square,0.6913,37.97,82387.70,0.134393,1,2,3.49
946,40552.36,sine,0.1097,36.53,40649.41,0.239331,1,28,31.38
947,80297.09,sine,0.6192,29.28,80322.27,0.031354,1,11,11.85
948,12752.20,triangle,0.2932,21.34,12832.03,0.626016,1,69,70.52
949,59889.89,triangle,0.1292,33.17,59985.35,0.159394,1,10,11.60
950,53696.90,sine,0.2553,31.36,53735.35,0.071617,1,6,6.84
951,30339.40,triangle,0.8369,39.67,30429.69,0.297579,1,33,35.61
952,26707.41,triangle,0.4881,26.95,26811.52,0.389818,1,38,37.56
953,5984.60,sine,0.7228,29.16,6079.10,1.579025,1,112,84.88
954,23425.64,square,0.3276,31.55,23510.74,0.363282,1,40,51.15
955,36561.67,triangle,0.8386,29.55,36606.45,0.122476,1,4,5.25
956,35731.09,square,0.8251,26.56,35786.13,0.154042,1,12,17.41
957,21696.88,sine,0.5200,29.64,21772.46,0.348359,1,18,17.77
958,84249.96,sine,0.4429,36.17,84365.23,0.136821,1,35,30.17
959,82538.74,square,0.5132,26.07,82617.19,0.095046,1,1,1.32
960,93322.93,sine,0.9404,33.68,93339.84,0.018121,1,37,35.57
961,53625.64,sine,0.5280,28.15,53735.35,0.204582,1,6,6.43
962,16960.66,square,0.9740,31.24,17080.08,0.704075,1,43,51.07
963,71760.57,sine,0.4759,22.33,71870.12,0.152650,1,2,1.90
964,61666.79,triangle,0.6956,21.54,61787.11,0.195116,1,19,19.18
965,36111.95,square,0.4629,36.67,36196.29,0.233537,1,8,12.16
966,81652.43,square,0.4361,25.11,81699.22,0.057303,1,5,7.52
967,11481.56,square,0.4719,33.52,11621.09,1.215308,1,21,28.71
968,66157.82,sine,0.4557,23.64,66269.53,0.168852,1,13,11.52
969,16524.46,triangle,0.1377,28.38,16650.39,0.762099,1,51,49.94
970,17652.16,triangle,0.6013,24.63,17724.61,0.410417,1,31,36.91
971,50740.30,triangle,0.9623,24.41,50834.96,0.186557,1,2,2.34
972,88732.00,triangle,0.9248,32.71,88764.65,0.036800,1,18,15.91
973,63352.24,square,0.7772,30.63,63413.09,0.096036,1,10,15.54
974,68066.37,square,0.7583,36.49,68173.83,0.157874,1,3,4.04
975,15497.19,triangle,0.5863,36.89,15600.59,0.667195,1,6,6.04
976,43698.87,square,0.9236,25.02,43701.17,0.005270,1,3,4.03
977,84577.02,square,0.5627,26.17,84697.27,0.142173,1,7,10.94
978,57731.18,sine,0.1353,25.44,57846.68,0.200068,1,2,2.07
979,1631.53,triangle,0.9692,27.90,1640.62,0.557742,1,249,185.63
980,73108.71,square,0.7040,36.11,73168.95,0.082385,1,28,42.96
981,94728.87,square,0.8050,25.32,94799.80,0.074884,1,8,12.25
982,99042.90,sine,0.6432,33.19,99082.03,0.039511,1,5,6.97
983,69116.51,sine,0.9447,23.62,69213.87,0.140859,1,46,42.04
984,62652.59,sine,0.3765,30.93,62690.43,0.060401,1,14,13.70
985,42302.15,sine,0.2538,28.36,42358.40,0.132972,1,14,14.75
986,75971.01,triangle,0.1757,27.86,76025.39,0.071574,1,15,14.63
987,10924.31,sine,0.6955,32.05,11040.04,1.059364,1,38,33.30
988,17138.89,sine,0.1213,36.70,17241.21,0.596997,1,40,32.96
989,97494.37,sine,0.3083,37.37,97514.65,0.020801,1,44,47.68
990,92719.92,square,0.1456,20.79,92763.67,0.047191,1,39,50.47
991,57821.04,square,0.1258,31.67,57846.68,0.044349,1,2,2.71
992,2118.95,triangle,0.3758,20.81,2124.02,0.239379,1,216,148.28
993,59246.87,square,0.9764,30.88,59301.76,0.092643,1,14,22.44
994,28248.68,triangle,0.3443,38.08,28305.66,0.201727,1,20,21.04
995,38097.48,square,0.1455,28.52,38183.59,0.226048,1,21,30.49
996,83403.99,triangle,0.3019,24.52,83500.98,0.116285,1,12,10.22
997,81913.23,triangle,0.1858,29.00,81928.71,0.018904,1,4,4.98
998,34407.97,triangle,0.1752,24.22,34453.12,0.131224,1,25,22.13
999,75494.37,sine,0.5433,28.84,75585.94,0.121297,1,1,0.86
1000,34105.72,square,0.5769,23.23,34145.51,0.116670,1,28,38.57
1001,57627.59,triangle,0.7841,23.08,57685.55,0.100568,1,3,2.55
1002,15775.70,sine,0.4250,28.17,15820.31,0.282808,1,1,0.83
1003,68290.02,sine,0.1312,27.84,68364.26,0.108703,1,2,1.74
1004,70019.21,sine,0.6774,25.20,70068.36,0.070201,1,11,8.90
1005,88722.52,triangle,0.3676,24.60,88764.65,0.047478,1,18,16.53
1006,41719.09,sine,0.7051,36.52,41748.05,0.069401,1,19,15.27
1007,67636.12,triangle,0.4573,23.13,67666.02,0.044199,1,23,20.61
1008,74057.14,square,0.7041,25.41,74116.21,0.079759,1,8,11.24
1009,9041.73,triangle,0.2406,39.77,9125.98,0.931710,1,94,90.28
1010,97750.71,triangle,0.6935,31.56,97822.27,0.073199,1,43,44.14
1011,86744.05,sine,0.5209,32.39,86835.94,0.105926,1,49,43.90
1012,41707.86,square,0.3973,31.28,41748.05,0.096360,1,19,43.68
1013,85206.88,sine,0.9410,33.78,85273.44,0.078115,1,65,105.36
1014,82504.05,square,0.8016,20.32,82617.19,0.137132,1,1,1.89
1015,82019.66,sine,0.9009,39.84,82065.43,0.055801,1,18,22.55
1016,30112.68,sine,0.7888,25.06,30151.37,0.128479,1,36,45.27
1017,86690.68,sine,0.2134,39.58,86694.34,0.004222,1,26,37.36
1018,67710.05,triangle,0.3919,33.53,67792.97,0.122460,1,5,6.55
1019,59829.94,square,0.7143,31.51,59858.40,0.047564,1,62,176.23
1020,43477.17,sine,0.7917,24.53,43579.10,0.234438,1,4,4.98
1021,69543.08,sine,0.6628,34.94,69667.97,0.179590,1,13,40.65
1022,22652.68,sine,0.2179,32.12,22724.61,0.317554,1,3,3.43
1023,85095.19,sine,0.7607,26.83,85175.78,0.094702,1,5,5.79
1024,48374.31,triangle,0.3988,29.31,48427.73,0.110442,1,19,55.93
1025,2354.56,sine,0.3327,20.56,2446.29,3.895846,1,194,340.18
1026,63506.16,square,0.5933,23.49,63593.75,0.137928,1,9,15.55
1027,30297.27,square,0.9688,21.01,30336.91,0.130847,1,34,61.59
1028,89148.05,square,0.6075,30.01,89150.39,0.002628,1,3,5.17
1029,7870.01,sine,0.6408,26.82,7983.40,1.440708,1,34,32.87
1030,91809.54,square,0.2290,34.29,91870.12,0.065983,1,6,9.85
1031,30041.99,square,0.7280,38.01,30058.59,0.055273,1,37,50.42
1032,79426.93,triangle,0.7117,38.92,79433.59,0.008392,1,29,33.96
1033,30286.59,sine,0.3448,24.36,30336.91,0.166174,1,34,38.27
1034,66521.62,square,0.6341,20.32,66650.39,0.193571,1,11,16.21
1035,73149.03,sine,0.6986,31.13,73276.37,0.174083,1,12,13.46
1036,34930.36,sine,0.1850,36.63,34965.82,0.101513,1,20,22.91
1037,91921.36,square,0.1931,28.04,92036.13,0.124863,1,52,78.75
1038,73164.98,triangle,0.2064,20.00,73276.37,0.152240,1,12,14.36
1039,71501.57,square,0.3290,20.26,71596.68,0.133021,1,20,29.76
1040,54489.64,triangle,0.9619,31.31,54492.19,0.004673,1,1,1.24
1041,51931.67,sine,0.5940,27.60,52045.90,0.219956,1,38,41.67
1042,61106.39,square,0.3163,21.90,61181.64,0.123142,1,3,3.68
1043,32176.93,sine,0.2592,39.75,32285.16,0.336360,1,13,11.57
1044,44966.25,square,0.8863,39.91,45087.89,0.270511,1,19,21.90
1045,58688.73,triangle,0.3942,26.11,58789.06,0.170956,1,17,19.59
1046,40867.67,triangle,0.7140,26.30,40893.55,0.063342,1,26,30.41
1047,14187.78,square,0.2155,31.57,14282.23,0.665672,1,36,48.28
1048,69648.79,triangle,0.7781,37.46,69667.97,0.027535,1,13,13.20
1049,50495.94,triangle,0.6573,23.73,50551.76,0.110539,1,4,3.89
1050,3543.27,sine,0.4987,32.34,3691.41,4.180636,1,109,94.44
1051,85145.97,sine,0.2130,39.27,85175.78,0.035008,1,5,5.38
1052,11696.41,square,0.6270,30.83,11791.99,0.817181,1,16,19.98
1053,9517.18,sine,0.1949,31.71,9604.49,0.917379,1,80,71.93
1054,54890.14,sine,0.6740,36.40,54946.29,0.102286,1,20,21.39
1055,5116.32,square,0.7204,25.05,5273.44,3.070968,1,1,1.29
1056,31469.32,square,0.9081,36.20,31542.97,0.234035,1,21,26.11
1057,58729.89,triangle,0.4283,32.82,58789.06,0.100751,1,17,15.31
1058,47151.98,sine,0.7316,31.13,47197.27,0.096047,1,3,3.85
1059,36503.54,triangle,0.1188,26.32,36606.45,0.281914,1,4,5.07
1060,6631.26,triangle,0.7319,26.63,6713.87,1.245749,1,86,86.49
1061,67890.63,square,0.7806,29.08,67983.40,0.136648,1,4,5.69
1062,41815.69,triangle,0.3258,22.41,41870.12,0.130152,1,18,20.61
1063,58869.77,triangle,0.4401,21.24,58959.96,0.153207,1,16,24.62
1064,34591.22,square,0.2457,33.16,34658.20,0.193638,1,23,40.38
1065,99777.19,square,0.4193,28.01,99780.27,0.003091,1,26,43.44
1066,12399.47,triangle,0.4733,27.75,12480.47,0.653230,1,77,86.44
1067,66309.34,square,0.6834,21.23,66459.96,0.227153,1,12,17.57
1068,81558.61,triangle,0.6839,39.09,81586.91,0.034703,1,20,21.77
1069,15991.80,square,0.6416,31.63,16059.57,0.423787,1,62,86.52
1070,40744.72,square,0.2141,27.83,40771.48,0.065697,1,27,38.25
1071,17103.42,triangle,0.2879,21.17,17187.50,0.491594,1,41,40.44
1072,55684.25,square,0.8847,31.54,55751.95,0.121588,1,15,17.62
1073,35202.60,triangle,0.5863,21.59,35273.44,0.201215,1,17,19.23
1074,57019.21,triangle,0.4567,25.93,57041.02,0.038251,1,7,5.97
1075,15203.48,sine,0.4895,31.91,15336.91,0.877680,1,12,11.42
1076,8980.93,triangle,0.7796,31.73,9057.62,0.853944,1,96,92.07
1077,83015.43,sine,0.5292,32.60,83022.46,0.008471,1,14,13.14
1078,83036.64,triangle,0.3494,38.82,83071.29,0.041730,1,40,37.42
1079,13310.24,triangle,0.9738,23.54,13403.32,0.699326,1,56,49.57
1080,72484.54,sine,0.4649,30.33,72509.77,0.034801,1,31,27.37
1081,58483.88,triangle,0.7050,29.63,58535.16,0.087680,1,37,36.56
1082,81157.83,triangle,0.1199,39.65,81240.23,0.101538,1,7,7.58
1083,9527.08,triangle,0.3523,22.64,9604.49,0.812530,1,80,84.00
1084,44545.71,square,0.4429,21.09,44692.38,0.329267,1,22,30.91
1085,60346.65,triangle,0.4449,24.33,60366.21,0.032410,1,44,35.12
1086,44815.16,sine,0.8384,36.53,44824.22,0.020220,1,21,23.78
1087,59212.05,square,0.8198,31.09,59301.76,0.151510,1,14,19.84
1088,82767.30,square,0.8060,31.97,82783.20,0.019216,1,15,22.48
1089,41999.97,triangle,0.5870,32.10,42114.26,0.272124,1,16,16.97
1090,22828.28,square,0.6144,23.70,22851.56,0.102006,1,1,1.86
1091,6899.12,square,0.7873,30.47,7006.84,1.561261,1,74,85.50
1092,23450.49,square,0.1721,28.84,23510.74,0.256934,1,40,53.83
1093,17173.31,sine,0.2821,27.73,17241.21,0.395392,1,40,36.44
1094,6063.87,square,0.5605,29.67,6176.76,1.861640,1,108,112.01
1095,38895.63,triangle,0.2308,30.11,38969.73,0.190511,1,14,16.48
1096,7142.10,sine,0.6165,31.32,7250.98,1.524430,1,64,64.47
1097,87925.32,square,0.9638,20.97,87988.28,0.071610,1,21,33.25
1098,10702.76,sine,0.2667,30.83,10800.78,0.915843,1,45,46.67
1099,64911.65,sine,0.9514,36.84,65039.06,0.196292,1,1,0.90
1100,30364.64,sine,0.2529,22.54,30429.69,0.214235,1,33,33.95
1101,13205.09,square,0.3213,27.16,13315.43,0.835553,1,58,71.82
1102,98961.03,triangle,0.9541,22.85,99082.03,0.122274,1,5,5.13
1103,38831.81,square,0.1691,20.08,38969.73,0.355169,1,14,20.76
1104,67373.00,square,0.4697,29.79,67412.11,0.058050,1,7,11.29
1105,42128.86,sine,0.4018,23.54,42236.33,0.255101,1,15,15.36
1106,10743.99,triangle,0.6394,34.57,10834.96,0.846670,1,44,47.74
1107,32221.01,square,0.3132,21.94,32285.16,0.199080,1,13,18.22
1108,18724.13,triangle,0.7098,30.94,18852.54,0.685783,1,10,8.47
1109,48033.90,triangle,0.1655,25.61,48144.53,0.230325,1,21,17.67
1110,35643.85,triangle,0.9933,24.81,35683.59,0.111509,1,13,12.17
1111,87556.43,triangle,0.3022,27.99,87656.25,0.114011,1,9,7.99
1112,41557.61,triangle,0.2628,35.98,41625.98,0.164501,1,20,19.69
1113,34085.08,triangle,0.4780,31.57,34145.51,0.177289,1,28,30.16
1114,83428.57,triangle,0.8798,21.19,83500.98,0.086794,1,12,12.62
1115,69513.00,sine,0.4742,30.97,69536.13,0.033272,1,58,44.81
1116,40871.21,square,0.9969,22.70,40893.55,0.054673,1,26,35.86
1117,67870.15,square,0.2197,23.17,67983.40,0.166863,1,4,6.30
1118,94978.04,triangle,0.9163,39.83,95068.36,0.095098,1,7,7.35
1119,21623.22,square,0.7023,29.68,21708.98,0.396614,1,19,26.27
1120,42420.56,square,0.6344,31.51,42480.47,0.141217,1,13,18.90
1121,16984.33,square,0.5981,31.41,17080.08,0.563770,1,43,51.75
1122,21800.61,triangle,0.1227,27.10,21899.41,0.453207,1,16,16.49
1123,78241.05,square,0.3350,33.90,78256.84,0.020173,1,20,59.55
1124,57171.70,triangle,0.7615,32.20,57202.15,0.053252,1,6,8.93
1125,49329.59,sine,0.3352,28.38,49418.95,0.181140,1,12,15.42
1126,60330.63,square,0.3594,20.13,60341.80,0.018510,1,27,51.12
1127,50127.68,sine,0.7611,20.48,50253.91,0.251804,1,29,37.42
1128,58897.95,triangle,0.2570,29.43,58959.96,0.105280,1,16,23.60
1129,10050.78,square,0.5955,28.15,10151.37,1.000818,1,64,109.88
1130,52616.33,triangle,0.2767,20.45,52675.78,0.112999,1,13,16.23
1131,86304.82,square,0.9016,31.94,86411.13,0.123179,1,14,50.50
1132,81205.95,square,0.7749,38.26,81240.23,0.042222,1,7,12.06
1133,57640.17,sine,0.3419,23.97,57685.55,0.078718,1,3,3.51
1134,25438.85,sine,0.5996,31.76,25561.52,0.482246,1,12,33.90
1135,43223.47,square,0.1734,21.76,43334.96,0.257929,1,6,10.32
1136,18011.12,square,0.2926,25.67,18100.59,0.496745,1,24,76.52
1137,40630.97,triangle,0.1125,32.99,40649.41,0.045392,1,28,68.81
1138,67218.78,triangle,0.9395,20.40,67221.68,0.004319,1,8,44.37
1139,16224.59,triangle,0.5127,31.29,16328.12,0.638156,1,57,133.23
1140,66639.69,triangle,0.9386,39.94,66650.39,0.016053,1,11,14.62
1141,72295.59,sine,0.8918,20.98,72363.28,0.093633,1,101,125.04
1142,23877.00,triangle,0.3306,24.41,23950.20,0.306533,1,34,38.60
1143,14674.40,triangle,0.5501,33.50,14765.62,0.621633,1,25,27.13
1144,24667.57,triangle,0.7840,26.25,24755.86,0.357909,1,23,25.26
1145,41657.58,sine,0.9789,32.91,41748.05,0.217166,1,19,21.78
1146,93519.84,sine,0.8037,35.32,93627.93,0.115575,1,36,40.17
1147,69473.91,triangle,0.4542,22.61,69497.07,0.033337,1,30,34.13
1148,67499.18,triangle,0.6176,24.14,67602.54,0.153131,1,6,7.19
1149,50941.14,sine,0.4847,32.90,50976.56,0.069540,1,1,1.22
1150,74776.26,sine,0.4648,25.38,74814.45,0.051077,1,35,39.62
1151,20664.53,triangle,0.9183,27.40,20756.84,0.446689,1,34,39.34
1152,75376.61,triangle,0.8615,23.66,75375.98,0.000845,1,2,2.72
1153,95672.90,square,0.4053,21.25,95683.59,0.011181,1,77,112.74
1154,49131.19,sine,0.3237,26.34,49135.74,0.009262,1,14,16.00
1155,81073.81,triangle,0.3722,37.17,81108.40,0.042668,1,22,21.79
1156,85865.86,triangle,0.2320,33.81,85893.55,0.032250,1,2,2.57
1157,94557.38,triangle,0.3985,30.01,94628.91,0.075641,1,21,19.58
1158,64926.78,square,0.2080,26.24,65039.06,0.172938,1,1,1.23
1159,80437.21,triangle,0.2236,39.05,80551.76,0.142410,1,10,12.97
1160,33553.44,square,0.7766,36.24,33632.81,0.236558,1,33,51.08
1161,94629.22,sine,0.8727,22.63,94716.80,0.092547,1,43,41.92
1162,70799.05,triangle,0.7100,25.05,70869.14,0.099000,1,7,8.94
1163,87431.27,sine,0.1483,34.35,87470.70,0.045100,1,23,24.42
1164,48072.10,triangle,0.4451,23.37,48144.53,0.150681,1,21,25.10
1165,83807.78,square,0.2703,34.41,83920.90,0.134977,1,24,32.80
1166,51600.25,square,0.5148,36.57,51723.63,0.239112,1,40,52.07
1167,83126.71,triangle,0.1949,36.78,83173.83,0.056684,1,27,24.96
1168,67430.29,triangle,0.4267,37.59,67465.82,0.052699,1,24,24.49
1169,72811.79,sine,0.4670,37.73,72856.45,0.061332,1,14,13.83
1170,5672.47,triangle,0.7112,32.63,5737.30,1.142909,1,126,106.18
1171,27785.37,sine,0.9479,25.97,27890.62,0.378827,1,25,23.70
1172,77775.02,square,0.2253,20.21,77783.20,0.010516,1,7,8.55
1173,54881.48,triangle,0.4322,27.14,54946.29,0.118096,1,20,22.39
1174,35065.07,square,0.4966,37.60,35170.90,0.301805,1,18,22.35
1175,51046.56,square,0.2245,39.65,51162.11,0.226364,1,23,29.84
1176,25747.32,sine,0.6968,31.91,25854.49,0.416261,1,8,8.29
1177,42099.42,square,0.8066,23.91,42114.26,0.035245,1,16,22.07
1178,82205.08,square,0.4771,29.16,82304.69,0.121171,1,17,24.63
1179,26408.07,triangle,0.5616,26.42,26479.49,0.270443,1,42,42.93
1180,60008.96,triangle,0.4917,38.41,60058.59,0.082708,1,61,59.46
1181,35156.67,sine,0.2838,28.37,35273.44,0.332143,1,17,13.85
1182,22743.86,sine,0.9235,36.88,22851.56,0.473555,1,1,1.44
1183,74486.93,sine,0.2083,21.35,74536.13,0.066054,1,6,6.58
1184,72678.89,triangle,0.4875,22.38,72729.49,0.069625,1,30,31.52
1185,51726.89,square,0.4373,32.43,51767.58,0.078661,1,19,30.13
1186,72153.09,sine,0.1320,39.89,72226.56,0.101824,1,17,14.36
1187,24040.11,sine,0.2709,20.78,24096.68,0.235328,1,32,29.88
1188,39789.28,triangle,0.4071,28.88,39868.16,0.198258,1,6,8.16
1189,67883.09,square,0.8753,37.32,67983.40,0.147766,1,4,6.55
1190,1981.16,triangle,0.5147,39.78,1992.19,0.556677,1,225,212.79
1191,48839.98,triangle,0.7791,24.97,48852.54,0.025724,1,16,22.27
1192,54301.10,triangle,0.8718,21.95,54340.82,0.073143,1,2,2.32
1193,70930.83,square,0.1063,28.07,71069.34,0.195272,1,6,7.88
1194,24240.69,triangle,0.4036,36.55,24316.41,0.312361,1,29,30.46
1195,1059.20,sine,0.3170,24.67,,,0,260,171.51
1196,7750.48,sine,0.6000,25.83,7885.74,1.745271,1,38,35.19
1197,42322.08,square,0.8883,38.11,42358.40,0.085806,1,14,20.70
1198,49802.74,sine,0.1961,39.07,49843.75,0.082344,1,9,9.47
1199,6962.47,sine,0.3683,26.41,7080.08,1.689208,1,71,69.40
1200,17264.40,triangle,0.2102,32.70,17348.63,0.487914,1,38,40.64
1201,13260.76,sine,0.9185,23.80,13359.38,0.743686,1,57,70.27
1202,82303.77,square,0.1701,39.11,82387.70,0.101976,1,2,2.38
1203,25449.16,triangle,0.2519,37.08,25561.52,0.441539,1,12,13.47
1204,2309.65,square,0.7925,38.70,2431.64,5.281667,1,195,154.70
1205,91011.01,triangle,0.8994,23.98,91093.75,0.090910,1,9,11.56
1206,29134.25,sine,0.4393,27.87,29218.75,0.290053,1,9,11.82
1207,54910.98,sine,0.7221,23.35,54946.29,0.064308,1,20,21.33
1208,31720.54,square,0.8168,34.79,31821.29,0.317615,1,18,23.69
1209,64907.90,sine,0.5923,21.75,65039.06,0.202073,1,1,1.13
1210,38358.95,square,0.1358,25.48,38408.20,0.128389,1,19,26.06
1211,95609.30,triangle,0.4171,20.86,95605.47,0.004004,1,5,5.08
1212,18730.40,square,0.9530,22.82,18852.54,0.652095,1,10,10.49
1213,76588.07,sine,0.9831,27.63,76684.57,0.126001,1,12,10.48
1214,77748.22,square,0.6649,23.84,77783.20,0.044996,1,7,11.12
1215,15456.08,triangle,0.9259,37.75,15556.64,0.650616,1,7,8.82
1216,62917.91,triangle,0.1621,26.70,63051.76,0.212732,1,12,12.68
1217,32056.61,square,0.4204,22.97,32099.61,0.134138,1,15,20.24
1218,60050.24,triangle,0.4439,22.65,60156.25,0.176535,1,9,9.27
1219,20472.13,sine,0.3699,32.86,20566.41,0.460503,1,37,38.09
1220,60493.60,triangle,0.4263,36.48,60498.05,0.007346,1,7,8.09
1221,21204.68,square,0.8208,23.60,21264.65,0.282815,1,26,38.01
1222,11876.45,triangle,0.4086,33.68,11997.07,1.015641,1,10,12.03
1223,3509.51,triangle,0.3845,21.11,3530.27,0.591581,1,120,107.82
1224,61371.46,sine,0.4481,21.61,61425.78,0.088507,1,21,22.19
1225,15569.16,sine,0.1808,38.22,15688.48,0.766353,1,4,4.52
1226,1598.66,square,0.2109,26.15,1669.92,4.457778,1,247,180.39
1227,92679.90,sine,0.9692,24.12,92680.66,0.000828,1,28,29.94
1228,74415.04,square,0.8960,31.08,74536.13,0.162720,1,6,9.01
1229,53921.36,sine,0.2496,38.33,54038.09,0.216469,1,4,4.35
1230,33455.98,square,0.7838,26.78,33530.27,0.222058,1,34,39.69
1231,95254.18,triangle,0.6377,37.62,95336.91,0.086854,1,6,6.17
1232,5910.98,sine,0.5185,24.54,6005.86,1.605053,1,115,94.15
1233,74646.61,triangle,0.4814,26.84,74746.09,0.133268,1,5,5.98
1234,96193.52,square,0.5401,27.03,96220.70,0.028256,1,27,43.06
1235,91045.30,square,0.7860,36.24,91093.75,0.053217,1,9,14.67
1236,34843.06,square,0.8636,27.27,34863.28,0.058049,1,21,30.21
1237,79599.58,triangle,0.6609,34.83,79633.79,0.042979,1,14,13.03
1238,80704.63,triangle,0.4555,21.03,80781.25,0.094934,1,9,8.11
1239,40785.75,triangle,0.5053,34.98,40893.55,0.264317,1,26,28.09
1240,36341.26,square,0.2678,34.99,36401.37,0.165395,1,6,8.25
1241,55023.90,sine,0.3627,34.97,55107.42,0.151790,1,19,16.42
1242,48777.52,sine,0.9705,34.30,48852.54,0.153794,1,16,13.85
1243,95756.35,square,0.5276,37.96,95874.02,0.122890,1,4,5.42
1244,52979.88,triangle,0.3270,28.93,53012.70,0.061930,1,32,33.25
1245,13221.54,sine,0.1008,20.79,13315.43,0.710152,1,58,51.65
1246,97751.10,sine,0.6970,36.78,97822.27,0.072804,1,43,43.44
1247,55515.39,sine,0.7553,32.01,55590.82,0.135881,1,16,14.06
1248,73393.81,triangle,0.9779,31.47,73486.33,0.126059,1,11,12.06
1249,34822.47,square,0.1616,37.95,34863.28,0.117198,1,21,36.27
1250,12818.72,sine,0.8342,31.95,12919.92,0.789484,1,67,78.12
1251,39969.92,square,0.8691,26.80,40092.77,0.307373,1,4,54.77
1252,87095.32,sine,0.7991,36.95,87158.20,0.072202,1,11,9.05
1253,18999.95,square,0.2489,34.13,19121.09,0.637613,1,5,5.46
1254,53999.43,square,0.2768,24.23,54038.09,0.071588,1,4,5.43
1255,5108.24,sine,0.6038,37.16,5273.44,3.234038,1,1,0.87
1256,67025.82,square,0.9578,34.38,67065.43,0.059100,1,26,94.46
1257,93086.36,square,0.3330,21.06,93164.06,0.083479,1,1,1.42
1258,72882.40,sine,0.3725,30.65,72949.22,0.091680,1,29,106.91
1259,56877.24,square,0.2496,27.59,56909.18,0.056152,1,28,122.00
1260,62102.23,triangle,0.7549,38.45,62148.44,0.074408,1,17,103.21
1261,76458.99,square,0.2728,33.33,76562.50,0.135375,1,41,118.78
1262,62714.58,square,0.5408,30.57,62841.80,0.202855,1,31,124.93
1263,34109.81,square,0.2778,36.10,34145.51,0.104655,1,28,74.90
1264,19391.92,sine,0.4926,33.17,19487.30,0.491886,1,54,52.31
1265,44333.97,sine,0.6024,26.94,44428.71,0.213708,1,24,29.16
1266,93353.90,triangle,0.5521,26.56,93457.03,0.110472,1,13,16.24
1267,73976.11,sine,0.5273,26.73,74047.85,0.096981,1,24,27.23
1268,92133.05,sine,0.5975,34.81,92187.50,0.059096,1,41,34.78
1269,49016.78,sine,0.9752,30.36,49135.74,0.242695,1,14,12.32
1270,61804.44,sine,0.5351,28.58,61889.65,0.137871,1,36,30.30
1271,8414.69,sine,0.8537,24.80,8544.92,1.547693,1,11,11.42
1272,20300.87,square,0.7919,21.24,20375.98,0.369973,1,40,53.03
1273,58103.98,sine,0.1328,21.05,58105.47,0.002555,1,21,23.69
1274,83582.25,sine,0.1406,28.76,83671.88,0.107234,1,25,28.31
1275,84555.35,sine,0.4795,20.80,84624.02,0.081213,1,34,29.86
1276,45458.77,square,0.6138,26.65,45483.40,0.054171,1,16,21.99
1277,32237.78,sine,0.4301,21.99,32285.16,0.146944,1,13,13.87
1278,76893.00,triangle,0.9731,37.30,76904.30,0.014694,1,11,10.09
1279,60478.42,triangle,0.3567,32.62,60498.05,0.032448,1,7,6.57
1280,46109.31,square,0.7820,25.64,46142.58,0.072161,1,11,15.77
1281,32485.92,triangle,0.1506,29.71,32563.48,0.238734,1,10,11.58
1282,91367.28,square,0.5918,24.99,91440.43,0.080062,1,54,85.85
1283,34984.27,triangle,0.6033,30.29,35068.36,0.240354,1,19,22.23
1284,10858.39,sine,0.9673,27.54,10971.68,1.043323,1,40,33.80
1285,60718.09,sine,0.7148,38.65,60839.84,0.200518,1,5,5.06
1286,57990.86,sine,0.6235,35.33,58007.81,0.029233,1,1,0.85
1287,41235.24,triangle,0.6838,37.98,41259.77,0.059484,1,23,27.45
1288,62727.03,sine,0.3787,24.04,62841.80,0.182969,1,31,31.92
1289,90973.82,triangle,0.7088,26.02,91093.75,0.131826,1,9,10.61
1290,19220.43,triangle,0.5267,24.52,19335.94,0.600949,1,1,1.03
1291,62045.58,sine,0.3936,29.37,62148.44,0.165784,1,17,17.15
1292,15647.88,triangle,0.2882,22.61,15732.42,0.540308,1,3,2.63
1293,21149.95,triangle,0.4830,31.31,21264.65,0.542299,1,26,27.26
1294,3079.91,sine,0.5012,36.33,3208.01,4.159258,1,142,116.74
1295,88638.65,sine,0.5845,38.26,88652.34,0.015450,1,5,4.05
1296,39409.30,triangle,0.2203,38.71,39531.25,0.309438,1,9,9.28
1297,75390.91,triangle,0.7090,27.27,75502.93,0.148587,1,32,33.58
1298,93879.94,sine,0.3990,34.02,93994.14,0.121650,1,11,8.78
1299,76766.31,triangle,0.2843,35.96,76879.88,0.147941,1,26,23.53
1300,74116.06,sine,0.4485,25.66,74116.21,0.000205,1,8,7.38
1301,31144.55,triangle,0.6785,34.35,31264.65,0.385610,1,24,20.22
1302,97685.15,square,0.8217,28.69,97695.31,0.010407,1,33,50.21
1303,87083.83,sine,0.9529,24.38,87158.20,0.085400,1,11,12.16
1304,33295.83,triangle,0.4544,32.16,33398.44,0.308169,1,1,0.86
1305,45012.78,triangle,0.3055,21.17,45087.89,0.166873,1,19,20.55
1306,30693.01,square,0.2512,27.10,30800.78,0.351125,1,29,41.06
1307,40598.32,sine,0.6250,37.69,40649.41,0.125856,1,28,28.18
1308,16022.55,square,0.6983,28.39,16113.28,0.566282,1,61,75.00
1309,70408.66,square,0.5542,20.15,70468.75,0.085343,1,9,14.71
1310,69480.29,square,0.1346,27.37,69467.77,0.018016,1,14,19.69
1311,97924.15,square,0.5518,38.20,97968.75,0.045543,1,9,14.72
1312,72008.93,square,0.8180,37.29,72070.31,0.085249,1,1,1.60
1313,46231.92,square,0.4474,39.33,46274.41,0.091917,1,10,14.74
1314,70019.46,sine,0.8767,29.61,70068.36,0.069838,1,11,9.92
1315,7806.64,square,0.4754,37.55,7934.57,1.638780,1,36,46.46
1316,21195.47,triangle,0.6019,21.09,21264.65,0.326403,1,26,26.49
1317,97212.68,square,0.3618,29.39,97294.92,0.084595,1,115,154.74
1318,85927.92,sine,0.2734,22.58,85937.50,0.011148,1,41,37.64
1319,30488.08,triangle,0.5245,24.55,30615.23,0.417061,1,31,27.84
1320,17452.31,sine,0.9459,26.86,17563.48,0.636945,1,34,33.98
1321,98824.28,square,0.2612,37.82,98886.72,0.063178,1,29,42.85
1322,46575.18,triangle,0.9853,21.00,46669.92,0.203413,1,7,8.51
1323,10572.76,triangle,0.3536,23.69,10664.06,0.863550,1,49,51.04
1324,4896.83,sine,0.7970,22.69,5112.30,4.400372,1,12,10.28
1325,47304.34,square,0.4855,20.54,47329.10,0.052343,1,2,2.29
1326,78566.65,sine,0.7857,37.87,78662.11,0.121503,1,3,2.52
1327,43851.15,square,0.5293,27.78,43945.31,0.214727,1,1,1.16
1328,88855.03,triangle,0.4022,32.30,88901.37,0.052150,1,4,3.60
1329,92763.85,triangle,0.5581,29.06,92763.67,0.000191,1,39,39.27
1330,28590.74,triangle,0.2285,31.60,28720.70,0.454573,1,15,16.06
1331,28972.48,sine,0.4645,39.98,29052.73,0.277014,1,11,10.26
1332,6441.66,square,0.1743,23.09,6542.97,1.572643,1,93,92.19
1333,44516.73,square,0.3329,26.33,44560.55,0.098425,1,23,34.76
1334,9609.74,sine,0.9699,38.89,9707.03,1.012476,1,77,66.43
1335,34152.95,square,0.9186,20.12,34248.05,0.278442,1,27,37.71
1336,81257.67,triangle,0.1822,23.23,81347.66,0.110738,1,21,19.48
1337,96113.88,square,0.1128,25.15,96142.58,0.029854,1,3,3.82
1338,45544.42,triangle,0.7598,39.91,45615.23,0.155476,1,15,12.92
1339,29463.61,square,0.5800,28.11,29550.78,0.295865,1,5,5.64
1340,17747.03,triangle,0.8680,29.97,17832.03,0.478975,1,29,25.14
1341,60721.30,sine,0.5894,33.90,60839.84,0.195231,1,5,5.50
1342,52001.54,triangle,0.6502,27.42,52070.31,0.132259,1,17,17.74
1343,77443.05,sine,0.4461,26.94,77563.48,0.155502,1,8,7.66
1344,43748.90,triangle,0.5358,35.88,43823.24,0.169924,1,2,1.87
1345,58072.40,square,0.8290,24.77,58105.47,0.056942,1,21,32.05
1346,23213.92,square,0.3348,20.18,23291.02,0.332131,1,43,72.96
1347,65181.46,square,0.5010,39.34,65263.67,0.126135,1,35,128.57
1348,57548.72,triangle,0.2255,31.38,57592.77,0.076551,1,24,29.37
1349,86929.98,square,0.7462,27.44,86953.12,0.026621,1,25,59.33
1350,10152.50,square,0.4550,37.34,10253.91,0.998809,1,61,124.30
1351,25155.53,triangle,0.9623,24.95,25268.55,0.449284,1,16,47.95
1352,35457.14,triangle,0.9700,28.87,35581.05,0.349467,1,14,51.65
1353,32778.71,square,0.7190,25.47,32841.80,0.192471,1,7,12.30
1354,73910.84,sine,0.1444,27.73,73930.66,0.026816,1,52,128.74
1355,35993.85,sine,0.5419,26.41,36093.75,0.277559,1,9,10.61
1356,20033.53,sine,0.9774,28.22,20122.07,0.441941,1,44,108.17
1357,45026.56,square,0.9850,24.83,45087.89,0.136199,1,19,70.27
1358,68446.93,triangle,0.6466,21.77,68554.69,0.157434,1,1,1.31
1359,68010.36,sine,0.6365,34.79,68066.41,0.082415,1,21,43.62
1360,21886.02,triangle,0.1273,36.88,21962.89,0.351235,1,15,19.48
1361,46572.58,sine,0.2204,39.07,46669.92,0.209020,1,7,8.53
1362,8193.89,sine,0.4130,32.40,8325.20,1.602439,1,20,28.06
1363,54935.31,sine,0.3608,24.78,54946.29,0.019990,1,20,24.30
1364,22140.74,square,0.7336,24.35,22216.80,0.343504,1,11,17.99
1365,37301.21,square,0.9788,39.09,37397.46,0.258039,1,28,41.46
1366,80213.62,sine,0.1612,26.34,80322.27,0.135444,1,11,13.05
1367,27412.66,square,0.8000,37.17,27475.59,0.229549,1,30,37.87
1368,84641.54,square,0.7185,26.26,84697.27,0.065832,1,7,11.27
1369,7029.65,triangle,0.1088,28.18,7104.49,1.064682,1,70,65.75
1370,33608.55,triangle,0.7896,26.08,33632.81,0.072198,1,33,30.56
1371,81351.07,sine,0.5017,34.54,81469.73,0.145852,1,6,6.50
1372,69599.10,triangle,0.3026,33.25,69667.97,0.098947,1,13,12.45
1373,61358.51,triangle,0.2407,35.04,61425.78,0.109638,1,21,22.34
1374,57258.59,sine,0.5270,26.68,57363.28,0.182834,1,5,4.68
1375,58352.03,triangle,0.6124,32.63,58447.27,0.163214,1,19,19.99
1376,52356.04,sine,0.3096,29.84,52373.05,0.032489,1,15,17.88
1377,31713.29,sine,0.5537,26.46,31821.29,0.340538,1,18,20.03
1378,26552.66,square,0.2200,38.55,26645.51,0.349687,1,40,59.56
1379,86902.51,triangle,0.1956,35.52,86909.18,0.007678,1,12,11.75
1380,80987.78,triangle,0.2026,32.88,81010.74,0.028358,1,8,8.89
1381,83598.15,square,0.6818,29.17,83671.88,0.088184,1,25,42.84
1382,53342.02,sine,0.6751,21.63,53432.62,0.169833,1,8,7.30
1383,44066.44,sine,0.5909,22.67,44165.04,0.223740,1,26,22.34
1384,69472.70,triangle,0.2470,22.09,69467.77,0.007087,1,14,12.11
1385,15406.03,triangle,0.5754,29.35,15512.70,0.692343,1,8,8.31
1386,11564.47,square,0.8812,36.56,11689.45,1.080750,1,19,29.62
1387,62979.42,sine,0.2012,20.99,63051.76,0.114866,1,12,13.60
1388,26490.44,sine,0.3340,27.70,26562.50,0.272013,1,41,44.86
1389,94355.30,square,0.8515,34.21,94418.95,0.067457,1,44,70.57
1390,12137.81,triangle,0.3476,32.78,12236.33,0.811664,1,3,3.69
1391,34755.24,triangle,0.3372,25.58,34863.28,0.310876,1,21,22.34
1392,93136.55,sine,0.7270,34.51,93164.06,0.029536,1,1,0.94
1393,83801.48,triangle,0.9780,21.31,83920.90,0.142503,1,24,20.63
1394,82362.09,square,0.6826,22.57,82387.70,0.031085,1,2,2.56
1395,65368.53,triangle,0.9206,28.78,65463.87,0.145846,1,34,33.11
1396,4954.85,square,0.8438,34.03,5214.84,5.247271,1,5,5.33
1397,46475.02,sine,0.4842,29.38,46538.09,0.135694,1,8,7.94
1398,92927.00,square,0.3805,30.51,92929.69,0.002894,1,49,63.43
1399,7539.48,triangle,0.4241,29.56,7641.60,1.354552,1,48,51.10
1400,36173.11,triangle,0.6960,34.31,36298.83,0.347536,1,7,8.12
1401,27546.18,sine,0.2127,33.11,27641.60,0.346407,1,28,23.87
1402,4939.92,square,0.8827,37.82,5200.20,5.268910,1,6,8.98
1403,45454.74,square,0.1693,33.42,45483.40,0.063052,1,16,25.28
1404,82304.68,sine,0.4792,36.78,82387.70,0.100860,1,2,2.49
1405,87834.93,sine,0.5955,23.85,87905.27,0.080090,1,8,8.63
1406,11086.00,triangle,0.8385,35.20,11176.76,0.818692,1,34,34.24
1407,5827.87,triangle,0.4942,26.85,5908.20,1.378507,1,119,131.81
1408,55101.16,sine,0.7810,31.65,55107.42,0.011365,1,19,16.27
1409,19472.42,sine,0.2658,21.14,19550.78,0.402424,1,53,50.65
1410,59192.05,triangle,0.1157,20.98,59301.76,0.185348,1,14,18.00
1411,57704.26,triangle,0.3941,26.99,57763.67,0.102964,1,23,26.44
1412,60038.30,sine,0.1239,34.70,60156.25,0.196453,1,9,9.94
1413,62939.34,square,0.7675,33.50,63051.76,0.178611,1,12,14.67
1414,21382.32,square,0.2135,22.60,21518.55,0.637152,1,22,22.58
1415,67943.38,triangle,0.9665,32.57,67983.40,0.058901,1,4,3.47
1416,19226.03,sine,0.8316,31.58,19335.94,0.571655,1,1,0.90
1417,62210.22,triangle,0.7329,36.69,62329.10,0.191101,1,16,14.05
1418,6565.18,triangle,0.8658,25.72,6640.62,1.149221,1,89,96.72
1419,64404.28,sine,0.9622,20.67,64497.07,0.144075,1,4,4.39
1420,58399.49,sine,0.7410,23.52,58447.27,0.081806,1,19,20.04
1421,24302.94,square,0.9234,24.23,24389.65,0.356770,1,28,37.66
1422,15279.76,triangle,0.5506,38.24,15380.86,0.661642,1,11,10.22
1423,15514.84,square,0.3096,23.14,15644.53,0.835910,1,5,7.76
1424,68659.51,square,0.7793,26.19,68666.99,0.010894,1,18,28.02
1425,45349.19,square,0.9857,25.84,45483.40,0.295936,1,16,24.79
1426,30186.91,square,0.6081,25.05,30244.14,0.189599,1,35,49.00
1427,91613.70,sine,0.9062,22.07,91669.92,0.061364,1,63,61.29
1428,65999.71,triangle,0.2519,39.37,66079.10,0.120295,1,14,13.61
1429,45835.45,triangle,0.7091,26.03,45878.91,0.094803,1,13,11.00
1430,19641.95,sine,0.1837,22.88,19741.21,0.505352,1,50,37.43
1431,11361.38,square,0.8160,22.83,11450.20,0.781698,1,26,32.47
1432,13901.72,square,0.2775,21.95,14018.55,0.840412,1,42,54.66
1433,17518.01,triangle,0.8393,27.08,17617.19,0.566150,1,33,32.61
1434,65926.26,square,0.7094,33.65,66064.45,0.209624,1,31,43.71
1435,63244.67,sine,0.1351,29.11,63261.72,0.026961,1,45,40.36
1436,89206.41,square,0.8492,39.83,89282.23,0.084985,1,16,19.01
1437,17198.00,triangle,0.7069,39.60,17294.92,0.563540,1,39,32.59
1438,98574.47,triangle,0.3193,35.97,98588.87,0.014603,1,30,33.47
1439,11595.88,triangle,0.9192,27.66,11689.45,0.806914,1,19,22.11
1440,63432.89,square,0.4940,26.21,63461.91,0.045749,1,44,62.89
1441,76450.83,triangle,0.9467,23.50,76464.84,0.018327,1,13,12.36
1442,87599.62,triangle,0.3276,21.35,87656.25,0.064645,1,9,10.66
1443,27531.73,triangle,0.6699,34.42,27641.60,0.399075,1,28,31.40
1444,26458.08,triangle,0.1253,27.51,26562.50,0.394652,1,41,44.42
1445,63048.58,sine,0.8407,24.70,63051.76,0.005038,1,12,12.77
1446,65575.83,square,0.6364,22.15,65698.24,0.186672,1,16,20.01
1447,2674.37,triangle,0.3427,36.39,2695.31,0.783187,1,177,143.93
1448,99935.68,sine,0.3387,33.26,99965.82,0.030160,1,14,16.39
1449,96579.41,triangle,0.5526,35.90,96679.69,0.103824,1,1,1.54
1450,14438.84,triangle,0.9679,23.27,14545.90,0.741465,1,30,27.36
1451,30642.89,sine,0.3445,36.32,30708.01,0.212508,1,30,28.05
1452,38453.25,sine,0.4080,39.63,38520.51,0.174921,1,18,17.91
1453,63338.68,square,0.2499,39.72,63413.09,0.117480,1,10,13.36
1454,82264.05,sine,0.1631,21.13,82387.70,0.150301,1,2,2.56
1455,12917.44,square,0.9359,29.93,13007.81,0.699641,1,65,70.54
1456,84451.60,square,0.7377,34.64,84458.01,0.007584,1,8,9.60
1457,18222.41,square,0.6736,21.41,18315.43,0.510486,1,20,20.66
1458,36792.48,square,0.9966,29.49,36914.06,0.330459,1,1,1.24
1459,81789.62,square,0.8168,31.91,81826.17,0.044691,1,19,23.56
1460,88772.95,square,0.6439,32.60,88901.37,0.144659,1,4,6.40
1461,42320.91,sine,0.1842,20.33,42358.40,0.088578,1,14,14.20
1462,87479.89,sine,0.2904,34.72,87548.83,0.078802,1,35,36.63
1463,32681.60,square,0.2463,39.19,32749.02,0.206319,1,8,11.77
1464,85306.56,triangle,0.4661,35.25,85415.04,0.127165,1,4,4.46
1465,15243.74,sine,0.1180,31.73,15336.91,0.611232,1,12,13.10
1466,46084.10,square,0.1067,28.45,46142.58,0.126904,1,11,16.14
1467,72088.75,square,0.7590,24.66,72070.31,0.025573,1,1,1.21
1468,81501.06,square,0.2897,24.73,81586.91,0.105343,1,20,23.61
1469,63175.02,triangle,0.4741,25.17,63232.42,0.090868,1,11,9.52
1470,86834.15,triangle,0.5033,29.76,86909.18,0.086407,1,12,14.39
1471,21221.39,square,0.4229,39.91,21328.12,0.502958,1,25,30.78
1472,48538.17,square,0.6093,38.34,48569.34,0.064213,1,18,23.66
1473,80280.99,square,0.7468,31.72,80322.27,0.051412,1,11,13.55
1474,49744.34,sine,0.5175,24.92,49843.75,0.199846,1,9,9.22
1475,91569.37,square,0.9570,30.66,91611.33,0.045818,1,7,9.31
1476,63522.89,square,0.2164,27.52,63593.75,0.111545,1,9,14.20
1477,10815.47,square,0.5022,35.56,10937.50,1.128337,1,41,40.57
1478,22826.58,sine,0.4657,38.53,22851.56,0.109455,1,1,0.84
1479,71331.76,square,0.5655,21.68,71469.73,0.193416,1,4,4.85
1480,98473.01,square,0.3569,31.72,98525.39,0.053189,1,7,8.66
1481,11838.75,triangle,0.2573,32.96,11962.89,1.048560,1,11,9.72
1482,25299.99,triangle,0.7991,33.47,25415.04,0.454732,1,14,15.44
1483,61835.45,triangle,0.1708,26.62,61889.65,0.087655,1,36,39.58
1484,25580.46,triangle,0.4505,34.65,25708.01,0.498612,1,10,12.61
1485,68787.79,sine,0.3151,25.63,68867.19,0.115422,1,17,20.18
1486,41701.60,sine,0.1177,37.59,41748.05,0.111378,1,19,34.85
1487,96595.37,square,0.4047,20.14,96679.69,0.087286,1,1,1.59
1488,68344.82,triangle,0.2319,23.19,68364.26,0.028444,1,2,1.85
1489,79218.24,square,0.1404,32.45,79223.63,0.006805,1,66,159.35
1490,31582.85,square,0.7928,36.22,31635.74,0.167457,1,20,94.19
1491,40635.31,triangle,0.4658,35.44,40649.41,0.034719,1,28,100.54
1492,48903.85,triangle,0.9170,21.75,48994.14,0.184631,1,15,14.64
1493,93712.84,triangle,0.8122,24.02,93725.59,0.013601,1,12,85.06
1494,80706.80,triangle,0.3602,39.05,80781.25,0.092245,1,9,11.03
1495,5936.15,sine,0.5838,31.52,6030.27,1.585520,1,114,277.73
1496,64869.86,sine,0.9643,20.89,64936.52,0.102768,1,20,47.54
1497,15163.13,sine,0.6102,38.65,15292.97,0.856257,1,13,11.56
1498,66928.77,triangle,0.1120,30.84,67031.25,0.153119,1,9,12.42
1499,46496.73,square,0.1650,33.69,46538.09,0.088933,1,8,42.73
1500,50818.82,triangle,0.5368,22.99,50834.96,0.031760,1,2,1.89
1501,65177.44,sine,0.8852,32.26,65263.67,0.132306,1,35,31.67
1502,16563.18,triangle,0.5665,21.46,16650.39,0.526506,1,51,56.53
1503,63056.46,sine,0.8233,36.36,63061.52,0.008034,1,46,48.44
1504,97915.79,square,0.5095,35.07,97968.75,0.054089,1,9,11.95
1505,14114.59,square,0.5916,21.79,14194.34,0.564954,1,38,49.48
1506,42380.42,triangle,0.8705,21.98,42480.47,0.236062,1,13,13.54
1507,9981.37,sine,0.8873,22.58,10083.01,1.018302,1,66,64.22
1508,72279.68,sine,0.6608,27.12,72290.04,0.014327,1,32,29.37
1509,79102.48,sine,0.6753,24.71,79174.80,0.091429,1,16,19.48
1510,71652.37,triangle,0.2141,37.33,71669.92,0.024499,1,3,3.64
1511,59763.95,sine,0.4848,23.22,59814.45,0.084504,1,11,13.24
1512,70334.44,triangle,0.1952,30.12,70336.91,0.003516,1,26,25.82
1513,81647.88,triangle,0.5622,39.01,81699.22,0.062878,1,5,6.32
1514,54033.21,square,0.8634,29.86,54140.62,0.198798,1,25,33.25
1515,47718.35,square,0.8621,36.64,47832.03,0.238237,1,45,69.55
1516,40948.48,sine,0.5427,31.46,41015.62,0.163976,1,25,29.02
1517,24595.38,triangle,0.5378,26.68,24682.62,0.354674,1,24,24.38
1518,11575.28,sine,0.9544,26.10,11689.45,0.986368,1,19,18.48
1519,17717.07,square,0.3764,20.70,17832.03,0.648875,1,29,36.08
1520,32991.38,square,0.5965,27.13,33027.34,0.109020,1,5,7.45
1521,45282.97,triangle,0.4396,25.16,45351.56,0.151469,1,17,20.73
1522,25103.24,square,0.7836,24.12,25195.31,0.366786,1,17,22.29
1523,71220.32,sine,0.4770,35.52,71269.53,0.069102,1,5,4.93
1524,34534.56,square,0.2845,34.84,34555.66,0.061102,1,24,29.84
1525,6175.63,triangle,0.2784,37.49,6250.00,1.204230,1,105,99.58
1526,35900.39,triangle,0.3873,38.12,35991.21,0.252967,1,10,8.47
1527,13537.08,sine,0.5437,21.64,13623.05,0.635081,1,51,47.23
1528,20402.04,triangle,0.9788,27.53,20502.93,0.494516,1,38,42.82
1529,92405.32,square,0.3428,34.05,92475.59,0.076045,1,40,53.22
1530,66231.28,triangle,0.3385,33.44,66269.53,0.057756,1,13,11.97
1531,6150.35,sine,0.1035,39.99,6250.00,1.620204,1,105,92.65
1532,80425.10,triangle,0.5588,26.00,80551.76,0.157490,1,10,12.21
1533,15975.16,sine,0.4384,35.13,16059.57,0.528359,1,62,60.13
1534,54426.52,sine,0.1162,22.05,54492.19,0.120659,1,1,1.04
1535,41639.37,triangle,0.6737,36.04,41748.05,0.260989,1,19,22.31
1536,47171.08,square,0.1976,37.52,47197.27,0.055502,1,3,4.60
1537,78532.84,sine,0.5610,29.75,78662.11,0.164602,1,3,3.64
1538,62884.06,triangle,0.6218,30.80,62988.28,0.165730,1,61,61.92
1539,5981.97,sine,0.2686,20.65,6079.10,1.623733,1,112,96.12
1540,74591.94,triangle,0.2225,36.72,74707.03,0.154299,1,21,17.51
1541,16323.82,sine,0.3241,27.45,16435.55,0.684456,1,55,49.89
1542,26211.71,square,0.4667,39.73,26293.95,0.313724,1,2,3.06
1543,6536.71,sine,0.1475,32.52,6640.62,1.589735,1,89,82.40
1544,6396.42,triangle,0.5607,30.54,6469.73,1.146080,1,96,102.83
1545,56597.86,sine,0.2779,26.38,56718.75,0.213601,1,9,9.54
1546,59756.15,sine,0.2047,39.40,59814.45,0.097577,1,11,12.25
1547,3176.20,triangle,0.8092,25.94,3208.01,1.001453,1,142,136.00
1548,14427.03,sine,0.7277,32.86,14545.90,0.823894,1,30,36.05
1549,78491.82,triangle,0.7227,23.12,78515.62,0.030326,1,121,114.83
1550,25100.82,triangle,0.2884,21.45,25195.31,0.376456,1,17,20.03
1551,70624.73,square,0.9280,33.01,70668.95,0.062613,1,8,14.62
1552,9951.48,triangle,0.3327,26.74,10048.83,0.978240,1,67,69.44
1553,40823.78,sine,0.5469,22.47,40893.55,0.170914,1,26,24.92
1554,40696.06,square,0.7956,36.06,40771.48,0.185330,1,27,38.64
1555,16187.88,square,0.4360,23.03,16274.41,0.534590,1,58,74.10
1556,80046.90,triangle,0.2713,27.33,80092.77,0.057312,1,12,13.51
1557,11474.70,square,0.2092,39.72,11621.09,1.275818,1,21,25.22
1558,78287.53,square,0.6207,38.23,78359.38,0.091777,1,89,129.75
1559,55855.83,sine,0.4408,36.86,55913.09,0.102509,1,14,13.46
1560,64777.09,square,0.8801,37.88,64858.40,0.125523,1,2,3.49
1561,92059.46,sine,0.5897,34.81,92128.91,0.075431,1,5,5.46
1562,75935.76,square,0.2501,35.95,76025.39,0.118038,1,15,24.00
1563,72291.02,sine,0.5174,23.48,72290.04,0.001360,1,32,31.17
1564,34410.23,sine,0.4603,31.00,34453.12,0.124665,1,25,27.02
1565,62338.68,square,0.8527,24.31,62460.94,0.196124,1,33,53.08
1566,12927.70,triangle,0.2410,39.50,13007.81,0.619693,1,65,61.44
1567,84411.28,square,0.9833,21.95,84458.01,0.055352,1,8,14.11
1568,31003.51,square,0.4150,38.57,31079.10,0.243815,1,26,39.25
1569,7496.98,square,0.6318,33.05,7617.19,1.603375,1,49,58.40
1570,26310.96,square,0.8593,23.90,26367.19,0.213719,1,1,1.16
1571,82859.92,square,0.7860,34.27,82924.80,0.078310,1,28,44.45
1572,21543.64,square,0.8810,28.64,21645.51,0.472853,1,20,28.03
1573,96692.49,square,0.2285,27.79,96796.88,0.107960,1,25,37.71
1574,95218.54,sine,0.8813,37.63,95336.91,0.124320,1,6,7.15
1575,35668.47,sine,0.7521,26.23,35786.13,0.329891,1,12,13.23
1576,78509.44,square,0.5367,35.56,78515.62,0.007881,1,121,149.01
1577,38853.97,square,0.4386,27.35,38940.43,0.222525,1,42,59.30
1578,53068.71,triangle,0.4256,30.49,53129.88,0.115269,1,10,10.82
1579,67402.01,sine,0.3498,38.67,67412.11,0.014991,1,7,7.72
1580,72629.92,square,0.6829,20.59,72646.48,0.022803,1,15,24.02
1581,62192.19,square,0.5912,27.19,62270.51,0.125923,1,34,49.00
1582,9065.92,sine,0.9557,28.17,9160.16,1.039502,1,93,86.24
1583,47201.63,sine,0.1338,34.34,47329.10,0.270052,1,2,2.26
1584,54271.37,square,0.3188,34.90,54340.82,0.127965,1,2,3.20
1585,17655.42,sine,0.5146,25.73,17778.32,0.696098,1,30,30.51
1586,25498.84,square,0.6859,36.49,25561.52,0.245848,1,12,18.50
1587,42353.15,sine,0.3463,39.60,42480.47,0.300617,1,13,14.24
1588,60029.60,triangle,0.1066,30.36,60156.25,0.210981,1,9,10.69
1589,4715.34,square,0.9287,39.37,4965.82,5.312096,1,22,26.10
1590,54514.71,square,0.9505,33.47,54624.02,0.200512,1,22,26.15
1591,7425.03,square,0.3162,29.40,7543.95,1.601565,1,52,62.82
1592,46091.09,square,0.4211,23.29,46142.58,0.111706,1,11,14.10
1593,50868.22,triangle,0.6976,26.77,50976.56,0.212979,1,1,0.89
1594,93616.78,triangle,0.2884,20.79,93725.59,0.116226,1,12,13.80
1595,74389.56,triangle,0.9711,37.80,74487.30,0.131393,1,22,21.42
1596,60452.94,square,0.1251,24.93,60498.05,0.074611,1,7,10.21
1597,46501.86,square,0.6015,34.85,46538.09,0.077901,1,8,11.31
1598,28696.93,square,0.1793,28.27,28803.71,0.372112,1,14,21.05
1599,75265.92,triangle,0.9916,25.56,75375.98,0.146220,1,2,2.84
1600,50320.74,sine,0.4965,37.14,50410.16,0.177691,1,5,6.04
1601,68736.70,triangle,0.2832,37.47,68774.41,0.054870,1,48,52.26
1602,6916.47,triangle,0.3962,26.29,7006.84,1.306604,1,74,64.32
1603,51696.77,triangle,0.1430,27.04,51767.58,0.136970,1,19,18.58
1604,85800.63,square,0.2792,28.50,85893.55,0.108307,1,2,4.20
1605,39169.70,triangle,0.7857,30.10,39194.34,0.062901,1,12,12.27
1606,98848.69,square,0.1524,25.25,98886.72,0.038476,1,29,61.29
1607,44170.98,sine,0.9528,35.34,44296.88,0.285023,1,25,52.45
1608,27560.43,square,0.7493,38.83,27641.60,0.294512,1,28,79.10
1609,88281.90,square,0.7972,31.24,88403.32,0.137538,1,6,10.81
1610,55717.69,sine,0.2135,30.59,55751.95,0.061503,1,15,81.57
1611,27617.29,sine,0.7506,20.65,27724.61,0.388584,1,27,102.46
1612,59932.41,square,0.9719,29.68,59985.35,0.088340,1,10,12.84
1613,7296.54,square,0.8570,39.94,7421.88,1.717701,1,57,221.08
1614,43603.97,sine,0.9160,23.82,43701.17,0.222910,1,3,2.61
1615,61927.46,square,0.1370,26.95,61967.77,0.065094,1,18,74.95
1616,27257.62,triangle,0.9539,25.36,27309.57,0.190576,1,32,68.85
1617,81335.13,sine,0.5843,21.41,81469.73,0.165486,1,6,6.30
1618,93469.27,triangle,0.6922,36.48,93515.62,0.049598,1,25,59.17
1619,65104.46,triangle,0.7426,38.49,65126.95,0.034550,1,19,19.91
1620,52196.06,sine,0.5754,22.54,52221.68,0.049089,1,16,45.24
1621,59656.85,square,0.6603,20.20,59658.20,0.002261,1,63,71.35
1622,20289.21,square,0.9555,27.67,20375.98,0.427655,1,40,44.96
1623,43012.83,triangle,0.6434,25.98,43090.82,0.181317,1,8,7.18
1624,41670.82,sine,0.9694,22.61,41748.05,0.185318,1,19,17.13
1625,37811.84,sine,0.2996,35.61,37846.68,0.092135,1,24,20.86
1626,20916.35,sine,0.5270,20.20,21010.74,0.451294,1,30,25.48
1627,9391.85,triangle,0.7943,38.30,9467.77,0.808405,1,84,67.11
1628,85597.03,triangle,0.1471,35.66,85654.30,0.066905,1,3,4.11
1629,84705.57,triangle,0.5576,24.66,84741.21,0.042076,1,94,94.69
1630,84687.67,triangle,0.9827,23.11,84697.27,0.011333,1,7,9.18
1631,23340.79,sine,0.8133,23.74,23437.50,0.414323,1,41,47.06
1632,7599.32,triangle,0.1223,36.70,7690.43,1.198877,1,46,50.65
1633,37171.32,triangle,0.5992,38.03,37285.16,0.306255,1,29,25.10
1634,92693.11,sine,0.1679,25.01,92763.67,0.076129,1,39,38.27
1635,67262.23,triangle,0.5139,32.14,67285.16,0.034091,1,101,100.00
1636,19661.49,triangle,0.9706,25.37,19741.21,0.405491,1,50,51.71
1637,49987.77,sine,0.6032,30.06,50126.95,0.278436,1,7,10.61
1638,15299.21,square,0.4007,30.44,15424.80,0.820910,1,10,17.64
1639,58979.78,sine,0.7849,34.26,59077.15,0.165089,1,34,35.44
1640,37262.35,sine,0.7794,39.10,37285.16,0.061199,1,29,30.06
1641,24775.01,sine,0.2654,31.54,24902.34,0.513969,1,21,25.84
1642,16329.30,square,0.7273,31.20,16435.55,0.650664,1,55,74.76
1643,39259.79,square,0.6059,20.12,39306.64,0.119325,1,11,16.14
1644,8772.48,triangle,0.1701,34.14,8789.06,0.189063,1,1,0.93
1645,92083.78,sine,0.4334,31.38,92128.91,0.049008,1,5,4.20
1646,88289.19,triangle,0.7656,21.73,88403.32,0.129271,1,6,6.51
1647,67246.26,square,0.5236,20.98,67221.68,0.036555,1,8,11.92
1648,19915.15,triangle,0.5086,26.03,19995.12,0.401530,1,46,50.93
1649,39017.89,triangle,0.7741,25.45,39082.03,0.164394,1,13,14.57
1650,12632.68,sine,0.9287,31.63,12700.20,0.534432,1,72,66.43
1651,53814.54,square,0.4294,36.14,53886.72,0.134124,1,5,8.35
1652,52805.34,sine,0.2162,30.74,52827.15,0.041302,1,12,11.74
1653,93720.45,sine,0.8826,35.28,93725.59,0.005478,1,12,10.37
1654,25533.43,sine,0.1917,34.57,25634.77,0.396867,1,11,9.05
1655,20767.30,square,0.5515,34.51,20883.79,0.560906,1,32,35.18
1656,12209.89,square,0.5366,30.82,12304.69,0.776390,1,1,1.09
1657,82017.70,sine,0.8270,33.86,82065.43,0.058190,1,18,20.63
1658,56031.21,triangle,0.4708,22.77,56074.22,0.076757,1,13,15.87
1659,66910.76,square,0.6754,26.76,67031.25,0.180077,1,9,11.10
1660,90779.79,square,0.1769,29.00,90834.96,0.060773,1,10,15.35
1661,75879.25,triangle,0.5451,37.89,75961.91,0.108942,1,30,29.91
1662,27499.18,square,0.9087,37.93,27558.59,0.216074,1,29,33.51
1663,68885.56,triangle,0.1799,37.30,68994.14,0.157619,1,47,42.51
1664,32741.37,sine,0.3154,28.36,32841.80,0.306725,1,7,8.96
1665,25868.01,sine,0.2215,25.92,25927.73,0.230887,1,7,6.63
1666,57656.10,square,0.4120,34.93,57685.55,0.051077,1,3,3.58
1667,89457.49,triangle,0.3988,34.89,89541.02,0.093372,1,15,16.54
1668,16046.04,sine,0.4111,36.15,16113.28,0.419064,1,61,58.54
1669,25388.48,sine,0.2185,37.17,25488.28,0.393111,1,13,10.91
1670,63744.55,sine,0.5998,30.55,63774.41,0.046857,1,8,6.64
1671,65888.16,sine,0.8780,26.19,65927.73,0.060060,1,47,36.13
1672,69719.03,sine,0.4354,27.03,69765.62,0.066827,1,57,61.23
1673,54804.96,sine,0.8111,24.36,54858.40,0.097509,1,40,38.15
1674,68026.74,triangle,0.6057,34.82,68066.41,0.058304,1,21,18.42
1675,66524.17,square,0.8280,25.89,66650.39,0.189735,1,11,12.79
1676,57550.08,triangle,0.4411,26.06,57685.55,0.235392,1,3,2.52
1677,46475.26,triangle,0.9369,30.90,46538.09,0.135192,1,8,6.79
1678,66485.15,triangle,0.1887,24.64,66557.62,0.108991,1,44,46.78
1679,71181.10,triangle,0.8713,28.30,71269.53,0.124233,1,5,6.05
1680,9844.65,square,0.3077,25.82,9946.29,1.032426,1,70,89.62
1681,77454.49,sine,0.8448,28.55,77563.48,0.140713,1,8,8.08
1682,60010.33,sine,0.4036,21.79,60058.59,0.080427,1,61,49.38
1683,96192.83,triangle,0.5137,24.47,96298.83,0.110195,1,15,15.94
1684,93412.06,square,0.2449,31.26,93457.03,0.048148,1,13,20.60
1685,94433.64,sine,0.3143,38.77,94531.25,0.103366,1,9,9.80
1686,17937.51,sine,0.6132,37.24,18046.88,0.609696,1,25,24.17
1687,48233.87,triangle,0.7113,21.48,48286.13,0.108349,1,20,22.01
1688,99290.38,square,0.3587,31.16,99389.65,0.099977,1,16,26.51
1689,31126.45,sine,0.1013,28.99,31171.88,0.145932,1,25,26.01
1690,83849.48,square,0.9993,25.74,83979.49,0.155056,1,10,17.02
1691,28765.05,sine,0.2477,25.70,28886.72,0.422969,1,13,13.03
1692,79491.16,triangle,0.9776,24.65,79492.19,0.001287,1,65,61.60
1693,88248.46,sine,0.2016,37.40,88354.49,0.120155,1,32,31.43
1694,63974.46,sine,0.4868,25.75,63984.38,0.015502,1,25,23.08
1695,73942.66,square,0.9904,21.09,74047.85,0.142258,1,24,36.51
1696,36146.51,square,0.5528,26.32,36196.29,0.137711,1,8,10.65
1697,73194.78,triangle,0.9448,36.10,73276.37,0.111459,1,12,11.53
1698,85207.44,square,0.8433,26.07,85273.44,0.077456,1,65,92.30
1699,40449.40,sine,0.5206,25.71,40527.34,0.192701,1,29,29.97
1700,96199.53,sine,0.1882,30.54,96298.83,0.103218,1,15,16.16
1701,6652.81,sine,0.2975,29.29,6762.70,1.651732,1,84,76.56
1702,43891.84,triangle,0.7655,28.53,43945.31,0.121823,1,1,1.27
1703,34036.72,sine,0.7966,21.04,34145.51,0.319629,1,28,28.42
1704,2269.34,triangle,0.5294,22.62,2285.16,0.696807,1,205,153.34
1705,24321.03,triangle,0.8736,34.20,24389.65,0.282146,1,28,28.87
1706,48740.30,square,0.9777,39.32,48852.54,0.230284,1,16,21.75
1707,22311.64,triangle,0.2775,24.27,22407.23,0.428436,1,8,10.01
1708,67933.21,square,0.9384,21.78,67983.40,0.073879,1,4,6.74
1709,51641.04,triangle,0.9137,23.13,51767.58,0.245037,1,19,25.79
1710,37297.13,square,0.2435,39.36,37397.46,0.268998,1,28,44.52
1711,91560.18,sine,0.2090,21.71,91611.33,0.055859,1,7,8.70
1712,91034.92,sine,0.4747,28.98,91093.75,0.064621,1,9,12.12
1713,60302.09,sine,0.3041,38.63,60327.15,0.041549,1,8,9.89
1714,90932.60,triangle,0.1175,26.54,91040.04,0.118152,1,22,33.04
1715,63167.91,sine,0.9186,32.68,63232.42,0.102120,1,11,12.40
1716,8118.77,triangle,0.9620,21.55,8227.54,1.339786,1,24,31.54
1717,53703.66,sine,0.4536,23.59,53735.35,0.059006,1,6,7.09
1718,58229.14,triangle,0.5528,21.66,58276.37,0.081109,1,20,26.97
1719,62380.13,square,0.8703,28.69,62460.94,0.129537,1,33,90.23
1720,20091.12,sine,0.7919,25.31,20185.55,0.469987,1,43,74.00
1721,76956.11,sine,0.3895,29.31,77041.02,0.110335,1,39,97.32
1722,94376.39,triangle,0.2862,27.16,94492.19,0.122698,1,33,75.67
1723,15790.54,square,0.5145,38.02,15820.31,0.188550,1,1,1.67
1724,93070.53,square,0.5426,37.92,93164.06,0.100494,1,1,1.69
1725,80864.07,sine,0.3881,28.44,80869.14,0.006267,1,23,60.18
1726,23741.91,sine,0.1340,32.87,23803.71,0.260294,1,36,83.17
1727,26988.52,sine,0.3079,36.04,27060.55,0.266884,1,35,69.88
1728,85297.43,square,0.4745,39.56,85415.04,0.137882,1,4,27.77
1729,20855.90,sine,0.3627,23.46,20947.27,0.438074,1,31,67.57
1730,38557.19,triangle,0.6538,28.24,38632.81,0.196120,1,17,24.13
1731,93506.67,sine,0.2892,31.32,93515.62,0.009578,1,25,29.29
1732,61939.71,sine,0.4627,32.98,61967.77,0.045308,1,18,21.20
1733,70108.98,square,0.3885,21.87,70268.55,0.227604,1,10,16.48
1734,43284.13,sine,0.9529,29.50,43334.96,0.117430,1,6,7.14
1735,32408.66,triangle,0.5482,26.20,32470.70,0.191445,1,11,13.44
1736,81384.81,triangle,0.7057,20.94,81469.73,0.104344,1,6,5.37
1737,57065.97,triangle,0.2229,24.57,57080.08,0.024731,1,27,25.72
1738,88367.02,sine,0.7775,29.48,88403.32,0.041084,1,6,5.34
1739,45230.44,sine,0.8375,27.20,45351.56,0.267782,1,17,15.82
1740,54535.80,triangle,0.7324,39.12,54624.02,0.161776,1,22,25.37
1741,53602.66,square,0.9583,32.84,53735.35,0.247555,1,6,8.70
1742,30516.89,sine,0.8583,27.24,30615.23,0.322278,1,31,28.37
1743,66386.50,square,0.2790,32.03,66459.96,0.110653,1,12,18.37
1744,7007.62,square,0.5920,28.72,7128.91,1.730721,1,69,76.88
1745,75118.55,triangle,0.7941,20.78,75166.02,0.063194,1,3,3.43
1746,20218.75,square,0.9413,36.70,20312.50,0.463687,1,41,56.24
1747,84410.92,sine,0.4865,29.41,84458.01,0.055788,1,8,10.09
1748,16579.79,sine,0.9522,24.81,16650.39,0.425843,1,51,49.83
1749,24754.94,sine,0.9357,31.59,24829.10,0.299577,1,22,19.14
1750,67036.65,triangle,0.4111,32.43,67031.25,0.008054,1,9,8.54
1751,4841.15,sine,0.8481,35.34,5053.71,4.390798,1,16,17.02
1752,35713.63,square,0.5802,20.00,35786.13,0.203022,1,12,19.07
1753,24883.19,sine,0.3254,36.12,24975.59,0.371322,1,20,21.48
1754,28687.71,sine,0.5538,37.31,28803.71,0.404351,1,14,14.20
1755,24893.62,sine,0.4208,34.95,24975.59,0.329262,1,20,22.85
1756,55518.36,triangle,0.9636,35.85,55590.82,0.130509,1,16,19.10
1757,60776.50,square,0.1361,39.69,60839.84,0.104216,1,5,8.21
1758,38964.63,sine,0.7000,25.69,39082.03,0.301299,1,13,14.00
1759,58992.05,square,0.5012,36.72,59077.15,0.144256,1,34,48.75
1760,27231.74,square,0.5839,33.27,27309.57,0.285811,1,32,46.17
1761,78613.21,square,0.6814,23.01,78662.11,0.062198,1,3,3.75
1762,93332.16,square,0.7566,20.41,93457.03,0.133790,1,13,15.55
1763,21313.53,square,0.8904,30.55,21391.60,0.366314,1,24,31.23
1764,93057.18,square,0.5414,22.39,93164.06,0.114859,1,1,1.72
1765,80462.97,sine,0.9097,38.22,80551.76,0.110348,1,10,11.05
1766,94387.70,square,0.7094,35.57,94492.19,0.110699,1,33,46.82
1767,13970.45,square,0.1309,29.95,14062.50,0.658911,1,41,51.14
1768,16329.43,sine,0.4285,28.65,16435.55,0.649878,1,55,46.78
1769,62694.07,sine,0.5533,23.65,62778.32,0.134383,1,62,63.42
1770,57823.54,square,0.6010,34.77,57846.68,0.040014,1,2,3.95
1771,34225.32,triangle,0.4895,29.68,34350.59,0.366018,1,26,29.49
1772,65162.11,sine,0.6886,32.37,65263.67,0.155859,1,35,37.67
1773,31674.86,sine,0.1818,38.46,31728.52,0.169381,1,19,22.41
1774,69238.65,sine,0.4211,31.85,69267.58,0.041776,1,15,17.23
1775,83721.60,sine,0.3130,37.79,83740.23,0.022259,1,11,12.94
1776,1907.39,sine,0.9631,32.27,1992.19,4.445764,1,225,175.28
1777,26905.47,sine,0.1254,24.89,26977.54,0.267878,1,36,27.84
1778,88267.10,square,0.7483,38.37,88354.49,0.099013,1,32,43.21
1779,41396.01,sine,0.5654,38.16,41503.91,0.260654,1,21,21.08
1780,80633.07,sine,0.7233,31.44,80683.59,0.062663,1,37,43.45
1781,90838.85,sine,0.5806,37.59,90844.73,0.006464,1,56,46.23
1782,41592.35,square,0.1634,25.56,41625.98,0.080836,1,20,29.40
1783,33126.16,triangle,0.3544,29.22,33212.89,0.261824,1,3,4.27
1784,67459.14,sine,0.5378,34.77,67465.82,0.009906,1,24,23.85
1785,86818.67,square,0.7021,22.53,86909.18,0.104256,1,12,17.41
1786,94631.87,sine,0.7972,25.30,94716.80,0.089741,1,43,37.81
1787,93425.72,triangle,0.7784,24.38,93457.03,0.033513,1,13,17.15
1788,44860.96,square,0.7930,22.08,44956.05,0.211982,1,20,30.79
1789,96274.17,triangle,0.3433,36.46,96298.83,0.025616,1,15,18.48
1790,52314.07,square,0.3830,31.62,52373.05,0.112739,1,15,56.53
1791,73259.02,square,0.6663,33.99,73276.37,0.023676,1,12,17.86
1792,71401.06,sine,0.8738,29.17,71469.73,0.096170,1,4,4.47
1793,26979.19,sine,0.5347,37.74,27060.55,0.301546,1,35,37.69
1794,38456.41,triangle,0.1871,29.52,38520.51,0.166675,1,18,15.76
1795,99176.93,triangle,0.2895,30.03,99184.57,0.007706,1,28,22.89
1796,24128.85,square,0.8021,35.42,24243.16,0.473758,1,30,33.04
1797,23581.94,triangle,0.6333,27.60,23657.23,0.319266,1,38,42.05
1798,50691.62,square,0.6039,29.73,50756.84,0.128647,1,46,67.04
1799,50988.35,sine,0.8315,30.84,51010.74,0.043921,1,24,23.53
1800,13976.91,triangle,0.9392,38.95,14062.50,0.612394,1,41,41.81
1801,37532.76,sine,0.5666,22.25,37622.07,0.237965,1,26,23.29
1802,93464.75,sine,0.3275,28.13,93515.62,0.054428,1,25,19.37
1803,38933.28,triangle,0.5107,23.42,38969.73,0.093607,1,14,12.71
1804,27453.78,square,0.2327,32.23,27558.59,0.381784,1,29,35.20
1805,57008.98,triangle,0.9439,38.25,57041.02,0.056188,1,7,9.88
1806,94661.49,sine,0.2184,26.05,94780.27,0.125486,1,32,34.56
1807,89613.43,triangle,0.8734,22.20,89648.44,0.039063,1,1,1.23
1808,94795.37,square,0.1084,28.85,94799.80,0.004676,1,8,13.80
1809,5560.85,square,0.4047,29.47,5664.06,1.856097,1,129,139.21
1810,61703.87,triangle,0.6957,28.68,61787.11,0.134908,1,19,18.90
1811,82123.36,triangle,0.2078,30.64,82158.20,0.042431,1,3,3.19
1812,29166.68,sine,0.7017,37.26,29218.75,0.178512,1,9,9.50
1813,17127.36,triangle,0.8681,38.29,17241.21,0.664715,1,40,41.05
1814,27263.22,triangle,0.3886,31.05,27309.57,0.169996,1,32,29.91
1815,6000.24,sine,0.7483,28.89,6103.52,1.721198,1,111,86.15
1816,26372.95,sine,0.7030,20.01,26479.49,0.404001,1,42,43.71
1817,80783.23,sine,0.2723,27.72,80869.14,0.106352,1,23,22.06
1818,49001.02,square,0.3886,39.28,49135.74,0.274947,1,14,19.49
1819,64516.39,sine,0.4872,37.50,64555.66,0.060877,1,22,24.11
1820,30844.16,sine,0.7825,32.12,30893.55,0.160135,1,28,25.81
1821,57460.94,sine,0.2264,32.45,57524.41,0.110468,1,4,3.65
1822,21574.56,square,0.5904,25.67,21708.98,0.623067,1,19,27.36
1823,94894.09,triangle,0.7501,21.56,94907.23,0.013843,1,20,18.45
1824,11506.87,square,0.2446,39.57,11621.09,0.992640,1,21,25.79
1825,16693.50,square,0.4277,32.79,16811.52,0.706983,1,48,61.04
1826,13774.60,square,0.3472,37.76,13886.72,0.813920,1,45,56.74
1827,5017.99,triangle,0.8497,25.95,5053.71,0.711948,1,16,15.36
1828,79139.77,sine,0.9702,30.53,79174.80,0.044263,1,16,16.96
1829,31024.82,square,0.1598,39.79,31079.10,0.174957,1,26,32.69
1830,4889.90,square,0.4985,38.98,5141.60,5.147321,1,10,12.66
1831,25353.97,square,0.5341,34.06,25488.28,0.529727,1,13,19.47
1832,7733.01,sine,0.2931,34.76,7861.33,1.659317,1,39,35.04
1833,19724.73,square,0.2937,37.23,19804.69,0.405362,1,49,63.59
1834,94276.36,square,0.4171,24.68,94335.94,0.063195,1,81,153.16
1835,5928.32,sine,0.6888,30.67,6030.27,1.719784,1,114,283.77
1836,94460.09,square,0.7245,29.79,94531.25,0.075337,1,9,14.77
1837,51745.05,sine,0.5095,29.42,51767.58,0.043546,1,19,98.31
1838,70957.61,triangle,0.3964,20.84,71069.34,0.157455,1,6,7.84
1839,50133.22,square,0.2516,35.21,50268.55,0.269955,1,6,10.52
1840,98507.98,triangle,0.2774,37.51,98525.39,0.017673,1,7,42.27
1841,70744.87,square,0.5865,36.99,70869.14,0.175660,1,7,12.54
1842,48533.36,square,0.5439,31.58,48569.34,0.074128,1,18,68.57
1843,19718.69,triangle,0.7068,32.67,19804.69,0.436133,1,49,124.85
1844,10850.13,square,0.2089,21.57,10937.50,0.805277,1,41,76.03
1845,53203.78,square,0.6299,21.78,53281.25,0.145612,1,9,15.33
1846,43667.32,sine,0.9884,31.22,43701.17,0.077515,1,3,3.74
1847,69056.25,sine,0.1853,39.52,69067.38,0.016122,1,16,20.23
1848,29339.64,square,0.6849,20.49,29467.77,0.436709,1,6,10.43
1849,81215.65,square,0.3504,21.23,81240.23,0.030266,1,7,12.50
1850,17087.34,triangle,0.7174,25.00,17187.50,0.586147,1,41,49.48
1851,7494.48,triangle,0.6152,28.09,7592.77,1.311602,1,50,50.79
1852,36997.53,sine,0.7027,39.41,37060.55,0.170318,1,31,28.29
1853,18395.81,square,0.4818,28.93,18476.56,0.438976,1,17,23.69
1854,26160.58,triangle,0.5367,30.87,26293.95,0.509792,1,2,2.51
1855,31171.33,sine,0.1773,34.28,31264.65,0.299371,1,24,27.30
1856,20427.19,triangle,0.4513,28.32,20502.93,0.370760,1,38,34.47
1857,47448.57,square,0.1906,26.19,47578.12,0.273039,1,25,29.36
1858,66709.70,square,0.3576,29.20,66840.82,0.196551,1,10,12.73
1859,20151.28,sine,0.1207,37.93,20249.02,0.485070,1,42,45.41
1860,21859.96,sine,0.3516,22.55,21962.89,0.470864,1,15,15.32
1861,64287.03,sine,0.2208,32.90,64316.41,0.045703,1,5,5.02
1862,34626.40,triangle,0.6017,25.12,34658.20,0.091842,1,23,19.80
1863,65431.97,sine,0.5828,28.74,65507.81,0.115915,1,17,17.71
1864,27519.48,square,0.8842,39.98,27641.60,0.443747,1,28,39.41
1865,61168.51,square,0.3027,25.14,61181.64,0.021460,1,3,4.22
1866,48466.04,square,0.9224,27.37,48569.34,0.213125,1,18,27.80
1867,37971.01,square,0.8530,33.02,38071.29,0.264082,1,22,32.01
1868,61802.72,square,0.8361,20.77,61889.65,0.140661,1,36,52.17
1869,87208.92,square,0.4584,29.94,87280.27,0.081819,1,36,52.81
1870,67074.14,sine,0.8844,28.93,67187.50,0.169011,1,41,44.19
1871,34953.69,sine,0.4955,29.93,35068.36,0.328074,1,19,22.42
1872,40961.02,triangle,0.4788,39.23,41015.62,0.133303,1,25,25.54
1873,60328.47,triangle,0.1984,27.95,60341.80,0.022083,1,27,30.61
1874,34347.92,square,0.8750,21.57,34453.12,0.306285,1,25,35.25
1875,8184.91,triangle,0.2916,33.38,8276.37,1.117450,1,22,20.96
1876,54744.94,triangle,0.2126,22.60,54785.16,0.073470,1,21,20.99
1877,56125.02,triangle,0.4735,26.54,56235.35,0.196586,1,12,13.10
1878,61062.24,triangle,0.8532,39.91,61181.64,0.195534,1,3,3.48
1879,3234.29,sine,0.6485,36.41,3369.14,4.169413,1,131,99.72
1880,29239.19,sine,0.8083,21.13,29301.76,0.213987,1,8,6.64
1881,37568.88,square,0.6043,34.57,37622.07,0.141575,1,26,32.32
1882,36129.73,square,0.6268,30.95,36196.29,0.184232,1,8,11.60
1883,64407.85,sine,0.1762,22.39,64497.07,0.138530,1,4,3.59
1884,23233.66,square,0.8564,34.03,23291.02,0.246882,1,43,48.15
1885,79115.02,square,0.4642,27.87,79174.80,0.075567,1,16,25.76
1886,19995.45,sine,0.6318,39.78,20058.59,0.315814,1,45,52.59
1887,17516.14,sine,0.8016,25.05,17617.19,0.576878,1,33,34.49
1888,83134.74,triangle,0.9511,28.18,83261.72,0.152742,1,13,12.38
1889,66535.01,square,0.6675,28.99,66650.39,0.173407,1,11,16.70
1890,19674.59,square,0.5757,36.21,19741.21,0.338602,1,50,78.14
1891,73816.55,square,0.2020,34.41,73906.25,0.121518,1,9,16.25
1892,50530.21,triangle,0.9279,21.10,50551.76,0.042642,1,4,5.06
1893,82243.51,sine,0.4305,30.85,82304.69,0.074380,1,17,20.33
1894,15661.98,triangle,0.1075,23.37,15776.37,0.730355,1,2,2.31
1895,58498.89,triangle,0.9250,34.11,58618.16,0.203898,1,18,20.22
1896,67506.15,square,0.1012,22.40,67602.54,0.142789,1,6,8.66
1897,53920.90,triangle,0.4757,34.61,54038.09,0.217329,1,4,4.70
1898,52664.37,sine,0.2728,36.80,52675.78,0.021673,1,13,19.21
1899,72766.36,triangle,0.2058,39.80,72856.45,0.123798,1,14,20.31
1900,21731.26,sine,0.9977,25.62,21835.94,0.481669,1,17,17.34
1901,67133.93,sine,0.6222,38.08,67221.68,0.130715,1,8,8.70
1902,32697.94,triangle,0.2691,32.50,32749.02,0.156242,1,8,9.36
1903,34308.58,sine,0.3819,23.58,34350.59,0.122422,1,26,26.07
1904,90289.69,square,0.3208,28.97,90317.38,0.030666,1,12,17.01
1905,32733.08,triangle,0.9741,28.76,32841.80,0.332130,1,7,7.90
1906,86242.31,square,0.2415,33.81,86279.30,0.042891,1,51,74.61
1907,51830.02,square,0.9007,28.81,51918.95,0.171580,1,18,27.44
1908,90216.58,triangle,0.5397,32.06,90317.38,0.111729,1,12,13.40
1909,33232.53,triangle,0.7006,20.88,33305.66,0.220061,1,2,2.28
1910,33335.57,square,0.1507,20.48,33398.44,0.188594,1,1,1.57
1911,45552.40,sine,0.4945,25.25,45615.23,0.137939,1,15,16.17
1912,17307.06,triangle,0.5631,24.00,17402.34,0.550566,1,37,40.97
1913,32639.35,square,0.1650,22.95,32749.02,0.336006,1,8,9.92
1914,8251.31,triangle,0.7772,35.07,8349.61,1.191259,1,19,17.34
1915,71916.21,triangle,0.5293,32.85,72016.60,0.139597,1,18,15.93
1916,4797.79,square,0.8001,30.01,5039.06,5.028740,1,17,25.56
1917,36393.82,sine,0.6785,33.86,36503.91,0.302487,1,5,4.22
1918,87225.79,square,0.7928,31.23,87280.27,0.062460,1,36,54.20
1919,88400.81,square,0.5659,31.56,88403.32,0.002837,1,6,17.02
1920,75182.22,triangle,0.1662,21.07,75273.44,0.121328,1,33,28.66
1921,93817.48,square,0.6534,29.65,93916.02,0.105025,1,35,55.27
1922,10272.09,triangle,0.7725,26.23,10356.45,0.821230,1,58,56.72
1923,31317.69,triangle,0.1651,37.62,31357.42,0.126882,1,23,26.70
1924,26409.51,square,0.9424,33.56,26479.49,0.264999,1,42,51.16
1925,42028.55,triangle,0.4096,25.55,42114.26,0.203924,1,16,20.31
1926,99671.64,triangle,0.6802,27.11,99677.73,0.006110,1,15,19.60
1927,5866.92,sine,0.5988,35.24,5957.03,1.535885,1,117,93.15
1928,54200.54,triangle,0.1301,27.34,54301.76,0.186747,1,24,21.98
1929,24469.97,square,0.1651,39.08,24536.13,0.270389,1,26,34.66
1930,23102.28,triangle,0.4833,39.71,23217.77,0.499902,1,44,42.98
1931,55851.78,triangle,0.1048,34.96,55913.09,0.109765,1,14,15.98
1932,90402.01,sine,0.1865,28.49,90502.93,0.111629,1,24,25.53
1933,93434.21,square,0.5747,22.82,93457.03,0.024423,1,13,21.11
1934,1078.16,triangle,0.1788,32.68,,,0,260,176.92
1935,91547.03,sine,0.6987,21.57,91611.33,0.070236,1,7,5.69
1936,60771.76,sine,0.7624,26.02,60839.84,0.112033,1,5,4.09
1937,46875.71,square,0.2541,34.83,46933.59,0.123484,1,5,6.16
1938,30961.39,square,0.2425,33.76,30986.33,0.080534,1,27,41.37
1939,13690.62,square,0.3225,34.97,13798.83,0.790387,1,47,52.63
1940,26941.47,triangle,0.9026,23.93,27060.55,0.442001,1,35,40.92
1941,61770.75,sine,0.4524,34.27,61787.11,0.026486,1,19,19.83
1942,66282.90,square,0.3543,27.56,66264.65,0.027538,1,30,41.35
1943,11191.67,triangle,0.5535,34.18,11279.30,0.782980,1,31,27.94
1944,25645.41,sine,0.4008,20.51,25708.01,0.244094,1,10,8.64
1945,34763.74,triangle,0.9076,30.36,34863.28,0.286338,1,21,23.46
1946,46094.67,sine,0.8913,20.26,46142.58,0.103939,1,11,9.42
1947,94530.26,square,0.4077,38.48,94531.25,0.001049,1,9,14.71
1948,3414.71,square,0.5940,24.39,3588.87,5.100256,1,116,125.13
1949,43459.86,square,0.7544,20.01,43457.03,0.006499,1,5,7.45
1950,93748.49,sine,0.3102,25.27,93793.95,0.048487,1,24,18.68
1951,4744.19,sine,0.9877,26.30,4951.17,4.362772,1,23,18.17
1952,12414.81,sine,0.7475,37.09,12480.47,0.528891,1,77,66.48
1953,26438.28,sine,0.3008,21.13,26479.49,0.155890,1,42,41.33
1954,11236.10,square,0.3069,30.32,11347.66,0.992849,1,29,35.38
1955,26095.88,triangle,0.9153,31.34,26220.70,0.478319,1,3,3.92
1956,36087.98,square,0.4707,34.55,36196.29,0.300138,1,8,11.83
1957,45712.26,triangle,0.9497,26.72,45747.07,0.076150,1,14,15.25
1958,56508.75,sine,0.2804,28.27,56557.62,0.086471,1,10,8.50
1959,21414.07,triangle,0.2425,29.11,21518.55,0.487931,1,22,21.10
1960,60964.22,triangle,0.4448,37.38,61010.74,0.076303,1,4,3.99
1961,57263.60,square,0.1605,29.29,57363.28,0.174081,1,5,6.33
1962,82252.85,square,0.8489,29.88,82387.70,0.163942,1,2,2.82
1963,12727.71,sine,0.3729,33.96,12832.03,0.819648,1,69,105.60
1964,79235.73,sine,0.5461,28.42,79321.29,0.107980,1,76,81.04
1965,41641.76,sine,0.2227,23.93,41748.05,0.255252,1,19,23.90
1966,6477.91,sine,0.1083,32.55,6591.80,1.758138,1,91,118.94
1967,32321.17,triangle,0.2743,26.92,32377.93,0.175626,1,12,42.65
1968,36426.27,sine,0.8553,20.64,36503.91,0.213120,1,5,5.84
1969,94077.80,triangle,0.5820,30.87,94121.09,0.046015,1,45,118.47
1970,65724.01,square,0.6825,20.90,65864.26,0.213382,1,32,76.81
1971,6350.72,square,0.5947,37.76,6469.73,1.873985,1,96,214.59
1972,11361.40,triangle,0.2890,27.88,11450.20,0.781528,1,26,40.82
1973,32343.64,square,0.2354,30.07,32377.93,0.106014,1,12,43.43
1974,80362.62,square,0.5416,36.98,80390.62,0.034853,1,25,49.20
1975,70899.75,square,0.3319,37.70,70966.80,0.094561,1,23,38.61
1976,58125.02,sine,0.3422,36.06,58173.83,0.083971,1,39,41.29
1977,5370.41,triangle,0.2173,35.92,5444.34,1.376530,1,138,116.79
1978,40082.76,square,0.8926,28.26,40205.08,0.305173,1,3,3.74
1979,54211.88,sine,0.1021,24.90,54301.76,0.165787,1,24,27.95
1980,68377.73,sine,0.2024,28.22,68466.80,0.130263,1,19,21.73
1981,65135.87,triangle,0.2606,21.59,65175.78,0.061279,1,77,65.85
1982,94099.31,sine,0.8680,37.27,94204.10,0.111367,1,34,38.90
1983,77479.74,sine,0.8396,35.39,77563.48,0.108080,1,8,9.89
1984,60075.58,square,0.3363,22.44,60156.25,0.134287,1,9,15.17
1985,51465.95,square,0.4234,29.51,51562.50,0.187600,1,41,61.65
1986,36987.93,square,0.9111,23.28,37060.55,0.196322,1,31,44.39
1987,38759.47,sine,0.6624,34.58,38857.42,0.252712,1,15,14.53
1988,93259.36,sine,0.9552,21.27,93339.84,0.086300,1,37,39.13
1989,60698.37,sine,0.9044,30.60,60703.12,0.007830,1,25,21.53
1990,67265.49,triangle,0.2353,20.77,67412.11,0.217976,1,7,7.41
1991,88009.23,sine,0.2161,29.37,88085.94,0.087155,1,33,35.35
1992,60232.30,sine,0.3474,20.66,60327.15,0.157469,1,8,7.15
1993,42613.20,triangle,0.9844,32.74,42724.61,0.261435,1,11,9.84
1994,17002.13,triangle,0.5646,23.07,17080.08,0.458451,1,43,37.02
1995,92250.94,triangle,0.7585,34.18,92333.98,0.090020,1,51,53.18
1996,20833.64,sine,0.7195,24.39,20947.27,0.545384,1,31,34.33
1997,44428.50,triangle,0.8056,29.07,44428.71,0.000479,1,24,23.44
1998,79426.80,triangle,0.6893,24.57,79433.59,0.008549,1,29,24.16
1999,28127.17,sine,0.2051,25.46,28222.66,0.339494,1,21,21.74
2000,21742.40,square,0.9176,22.09,21835.94,0.430193,1,17,25.41
2001,72306.52,triangle,0.1862,38.45,72363.28,0.078495,1,101,109.08
2002,57278.75,square,0.7809,25.15,57363.28,0.147582,1,5,7.99
2003,69657.47,sine,0.8555,28.96,69667.97,0.015066,1,13,14.81
2004,64032.60,sine,0.7094,35.44,64135.74,0.161080,1,6,6.94
2005,47848.11,square,0.5107,37.88,47861.33,0.027635,1,23,34.68
2006,50289.05,triangle,0.8212,28.21,50410.16,0.240823,1,5,4.61
2007,23778.36,square,0.8436,24.55,23876.95,0.414614,1,35,42.20
2008,52919.20,triangle,0.4181,32.84,52978.52,0.112090,1,11,12.14
2009,25317.53,sine,0.8149,21.98,25415.04,0.385161,1,14,16.28
2010,27866.76,triangle,0.4118,39.46,27973.63,0.383520,1,24,22.64
2011,97993.70,sine,0.1369,34.10,97993.16,0.000546,1,32,33.71
2012,45647.66,sine,0.7368,20.62,45747.07,0.217769,1,14,15.00
2013,87149.47,sine,0.2146,23.51,87158.20,0.010018,1,11,11.62
2014,96066.37,triangle,0.8212,27.95,96142.58,0.079329,1,3,3.54
2015,34294.96,sine,0.5326,31.04,34350.59,0.162199,1,26,27.10
2016,63545.71,sine,0.9538,23.40,63593.75,0.075600,1,9,10.13
2017,96599.66,sine,0.5330,26.67,96679.69,0.082840,1,1,1.24
2018,45463.22,square,0.4920,28.30,45483.40,0.044389,1,16,18.78
2019,73539.62,triangle,0.8499,25.00,73608.40,0.093528,1,26,25.88
2020,61343.32,square,0.4328,29.72,61352.54,0.015025,1,2,3.23
2021,32064.43,sine,0.2924,22.11,32192.38,0.399042,1,14,14.60
2022,68623.89,square,0.9555,34.59,68666.99,0.062812,1,18,27.73
2023,6152.54,triangle,0.8764,28.87,6225.59,1.187281,1,106,94.70
2024,59000.44,triangle,0.5791,38.11,59077.15,0.130010,1,34,38.92
2025,9220.84,sine,0.4967,31.70,9296.88,0.824632,1,89,69.78
2026,81806.56,triangle,0.4500,20.95,81928.71,0.149320,1,4,3.47
2027,80315.98,square,0.2787,29.90,80322.27,0.007828,1,11,17.23
2028,74488.71,triangle,0.5497,26.10,74536.13,0.063659,1,6,7.29
2029,97400.52,square,0.4674,25.61,97514.65,0.117179,1,44,60.34
2030,73379.20,sine,0.2545,30.60,73486.33,0.145999,1,11,12.19
2031,29708.75,square,0.2061,33.10,29799.80,0.306485,1,2,3.18
2032,29046.36,sine,0.2142,38.67,29135.74,0.307735,1,10,11.27
2033,86868.11,sine,0.8005,32.17,86909.18,0.047279,1,12,14.78
2034,97119.57,square,0.7133,21.27,97207.03,0.090059,1,45,62.93
2035,40228.49,triangle,0.5851,25.76,40317.38,0.220976,1,2,2.60
2036,12906.83,triangle,0.6804,27.48,13007.81,0.782432,1,65,63.77
2037,95143.19,sine,0.3734,38.42,95185.55,0.044515,1,19,20.96
2038,32772.61,sine,0.5808,36.48,32841.80,0.211117,1,7,8.08
2039,11211.53,triangle,0.8156,23.63,11313.48,0.909307,1,30,33.39
2040,71488.79,square,0.4621,35.67,71469.73,0.026664,1,4,6.56
2041,96315.70,sine,0.4786,29.62,96411.13,0.099088,1,2,2.29
2042,38254.87,square,0.1470,33.71,38295.90,0.107251,1,20,29.99
2043,44185.23,sine,0.8344,36.05,44296.88,0.252681,1,25,21.95
2044,49152.77,sine,0.6743,25.76,49194.34,0.084562,1,36,27.89
2045,24364.79,triangle,0.1363,21.90,24462.89,0.402653,1,27,28.92
2046,1672.03,sine,0.1621,39.92,1743.16,4.254401,1,242,159.58
2047,29592.19,sine,0.3169,38.72,29716.80,0.421090,1,3,3.44
2048,52495.86,square,0.8861,27.90,52524.41,0.054389,1,14,20.99
2049,34165.85,sine,0.4400,26.33,34248.05,0.240587,1,27,27.08
2050,68053.09,sine,0.6195,21.32,68173.83,0.177415,1,3,2.89
2051,19937.63,square,0.9433,27.55,19995.12,0.288353,1,46,60.27
2052,66743.34,sine,0.2143,21.17,66840.82,0.146055,1,10,11.65
2053,31235.94,sine,0.2566,35.22,31357.42,0.388929,1,23,24.34
2054,2567.97,square,0.4415,30.13,2695.31,4.958918,1,177,166.77
2055,56720.19,sine,0.3656,34.67,56738.28,0.031889,1,29,27.88
2056,87256.42,sine,0.1879,37.96,87280.27,0.027335,1,36,36.10
2057,35639.65,square,0.4236,22.52,35683.59,0.123298,1,13,19.68
2058,59343.83,square,0.2827,29.04,59438.48,0.159484,1,32,46.79
2059,79897.80,square,0.1872,30.96,79912.11,0.017906,1,27,37.48
2060,70571.09,triangle,0.6662,23.05,70668.95,0.138660,1,8,7.73
2061,71307.15,triangle,0.1220,28.23,71386.72,0.111581,1,21,21.29
2062,33962.07,triangle,0.2945,31.82,34042.97,0.238190,1,29,29.12
2063,91407.39,triangle,0.9293,39.57,91440.43,0.036145,1,54,54.60
2064,2056.34,square,0.4716,37.20,2153.32,4.716030,1,214,220.30
2065,25929.66,triangle,0.6523,35.87,26000.98,0.275056,1,6,8.01
2066,9474.36,sine,0.7826,20.44,9570.31,1.012805,1,81,96.32
2067,81870.92,sine,0.6914,27.30,81928.71,0.070587,1,4,5.64
2068,61537.99,triangle,0.4082,22.16,61606.45,0.111240,1,20,44.91
2069,7894.94,square,0.5686,34.84,8007.81,1.429670,1,33,71.98
2070,51463.82,square,0.4583,20.53,51562.50,0.191755,1,41,114.30
2071,34220.16,triangle,0.8862,26.59,34248.05,0.081484,1,27,62.53
2072,59191.75,triangle,0.4971,20.36,59301.76,0.185858,1,14,14.57
2073,8376.54,square,0.9725,33.86,8520.51,1.718755,1,12,77.17
2074,8020.70,sine,0.7942,36.83,8154.30,1.665614,1,27,66.04
2075,62151.76,square,0.1255,36.57,62270.51,0.191055,1,34,78.25
2076,79039.25,sine,0.7378,24.30,79101.56,0.078843,1,1,1.08
2077,4992.69,sine,0.2608,26.75,5229.49,4.743063,1,4,4.17
2078,42426.50,square,0.5291,25.41,42480.47,0.127205,1,13,51.28
2079,3887.90,square,0.4562,25.97,4086.91,5.118909,1,82,126.87
2080,86827.16,triangle,0.8720,29.90,86909.18,0.094459,1,12,11.32
2081,13962.19,triangle,0.2855,28.82,14062.50,0.718412,1,41,44.86
2082,7435.08,triangle,0.2133,38.06,7519.53,1.135874,1,53,56.49
2083,86558.83,square,0.7699,32.39,86660.16,0.117061,1,13,18.18
2084,80504.49,square,0.8072,29.25,80551.76,0.058716,1,10,14.48
2085,94155.61,square,0.5164,35.70,94262.70,0.113729,1,10,16.07
2086,82336.19,square,0.2618,29.36,82387.70,0.062553,1,2,2.52
2087,96839.18,triangle,0.8300,20.66,96855.47,0.016823,1,13,12.13
2088,47318.09,square,0.8470,20.99,47460.94,0.301894,1,1,1.54
2089,85391.45,square,0.2776,26.35,85415.04,0.027625,1,4,5.72
2090,28911.03,square,0.1465,23.17,29052.73,0.490155,1,11,15.57
2091,81456.61,sine,0.3101,29.07,81469.73,0.016101,1,6,5.35
2092,52194.97,triangle,0.5026,35.80,52221.68,0.051177,1,16,14.67
2093,62216.28,sine,0.2407,28.74,62329.10,0.181331,1,16,16.86
2094,40292.05,triangle,0.6227,27.76,40317.38,0.062873,1,2,1.80
2095,17905.27,sine,0.6180,28.47,17993.16,0.490895,1,26,29.12
2096,51977.82,sine,0.6966,37.05,52070.31,0.177940,1,17,15.07
2097,26536.01,square,0.9780,26.66,26645.51,0.412634,1,40,61.15
2098,59909.59,sine,0.6454,21.79,59985.35,0.126463,1,10,12.99
2099,95964.31,triangle,0.8093,34.08,96020.51,0.058563,1,16,18.36
2100,59383.17,square,0.8725,39.14,59472.66,0.150685,1,13,17.21
2101,50404.58,triangle,0.6250,30.77,50410.16,0.011061,1,5,6.83
2102,45993.79,sine,0.1033,24.83,46010.74,0.036856,1,12,13.27
2103,51462.59,square,0.5036,39.61,51562.50,0.194133,1,41,64.30
2104,35676.96,square,0.2202,20.96,35786.13,0.305990,1,12,15.44
2105,77765.54,square,0.7846,23.00,77783.20,0.022711,1,7,11.64
2106,57611.05,sine,0.3053,20.23,57685.55,0.129313,1,3,3.99
2107,13903.73,sine,0.2052,39.72,14018.55,0.825843,1,42,39.94
2108,31554.63,sine,0.2792,31.75,31635.74,0.257046,1,20,23.56
2109,7340.31,triangle,0.9653,24.93,7421.88,1.111209,1,57,51.67
2110,45559.43,sine,0.6766,28.28,45615.23,0.122483,1,15,13.62
2111,27735.79,sine,0.6886,28.32,27807.62,0.258976,1,26,23.19
2112,18786.27,triangle,0.6086,37.17,18906.25,0.638660,1,9,9.24
2113,12630.11,triangle,0.7062,22.30,12700.20,0.554875,1,72,69.41
2114,69787.25,square,0.9505,22.83,69868.16,0.115941,1,12,18.60
2115,64640.51,square,0.9611,26.60,64677.73,0.057593,1,3,4.77
2116,96256.41,triangle,0.3433,36.07,96298.83,0.044073,1,15,14.55
2117,99564.82,sine,0.4931,30.40,99638.67,0.074179,1,3,3.12
2118,30198.18,sine,0.2981,25.64,30244.14,0.152189,1,35,29.48
2119,44916.37,sine,0.8859,34.10,44956.05,0.088351,1,20,20.68
2120,9434.85,square,0.6883,39.12,9536.13,1.073526,1,82,87.76
2121,1299.07,sine,0.9350,38.64,,,0,260,157.83
2122,72338.06,triangle,0.1823,30.28,72436.52,0.136122,1,16,16.29
2123,23926.72,sine,0.8293,22.70,24023.44,0.404240,1,33,33.66
2124,47396.51,triangle,0.2672,39.56,47460.94,0.135929,1,1,1.22
2125,99434.51,square,0.2531,26.32,99482.42,0.048184,1,27,40.20
2126,43024.79,sine,0.3526,39.44,43090.82,0.153469,1,8,6.42
2127,16183.12,triangle,0.1004,31.92,16274.41,0.564144,1,58,43.69
2128,91678.36,sine,0.2670,33.03,91738.28,0.065363,1,53,55.49
2129,71547.54,triangle,0.3874,25.04,71669.92,0.171051,1,3,3.04
2130,95635.96,triangle,0.5116,36.92,95742.19,0.111074,1,17,18.70
2131,45780.02,square,0.2411,28.53,45878.91,0.215994,1,13,19.76
2132,54204.28,sine,0.4997,35.63,54301.76,0.179840,1,24,24.72
2133,68324.56,square,0.9186,20.36,68364.26,0.058102,1,2,3.61
2134,56147.71,triangle,0.5872,26.48,56235.35,0.156089,1,12,16.07
2135,14488.81,triangle,0.5237,37.56,14589.84,0.697351,1,29,29.86
2136,58999.36,triangle,0.8238,33.18,59130.86,0.222883,1,15,15.98
2137,40407.43,square,0.8227,27.47,40429.69,0.055085,1,1,1.41
2138,39424.02,sine,0.9231,21.82,39531.25,0.271981,1,9,7.89
2139,65172.71,square,0.4651,33.59,65263.67,0.139573,1,35,38.89
2140,7642.28,square,0.7948,36.56,7763.67,1.588431,1,43,40.45
2141,17882.51,triangle,0.6905,37.64,17993.16,0.618792,1,26,22.43
2142,49042.79,square,0.9271,38.00,49135.74,0.189531,1,14,16.36
2143,45367.93,sine,0.4539,27.76,45483.40,0.254523,1,16,13.64
2144,29399.82,sine,0.8750,21.40,29467.77,0.231133,1,6,6.63
2145,68083.51,sine,0.4101,21.23,68173.83,0.132662,1,3,3.52
2146,27727.39,triangle,0.8965,24.43,27807.62,0.289343,1,26,28.22
2147,46891.24,square,0.8862,35.26,46933.59,0.090332,1,5,6.18
2148,51794.64,triangle,0.8626,20.19,51918.95,0.239988,1,18,19.46
2149,40886.11,triangle,0.7663,30.86,40893.55,0.018201,1,26,29.17
2150,53434.81,square,0.5685,33.11,53496.09,0.114692,1,29,36.45
2151,42417.94,triangle,0.8751,23.09,42480.47,0.147409,1,13,14.81
2152,45703.16,square,0.7187,25.00,45747.07,0.096088,1,14,20.30
2153,64384.84,triangle,0.4763,38.22,64497.07,0.174311,1,4,5.34
2154,99323.21,sine,0.3097,39.01,99360.35,0.037394,1,4,4.45
2155,95874.44,sine,0.1135,23.22,95932.62,0.060680,1,28,27.92
2156,99605.27,sine,0.5523,36.97,99638.67,0.033539,1,3,3.24
2157,3019.76,square,0.3493,37.25,3178.71,5.263713,1,144,114.01
2158,29062.65,triangle,0.7068,24.43,29135.74,0.251486,1,10,8.22
2159,4445.12,square,0.3603,36.18,4672.85,5.123163,1,42,42.09
2160,80236.05,square,0.6459,32.09,80322.27,0.107447,1,11,17.35
2161,82888.66,square,0.3479,25.30,83022.46,0.161426,1,14,21.51
2162,54083.04,square,0.4961,21.82,54189.45,0.196767,1,3,3.62
2163,72141.77,sine,0.2773,28.26,72226.56,0.117535,1,17,17.69
2164,23550.06,square,0.4343,28.98,23657.23,0.455076,1,38,53.08
2165,54179.76,sine,0.2402,37.61,54189.45,0.017885,1,3,3.04
2166,43938.65,square,0.1321,29.96,43945.31,0.015171,1,1,1.65
2167,55862.80,square,0.7363,23.55,55913.09,0.090012,1,14,16.47
2168,25970.09,triangle,0.9525,22.72,26074.22,0.400955,1,5,4.34
2169,50267.31,sine,0.1541,26.51,50273.44,0.012198,1,49,51.60
2170,15225.07,triangle,0.5804,22.88,15336.91,0.734572,1,12,12.66
2171,1914.92,triangle,0.2586,32.12,1918.95,0.210352,1,230,185.55
2172,34355.27,square,0.3841,21.74,34453.12,0.284834,1,25,31.70
2173,23072.05,sine,0.4852,33.17,23144.53,0.314148,1,45,46.59
2174,27116.80,sine,0.5670,32.12,27226.56,0.404771,1,33,29.23
2175,96324.18,square,0.5241,31.47,96411.13,0.090272,1,2,3.33
2176,92862.16,triangle,0.3907,24.75,92905.27,0.046425,1,2,1.77
2177,27000.73,square,0.7696,30.06,27060.55,0.221547,1,35,44.41
2178,7711.84,triangle,0.8254,25.79,7812.50,1.305224,1,41,35.40
2179,66748.45,square,0.9002,36.90,66840.82,0.138388,1,10,14.94
2180,53017.77,triangle,0.8950,29.91,53129.88,0.211467,1,10,9.34
2181,32011.82,triangle,0.2981,27.77,32099.61,0.274230,1,15,14.26
2182,86707.00,triangle,0.4634,24.29,86743.16,0.041712,1,38,36.33
2183,36240.87,sine,0.2585,34.87,36298.83,0.159923,1,7,7.68
2184,25954.92,square,0.4473,39.64,26074.22,0.459643,1,5,6.95
2185,39718.13,sine,0.1808,31.82,39755.86,0.094987,1,7,7.69
2186,60336.99,square,0.4887,21.08,60366.21,0.048427,1,44,61.73
2187,52138.10,square,0.2346,22.08,52221.68,0.160296,1,16,24.15
2188,13233.68,sine,0.6487,23.93,13315.43,0.617766,1,58,53.31
2189,25891.59,sine,0.9621,37.09,26000.98,0.422498,1,6,5.38
2190,23818.99,sine,0.2889,29.84,23876.95,0.243353,1,35,34.06
2191,2941.44,triangle,0.5708,37.97,2958.98,0.596362,1,159,126.94
2192,17274.88,triangle,0.8128,22.54,17348.63,0.426961,1,38,40.52
2193,40457.36,sine,0.3292,25.26,40527.34,0.172974,1,29,26.97
2194,56067.40,square,0.9530,22.53,56176.76,0.195042,1,66,86.76
2195,97395.52,sine,0.7956,26.78,97412.11,0.017032,1,11,11.16
2196,15165.06,triangle,0.3780,33.18,15292.97,0.843456,1,13,15.66
2197,57077.92,square,0.5462,34.64,57202.15,0.217639,1,6,10.95
2198,9689.52,triangle,0.9062,21.16,9775.39,0.886237,1,75,64.77
2199,14924.68,triangle,0.4936,28.07,15029.30,0.700962,1,19,19.34
2200,14559.70,square,0.2139,29.53,14677.73,0.810714,1,27,31.25
2201,76597.91,sine,0.5327,39.84,76684.57,0.113131,1,12,12.85
2202,68978.39,triangle,0.4734,35.36,69067.38,0.129013,1,16,17.75
2203,5010.41,sine,0.2828,28.04,5229.49,4.372579,1,4,4.34
2204,84728.74,square,0.6892,34.19,84741.21,0.014715,1,94,118.17
2205,59032.05,square,0.6193,26.85,59130.86,0.167377,1,15,22.02
2206,9303.50,triangle,0.2145,21.45,9365.23,0.663559,1,87,74.68
2207,87974.54,sine,0.6853,26.58,87988.28,0.015615,1,21,22.69
2208,39753.97,sine,0.4087,28.21,39868.16,0.287245,1,6,7.60
2209,72321.19,square,0.9492,20.84,72363.28,0.058199,1,101,135.32
2210,50803.76,square,0.9282,20.98,50834.96,0.061407,1,2,3.26
2211,57776.46,triangle,0.3177,37.53,57846.68,0.121539,1,2,2.49
2212,2885.30,triangle,0.9398,33.14,2900.39,0.523104,1,163,131.63
2213,44463.90,sine,0.9281,29.41,44560.55,0.217371,1,23,20.85
2214,3870.68,triangle,0.5337,22.49,3896.48,0.666723,1,95,95.69
2215,22212.91,sine,0.6169,32.44,22343.75,0.589031,1,9,10.37
2216,51068.49,triangle,0.8749,32.31,51162.11,0.183326,1,23,24.92
2217,2262.89,triangle,0.4762,31.31,2270.51,0.336575,1,206,167.37
2218,65258.98,square,0.9254,22.68,65317.38,0.089495,1,18,29.29
2219,67479.67,sine,0.9322,22.25,67602.54,0.182085,1,6,7.33
2220,10393.54,sine,0.4362,24.29,10493.16,0.958531,1,54,54.11
2221,58927.04,square,0.1308,26.39,58959.96,0.055860,1,16,24.89
2222,81232.86,triangle,0.7524,33.96,81240.23,0.009080,1,7,7.87
2223,31786.33,sine,0.3452,36.64,31914.06,0.401850,1,17,19.07
2224,98066.61,square,0.1087,22.80,98129.88,0.064521,1,42,60.54
2225,32885.98,square,0.1676,38.87,32934.57,0.147763,1,6,7.03
2226,37143.28,triangle,0.8025,35.11,37172.85,0.079605,1,30,30.07
2227,61065.24,square,0.6742,32.57,61181.64,0.190619,1,3,3.50
2228,55819.09,triangle,0.7591,35.54,55913.09,0.168385,1,14,12.73
2229,87373.82,sine,0.1754,29.66,87407.23,0.038236,1,10,10.35
2230,51893.99,triangle,0.4994,31.42,51918.95,0.048091,1,18,15.09
2231,53180.02,sine,0.6537,36.56,53281.25,0.190348,1,9,7.26
2232,16592.55,square,0.6342,23.28,16650.39,0.348568,1,51,59.40
2233,13222.89,triangle,0.4543,24.55,13315.43,0.699816,1,58,53.22
2234,17961.13,triangle,0.6485,32.87,18046.88,0.477393,1,25,24.76
2235,9712.60,triangle,0.4503,26.27,9809.57,0.998431,1,74,61.69
2236,46773.78,square,0.8772,38.59,46801.76,0.059808,1,6,8.82
2237,31041.87,triangle,0.8034,38.62,31079.10,0.119945,1,26,24.87
2238,25329.28,square,0.3471,36.48,25415.04,0.338573,1,14,15.07
2239,1527.09,square,0.4053,26.45,1596.68,4.556680,1,252,194.31
2240,64845.73,triangle,0.6483,37.06,64858.40,0.019542,1,2,1.91
2241,27195.11,square,0.5055,20.23,27309.57,0.420871,1,32,42.83
2242,56124.40,square,0.6327,34.73,56235.35,0.197685,1,12,17.04
2243,57562.61,sine,0.2048,31.93,57685.55,0.213565,1,3,3.26
2244,28222.94,sine,0.4866,31.09,28305.66,0.293109,1,20,19.34
2245,33545.85,triangle,0.6794,26.66,33632.81,0.259226,1,33,31.59
2246,75732.38,square,0.6737,31.07,75805.66,0.096767,1,16,23.97
2247,2127.58,triangle,0.4384,38.85,2138.67,0.521473,1,215,170.07
2248,81980.49,square,0.3270,24.07,82065.43,0.103607,1,18,21.46
2249,34698.10,square,0.3665,30.30,34760.74,0.180538,1,22,27.72
2250,17371.67,triangle,0.1971,38.64,17456.05,0.485748,1,36,32.78
2251,91444.22,square,0.7524,28.72,91523.44,0.086626,1,97,113.11
2252,63373.42,square,0.3710,31.56,63413.09,0.062586,1,10,15.46
2253,50314.84,square,0.3580,27.34,50410.16,0.189444,1,5,7.62
2254,9305.90,sine,0.3281,21.48,9399.41,1.004911,1,86,81.89
2255,11273.70,triangle,0.1350,33.18,11381.84,0.959222,1,28,31.62
2256,27983.22,triangle,0.5365,26.11,28056.64,0.262384,1,23,21.57
2257,52246.25,square,0.6079,22.29,52373.05,0.242682,1,15,17.72
2258,99702.06,square,0.4134,34.20,99780.27,0.078447,1,26,38.88
2259,37026.04,triangle,0.5088,34.39,37060.55,0.093193,1,31,32.15
2260,11637.87,triangle,0.7621,24.23,11757.81,1.030636,1,17,21.07
2261,15383.31,sine,0.9785,25.14,15512.70,0.841043,1,8,8.73
2262,46156.59,sine,0.4575,31.43,46274.41,0.255262,1,10,11.56
2263,95359.34,square,0.8372,30.94,95390.62,0.032811,1,185,215.88
2264,5037.72,sine,0.6180,39.01,5258.79,4.388352,1,2,2.17
2265,86053.91,sine,0.2981,24.02,86132.81,0.091695,1,1,1.27
2266,92327.39,triangle,0.7974,27.85,92387.70,0.065316,1,4,4.82
2267,50933.69,square,0.3281,30.10,50976.56,0.084174,1,1,1.20
2268,4019.16,sine,0.8979,35.03,4189.45,4.237078,1,75,64.68
2269,42863.97,square,0.4330,34.82,42968.75,0.244442,1,9,13.59
2270,78634.53,triangle,0.7504,24.09,78662.11,0.035072,1,3,3.73
2271,34459.03,square,0.3977,35.10,34555.66,0.280438,1,24,32.80
2272,33606.00,sine,0.4591,39.60,33632.81,0.079788,1,33,32.70
2273,23362.26,square,0.4897,21.42,23437.50,0.322058,1,41,61.75
2274,49299.78,triangle,0.5619,37.44,49418.95,0.241708,1,12,13.62
2275,29604.76,sine,0.9429,27.56,29716.80,0.378426,1,3,3.08
2276,58064.15,triangle,0.3919,34.32,58105.47,0.071161,1,21,18.39
2277,14406.47,sine,0.2302,36.22,14501.95,0.662806,1,31,29.40
2278,23042.27,triangle,0.9490,30.56,23144.53,0.443780,1,45,47.94
2279,54462.89,square,0.3933,29.51,54492.19,0.053793,1,1,1.41
2280,60677.95,triangle,0.9440,37.24,60703.12,0.041497,1,25,29.09
2281,89023.92,square,0.6917,37.90,89150.39,0.142060,1,3,3.70
2282,39902.13,triangle,0.4742,32.02,39980.47,0.196338,1,5,4.84
2283,71270.67,triangle,0.3202,34.92,71386.72,0.162833,1,21,22.56
2284,52560.74,sine,0.7989,31.04,52675.78,0.218867,1,13,12.05
2285,66436.41,sine,0.5331,32.35,66459.96,0.035451,1,12,12.84
2286,41086.17,sine,0.9655,30.23,41137.70,0.125406,1,24,23.09
2287,73658.12,square,0.4196,28.14,73696.29,0.051824,1,10,12.83
2288,41510.47,square,0.5891,29.94,41503.91,0.015807,1,21,22.90
2289,14343.79,square,0.2522,22.52,14458.01,0.796269,1,32,32.61
2290,93331.93,square,0.6935,28.04,93457.03,0.134043,1,13,18.66
2291,90989.11,square,0.7923,27.37,91093.75,0.115005,1,9,12.25
2292,96041.18,triangle,0.8686,23.44,96142.58,0.105582,1,3,3.17
2293,27825.36,sine,0.3438,37.11,27890.62,0.234561,1,25,25.69
2294,4156.59,sine,0.3465,24.00,4350.59,4.667071,1,64,54.23
2295,23954.10,triangle,0.6068,20.12,24023.44,0.289452,1,33,37.84
2296,43502.95,square,0.2026,33.52,43579.10,0.175040,1,4,5.46
2297,70507.62,triangle,0.7556,20.00,70546.88,0.055672,1,25,26.38
2298,95438.16,triangle,0.9136,20.31,95463.87,0.026936,1,18,19.63
2299,93452.02,triangle,0.8535,21.87,93457.03,0.005362,1,13,15.91
2300,74139.02,triangle,0.7107,31.41,74267.58,0.173395,1,23,23.14
2301,94617.34,square,0.6394,29.53,94716.80,0.105117,1,43,61.02
2302,93351.78,sine,0.5510,33.74,93457.03,0.112751,1,13,10.60
2303,79398.75,square,0.9180,38.84,79404.30,0.006989,1,15,19.13
2304,7367.60,square,0.1211,26.59,7495.12,1.730741,1,54,59.36
2305,54149.95,triangle,0.8619,22.55,54189.45,0.072945,1,3,3.63
2306,10210.01,square,0.5789,25.33,10288.09,0.764729,1,60,70.74
2307,90045.86,triangle,0.4624,37.81,90058.59,0.014147,1,13,11.22
2308,39010.94,triangle,0.5283,22.45,39082.03,0.182233,1,13,14.93
2309,92865.49,square,0.7610,27.34,92905.27,0.042844,1,2,3.34
2310,2869.21,sine,0.5466,33.80,2988.28,4.150076,1,157,120.12
2311,34138.80,triangle,0.7288,34.08,34248.05,0.320016,1,27,26.40
2312,49759.66,triangle,0.5403,29.01,49843.75,0.168985,1,9,9.25
2313,20738.70,sine,0.1381,32.67,20820.31,0.393522,1,33,28.44
2314,25605.04,sine,0.7937,26.54,25708.01,0.402144,1,10,12.17
2315,24977.39,sine,0.7974,22.59,25048.83,0.285998,1,19,19.71
2316,45921.62,square,0.7187,32.67,46010.74,0.194070,1,12,15.98
2317,81261.35,sine,0.3668,25.60,81347.66,0.106212,1,21,24.15
2318,15455.67,sine,0.3788,30.44,15556.64,0.653268,1,7,6.96
2319,66706.74,square,0.7475,26.72,66767.58,0.091197,1,43,58.32
2320,29738.08,square,0.1213,21.60,29882.81,0.486677,1,1,1.13
2321,42378.98,triangle,0.7494,21.76,42480.47,0.239468,1,13,10.81
2322,84785.48,triangle,0.6499,36.41,84882.81,0.114795,1,33,31.06
2323,41006.87,sine,0.5608,30.98,41137.70,0.319021,1,24,23.85
2324,54294.31,square,0.9538,38.04,54340.82,0.085662,1,2,2.46
2325,87695.99,triangle,0.9491,21.97,87729.49,0.038207,1,22,24.93
2326,27247.20,square,0.8619,30.10,27309.57,0.228895,1,32,41.51
2327,75055.44,sine,0.3272,34.64,75166.02,0.147326,1,3,3.22
2328,17308.67,square,0.3384,27.00,17402.34,0.541214,1,37,42.80
2329,71124.08,square,0.5997,22.00,71269.53,0.204502,1,5,7.13
2330,80696.75,square,0.6837,34.51,80781.25,0.104711,1,9,12.42
2331,21756.43,triangle,0.6546,28.57,21835.94,0.365438,1,17,17.68
2332,19051.18,triangle,0.7796,24.16,19174.80,0.648892,1,4,4.70
2333,34433.37,triangle,0.7261,35.32,34555.66,0.355171,1,24,24.53
2334,44678.91,triangle,0.4478,24.23,44692.38,0.030157,1,22,20.61
2335,63635.03,triangle,0.3795,29.22,63662.11,0.042560,1,43,43.39
2336,67726.14,square,0.8591,35.23,67792.97,0.098681,1,5,8.71
2337,6771.42,triangle,0.7772,37.28,6860.35,1.313289,1,80,81.25
2338,65468.57,triangle,0.2011,26.95,65507.81,0.059936,1,17,18.02
2339,87765.67,sine,0.1704,35.76,87817.38,0.058918,1,34,35.91
2340,83713.13,sine,0.8689,33.74,83740.23,0.032378,1,11,12.73
2341,52488.19,triangle,0.4773,23.88,52524.41,0.069022,1,14,16.10
2342,29200.41,square,0.5782,36.11,29301.76,0.347060,1,8,10.03
2343,79343.92,square,0.8027,23.84,79404.30,0.076096,1,15,21.84
2344,5956.39,triangle,0.1680,24.93,6030.27,1.240437,1,114,108.36
2345,69836.58,square,0.8887,25.96,69868.16,0.045231,1,12,17.06
2346,2175.26,sine,0.6203,27.52,2270.51,4.378527,1,206,140.24
2347,53952.40,triangle,0.9212,25.32,54038.09,0.158812,1,4,4.87
2348,46751.91,square,0.9542,39.97,46801.76,0.106629,1,6,10.27
2349,24305.32,triangle,0.4402,20.16,24389.65,0.346964,1,28,30.34
2350,1916.00,square,0.5395,20.45,2006.84,4.740931,1,224,188.06
2351,69005.81,sine,0.6039,26.02,69067.38,0.089222,1,16,15.47
2352,17546.30,square,0.3090,30.70,17617.19,0.404019,1,33,42.64
2353,20684.02,square,0.2416,33.42,20756.84,0.352018,1,34,44.07
2354,75639.83,sine,0.5210,21.42,75732.42,0.122411,1,31,27.50
2355,60220.06,sine,0.5749,30.35,60327.15,0.177825,1,8,7.13
2356,92511.08,square,0.6247,28.03,92592.77,0.088306,1,60,77.08
2357,94958.88,triangle,0.3569,36.88,95068.36,0.115291,1,7,7.26
2358,43807.24,triangle,0.8406,23.78,43945.31,0.315183,1,1,0.96
2359,70412.97,sine,0.3677,25.93,70468.75,0.079216,1,9,8.96
2360,72831.26,sine,0.1008,34.30,72856.45,0.034585,1,14,13.40
2361,17947.29,sine,0.3138,27.60,18046.88,0.554877,1,25,25.66
2362,48114.73,sine,0.9735,34.32,48144.53,0.061945,1,21,21.05
2363,32996.21,sine,0.5037,32.52,33120.12,0.375512,1,4,3.68
2364,15490.93,sine,0.8735,25.13,15600.59,0.707849,1,6,5.43
2365,38639.30,triangle,0.6968,26.83,38745.12,0.273847,1,16,13.73
2366,68686.26,sine,0.7621,29.74,68774.41,0.128350,1,48,39.18
2367,81505.03,triangle,0.9332,38.19,81586.91,0.100462,1,20,22.47
2368,51704.83,square,0.5185,33.80,51767.58,0.121367,1,19,27.16
2369,88515.78,sine,0.9264,36.30,88652.34,0.154282,1,5,4.55
2370,97906.75,triangle,0.3519,22.12,97968.75,0.063330,1,9,9.01
2371,12111.87,sine,0.6528,36.09,12236.33,1.027604,1,3,2.41
2372,90025.78,square,0.1051,23.73,90058.59,0.036449,1,13,18.38
2373,10872.89,square,0.5512,20.87,10971.68,0.908548,1,40,46.34
2374,35499.32,sine,0.6824,29.29,35581.05,0.230244,1,14,15.00
2375,50036.45,square,0.9604,24.29,50126.95,0.180880,1,7,8.93
2376,52149.76,triangle,0.6012,38.58,52221.68,0.137907,1,16,13.38
2377,38418.87,square,0.1797,32.18,38520.51,0.264559,1,18,19.73
2378,29532.98,sine,0.5901,30.65,29633.79,0.341327,1,4,3.61
2379,8511.29,triangle,0.6614,23.78,8618.16,1.255645,1,8,8.96
2380,47474.05,triangle,0.5765,27.91,47578.12,0.219222,1,25,26.78
2381,32911.51,square,0.9452,33.43,33027.34,0.351963,1,5,5.87
2382,8399.84,square,0.9017,21.89,8520.51,1.436495,1,12,15.61
2383,98898.70,triangle,0.1704,38.67,98979.49,0.081696,1,128,120.25
2384,36950.13,triangle,0.4765,28.82,37060.55,0.298836,1,31,32.96
2385,63790.07,triangle,0.1304,31.86,63793.95,0.006081,1,26,27.10
2386,19486.57,square,0.4132,29.38,19550.78,0.329534,1,53,61.85
2387,34079.50,sine,0.2311,20.67,34145.51,0.193674,1,28,24.43
2388,47554.66,triangle,0.2041,38.93,47578.12,0.049344,1,25,21.11
2389,73602.79,square,0.6807,36.53,73696.29,0.127032,1,10,14.80
2390,11585.07,square,0.7274,31.74,11689.45,0.901044,1,19,22.82
2391,83445.13,sine,0.7216,30.68,83500.98,0.066928,1,12,10.79
2392,38536.93,square,0.6587,37.82,38632.81,0.248818,1,17,18.53
2393,50121.42,triangle,0.4619,22.05,50126.95,0.011046,1,7,6.12
2394,7089.07,sine,0.4421,26.74,7202.15,1.595140,1,66,61.00
2395,72075.77,triangle,0.1458,24.42,72084.96,0.012758,1,102,98.62
2396,28151.92,square,0.2301,22.68,28222.66,0.251255,1,21,23.62
2397,94435.10,triangle,0.2626,28.13,94531.25,0.101816,1,9,9.82
2398,36206.58,triangle,0.5592,22.56,36298.83,0.254789,1,7,7.25
2399,74160.21,square,0.3366,27.51,74267.58,0.144773,1,23,28.74
2400,50277.90,square,0.3177,27.97,50405.27,0.253339,1,28,40.77
2401,2898.12,triangle,0.2539,20.88,2915.04,0.583858,1,162,141.84
2402,65716.17,triangle,0.8324,29.87,65717.77,0.002439,1,48,50.32
2403,21331.45,triangle,0.7297,24.93,21391.60,0.281984,1,24,24.57
2404,90437.37,sine,0.9844,37.20,90502.93,0.072494,1,24,21.27
2405,69101.97,triangle,0.7501,23.81,69213.87,0.161936,1,46,41.61
2406,44773.46,sine,0.4507,34.83,44824.22,0.113373,1,21,18.17
2407,39257.89,sine,0.6358,37.44,39306.64,0.124176,1,11,10.17
2408,5710.74,square,0.2424,33.91,5810.55,1.747775,1,123,110.77
2409,11466.73,square,0.3576,23.98,11586.91,1.048098,1,22,24.73
2410,93698.90,sine,0.4940,20.43,93725.59,0.028477,1,12,10.32
2411,48875.71,square,0.3895,22.64,48984.38,0.222326,1,57,64.98
2412,38262.37,triangle,0.8042,30.62,38295.90,0.087638,1,20,16.42
2413,59393.61,sine,0.3586,23.24,59472.66,0.133097,1,13,13.48
2414,25680.24,sine,0.5675,31.25,25781.25,0.393339,1,9,11.58
2415,94549.79,sine,0.6775,36.35,94628.91,0.083672,1,21,28.26
2416,56463.90,sine,0.3363,20.79,56557.62,0.165968,1,10,12.54
2417,31238.98,triangle,0.1428,24.39,31357.42,0.379153,1,23,28.80
2418,70917.02,triangle,0.5098,33.96,70966.80,0.070194,1,23,25.72
2419,39407.26,sine,0.4583,31.60,39531.25,0.314625,1,9,12.97
2420,94857.27,sine,0.5567,26.58,94907.23,0.052660,1,20,27.32
2421,51322.86,sine,0.3817,36.40,51401.37,0.152972,1,42,48.16
2422,55840.23,square,0.3570,25.96,55913.09,0.130469,1,14,20.76
2423,38927.04,triangle,0.9705,28.77,38969.73,0.109653,1,14,14.65
2424,39941.93,triangle,0.4842,31.04,39980.47,0.096484,1,5,5.15
2425,23863.22,triangle,0.5788,36.18,23950.20,0.364454,1,34,34.73
2426,78292.54,sine,0.7441,36.00,78359.38,0.085365,1,89,79.41
2427,35264.62,sine,0.1024,29.02,35375.98,0.315783,1,16,16.48
2428,35890.84,square,0.2692,37.19,35991.21,0.279655,1,10,12.97
2429,26517.77,sine,0.5326,29.98,26562.50,0.168693,1,41,41.20
2430,22293.44,sine,0.2527,34.37,22407.23,0.510414,1,8,7.69
2431,77238.81,square,0.7427,34.72,77343.75,0.135859,1,9,11.47
2432,14689.28,triangle,0.8389,24.09,14809.57,0.818918,1,24,22.64
2433,19430.34,sine,0.2245,34.96,19487.30,0.293181,1,54,46.60
2434,47495.77,triangle,0.7716,32.09,47578.12,0.173391,1,25,25.09
2435,68950.29,sine,0.3806,32.76,69067.38,0.169816,1,16,16.45
2436,1925.15,sine,0.8667,33.68,2006.84,4.243073,1,224,165.35
2437,27271.60,triangle,0.8132,26.14,27392.58,0.443592,1,31,30.67
2438,4567.70,triangle,0.4107,22.13,4599.61,0.698579,1,47,43.84
2439,49693.83,triangle,0.2995,25.39,49702.15,0.016739,1,10,10.56
2440,25028.78,triangle,0.2777,31.51,25122.07,0.372717,1,18,19.96
2441,92601.20,sine,0.9738,38.95,92646.48,0.048903,1,3,3.47
2442,88572.63,sine,0.6706,35.22,88652.34,0.090002,1,5,6.29
2443,98616.76,sine,0.7894,26.78,98706.05,0.090542,1,50,49.32
2444,18387.02,square,0.8145,29.30,18476.56,0.486987,1,17,24.25
2445,54214.79,triangle,0.4592,32.31,54340.82,0.232471,1,2,2.27
2446,37159.18,square,0.7261,38.76,37285.16,0.339029,1,29,39.80
2447,54693.54,triangle,0.1803,24.22,54785.16,0.167516,1,21,20.25
2448,50711.03,sine,0.3276,30.35,50834.96,0.244382,1,2,2.43
2449,2481.16,sine,0.5626,31.46,2592.77,4.498496,1,184,128.92
2450,92649.42,square,0.4733,38.61,92651.37,0.002104,1,16,25.28
2451,78703.42,sine,0.2178,33.52,78715.82,0.015762,1,18,18.39
2452,56428.43,triangle,0.7649,32.50,56557.62,0.228934,1,10,11.59
2453,98651.83,square,0.2018,36.57,98745.12,0.094557,1,40,55.08
2454,25933.48,triangle,0.9614,33.94,26000.98,0.260257,1,6,5.46
2455,60006.99,square,0.4280,27.06,60058.59,0.086003,1,61,78.70
2456,64000.90,triangle,0.7107,23.97,64062.50,0.096252,1,41,38.94
2457,49904.73,triangle,0.5281,30.73,49985.35,0.161549,1,8,9.10
2458,77342.47,square,0.4684,37.91,77446.29,0.134235,1,50,75.88
2459,17094.14,triangle,0.2070,20.30,17187.50,0.546153,1,41,42.58
2460,89111.87,sine,0.7567,36.22,89150.39,0.043226,1,3,2.78
2461,86039.65,triangle,0.3646,34.20,86132.81,0.108275,1,1,0.89
2462,12424.59,square,0.8632,27.35,12524.41,0.803472,1,76,86.83
2463,59518.44,square,0.6814,39.46,59643.55,0.210207,1,12,17.08
2464,6517.82,square,0.8767,29.63,6616.21,1.509613,1,90,95.01
2465,8774.19,square,0.3989,23.10,8852.54,0.892933,1,102,94.46
2466,85054.42,square,0.9399,36.12,85175.78,0.142690,1,5,6.90
2467,69604.21,sine,0.4850,23.95,69667.97,0.091605,1,13,10.59
2468,91168.99,sine,0.3575,30.34,91289.06,0.131700,1,33,31.69
2469,27073.00,sine,0.6392,21.78,27143.55,0.260615,1,34,26.35
2470,6758.61,square,0.7486,31.10,6884.77,1.866620,1,79,84.78
2471,42864.77,square,0.4289,38.72,42968.75,0.242576,1,9,10.60
2472,6435.58,triangle,0.9022,36.08,6518.55,1.289246,1,94,87.72
2473,19220.06,sine,0.7453,21.69,19335.94,0.602886,1,1,1.10
2474,81374.31,triangle,0.7566,22.00,81469.73,0.117258,1,6,6.92
2475,72058.29,triangle,0.8478,20.83,72070.31,0.016679,1,1,1.22
2476,3287.96,square,0.2339,31.17,3457.03,5.142254,1,125,128.85
2477,91817.54,square,0.8605,20.00,91870.12,0.057261,1,6,10.19
2478,17682.95,sine,0.3953,38.16,17778.32,0.539337,1,30,29.59
2479,10598.26,square,0.5063,38.77,10732.42,1.265884,1,47,51.54
2480,13129.40,sine,0.1266,28.68,13227.54,0.747513,1,60,51.04
2481,28505.46,triangle,0.6444,32.28,28554.69,0.172705,1,17,19.20
2482,53659.16,sine,0.5005,39.99,53735.35,0.141994,1,6,5.23
2483,83687.70,triangle,0.8409,22.06,83740.23,0.062775,1,11,13.15
2484,23517.38,sine,0.3732,22.17,23583.98,0.283226,1,39,32.95
2485,47806.54,triangle,0.8871,34.98,47861.33,0.114601,1,23,25.37
2486,93919.97,sine,0.1110,33.23,93994.14,0.078968,1,11,11.24
2487,29645.89,sine,0.3978,25.40,29716.80,0.239184,1,3,2.52
2488,51632.20,square,0.5612,33.45,51723.63,0.177077,1,40,43.35
2489,39325.92,sine,0.2496,26.99,39418.95,0.236549,1,10,9.00
2490,74438.84,triangle,0.7002,24.68,74536.13,0.130700,1,6,6.90
2491,59220.54,square,0.5358,31.00,59301.76,0.137147,1,14,19.13
2492,49687.27,square,0.7440,22.19,49702.15,0.029939,1,10,14.54
2493,75212.95,sine,0.1600,39.52,75273.44,0.080422,1,33,34.93
2494,95742.19,sine,0.4989,23.72,95874.02,0.137701,1,4,4.06
2495,49049.14,triangle,0.9556,32.69,49135.74,0.176552,1,14,16.29
2496,36036.66,square,0.3808,38.20,36093.75,0.158419,1,9,13.41
2497,87169.65,square,0.3923,25.87,87211.91,0.048490,1,24,37.05
2498,4308.38,triangle,0.5053,26.50,4335.94,0.639591,1,65,58.03
2499,47639.93,triangle,0.2122,37.15,47719.73,0.167510,1,24,21.50
2500,89853.37,triangle,0.4577,24.34,89965.82,0.125143,1,26,29.76
2501,37990.44,sine,0.2585,32.15,38071.29,0.212812,1,22,23.93
2502,48185.79,triangle,0.1289,32.88,48286.13,0.208238,1,20,19.62
2503,76531.94,triangle,0.8975,34.58,76650.39,0.154774,1,27,29.04
2504,92853.20,sine,0.5529,20.28,92905.27,0.056086,1,2,2.36
2505,1688.80,sine,0.1907,25.20,1757.81,4.086411,1,241,150.58
2506,18527.29,sine,0.9184,20.16,18637.70,0.595927,1,14,11.29
2507,73872.13,sine,0.9210,37.86,73906.25,0.046185,1,9,7.37
2508,65736.21,triangle,0.1048,39.70,65864.26,0.194785,1,32,26.70
2509,87905.43,triangle,0.6933,26.90,87988.28,0.094253,1,21,21.92
2510,89471.22,sine,0.6064,21.99,89541.02,0.078013,1,15,15.77
2511,92273.61,sine,0.3024,31.16,92387.70,0.123641,1,4,5.25
2512,76645.21,square,0.3089,20.02,76684.57,0.051358,1,12,16.07
2513,75957.91,triangle,0.8289,29.20,76025.39,0.088843,1,15,14.16
2514,90472.96,square,0.5724,29.54,90576.17,0.114082,1,11,17.45
2515,45314.76,triangle,0.5741,26.33,45351.56,0.081208,1,17,18.76
2516,26557.66,sine,0.6249,24.60,26645.51,0.330787,1,40,41.38
2517,15665.26,square,0.7131,35.04,15776.37,0.709270,1,2,2.72
2518,50854.11,triangle,0.9427,36.15,50976.56,0.240786,1,1,1.20
2519,63923.75,sine,0.9847,25.48,63955.08,0.049001,1,7,8.20
2520,21063.04,square,0.1512,39.57,21137.70,0.354460,1,28,37.37
2521,59254.92,square,0.6902,29.94,59301.76,0.079041,1,14,19.38
2522,4174.29,square,0.7446,28.33,4394.53,5.276182,1,61,72.52
2523,75972.26,sine,0.2991,23.23,76025.39,0.069932,1,15,16.07
2524,37827.48,triangle,0.8451,27.66,37846.68,0.050753,1,24,27.18
2525,59322.75,triangle,0.3171,23.36,59438.48,0.195071,1,32,31.05
2526,97237.50,square,0.9833,26.76,97309.57,0.074114,1,88,124.68
2527,70600.14,sine,0.3351,30.24,70668.95,0.097460,1,8,7.01
2528,32642.19,sine,0.3366,20.71,32749.02,0.327273,1,8,7.98
2529,70737.94,square,0.1848,23.43,70869.14,0.185476,1,7,11.25
2530,11150.92,square,0.1848,35.09,11279.30,1.151274,1,31,38.30
2531,3030.58,sine,0.9016,34.37,3164.06,4.404485,1,145,119.96
2532,8223.86,triangle,0.5437,36.94,8325.20,1.232150,1,20,21.88
2533,60473.24,triangle,0.9942,24.65,60498.05,0.041025,1,7,8.21
2534,62770.61,square,0.1355,20.29,62871.09,0.160078,1,13,19.58
2535,12803.63,square,0.6104,31.07,12919.92,0.908279,1,67,78.90
2536,4153.82,square,0.9322,27.95,4365.23,5.089650,1,63,67.50
2537,62867.32,triangle,0.8055,30.39,62871.09,0.005996,1,13,12.42
2538,85937.24,square,0.8998,24.80,85937.50,0.000300,1,41,58.10
2539,28741.42,sine,0.8160,28.34,28803.71,0.216714,1,14,12.78
2540,23682.54,sine,0.9113,36.68,23803.71,0.511626,1,36,34.26
2541,55799.56,square,0.5269,27.83,55913.09,0.203457,1,14,21.70
2542,91632.21,sine,0.4766,26.89,91738.28,0.115756,1,53,44.96
2543,50316.92,square,0.5670,22.80,50410.16,0.185295,1,5,5.70
2544,51801.01,sine,0.2659,21.30,51918.95,0.227673,1,18,14.32
2545,76502.60,square,0.6640,34.55,76562.50,0.078294,1,41,52.28
2546,68252.35,square,0.4491,27.52,68364.26,0.163962,1,2,2.49
2547,64364.83,square,0.8642,37.49,64497.07,0.205453,1,4,5.72
2548,17885.48,sine,0.6674,26.02,17993.16,0.602090,1,26,20.86
2549,2838.50,triangle,0.3042,38.59,2856.45,0.632170,1,166,137.50
2550,72026.01,triangle,0.2813,24.68,72070.31,0.061508,1,1,1.28
2551,52605.51,sine,0.3749,26.43,52675.78,0.133586,1,13,15.28
2552,16803.36,sine,0.8097,23.34,16918.95,0.687850,1,46,39.57
2553,3817.28,square,0.9784,26.62,4013.67,5.144763,1,87,90.79
2554,12746.91,square,0.9157,35.68,12832.03,0.667743,1,69,76.28
2555,62629.07,sine,0.5877,21.82,62690.43,0.097972,1,14,14.26
2556,68215.60,triangle,0.9685,25.21,68266.60,0.074770,1,20,20.66
2557,2827.19,square,0.7361,35.81,2973.63,5.179969,1,158,141.52
2558,20180.15,sine,0.5613,26.61,20249.02,0.341271,1,42,42.01
2559,86190.64,square,0.8196,31.61,86206.05,0.017888,1,40,52.73
2560,77535.92,sine,0.8483,25.49,77563.48,0.035535,1,8,8.15
2561,55063.78,sine,0.5280,26.36,55107.42,0.079253,1,19,15.78
2562,27403.64,triangle,0.2441,35.75,27475.59,0.262543,1,30,25.16
2563,98432.33,sine,0.7291,25.06,98525.39,0.094542,1,7,5.72
2564,5008.29,square,0.9417,20.24,5273.44,5.294075,1,1,1.08
2565,59200.68,square,0.8860,21.68,59301.76,0.170732,1,14,19.25
2566,68471.08,triangle,0.7022,38.85,68554.69,0.122111,1,1,1.21
2567,82485.67,sine,0.5240,27.96,82617.19,0.159448,1,1,1.14
2568,31704.57,square,0.4458,28.65,31728.52,0.075512,1,19,26.46
2569,97946.92,sine,0.9300,29.60,97968.75,0.022283,1,9,9.54
2570,62750.48,triangle,0.4244,28.61,62871.09,0.192208,1,13,16.77
2571,41542.33,square,0.9330,36.58,41625.98,0.201354,1,20,30.80
2572,11791.00,sine,0.4851,21.97,11928.71,1.167941,1,12,11.54
2573,62290.22,sine,0.5701,20.14,62329.10,0.062426,1,16,18.01
2574,32343.04,triangle,0.5356,39.57,32470.70,0.394721,1,11,11.07
2575,87536.28,square,0.1409,36.91,87656.25,0.137057,1,9,14.59
2576,91212.20,triangle,0.2152,39.96,91308.59,0.105684,1,21,22.92
2577,26599.84,triangle,0.9172,24.71,26645.51,0.171692,1,40,37.52
2578,90917.60,sine,0.9788,25.63,91040.04,0.134674,1,22,21.93
2579,95390.15,sine,0.7383,30.64,95463.87,0.077283,1,18,20.48
2580,48309.83,sine,0.7350,23.82,48427.73,0.244057,1,19,17.89
2581,55731.34,sine,0.9601,20.57,55751.95,0.036991,1,15,15.78
2582,20773.10,sine,0.4727,24.65,20883.79,0.532849,1,32,33.35
2583,49643.56,triangle,0.7409,31.60,49702.15,0.118018,1,10,11.27
2584,9811.31,triangle,0.2498,35.73,9912.11,1.027332,1,71,58.48
2585,25755.62,square,0.4154,37.18,25854.49,0.383889,1,8,10.68
2586,13527.90,square,0.2279,34.10,13623.05,0.703328,1,51,56.70
2587,90602.73,square,0.5393,38.55,90620.12,0.019185,1,84,117.37
2588,52578.15,square,0.6205,33.78,52675.78,0.185693,1,13,17.02
2589,11581.45,triangle,0.4920,21.45,11689.45,0.932517,1,19,16.52
2590,78832.08,square,0.1903,32.68,78881.84,0.063111,1,2,2.65
2591,88133.00,triangle,0.9619,37.35,88154.30,0.024160,1,7,6.09
2592,1211.95,square,0.8367,27.33,,,0,260,190.91
2593,60553.30,square,0.4285,38.09,60668.95,0.190977,1,6,8.91
2594,50819.61,square,0.9978,29.87,50834.96,0.030214,1,2,3.25
2595,18661.43,square,0.8326,35.54,18745.12,0.448466,1,12,15.48
2596,79069.59,triangle,0.3288,37.24,79101.56,0.040430,1,1,0.91
2597,89450.90,sine,0.2174,39.51,89541.02,0.100740,1,15,14.15
2598,86964.07,triangle,0.8977,30.83,87011.72,0.054789,1,37,35.29
2599,64993.77,square,0.1461,34.91,65039.06,0.069684,1,1,1.60
2600,51027.87,square,0.5524,29.84,51079.10,0.100397,1,44,54.64
2601,18007.12,sine,0.2430,23.91,18100.59,0.519040,1,24,24.48
2602,97324.76,sine,0.3423,31.81,97412.11,0.089750,1,11,12.08
2603,61407.68,sine,0.8143,35.70,61523.44,0.188508,1,1,1.10
2604,24494.45,sine,0.9442,36.51,24609.38,0.469177,1,25,21.64
2605,70081.91,sine,0.4764,31.19,70126.95,0.064277,1,27,27.07
2606,19553.72,square,0.6409,26.55,19614.26,0.309610,1,52,58.65
2607,78313.54,triangle,0.3912,36.77,78442.38,0.164525,1,4,3.40
2608,11254.08,triangle,0.2375,21.66,11347.66,0.831487,1,29,26.91
2609,64535.77,square,0.9171,27.26,64677.73,0.219986,1,3,4.87
2610,29428.07,square,0.5104,26.89,29550.78,0.416973,1,5,7.19
2611,69680.39,triangle,0.8677,39.46,69707.03,0.038236,1,29,33.79
2612,27398.96,triangle,0.4548,33.54,27475.59,0.279656,1,30,29.73
2613,48122.19,triangle,0.7560,39.05,48144.53,0.046432,1,21,22.01
2614,83661.99,triangle,0.8330,29.18,83740.23,0.093530,1,11,9.23
2615,25927.06,square,0.1182,30.48,26000.98,0.285106,1,6,7.31
2616,51000.72,square,0.9766,38.23,51079.10,0.153683,1,44,57.38
2617,17009.57,square,0.4816,27.21,17133.79,0.730319,1,42,39.94
2618,80051.10,square,0.6149,37.06,80092.77,0.052058,1,12,15.36
2619,80786.89,sine,0.7425,28.71,80869.14,0.101815,1,23,24.70
2620,30170.24,sine,0.5385,27.11,30244.14,0.244941,1,35,35.64
2621,25899.79,triangle,0.7925,24.90,26000.98,0.390681,1,6,7.26
2622,5895.30,triangle,0.1090,38.74,5957.03,1.047191,1,117,105.86
2623,63134.37,sine,0.3218,20.18,63232.42,0.155311,1,11,11.87
2624,24311.67,sine,0.6509,23.33,24389.65,0.320744,1,28,25.51
2625,53334.35,square,0.3682,20.70,53432.62,0.184240,1,8,9.18
2626,4688.13,sine,0.7652,26.36,4892.58,4.360881,1,27,21.41
2627,79833.72,square,0.5077,30.26,79863.28,0.037031,1,13,19.00
2628,71590.11,sine,0.2094,31.12,71669.92,0.111479,1,3,3.92
2629,33370.78,square,0.6823,29.88,33398.44,0.082865,1,1,1.47
2630,62407.60,square,0.7658,34.12,62509.77,0.163702,1,15,21.74
2631,53884.80,triangle,0.8862,28.65,53886.72,0.003562,1,5,6.13
2632,41863.54,triangle,0.6243,21.42,41992.19,0.307292,1,17,19.64
2633,89319.09,sine,0.7736,35.18,89399.41,0.089930,1,2,2.16
2634,95358.00,sine,0.6372,28.56,95463.87,0.111023,1,18,19.14
2635,33732.66,sine,0.6064,29.58,33837.89,0.311947,1,31,32.94
2636,11350.89,square,0.7642,35.35,11484.38,1.175975,1,25,28.13
2637,90631.95,square,0.9578,37.31,90747.07,0.127024,1,46,67.56
2638,30353.66,sine,0.4919,28.04,30429.69,0.250487,1,33,35.85
2639,57996.21,square,0.7750,30.20,58105.47,0.188387,1,21,32.26
2640,11377.44,triangle,0.3788,39.43,11484.38,0.939873,1,25,30.42
2641,12668.15,triangle,0.1819,24.62,12744.14,0.599850,1,71,73.52
2642,5611.41,triangle,0.8653,28.68,5688.48,1.373313,1,128,113.15
2643,92923.69,square,0.6670,36.91,92958.98,0.037987,1,27,37.58
2644,30383.22,square,0.9154,38.02,30429.69,0.152937,1,33,44.33
2645,97671.79,triangle,0.2146,36.47,97690.43,0.019079,1,10,9.28
2646,41574.01,triangle,0.5251,31.08,41625.98,0.124999,1,20,17.85
2647,53447.72,sine,0.1675,37.91,53496.09,0.090513,1,29,26.56
2648,80464.91,sine,0.7991,32.52,80551.76,0.107938,1,10,11.18
2649,41505.24,sine,0.8738,34.00,41625.98,0.290907,1,20,20.84
2650,55226.25,square,0.1820,29.48,55268.55,0.076601,1,18,25.08
2651,20176.33,sine,0.6952,38.23,20249.02,0.360296,1,42,43.60
2652,40971.90,sine,0.6839,37.42,41015.62,0.106709,1,25,25.64
2653,75083.56,triangle,0.5829,35.04,75166.02,0.109817,1,3,3.55
2654,14866.39,square,0.4506,30.23,14985.35,0.800195,1,20,25.78
2655,92978.56,triangle,0.2211,23.46,93051.76,0.078726,1,38,34.37
2656,36406.41,sine,0.6533,38.06,36503.91,0.267788,1,5,5.57
2657,96266.86,square,0.8543,30.50,96284.18,0.017989,1,48,68.93
2658,21624.37,square,0.5996,34.85,21708.98,0.391302,1,19,24.96
2659,22768.42,square,0.4276,39.19,22851.56,0.365184,1,1,1.42
2660,44950.55,triangle,0.7757,25.31,45029.30,0.175183,1,43,45.57
2661,57615.10,triangle,0.5277,38.90,57685.55,0.122273,1,3,3.51
2662,22231.36,sine,0.9023,36.95,22343.75,0.505526,1,9,9.55
2663,99266.40,triangle,0.9430,36.54,99360.35,0.094648,1,4,4.65
2664,84598.21,square,0.4441,38.69,84697.27,0.117093,1,7,10.78
2665,43779.60,square,0.5015,31.30,43823.24,0.099685,1,2,2.64
2666,47580.00,sine,0.8938,28.89,47680.66,0.211562,1,46,43.80
2667,59305.42,sine,0.1030,24.91,59414.06,0.183189,1,49,44.03
2668,70754.02,sine,0.9180,24.30,70869.14,0.162709,1,7,7.25
2669,21254.77,sine,0.1126,35.44,21328.12,0.345133,1,25,24.55
2670,87628.42,square,0.2694,25.71,87656.25,0.031761,1,9,14.15
2671,48116.74,triangle,0.3226,34.63,48144.53,0.057752,1,21,20.60
2672,44505.37,sine,0.5103,21.42,44560.55,0.123969,1,23,20.15
2673,80070.05,sine,0.7529,21.37,80151.37,0.101558,1,26,28.01
2674,95554.76,sine,0.8945,36.19,95605.47,0.053071,1,5,5.56
2675,96818.13,square,0.7547,27.41,96855.47,0.038563,1,13,21.61
2676,19252.46,square,0.2492,39.64,19335.94,0.433617,1,1,1.45
2677,10528.40,square,0.6638,30.76,10629.88,0.963871,1,50,63.36
2678,66556.40,sine,0.5995,25.74,66650.39,0.141215,1,11,12.97
2679,94077.43,triangle,0.9753,20.75,94121.09,0.046412,1,45,46.75
2680,29228.18,sine,0.1100,24.85,29301.76,0.251721,1,8,8.90
2681,68198.82,sine,0.5581,37.76,68266.60,0.099385,1,20,17.32
2682,69682.03,square,0.4352,29.11,69667.97,0.020185,1,13,15.03
2683,18527.10,square,0.4277,37.05,18637.70,0.596924,1,14,14.45
2684,75898.71,square,0.4278,24.20,75961.91,0.083270,1,30,43.91
2685,77839.03,square,0.3023,23.90,77944.34,0.135281,1,48,61.56
2686,17374.69,triangle,0.3061,30.53,17456.05,0.468297,1,36,34.57
2687,45703.09,square,0.8894,37.35,45747.07,0.096231,1,14,19.95
2688,45656.53,sine,0.4838,32.12,45747.07,0.198305,1,14,13.71
2689,56218.71,square,0.2387,32.93,56225.59,0.012229,1,32,41.13
2690,19082.51,triangle,0.4052,34.20,19174.80,0.483660,1,4,4.57
2691,5738.69,square,0.7345,24.54,5834.96,1.677501,1,122,134.93
2692,79733.42,square,0.6288,27.07,79760.74,0.034270,1,64,76.23
2693,48762.70,square,0.5252,33.97,48852.54,0.184246,1,16,19.82
2694,43936.00,sine,0.2925,20.12,43945.31,0.021204,1,1,0.86
2695,30794.81,triangle,0.8147,24.05,30893.55,0.320641,1,28,24.67
2696,95945.36,square,0.9253,34.14,95976.56,0.032526,1,49,67.81
2697,72520.91,sine,0.2980,20.18,72519.53,0.001900,1,45,43.06
2698,71896.64,square,0.8080,26.78,71967.77,0.098943,1,72,107.87
2699,82114.04,sine,0.2560,26.82,82158.20,0.053781,1,3,4.26
2700,41440.25,square,0.7873,21.94,41503.91,0.153606,1,21,31.67
2701,35770.48,triangle,0.1601,38.85,35888.67,0.330403,1,11,13.66
2702,98645.37,sine,0.3621,27.45,98745.12,0.101120,1,40,47.97
2703,77862.75,square,0.6799,35.15,77944.34,0.104788,1,48,71.32
2704,12679.92,triangle,0.7351,31.55,12744.14,0.506468,1,71,68.59
2705,89083.80,triangle,0.2815,28.59,89150.39,0.074753,1,3,2.93
2706,49910.24,sine,0.9592,22.57,49985.35,0.150486,1,8,8.90
2707,70048.67,square,0.1231,38.49,70068.36,0.028115,1,11,16.98
2708,85331.84,square,0.3060,22.43,85415.04,0.097496,1,4,6.57
2709,36975.86,sine,0.5560,39.33,37060.55,0.229045,1,31,29.05
2710,57920.40,triangle,0.6858,29.50,58007.81,0.150926,1,1,0.85
2711,85606.15,square,0.8818,25.83,85654.30,0.056244,1,3,3.64
2712,13752.49,triangle,0.6287,37.78,13842.77,0.656456,1,46,38.56
2713,93844.89,sine,0.5509,27.50,93916.02,0.075787,1,35,34.91
2714,62959.98,triangle,0.3525,31.14,63051.76,0.145770,1,12,13.38
2715,71164.13,sine,0.8327,32.12,71269.53,0.148111,1,5,5.36
2716,95004.21,square,0.1973,30.13,95068.36,0.067527,1,7,11.75
2717,9495.27,triangle,0.1348,35.07,9570.31,0.790353,1,81,66.43
2718,52985.14,square,0.1593,32.44,53012.70,0.052011,1,32,43.86
2719,58936.81,sine,0.9192,26.08,58959.96,0.039277,1,16,16.34
2720,45522.82,square,0.1902,38.64,45615.23,0.203016,1,15,19.50
2721,38079.08,sine,0.4486,32.00,38183.59,0.274467,1,21,23.16
2722,51851.61,triangle,0.1499,25.69,51918.95,0.129853,1,18,20.40
2723,82103.83,sine,0.8699,21.84,82158.20,0.066228,1,3,3.53
2724,83610.97,square,0.6510,23.06,83740.23,0.154605,1,11,15.77
2725,7550.70,sine,0.2151,26.25,7690.43,1.850506,1,46,40.89
2726,51923.94,square,0.8109,33.12,52045.90,0.234876,1,38,50.23
2727,61267.07,square,0.5264,28.29,61352.54,0.139496,1,2,2.68
2728,84374.44,sine,0.1051,33.03,84458.01,0.099048,1,8,7.81
2729,21043.76,triangle,0.8731,21.53,21137.70,0.446399,1,28,28.39
2730,11532.45,square,0.6483,25.50,11655.27,1.065006,1,20,24.54
2731,71962.97,square,0.3923,20.51,72070.31,0.149158,1,1,1.66
2732,75264.88,sine,0.8510,28.41,75375.98,0.147610,1,2,2.14
2733,58130.67,triangle,0.8773,27.43,58173.83,0.074249,1,39,36.95
2734,21680.00,triangle,0.4898,23.84,21772.46,0.426479,1,18,19.94
2735,90538.11,sine,0.1232,20.41,90576.17,0.042041,1,11,12.09
2736,62609.22,square,0.3799,26.40,62690.43,0.129708,1,14,24.81
2737,34609.90,triangle,0.1523,38.58,34658.20,0.139571,1,23,24.14
2738,23029.58,triangle,0.2544,35.43,23144.53,0.499131,1,45,42.24
2739,23117.84,sine,0.8874,37.18,23217.77,0.432270,1,44,38.16
2740,40953.47,triangle,0.6014,37.06,41015.62,0.151773,1,25,24.53
2741,32190.54,square,0.5368,27.08,32285.16,0.293923,1,13,19.48
2742,89254.05,sine,0.2346,31.54,89282.23,0.031567,1,16,16.86
2743,66091.93,sine,0.4516,38.93,66137.70,0.069247,1,46,36.85
2744,25415.12,triangle,0.7661,28.96,25488.28,0.287846,1,13,14.43
2745,93815.07,triangle,0.5121,31.39,93916.02,0.107598,1,35,38.93
2746,69568.73,square,0.8908,27.14,69667.97,0.142647,1,13,18.40
2747,30688.69,sine,0.1340,20.86,30800.78,0.365258,1,29,26.55
2748,87135.46,triangle,0.6945,32.29,87158.20,0.026096,1,11,10.64
2749,85072.70,square,0.8834,27.19,85175.78,0.121174,1,5,7.79
2750,92744.04,triangle,0.3315,31.28,92763.67,0.021165,1,39,42.04
2751,53770.03,sine,0.6321,26.30,53886.72,0.217023,1,5,5.97
2752,6182.53,triangle,0.6773,37.54,6250.00,1.091335,1,105,94.86
2753,67929.54,square,0.5614,33.51,67983.40,0.079279,1,4,6.44
2754,96064.98,sine,0.8875,38.48,96142.58,0.080777,1,3,3.53
2755,67371.14,triangle,0.4581,39.06,67412.11,0.060817,1,7,7.29
2756,70575.50,sine,0.9162,29.69,70668.95,0.132398,1,8,6.57
2757,46572.37,square,0.2344,29.38,46669.92,0.209460,1,7,10.68
2758,83281.59,sine,0.3456,20.05,83330.08,0.058217,1,39,39.29
2759,42155.42,triangle,0.8189,38.90,42236.33,0.191929,1,15,16.79
2760,61241.96,sine,0.9317,35.51,61352.54,0.180566,1,2,2.14
2761,57868.42,triangle,0.9319,34.25,57934.57,0.114312,1,22,20.78
2762,37469.08,triangle,0.1363,27.73,37509.77,0.108595,1,27,29.61
2763,41225.98,sine,0.1208,22.67,41259.77,0.081952,1,23,21.71
2764,65807.53,triangle,0.9894,26.93,65888.67,0.123305,1,15,12.55
2765,60338.54,triangle,0.2503,34.35,60341.80,0.005393,1,27,28.20
2766,75742.89,sine,0.8751,36.26,75805.66,0.082872,1,16,17.73
2767,4306.90,sine,0.1442,26.69,4497.07,4.415537,1,54,52.03
2768,51419.61,square,0.3409,38.23,51464.84,0.087970,1,21,28.22
2769,37458.02,sine,0.3702,30.62,37509.77,0.138153,1,27,25.54
2770,41413.96,sine,0.2182,36.38,41503.91,0.217187,1,21,18.93
2771,99618.38,sine,0.4435,32.36,99638.67,0.020371,1,3,2.41
2772,72125.71,square,0.9144,31.20,72226.56,0.139834,1,17,19.09
2773,45588.62,square,0.9575,35.89,45615.23,0.058385,1,15,20.86
2774,4961.30,sine,0.5235,26.29,5185.55,4.519923,1,7,7.51
2775,70318.57,triangle,0.7582,39.79,70336.91,0.026089,1,26,26.18
2776,27982.22,triangle,0.7900,27.24,28056.64,0.265967,1,23,25.33
2777,73678.33,sine,0.8104,30.65,73696.29,0.024375,1,10,9.57
2778,29936.73,square,0.6775,24.19,29965.82,0.097182,1,38,43.08
2779,4009.34,square,0.6126,37.53,4218.75,5.222947,1,73,73.79
2780,92893.46,square,0.7784,28.79,92905.27,0.012714,1,2,3.15
2781,74862.13,sine,0.4340,32.68,74956.05,0.125459,1,4,3.33
2782,2797.64,triangle,0.8520,27.98,2812.50,0.531212,1,169,135.51
2783,45346.30,triangle,0.7981,25.76,45454.10,0.237731,1,40,42.51
2784,33073.63,triangle,0.6069,23.24,33120.12,0.140543,1,4,4.56
2785,31683.06,triangle,0.7194,39.72,31728.52,0.143467,1,19,16.66
2786,76934.24,triangle,0.2946,35.43,77041.02,0.138788,1,39,37.16
2787,3001.53,triangle,0.5224,26.94,3017.58,0.534514,1,155,131.30
2788,86378.03,triangle,0.1201,32.19,86411.13,0.038322,1,14,14.61
2789,37415.39,square,0.8488,26.20,37509.77,0.252237,1,27,37.02
2790,94361.83,sine,0.6965,33.44,94418.95,0.060526,1,44,44.20
2791,25967.32,sine,0.8513,35.24,26074.22,0.411663,1,5,5.36
2792,33580.49,square,0.1555,24.17,33632.81,0.155806,1,33,40.20
2793,49096.24,sine,0.8590,34.36,49135.74,0.080468,1,14,15.08
2794,94419.73,triangle,0.9464,31.09,94531.25,0.118107,1,9,10.76
2795,60421.64,triangle,0.6779,20.62,60498.05,0.126452,1,7,7.39
2796,72656.47,triangle,0.8160,31.68,72729.49,0.100497,1,30,31.43
2797,67459.05,triangle,0.1816,33.34,67465.82,0.010039,1,24,21.43
2798,29056.37,square,0.6469,23.07,29135.74,0.273160,1,10,10.62
2799,21467.92,square,0.2154,25.30,21582.03,0.531553,1,21,22.76
2800,83689.31,sine,0.5393,38.82,83740.23,0.060850,1,11,8.84
2801,23487.76,square,0.6458,35.11,23583.98,0.409680,1,39,45.85
2802,90263.69,triangle,0.7990,24.57,90317.38,0.059490,1,12,9.97
2803,3456.12,square,0.2274,34.21,3632.81,5.112341,1,113,109.62
2804,66451.93,sine,0.8529,24.97,66459.96,0.012088,1,12,11.81
2805,43790.48,triangle,0.4865,28.83,43823.24,0.074815,1,2,2.51
2806,7497.17,square,0.7884,38.30,7617.19,1.600817,1,49,60.91
2807,41936.22,square,0.7324,38.86,41992.19,0.133467,1,17,24.80
2808,27439.03,square,0.8164,32.19,27558.59,0.435732,1,29,37.12
2809,11948.05,square,0.2681,30.20,12099.61,1.268503,1,7,8.30
2810,53381.22,triangle,0.5162,25.59,53432.62,0.096277,1,8,10.20
2811,23865.67,triangle,0.2539,28.52,23950.20,0.354178,1,34,38.40
2812,19530.14,triangle,0.5269,27.02,19614.26,0.430716,1,52,49.81
2813,36748.86,triangle,0.5984,34.36,36811.52,0.170506,1,2,2.32
2814,89806.81,triangle,0.3957,39.05,89897.46,0.100936,1,38,42.15
2815,3462.71,square,0.9062,25.49,3632.81,4.912339,1,113,122.33
2816,28035.06,sine,0.6511,28.77,28139.65,0.373050,1,22,20.33
2817,72946.75,triangle,0.7068,24.09,72949.22,0.003386,1,29,23.59
2818,93335.51,sine,0.2349,21.80,93457.03,0.130200,1,13,10.34
2819,56774.99,sine,0.2249,26.00,56879.88,0.184751,1,8,7.15
2820,28883.65,square,0.8351,35.23,28969.73,0.298018,1,12,16.87
2821,26985.96,sine,0.9692,20.16,27060.55,0.276388,1,35,30.43
2822,88092.33,sine,0.9526,26.85,88154.30,0.070340,1,7,8.35
2823,44594.83,triangle,0.6289,26.36,44692.38,0.218763,1,22,22.49
2824,55829.26,triangle,0.1381,20.22,55913.09,0.150146,1,14,18.00
2825,46348.63,sine,0.6979,24.28,46406.25,0.124325,1,9,10.05
2826,43852.26,sine,0.5936,22.32,43945.31,0.212196,1,1,1.39
2827,3287.58,sine,0.9588,22.85,3442.38,4.708766,1,126,110.71
2828,71139.35,sine,0.1973,30.18,71269.53,0.182999,1,5,5.80
2829,47022.22,triangle,0.9504,35.59,47065.43,0.091888,1,4,4.17
2830,60608.08,square,0.4206,38.94,60668.95,0.100422,1,6,6.82
2831,60687.97,square,0.3087,20.93,60703.12,0.024968,1,25,33.28
2832,94573.67,sine,0.4983,22.29,94628.91,0.058406,1,21,20.71
2833,83855.51,sine,0.8506,22.81,83979.49,0.147854,1,10,8.97
2834,88769.85,triangle,0.2482,31.32,88901.37,0.148158,1,4,4.12
2835,31952.98,sine,0.8733,28.07,32006.84,0.168563,1,16,13.90
2836,40455.83,sine,0.4448,37.43,40527.34,0.176776,1,29,27.87
2837,36949.74,triangle,0.9517,22.90,37060.55,0.299879,1,31,33.70
2838,18553.81,triangle,0.4535,20.09,18637.70,0.452097,1,14,15.98
2839,28113.31,square,0.8193,22.67,28222.66,0.388948,1,21,28.02
2840,11943.60,triangle,0.7760,31.80,12065.43,1.020083,1,8,7.73
2841,77149.49,square,0.7826,27.44,77197.27,0.061923,1,51,68.73
2842,25165.36,triangle,0.4777,39.63,25268.55,0.410056,1,16,16.74
2843,35599.03,triangle,0.9397,24.84,35683.59,0.237537,1,13,11.48
2844,80023.90,square,0.9258,29.00,80092.77,0.086070,1,12,15.06
2845,74686.07,square,0.3050,23.99,74746.09,0.080371,1,5,7.39
2846,43117.69,triangle,0.6446,33.77,43212.89,0.220797,1,7,8.47
2847,28950.31,square,0.1400,36.35,29052.73,0.353798,1,11,15.30
2848,98999.32,square,0.1099,23.40,99101.56,0.103272,1,17,27.36
2849,65600.16,square,0.8091,25.08,65698.24,0.149514,1,16,21.79
2850,76599.56,triangle,0.3905,30.91,76684.57,0.110981,1,12,12.36
2851,15580.11,square,0.8931,28.42,15688.48,0.695563,1,4,4.38
2852,84117.10,square,0.2727,31.62,84218.75,0.120839,1,9,12.02
2853,51092.35,square,0.2077,28.33,51162.11,0.136537,1,23,33.03
2854,8203.48,sine,0.4743,26.11,8325.20,1.483762,1,20,21.29
2855,92628.89,square,0.7821,30.60,92646.48,0.018996,1,3,4.66
2856,70704.48,sine,0.9477,30.60,70756.84,0.074047,1,24,22.78
2857,83301.08,square,0.1902,33.47,83422.85,0.146179,1,26,37.58
2858,1768.21,square,0.2735,32.55,1860.35,5.211294,1,234,187.27
2859,97962.57,square,0.8357,30.16,97993.16,0.031233,1,32,47.98
2860,50088.16,triangle,0.9010,35.72,50126.95,0.077444,1,7,6.64
2861,30329.32,square,0.3015,28.88,30429.69,0.330927,1,33,42.96
2862,48937.09,triangle,0.9064,28.29,48994.14,0.116572,1,15,15.79
2863,2752.74,triangle,0.2569,32.44,2768.55,0.574505,1,172,135.90
2864,3472.12,square,0.9874,22.01,3647.46,5.049994,1,112,115.04
2865,42945.62,sine,0.9146,37.39,42968.75,0.053854,1,9,8.67
2866,24532.18,sine,0.6644,26.73,24609.38,0.314679,1,25,22.22
2867,67536.35,sine,0.2201,33.73,67602.54,0.097998,1,6,5.52
2868,22024.69,triangle,0.1527,24.31,22089.84,0.295799,1,13,13.03
2869,99857.46,square,0.7327,23.65,99916.99,0.059613,1,2,2.52
2870,61377.00,triangle,0.3830,36.58,61425.78,0.079470,1,21,19.80
2871,60738.34,square,0.6019,31.54,60839.84,0.167116,1,5,7.68
2872,17387.99,square,0.4091,28.02,17509.77,0.700320,1,35,36.76
2873,76349.95,square,0.9463,25.87,76464.84,0.150485,1,13,15.47
2874,42154.65,triangle,0.5914,30.94,42236.33,0.193748,1,15,12.39
2875,6280.68,square,0.3437,39.99,6396.48,1.843882,1,99,96.57
2876,31527.15,triangle,0.7086,26.82,31635.74,0.344434,1,20,22.47
2877,54809.90,triangle,0.8950,23.21,54858.40,0.088478,1,40,51.00
2878,34617.74,square,0.1378,31.96,34658.20,0.116883,1,23,29.14
2879,85627.19,square,0.7660,32.55,85654.30,0.031662,1,3,4.03
2880,38189.22,sine,0.7384,37.09,38295.90,0.279329,1,20,16.76
2881,68899.59,sine,0.2946,21.39,68994.14,0.137223,1,47,46.36
2882,57468.22,triangle,0.1995,36.77,57524.41,0.097776,1,4,3.55
2883,55995.39,triangle,0.9743,21.67,56074.22,0.140779,1,13,10.82
2884,90221.18,sine,0.4537,37.03,90317.38,0.106632,1,12,9.45
2885,90719.17,square,0.6347,34.16,90834.96,0.127637,1,10,12.03
2886,83443.11,sine,0.8291,29.63,83500.98,0.069351,1,12,10.54
2887,45611.72,square,0.5583,38.90,45747.07,0.296747,1,14,16.62
2888,55272.17,triangle,0.2623,34.48,55371.09,0.178969,1,37,41.68
2889,81411.71,triangle,0.6462,31.30,81469.73,0.071258,1,6,5.38
2890,86232.12,triangle,0.2101,36.97,86279.30,0.054712,1,51,49.27
2891,41992.79,sine,0.8828,28.64,42114.26,0.289251,1,16,18.17
2892,81028.10,sine,0.1035,29.91,81108.40,0.099094,1,22,21.92
2893,10922.60,triangle,0.3485,28.87,11040.04,1.075217,1,38,38.64
2894,9616.32,sine,0.8033,23.03,9707.03,0.943274,1,77,71.49
2895,65068.80,triangle,0.7119,36.22,65126.95,0.089377,1,19,17.82
2896,11788.19,sine,0.9051,34.30,11894.53,0.902089,1,13,14.94
2897,64315.83,square,0.4728,20.89,64365.23,0.076817,1,23,29.64
2898,78659.71,triangle,0.5255,38.00,78662.11,0.003047,1,3,3.75
2899,34279.81,sine,0.8855,35.94,34350.59,0.206475,1,26,24.03
2900,51983.00,sine,0.2936,33.12,52070.31,0.167961,1,17,19.17
2901,39119.08,triangle,0.9550,36.11,39194.34,0.192370,1,12,13.90
2902,38377.00,triangle,0.4163,23.34,38408.20,0.081315,1,19,20.87
2903,4305.93,square,0.9132,24.78,4526.37,5.119453,1,52,55.18
2904,21444.80,triangle,0.1225,35.72,21518.55,0.343913,1,22,22.08
2905,32815.63,sine,0.9260,22.79,32934.57,0.362464,1,6,6.19
2906,55626.15,sine,0.1587,21.00,55751.95,0.226160,1,15,15.46
2907,12440.11,sine,0.7845,29.71,12524.41,0.677654,1,76,68.16
2908,34946.32,square,0.9361,38.22,35068.36,0.349228,1,19,22.33
2909,71851.97,triangle,0.3877,27.62,71870.12,0.025254,1,2,2.64
2910,61757.51,square,0.5335,28.01,61787.11,0.047935,1,19,27.28
2911,98631.85,triangle,0.4915,34.55,98745.12,0.114837,1,40,40.36
2912,27686.61,sine,0.4172,28.06,27807.62,0.437069,1,26,22.63
2913,2637.18,triangle,0.4233,31.61,2651.37,0.538146,1,180,156.21
2914,8322.36,sine,0.9007,32.17,8447.27,1.500898,1,15,15.65
2915,95078.12,triangle,0.4347,25.98,95185.55,0.112987,1,19,16.10
2916,85977.25,triangle,0.6667,35.90,86000.98,0.027597,1,52,48.26
2917,78392.84,square,0.6168,36.66,78442.38,0.063198,1,4,4.80
2918,69123.27,sine,0.4030,22.89,69213.87,0.131061,1,46,34.75
2919,24064.25,triangle,0.1332,24.40,24169.92,0.439128,1,31,24.99
2920,31647.37,square,0.5807,24.37,31728.52,0.256419,1,19,19.99
2921,17259.87,sine,0.5523,25.42,17348.63,0.514298,1,38,29.69
2922,94812.65,square,0.1529,34.59,94897.46,0.089454,1,62,82.11
2923,33555.68,square,0.3516,31.41,33632.81,0.229854,1,33,43.16
2924,77443.10,triangle,0.3350,26.70,77563.48,0.155441,1,8,7.64
2925,46962.38,triangle,0.9112,21.80,47065.43,0.219440,1,4,4.06
2926,14061.05,square,0.1960,26.91,14150.39,0.635357,1,39,50.04
2927,15690.15,square,0.9545,39.93,15820.31,0.829565,1,1,1.06
2928,38148.87,square,0.8706,22.35,38183.59,0.091016,1,21,25.58
2929,69266.88,square,0.2855,28.06,69267.58,0.001013,1,15,19.58
2930,8520.07,triangle,0.3275,26.23,8618.16,1.151348,1,8,9.48
2931,12987.05,triangle,0.5441,31.44,13095.70,0.836638,1,63,60.69
2932,57373.84,square,0.2733,34.90,57421.88,0.083730,1,25,37.25
2933,13578.57,sine,0.7391,24.18,13666.99,0.651187,1,50,50.06
2934,31370.50,square,0.5044,34.17,31450.20,0.254038,1,22,31.40
2935,62719.75,square,0.7426,25.85,62841.80,0.194595,1,31,45.97
2936,32911.00,square,0.3767,39.70,33027.34,0.353517,1,5,7.52
2937,81591.14,sine,0.1050,20.86,81699.22,0.132463,1,5,5.51
2938,25162.28,sine,0.5800,37.16,25268.55,0.422351,1,16,18.74
2939,73938.27,sine,0.4594,30.16,74047.85,0.148204,1,24,27.00
2940,81210.38,triangle,0.9187,30.18,81240.23,0.036763,1,7,8.60
2941,69733.20,sine,0.6088,24.97,69765.62,0.046499,1,57,50.83
2942,43739.97,square,0.3313,21.04,43823.24,0.190376,1,2,3.84
2943,2013.15,sine,0.1075,22.21,2094.73,4.052093,1,218,165.41
2944,24709.38,sine,0.9881,26.12,24829.10,0.484508,1,22,21.12
2945,13614.66,square,0.8722,33.56,13710.94,0.707179,1,49,56.38
2946,30312.13,square,0.7434,34.56,30336.91,0.081773,1,34,39.67
2947,66987.31,triangle,0.8831,31.58,67031.25,0.065599,1,9,9.17
2948,43555.78,square,0.8364,20.11,43579.10,0.053543,1,4,5.31
2949,99207.70,sine,0.5232,37.44,99243.16,0.035743,1,90,83.90
2950,23279.00,square,0.2193,27.90,23364.26,0.366246,1,42,55.98
2951,18536.41,square,0.4361,39.86,18637.70,0.546413,1,14,20.22
2952,99486.49,sine,0.7534,21.03,99497.07,0.010635,1,74,69.12
2953,3989.01,sine,0.9689,38.82,4160.16,4.290457,1,77,63.34
2954,20198.85,sine,0.3165,30.31,20312.50,0.562635,1,41,36.11
2955,57400.76,sine,0.7810,26.19,57524.41,0.215425,1,4,4.36
2956,92291.00,square,0.4927,35.80,92387.70,0.104771,1,4,5.16
2957,81973.55,sine,0.4057,38.72,82065.43,0.112087,1,18,17.41
2958,17309.36,sine,0.5086,36.02,17402.34,0.537171,1,37,31.87
2959,77395.14,triangle,0.5799,22.00,77446.29,0.066085,1,50,47.06
2960,59280.21,triangle,0.1840,23.45,59301.76,0.036352,1,14,14.66
2961,2216.78,square,0.8981,33.41,2329.10,5.067095,1,202,173.49
2962,98221.97,sine,0.9127,36.28,98247.07,0.025556,1,8,8.29
2963,32109.91,triangle,0.3591,37.79,32192.38,0.256844,1,14,11.78
2964,88194.11,triangle,0.6071,22.40,88247.07,0.060051,1,20,20.06
2965,53665.20,square,0.8130,35.16,53735.35,0.130718,1,6,9.05
2966,91150.64,sine,0.8282,38.77,91176.76,0.028655,1,98,82.17
2967,79140.74,sine,0.1732,20.42,79174.80,0.043038,1,16,14.98
2968,63245.78,square,0.9882,27.96,63261.72,0.025205,1,45,63.89
2969,33858.72,square,0.8430,38.74,33940.43,0.241319,1,30,32.57
2970,80509.29,square,0.6714,37.13,80551.76,0.052746,1,10,11.80
2971,49570.36,sine,0.2528,20.00,49702.15,0.265863,1,10,8.11
2972,72105.56,sine,0.3195,25.96,72226.56,0.167811,1,17,13.58
2973,56477.61,square,0.7072,21.11,56557.62,0.141669,1,10,11.45
2974,13269.98,square,0.4033,25.92,13359.38,0.673662,1,57,65.20
2975,7635.78,triangle,0.7226,22.43,7739.26,1.355172,1,44,40.60
2976,7439.55,triangle,0.7131,28.35,7519.53,1.075084,1,53,51.67
2977,70471.37,triangle,0.8020,29.56,70546.88,0.107138,1,25,24.02
2978,43558.39,sine,0.9339,32.07,43579.10,0.047542,1,4,3.71
2979,21112.24,triangle,0.9234,39.78,21201.17,0.421235,1,27,27.83
2980,87531.60,triangle,0.3202,36.84,87656.25,0.142406,1,9,10.19
2981,82479.80,sine,0.1886,39.59,82543.95,0.077768,1,16,16.23
2982,30306.43,triangle,0.1037,20.42,30429.69,0.406702,1,33,34.91
2983,47121.26,sine,0.7209,31.31,47197.27,0.161299,1,3,3.41
2984,8671.09,sine,0.4492,23.71,8789.06,1.360481,1,1,1.09
2985,79430.01,square,0.1841,29.69,79433.59,0.004509,1,29,42.68
2986,9992.98,sine,0.3156,37.19,10083.01,0.900911,1,66,62.52
2987,92536.64,triangle,0.4007,25.45,92646.48,0.118703,1,3,3.69
2988,55366.41,triangle,0.9940,22.63,55429.69,0.114282,1,17,19.24
2989,5879.91,triangle,0.8490,36.93,5957.03,1.311642,1,117,111.43
2990,68167.89,triangle,0.5599,38.28,68173.83,0.008709,1,3,4.24
2991,96813.40,triangle,0.3788,23.92,96855.47,0.043452,1,13,13.03
2992,55263.89,square,0.8900,22.00,55371.09,0.193992,1,37,47.94
2993,26516.27,triangle,0.1855,26.42,26562.50,0.174361,1,41,39.50
2994,39328.38,square,0.2423,37.21,39418.95,0.230270,1,10,14.68
2995,45306.68,triangle,0.5211,25.50,45351.56,0.099061,1,17,18.56
2996,15041.05,sine,0.5789,22.14,15161.13,0.798340,1,16,12.88
2997,39781.05,square,0.3481,23.50,39868.16,0.218987,1,6,6.91
2998,77697.44,triangle,0.1904,23.11,77783.20,0.110380,1,7,7.01
2999,96041.25,sine,0.9799,20.09,96142.58,0.105502,1,3,2.97
3000,87493.20,sine,0.9447,26.34,87548.83,0.063583,1,35,36.25
3001,65776.33,sine,0.3181,35.47,65888.67,0.170800,1,15,16.68
3002,53339.90,triangle,0.4859,37.40,53432.62,0.173824,1,8,7.18
3003,45446.59,triangle,0.9639,26.58,45483.40,0.080996,1,16,13.31
3004,88706.44,triangle,0.2896,32.49,88764.65,0.065615,1,18,14.67
3005,8195.55,triangle,0.2571,21.42,8300.78,1.284014,1,21,17.10
3006,40621.69,square,0.8694,39.48,40649.41,0.068248,1,28,34.43
3007,44509.76,sine,0.7742,31.30,44560.55,0.114106,1,23,22.63
3008,45341.24,sine,0.5522,26.77,45351.56,0.022759,1,17,17.47
3009,75944.17,square,0.8892,30.87,76025.39,0.106941,1,15,22.81
3010,24587.98,triangle,0.6015,24.14,24682.62,0.384896,1,24,26.25
3011,62727.27,square,0.8600,29.07,62871.09,0.229279,1,13,20.79
3012,72917.69,sine,0.4564,39.66,72949.22,0.043233,1,29,30.10
3013,81037.57,sine,0.3500,26.60,81108.40,0.087404,1,22,22.69
3014,65386.19,triangle,0.7746,30.20,65507.81,0.186006,1,17,14.44
3015,81271.23,square,0.2115,31.29,81347.66,0.094035,1,21,32.28
3016,95277.84,triangle,0.6208,32.94,95336.91,0.062005,1,6,7.10
3017,93125.64,square,0.3983,39.54,93164.06,0.041258,1,1,1.67
3018,86480.87,sine,0.5174,28.30,86557.62,0.088744,1,50,39.56
3019,15760.47,triangle,0.4639,37.51,15820.31,0.379686,1,1,0.88
3020,19746.27,square,0.1216,35.28,19804.69,0.295858,1,49,58.56
3021,58510.48,square,0.1465,24.22,58618.16,0.184049,1,18,21.74
3022,8358.76,sine,0.6647,31.32,8496.09,1.643036,1,13,12.40
3023,61602.83,square,0.3457,24.89,61699.22,0.156464,1,37,41.48
3024,14568.91,triangle,0.6548,23.73,14677.73,0.746972,1,27,25.49
3025,18543.73,triangle,0.7685,33.19,18637.70,0.506730,1,14,12.38
3026,41279.55,sine,0.9815,35.94,41381.84,0.247797,1,22,22.58
3027,30876.14,triangle,0.7830,25.94,30986.33,0.356861,1,27,26.18
3028,43228.73,sine,0.1999,34.46,43334.96,0.245736,1,6,6.11
3029,27483.67,triangle,0.9960,21.53,27558.59,0.272598,1,29,30.98
3030,47830.48,triangle,0.8101,35.20,47861.33,0.064500,1,23,25.03
3031,35550.50,square,0.6355,39.48,35581.05,0.085951,1,14,20.42
3032,33427.18,triangle,0.3424,39.78,33530.27,0.308413,1,34,37.34
3033,67356.10,square,0.6521,25.45,67412.11,0.083147,1,7,11.02
3034,28143.21,sine,0.2026,26.95,28222.66,0.282286,1,21,20.71
3035,76522.69,square,0.1923,37.04,76562.50,0.052021,1,41,52.68
3036,60535.40,triangle,0.7032,23.50,60556.64,0.035096,1,43,39.25
3037,47904.55,square,0.1254,20.30,48002.93,0.205360,1,22,30.87
3038,13810.90,sine,0.4866,29.75,13930.66,0.867192,1,44,39.35
3039,14664.73,triangle,0.6365,25.89,14765.62,0.687989,1,25,27.64
3040,2352.33,sine,0.4525,23.08,2446.29,3.994366,1,194,143.69
3041,38305.14,square,0.5925,24.62,38408.20,0.269056,1,19,23.82
3042,35038.43,square,0.8748,35.06,35068.36,0.085428,1,19,22.38
3043,55786.60,square,0.4285,37.59,55913.09,0.226727,1,14,23.73
3044,4885.11,triangle,0.6979,33.62,4921.88,0.752510,1,25,27.17
3045,4761.79,square,0.5363,22.12,5009.77,5.207704,1,19,21.73
3046,28514.28,triangle,0.5950,28.27,28637.70,0.432823,1,16,13.77
3047,8195.53,triangle,0.7326,32.28,8300.78,1.284210,1,21,21.59
3048,51516.00,square,0.6339,24.67,51616.21,0.194520,1,20,22.50
3049,94184.65,square,0.3801,28.99,94262.70,0.082867,1,10,12.60
3050,80762.79,sine,0.3636,33.59,80781.25,0.022852,1,9,7.84
3051,32233.43,triangle,0.2174,35.25,32285.16,0.160469,1,13,15.04
3052,7766.82,sine,0.9084,31.63,7885.74,1.531160,1,38,38.03
3053,35830.86,sine,0.6552,30.18,35888.67,0.161339,1,11,11.42
3054,99168.18,triangle,0.6715,28.86,99184.57,0.016528,1,28,31.00
3055,49622.96,triangle,0.1914,26.57,49702.15,0.159588,1,10,10.29
3056,8451.95,sine,0.2763,29.71,8593.75,1.677697,1,9,9.89
3057,78692.66,square,0.4019,21.65,78715.82,0.029434,1,18,23.65
3058,55479.26,sine,0.6534,39.54,55590.82,0.201091,1,16,15.70
3059,12020.12,sine,0.5258,39.37,12133.79,0.945675,1,6,5.70
3060,77409.17,triangle,0.4003,39.84,77519.53,0.142571,1,37,33.17
3061,11180.45,sine,0.8700,38.55,11279.30,0.884116,1,31,28.20
3062,9967.95,sine,0.1299,22.09,10083.01,1.154274,1,66,54.03
3063,21732.56,triangle,0.7011,35.57,21835.94,0.475672,1,17,18.94
3064,77837.80,square,0.8177,31.92,77944.34,0.136868,1,48,65.84
3065,32140.06,square,0.5802,36.47,32192.38,0.162785,1,14,22.22
3066,98190.99,square,0.7871,22.00,98247.07,0.057109,1,8,10.17
3067,77906.31,square,0.1355,27.26,78002.93,0.124026,1,6,7.02
3068,61453.63,sine,0.9316,21.55,61523.44,0.113590,1,1,0.86
3069,93070.67,triangle,0.3967,27.82,93164.06,0.100351,1,1,0.92
3070,74340.13,square,0.7045,27.78,74355.47,0.020637,1,37,41.08
3071,49293.53,triangle,0.2925,28.36,49418.95,0.254416,1,12,9.71
3072,29890.50,triangle,0.7876,25.85,29965.82,0.252002,1,38,29.34
3073,9057.64,sine,0.4847,28.21,9160.16,1.131806,1,93,78.87
3074,98850.60,square,0.3308,37.82,98886.72,0.036541,1,29,41.19
3075,49615.73,square,0.1861,27.66,49702.15,0.174182,1,10,13.67
3076,94478.14,square,0.4101,32.51,94531.25,0.056210,1,9,11.96
3077,91130.70,sine,0.5546,39.17,91142.58,0.013037,1,55,43.08
3078,18067.22,triangle,0.6530,33.59,18154.30,0.481971,1,23,19.59
3079,35770.74,sine,0.7158,24.31,35888.67,0.329678,1,11,9.84
3080,42545.82,sine,0.1075,39.40,42602.54,0.133314,1,12,12.26
3081,43738.59,triangle,0.2263,31.75,43823.24,0.193530,1,2,2.39
3082,20896.43,triangle,0.8053,22.25,21010.74,0.547045,1,30,31.92
3083,91294.38,sine,0.6517,39.71,91352.54,0.063704,1,8,8.36
3084,88357.26,triangle,0.4083,22.11,88403.32,0.052133,1,6,5.19
3085,19646.34,square,0.8139,23.00,19741.21,0.482891,1,50,61.52
3086,66313.42,sine,0.4071,33.24,66347.66,0.051625,1,45,43.84
3087,47232.94,triangle,0.2403,35.80,47329.10,0.203585,1,2,1.75
3088,7359.29,sine,0.6905,37.10,7470.70,1.513917,1,55,53.41
3089,26015.28,sine,0.5834,24.23,26074.22,0.226542,1,5,4.08
3090,81304.47,triangle,0.2308,29.28,81347.66,0.053117,1,21,22.20
3091,77707.95,square,0.6698,21.00,77783.20,0.096842,1,7,11.38
3092,61260.19,sine,0.8475,27.11,61352.54,0.150753,1,2,1.66
3093,28873.83,triangle,0.1451,27.93,28969.73,0.332114,1,12,12.47
3094,37630.35,sine,0.9206,35.02,37734.38,0.276438,1,25,25.97
3095,7328.39,triangle,0.5746,38.02,7421.88,1.275610,1,57,49.20
3096,31981.62,square,0.5507,29.79,32006.84,0.078857,1,16,22.30
3097,46154.43,sine,0.7801,29.03,46274.41,0.259952,1,10,10.96
3098,95893.11,sine,0.7145,38.81,96020.51,0.132853,1,16,16.91
3099,66682.37,triangle,0.8447,27.20,66767.58,0.127776,1,43,44.36
3100,60412.27,sine,0.5820,24.61,60498.05,0.141986,1,7,6.63
3101,74629.94,square,0.4701,25.38,74746.09,0.155633,1,5,5.77
3102,99871.15,sine,0.1392,24.35,99916.99,0.045902,1,2,2.04
3103,97136.17,triangle,0.6894,37.60,97133.79,0.002455,1,12,12.07
3104,22182.21,triangle,0.2285,22.02,22280.27,0.442075,1,10,9.92
3105,12108.94,square,0.8029,27.33,12236.33,1.051997,1,3,3.45
3106,97811.70,square,0.2354,29.32,97822.27,0.010799,1,43,59.54
3107,68224.68,triangle,0.5129,31.87,68266.60,0.061447,1,20,20.99
3108,27467.13,square,0.9874,20.98,27558.59,0.333006,1,29,44.07
3109,88766.54,square,0.3269,39.10,88891.60,0.140892,1,30,41.62
3110,48852.08,sine,0.2633,24.89,48852.54,0.000948,1,16,17.33
3111,83452.06,square,0.9219,24.64,83500.98,0.058622,1,12,17.33
3112,12992.72,sine,0.5571,39.97,13095.70,0.792631,1,63,52.35
3113,69801.56,sine,0.8892,35.63,69868.16,0.095417,1,12,9.78
3114,2526.10,triangle,0.3705,22.99,2534.18,0.319791,1,188,134.62
3115,23406.75,square,0.4824,25.78,23510.74,0.444269,1,40,40.95
3116,18049.61,triangle,0.9911,35.56,18154.30,0.579973,1,23,20.66
3117,30297.76,sine,0.2959,22.73,30336.91,0.129232,1,34,33.06
3118,55581.72,square,0.7350,33.60,55644.53,0.112999,1,53,61.19
3119,29941.00,sine,0.7134,26.99,30058.59,0.392759,1,37,37.81
3120,22049.70,square,0.3449,21.77,22153.32,0.469959,1,12,14.44
3121,83183.75,triangle,0.2978,21.30,83261.72,0.093729,1,13,15.93
3122,74143.92,sine,0.4541,21.28,74267.58,0.166786,1,23,21.84
3123,23400.69,triangle,0.8240,24.14,23510.74,0.470299,1,40,37.65
3124,34255.47,sine,0.1668,39.84,34350.59,0.277664,1,26,23.39
3125,65903.80,square,0.7889,36.80,65927.73,0.036315,1,47,59.35
3126,80864.76,sine,0.2681,33.10,80869.14,0.005415,1,23,21.66
3127,38200.18,triangle,0.6989,39.13,38295.90,0.250583,1,20,19.10
3128,20943.20,triangle,0.3892,39.79,21010.74,0.322494,1,30,29.96
3129,16611.18,square,0.8136,28.65,16704.10,0.559401,1,50,65.97
3130,47340.32,triangle,0.4828,32.08,47460.94,0.254784,1,1,1.27
3131,6399.43,triangle,0.6834,28.08,6469.73,1.098538,1,96,109.51
3132,2600.78,square,0.1114,20.02,2739.26,5.324292,1,174,169.41
3133,61993.76,sine,0.2727,33.07,62080.08,0.139241,1,35,29.33
3134,6316.02,sine,0.2345,31.60,6420.90,1.660489,1,98,77.73
3135,66514.75,triangle,0.3297,21.78,66650.39,0.203925,1,11,11.68
3136,8789.68,square,0.9513,24.35,8886.72,1.103984,1,101,115.17
3137,26417.42,sine,0.6450,33.60,26479.49,0.234972,1,42,40.09
3138,64650.19,triangle,0.5378,22.69,64677.73,0.042606,1,3,2.92
3139,29651.11,square,0.6518,30.62,29799.80,0.501488,1,2,2.92
3140,68613.48,square,0.8932,31.72,68666.99,0.077994,1,18,24.02
3141,78081.53,sine,0.7104,38.04,78193.36,0.143216,1,47,38.59
3142,39187.50,triangle,0.7523,21.19,39306.64,0.304026,1,11,11.60
3143,58569.32,sine,0.9706,36.23,58618.16,0.083391,1,18,18.49
3144,11862.66,sine,0.6350,26.90,11997.07,1.133085,1,10,11.20
3145,4455.68,square,0.4491,22.02,4672.85,4.874037,1,42,47.97
3146,80390.12,triangle,0.7809,36.45,80390.62,0.000630,1,25,21.65
3147,22432.57,sine,0.2877,35.30,22534.18,0.452973,1,6,6.52
3148,94843.79,triangle,0.8933,32.77,94907.23,0.066884,1,20,22.75
3149,39378.33,square,0.1678,20.63,39418.95,0.103141,1,10,15.35
3150,69852.08,square,0.5970,31.15,69868.16,0.023019,1,12,17.36
3151,28460.21,square,0.5237,27.77,28554.69,0.331979,1,17,22.28
3152,82246.86,square,0.6433,37.91,82304.69,0.070306,1,17,26.05
3153,86757.13,triangle,0.3430,20.70,86835.94,0.090838,1,49,49.65
3154,26845.61,sine,0.9184,32.98,26894.53,0.182220,1,37,39.56
3155,9088.69,sine,0.2401,32.61,9194.34,1.162367,1,92,96.71
3156,73805.99,triangle,0.9466,24.03,73906.25,0.135845,1,9,13.22
3157,31667.48,sine,0.4229,38.29,31728.52,0.192752,1,19,23.55
3158,57936.14,triangle,0.5411,20.58,58007.81,0.123702,1,1,1.30
3159,7355.35,square,0.7469,24.31,7470.70,1.568246,1,55,66.59
3160,72469.05,triangle,0.4707,34.93,72509.77,0.056186,1,31,32.87
3161,40998.97,triangle,0.7876,39.84,41015.62,0.040635,1,25,28.19
3162,35194.27,square,0.2491,24.08,35273.44,0.224946,1,17,23.19
3163,69646.11,triangle,0.4551,23.60,69667.97,0.031392,1,13,11.83
3164,29224.85,square,0.3616,24.67,29301.76,0.263157,1,8,8.58
3165,73862.46,sine,0.5853,35.88,73906.25,0.059280,1,9,7.27
3166,27356.60,square,0.7020,33.10,27475.59,0.434943,1,30,33.85
3167,45139.11,square,0.8523,35.17,45219.73,0.178587,1,18,24.16
3168,32804.26,sine,0.1646,21.89,32934.57,0.397229,1,6,6.75
3169,58704.07,sine,0.4032,35.06,58789.06,0.144787,1,17,15.95
3170,30140.47,triangle,0.7709,24.92,30244.14,0.343963,1,35,34.02
3171,73153.40,triangle,0.4577,24.21,73276.37,0.168101,1,12,9.85
3172,52605.81,triangle,0.6757,23.46,52675.78,0.133011,1,13,11.75
3173,68592.94,square,0.6324,34.68,68666.99,0.107965,1,18,22.90
3174,51979.79,triangle,0.7499,32.30,52070.31,0.174154,1,17,18.55
3175,15928.49,triangle,0.9423,22.74,16005.86,0.485737,1,63,61.40
3176,49335.87,sine,0.7791,34.43,49418.95,0.168384,1,12,11.08
3177,14947.63,triangle,0.2629,35.95,15029.30,0.546374,1,19,21.01
3178,46241.06,sine,0.2424,23.35,46274.41,0.072140,1,10,10.38
3179,66527.16,square,0.2099,22.25,66650.39,0.185226,1,11,14.98
3180,8158.75,triangle,0.7407,21.17,8276.37,1.441646,1,22,22.52
3181,56466.74,sine,0.9134,38.14,56557.62,0.160944,1,10,10.15
3182,70125.07,triangle,0.8303,36.57,70126.95,0.002691,1,27,26.64
3183,57401.08,sine,0.2960,26.54,57524.41,0.214869,1,4,3.81
3184,63221.05,sine,0.3328,29.36,63232.42,0.017991,1,11,9.53
3185,24071.96,square,0.9309,34.96,24169.92,0.406955,1,31,39.24
3186,66976.23,square,0.5392,23.73,67031.25,0.082141,1,9,13.31
3187,89576.34,sine,0.1822,35.00,89648.44,0.080493,1,1,1.14
3188,18385.94,square,0.1255,22.74,18476.56,0.492902,1,17,22.34
3189,18147.16,sine,0.6910,36.74,18261.72,0.631280,1,21,22.01
3190,37958.23,triangle,0.2920,26.51,38071.29,0.297864,1,22,24.10
3191,15922.96,square,0.4779,32.27,16005.86,0.520613,1,63,79.36
3192,76405.82,square,0.6649,38.71,76464.84,0.077256,1,13,21.20
3193,30607.37,square,0.7459,32.23,30708.01,0.328814,1,30,37.79
3194,18674.76,square,0.5211,28.39,18798.83,0.664376,1,11,13.02
3195,18649.21,triangle,0.7861,29.63,18745.12,0.514291,1,12,12.18
3196,68326.04,triangle,0.2226,25.01,68364.26,0.055932,1,2,2.49
3197,54727.42,triangle,0.1326,39.68,54785.16,0.105491,1,21,20.79
3198,46035.75,square,0.3635,23.49,46142.58,0.232047,1,11,15.35
3199,79365.82,triangle,0.4723,39.05,79404.30,0.048484,1,15,14.86
3200,82555.96,square,0.7066,28.70,82617.19,0.074160,1,1,1.57
3201,56313.62,sine,0.7266,21.06,56396.48,0.147153,1,11,11.85
3202,81891.41,triangle,0.3134,26.47,81928.71,0.045550,1,4,4.70
3203,48649.73,square,0.3586,31.85,48710.94,0.125818,1,17,25.26
3204,30480.92,sine,0.1023,22.02,30522.46,0.136284,1,32,31.18
3205,79432.82,triangle,0.4843,30.25,79433.59,0.000975,1,29,30.88
3206,15537.97,square,0.2302,32.22,15644.53,0.685820,1,5,5.88
3207,93392.61,sine,0.7881,20.47,93457.03,0.068981,1,13,15.05
3208,38174.23,sine,0.4172,23.47,38295.90,0.318727,1,20,25.29
3209,37957.19,square,0.3705,33.13,38071.29,0.300589,1,22,30.95
3210,91966.35,square,0.2731,25.41,92036.13,0.075875,1,52,81.41
3211,85546.08,square,0.5095,22.99,85654.30,0.126499,1,3,4.74
3212,45523.00,sine,0.9488,37.68,45615.23,0.202603,1,15,16.18
3213,9306.35,square,0.3026,28.22,9399.41,0.999988,1,86,89.49
3214,87807.95,square,0.4008,24.16,87905.27,0.110835,1,8,11.48
3215,80232.16,square,0.5213,24.35,80322.27,0.112305,1,11,16.29
3216,34090.39,triangle,0.5681,28.01,34145.51,0.161678,1,28,25.94
3217,52620.78,triangle,0.4061,23.57,52675.78,0.104520,1,13,10.83
3218,58908.68,square,0.7414,37.64,58959.96,0.087059,1,16,24.44
3219,37746.24,sine,0.9625,28.70,37846.68,0.266097,1,24,25.67
3220,62702.49,square,0.5919,24.11,62778.32,0.120931,1,62,79.40
3221,75759.16,triangle,0.5977,29.77,75805.66,0.061381,1,16,13.95
3222,12279.88,sine,0.4056,26.22,12304.69,0.202016,1,1,0.90
3223,95411.99,triangle,0.6939,30.35,95463.87,0.054373,1,18,16.77
3224,17569.39,triangle,0.4375,22.14,17670.90,0.577783,1,32,34.80
3225,49886.09,triangle,0.8986,20.22,49985.35,0.198975,1,8,9.55
3226,88743.28,sine,0.1351,36.96,88764.65,0.024080,1,18,19.02
3227,86522.81,square,0.6170,36.26,86557.62,0.040230,1,50,67.65
3228,78844.65,triangle,0.5975,39.35,78881.84,0.047169,1,2,1.74
3229,99618.54,sine,0.8646,30.00,99638.67,0.020213,1,3,2.74
3230,39369.07,square,0.1504,30.13,39418.95,0.126693,1,10,14.52
3231,87218.17,sine,0.4838,38.79,87280.27,0.071209,1,36,30.41
3232,43427.82,square,0.4965,30.39,43457.03,0.067264,1,5,5.46
3233,63567.14,triangle,0.5069,36.35,63593.75,0.041856,1,9,7.32
3234,53838.35,square,0.6922,34.35,53886.72,0.089849,1,5,5.74
3235,56246.85,sine,0.2529,25.71,56254.88,0.014284,1,80,63.81
3236,28979.93,triangle,0.1165,35.11,29052.73,0.251206,1,11,9.42
3237,27268.91,sine,0.5751,24.32,27392.58,0.453532,1,31,31.70
3238,88562.66,sine,0.4999,36.99,88652.34,0.101266,1,5,5.37
3239,61968.55,sine,0.4787,34.13,62080.08,0.179983,1,35,35.23
3240,97352.81,triangle,0.4082,39.96,97412.11,0.060908,1,11,10.73
3241,1346.96,sine,0.8415,23.99,,,0,260,172.02
3242,7016.16,sine,0.4835,34.61,7128.91,1.606986,1,69,76.91
3243,62809.22,sine,0.5529,38.52,62871.09,0.098515,1,13,17.03
3244,81685.77,sine,0.9840,34.17,81699.22,0.016464,1,5,6.74
3245,7182.49,sine,0.2516,34.56,7299.80,1.633396,1,62,66.77
3246,19190.15,square,0.1839,38.42,19282.23,0.479792,1,2,2.16
3247,35052.10,triangle,0.9504,20.12,35170.90,0.338917,1,18,18.91
3248,46949.38,sine,0.9178,30.37,47065.43,0.247173,1,4,4.78
3249,8419.46,sine,0.4452,38.80,8569.34,1.780147,1,10,12.13
3250,69598.01,triangle,0.4298,20.86,69667.97,0.100524,1,13,14.38
3251,97457.45,sine,0.9529,27.37,97514.65,0.058695,1,44,43.61
3252,1998.95,triangle,0.9825,39.31,2006.84,0.394499,1,224,155.54
3253,16932.76,sine,0.6090,32.75,17026.37,0.552793,1,44,45.37
3254,74202.37,sine,0.9631,32.77,74326.17,0.166839,1,7,7.38
3255,84857.64,square,0.4728,39.54,84936.52,0.092954,1,6,9.81
3256,58630.02,triangle,0.9580,33.51,58715.82,0.146349,1,36,35.30
3257,55344.93,sine,0.1360,24.02,55429.69,0.153146,1,17,16.74
3258,19414.83,sine,0.3744,27.20,19487.30,0.373271,1,54,49.22
3259,42633.23,sine,0.1381,33.48,42724.61,0.214335,1,11,10.39
3260,54196.15,square,0.6710,36.55,54301.76,0.194867,1,24,36.60
3261,43341.60,square,0.9582,36.79,43457.03,0.266334,1,5,6.97
3262,43174.08,square,0.2594,31.21,43212.89,0.089893,1,7,10.80
3263,98151.50,square,0.9349,28.15,98237.30,0.087420,1,20,26.88
3264,99885.64,square,0.1380,31.74,99965.82,0.080274,1,14,16.72
3265,28182.70,sine,0.8388,25.51,28305.66,0.436322,1,20,17.11
3266,79858.31,sine,0.2749,39.48,79863.28,0.006229,1,13,11.05
3267,36802.89,square,0.6490,31.21,36914.06,0.302082,1,1,1.12
3268,91554.88,triangle,0.4634,37.25,91611.33,0.061656,1,7,6.04
3269,18925.23,square,0.9555,32.51,19013.67,0.467338,1,7,7.96
3270,81879.88,square,0.8554,38.89,81928.71,0.059641,1,4,6.87
3271,28019.25,sine,0.5356,34.04,28139.65,0.429695,1,22,20.37
3272,23491.93,sine,0.4086,39.38,23583.98,0.391838,1,39,35.03
3273,69801.78,square,0.2733,27.12,69868.16,0.095106,1,12,17.11
3274,17814.10,sine,0.9161,39.95,17939.45,0.703652,1,27,24.34
3275,17247.33,sine,0.3968,29.23,17348.63,0.587356,1,38,39.10
3276,21277.30,sine,0.2808,35.49,21391.60,0.537183,1,24,26.42
3277,71545.22,square,0.4485,38.18,71669.92,0.174303,1,3,5.40
3278,96983.72,sine,0.3007,30.51,97084.96,0.104388,1,24,24.07
3279,10033.81,square,0.6236,30.44,10151.37,1.171647,1,64,73.28
3280,33759.95,square,0.9629,24.12,33837.89,0.230868,1,31,46.88
3281,65828.30,sine,0.1598,31.04,65888.67,0.091704,1,15,25.61
3282,11388.98,sine,0.2544,31.30,11518.55,1.137730,1,24,28.04
3283,70630.75,sine,0.7014,23.65,70668.95,0.054071,1,8,9.21
3284,61732.29,square,0.6884,39.90,61787.11,0.088810,1,19,29.10
3285,93843.88,sine,0.8969,21.33,93916.02,0.076868,1,35,44.39
3286,95351.61,sine,0.4438,21.83,95463.87,0.117728,1,18,23.50
3287,12115.00,triangle,0.9499,32.21,12236.33,1.001445,1,3,4.13
3288,71869.15,triangle,0.3365,20.90,71967.77,0.137224,1,72,64.87
3289,1185.40,square,0.3173,21.25,,,0,260,197.97
3290,18773.30,sine,0.9234,22.81,18906.25,0.708181,1,9,10.07
3291,54227.20,square,0.5891,21.98,54340.82,0.209530,1,2,3.07
3292,32561.04,sine,0.4561,23.77,32656.25,0.292411,1,9,9.75
3293,56601.62,triangle,0.5789,28.68,56718.75,0.206936,1,9,11.15
3294,39346.01,triangle,0.2974,34.68,39418.95,0.185372,1,10,11.26
3295,75990.75,square,0.3676,29.41,76025.39,0.045585,1,15,22.03
3296,10228.18,sine,0.2004,23.74,10322.27,0.919880,1,59,44.69
3297,50913.51,triangle,0.3121,38.70,50976.56,0.123852,1,1,0.84
3298,95535.88,triangle,0.8538,27.28,95605.47,0.072837,1,5,5.67
3299,8195.71,square,0.6028,37.00,8349.61,1.877839,1,19,22.51
3300,99603.11,square,0.4107,23.72,99638.67,0.035700,1,3,4.50
3301,1475.18,square,0.6000,36.50,1552.73,5.257093,1,255,177.29
3302,50953.12,triangle,0.6653,36.81,50976.56,0.046008,1,1,0.89
3303,15681.87,triangle,0.7076,23.40,15776.37,0.602578,1,2,2.03
3304,19786.59,triangle,0.1290,29.25,19868.16,0.412258,1,48,45.31
3305,32034.05,square,0.8557,27.21,32099.61,0.204644,1,15,18.66
3306,43263.31,triangle,0.8055,37.94,43334.96,0.165624,1,6,5.82
3307,44437.46,sine,0.4707,34.32,44560.55,0.276989,1,23,22.04
3308,11833.61,sine,0.1420,28.65,11962.89,1.092486,1,11,13.83
3309,82917.13,sine,0.7078,38.65,83022.46,0.127034,1,14,19.32
3310,24455.86,triangle,0.9776,39.25,24536.13,0.328243,1,26,34.04
3311,24257.99,sine,0.2335,34.04,24316.41,0.240812,1,29,31.88
3312,72850.13,triangle,0.4025,23.40,72856.45,0.008671,1,14,16.81
3313,58495.35,square,0.7560,28.83,58618.16,0.209959,1,18,31.45
3314,34525.33,sine,0.2903,25.31,34555.66,0.087861,1,24,26.42
3315,10388.21,square,0.1329,23.73,10493.16,1.010286,1,54,59.71
3316,74930.27,sine,0.7014,34.34,74956.05,0.034406,1,4,3.71
3317,58537.35,triangle,0.1193,34.77,58618.16,0.138057,1,18,20.76
3318,95919.88,triangle,0.2511,26.54,96020.51,0.104911,1,16,14.72
3319,18072.73,square,0.7410,26.34,18154.30,0.451314,1,23,30.00
3320,54411.15,triangle,0.4792,37.08,54492.19,0.148934,1,1,1.22
3321,77383.44,sine,0.6590,24.71,77446.29,0.081213,1,50,44.78
3322,56194.31,triangle,0.8912,28.09,56235.35,0.073038,1,12,9.98
3323,29859.87,sine,0.5793,22.28,29882.81,0.076827,1,1,0.83
3324,55378.23,sine,0.3915,24.40,55429.69,0.092928,1,17,13.78
3325,97150.66,triangle,0.4147,21.86,97207.03,0.058024,1,45,36.57
3326,52163.26,sine,0.5828,36.71,52221.68,0.111996,1,16,13.10
3327,61963.46,square,0.5869,38.55,62080.08,0.188200,1,35,45.59
3328,93258.37,square,0.3752,29.19,93339.84,0.087368,1,37,46.42
3329,19469.23,square,0.5501,22.07,19550.78,0.418855,1,53,69.13
3330,20567.13,square,0.8988,31.33,20629.88,0.305111,1,36,43.59
3331,68471.97,square,0.6143,28.95,68554.69,0.120812,1,1,1.49
3332,66253.86,sine,0.5440,25.92,66269.53,0.023651,1,13,13.79
3333,33292.32,triangle,0.2644,26.22,33398.44,0.318741,1,1,0.87
3334,51479.36,triangle,0.4750,34.88,51562.50,0.161492,1,41,40.19
3335,85781.04,sine,0.4535,27.13,85893.55,0.131170,1,2,2.15
3336,83452.73,sine,0.3776,33.59,83500.98,0.057819,1,12,13.71
3337,56978.91,square,0.5860,23.95,57041.02,0.109004,1,7,11.19
3338,43640.95,square,0.9111,25.22,43701.17,0.138004,1,3,4.71
3339,86915.02,square,0.1183,34.49,86953.12,0.043840,1,25,38.36
3340,4519.64,triangle,0.8854,25.95,4555.66,0.797148,1,50,46.76
3341,26483.71,square,0.4206,27.45,26562.50,0.297497,1,41,52.96
3342,32509.38,square,0.2478,36.92,32563.48,0.166409,1,10,15.98
3343,81427.85,square,0.8675,24.94,81469.73,0.051433,1,6,9.05
3344,2738.98,square,0.5121,31.34,2871.09,4.823461,1,165,162.98
3345,90034.60,triangle,0.6710,35.28,90058.59,0.026648,1,13,14.07
3346,9297.03,sine,0.7599,28.63,9399.41,1.101202,1,86,77.64
3347,45150.56,sine,0.6466,23.70,45219.73,0.153187,1,18,19.59
3348,63064.71,sine,0.1574,26.61,63110.35,0.072370,1,86,74.91
3349,23882.89,triangle,0.1495,23.53,23950.20,0.281798,1,34,30.58
3350,55323.24,square,0.1413,20.15,55429.69,0.192408,1,17,19.14
3351,98818.73,square,0.4289,29.41,98886.72,0.068805,1,29,36.70
3352,27388.46,square,0.6841,37.66,27475.59,0.318105,1,30,31.85
3353,19228.87,triangle,0.2094,24.30,19335.94,0.556794,1,1,0.90
3354,4680.35,sine,0.9256,29.19,4892.58,4.534371,1,27,23.67
3355,8688.92,triangle,0.8911,35.09,8789.06,1.152527,1,1,0.87
3356,93413.81,sine,0.8527,33.80,93457.03,0.046272,1,13,11.15
3357,87106.17,triangle,0.4118,35.49,87158.20,0.059740,1,11,11.50
3358,26983.17,sine,0.1971,38.70,27060.55,0.286745,1,35,35.03
3359,29809.33,square,0.4522,39.20,29882.81,0.246498,1,1,1.78
3360,34169.87,triangle,0.8699,28.71,34248.05,0.228795,1,27,36.38
3361,38439.01,triangle,0.9216,35.10,38520.51,0.212019,1,18,23.88
3362,23485.51,triangle,0.4488,31.52,23583.98,0.419298,1,39,41.59
3363,83312.13,sine,0.8061,31.92,83422.85,0.132904,1,26,32.52
3364,89440.82,sine,0.4786,36.66,89541.02,0.112022,1,15,19.90
3365,2903.94,sine,0.9915,25.61,3032.23,4.417721,1,154,126.00
3366,97578.78,sine,0.4250,35.06,97690.43,0.114424,1,10,10.88
3367,66120.06,square,0.5769,36.87,66264.65,0.218672,1,30,44.63
3368,24259.91,square,0.2399,31.92,24316.41,0.232888,1,29,33.56
3369,25803.90,square,0.5241,20.54,25927.73,0.479913,1,7,9.45
3370,10101.86,triangle,0.4861,37.30,10185.55,0.828474,1,63,53.56
3371,69772.53,sine,0.6550,21.87,69868.16,0.137068,1,12,11.19
3372,78312.38,triangle,0.5781,33.66,78442.38,0.165999,1,4,4.85
3373,24494.10,square,0.8705,23.35,24609.38,0.470616,1,25,29.90
3374,27288.02,square,0.7410,27.52,27392.58,0.383147,1,31,39.88
3375,92845.50,sine,0.4337,34.18,92905.27,0.064384,1,2,2.25
3376,23372.69,square,0.2478,21.12,23437.50,0.277290,1,41,54.20
3377,12980.56,triangle,0.5966,35.93,13051.76,0.548527,1,64,65.19
3378,33932.80,square,0.5455,38.91,34042.97,0.324680,1,29,42.10
3379,75009.89,triangle,0.1417,30.99,75043.95,0.045402,1,34,28.93
3380,47232.15,triangle,0.3316,25.40,47329.10,0.205258,1,2,1.67
3381,41723.28,sine,0.2163,37.15,41748.05,0.059363,1,19,18.02
3382,56269.38,triangle,0.8480,25.64,56396.48,0.225893,1,11,9.62
3383,55226.01,sine,0.9237,28.09,55268.55,0.077043,1,18,16.00
3384,39973.94,sine,0.5146,25.04,40092.77,0.297272,1,4,3.21
3385,38110.38,triangle,0.8508,26.08,38183.59,0.192123,1,21,16.79
3386,47432.43,triangle,0.1474,37.78,47460.94,0.060104,1,1,1.06
3387,22699.25,triangle,0.6243,31.06,22788.09,0.391360,1,2,1.74
3388,86076.66,sine,0.4123,30.77,86132.81,0.065233,1,1,1.29
3389,81317.60,sine,0.8226,27.99,81347.66,0.036966,1,21,21.22
3390,19702.47,triangle,0.1818,30.30,19804.69,0.518796,1,49,44.87
3391,7323.70,square,0.6410,31.12,7446.29,1.673832,1,56,66.26
3392,41060.89,square,0.3041,29.12,41137.70,0.187061,1,24,31.67
3393,95372.23,triangle,0.2307,20.60,95463.87,0.096083,1,18,20.17
3394,93418.91,square,0.5841,35.61,93457.03,0.040810,1,13,19.33
3395,32154.21,square,0.9718,33.44,32192.38,0.118723,1,14,21.12
3396,16220.76,sine,0.2838,35.33,16328.12,0.661910,1,57,55.44
3397,30242.32,sine,0.9498,23.39,30336.91,0.312776,1,34,34.84
3398,1946.26,sine,0.3115,28.44,2021.48,3.865050,1,223,155.53
3399,92118.59,triangle,0.5112,28.22,92128.91,0.011195,1,5,5.86
3400,55945.90,sine,0.1470,38.78,56074.22,0.229363,1,13,12.17
3401,19483.20,sine,0.5252,29.83,19550.78,0.346872,1,53,47.58
3402,2824.99,sine,0.4403,33.67,2944.34,4.224769,1,160,118.62
3403,23613.43,square,0.6016,37.77,23730.47,0.495657,1,37,53.34
3404,33280.98,sine,0.5403,34.93,33398.44,0.352928,1,1,0.93
3405,11876.12,square,0.1160,20.67,11997.07,1.018467,1,10,15.55
3406,48812.38,sine,0.8606,32.04,48852.54,0.082266,1,16,19.33
3407,45939.36,square,0.5475,20.81,46010.74,0.155377,1,12,18.42
3408,89386.54,triangle,0.2633,22.41,89399.41,0.014400,1,2,3.71
3409,15214.17,square,0.6953,36.96,15336.91,0.806782,1,12,19.87
3410,75430.81,square,0.6516,33.77,75502.93,0.095607,1,32,58.62
3411,51760.91,square,0.6806,31.15,51782.23,0.041182,1,58,71.18
3412,64750.29,square,0.7473,32.86,64858.40,0.166965,1,2,2.49
3413,52454.51,triangle,0.5045,24.83,52524.41,0.133273,1,14,14.03
3414,1140.40,square,0.6316,39.44,,,0,260,185.10
3415,36786.36,square,0.2816,21.41,36914.06,0.347160,1,1,1.14
3416,77507.64,sine,0.6480,33.76,77563.48,0.072034,1,8,6.98
3417,47652.43,triangle,0.4994,25.70,47719.73,0.141219,1,24,24.15
3418,89705.54,triangle,0.2476,20.52,89799.80,0.105086,1,14,16.43
3419,9908.57,sine,0.9750,31.17,10014.65,1.070572,1,68,64.22
3420,37952.91,triangle,0.5078,26.30,38071.29,0.311906,1,22,23.99
3421,94180.73,triangle,0.8593,30.25,94262.70,0.087026,1,10,9.85
3422,79154.40,sine,0.6159,39.68,79174.80,0.025776,1,16,16.61
3423,29804.88,triangle,0.5414,20.80,29882.81,0.261460,1,1,2.12
3424,76538.92,sine,0.6683,21.71,76650.39,0.145639,1,27,26.25
3425,94739.87,sine,0.3038,22.58,94799.80,0.063260,1,8,8.02
3426,94654.22,triangle,0.7675,29.99,94716.80,0.066114,1,43,41.49
3427,47998.05,sine,0.6039,24.94,48002.93,0.010165,1,22,19.67
3428,97737.39,triangle,0.4717,23.03,97822.27,0.086843,1,43,42.36
3429,78747.84,sine,0.2704,24.23,78764.65,0.021348,1,78,59.12
3430,56132.17,triangle,0.3829,21.69,56235.35,0.183813,1,12,12.75
3431,46989.31,triangle,0.2995,24.40,47065.43,0.161998,1,4,4.54
3432,94775.48,triangle,0.9914,36.15,94799.80,0.025670,1,8,8.36
3433,19630.23,sine,0.4062,26.36,19741.21,0.565343,1,50,45.21
3434,95696.25,triangle,0.7516,23.72,95742.19,0.048006,1,17,14.45
3435,91043.03,triangle,0.2473,37.42,91093.75,0.055710,1,9,7.73
3436,27952.51,sine,0.6911,33.08,28056.64,0.372541,1,23,23.00
3437,10398.27,sine,0.9935,33.57,10493.16,0.912605,1,54,58.08
3438,73277.44,sine,0.1709,25.54,73388.67,0.151793,1,27,30.63
3439,25640.94,sine,0.2735,31.50,25708.01,0.261565,1,10,13.43
3440,33482.24,triangle,0.2656,29.29,33530.27,0.143447,1,34,40.67
3441,2352.13,square,0.1503,39.55,2475.59,5.248874,1,192,169.37
3442,79268.62,square,0.1779,31.85,79321.29,0.066443,1,76,95.56
3443,76117.61,sine,0.6114,36.28,76245.12,0.167512,1,14,13.92
3444,77056.53,triangle,0.8914,38.75,77124.02,0.087590,1,10,10.91
3445,41146.59,square,0.8116,33.94,41137.70,0.021628,1,24,28.95
3446,99556.50,sine,0.4196,25.62,99638.67,0.082535,1,3,2.63
3447,26969.27,sine,0.7382,21.70,27060.55,0.338451,1,35,35.23
3448,74419.27,triangle,0.3257,25.06,74536.13,0.157027,1,6,5.78
3449,63257.20,triangle,0.8888,37.04,63261.72,0.007147,1,45,50.94
3450,96523.42,square,0.9178,36.17,96577.15,0.055667,1,14,22.15
3451,89572.09,sine,0.9693,29.47,89648.44,0.085230,1,1,1.09
3452,80020.12,sine,0.4563,25.43,80092.77,0.090799,1,12,13.19
3453,29874.22,sine,0.8252,20.18,29882.81,0.028768,1,1,1.17
3454,31938.04,sine,0.6301,25.09,32006.84,0.215404,1,16,15.11
3455,26640.85,square,0.6874,22.43,26728.52,0.329076,1,39,50.33
3456,18375.63,sine,0.9764,27.94,18476.56,0.549253,1,17,15.54
3457,60300.02,sine,0.5414,21.48,60327.15,0.044991,1,8,8.76
3458,4439.47,square,0.4588,22.74,4672.85,5.256911,1,42,45.42
3459,69072.54,triangle,0.4561,32.49,69077.15,0.006670,1,32,37.48
3460,96334.62,triangle,0.5172,34.75,96411.13,0.079426,1,2,2.33
3461,13685.37,square,0.3512,23.22,13754.88,0.507943,1,48,57.71
3462,43201.81,sine,0.7291,29.12,43334.96,0.308208,1,6,5.06
3463,53583.32,sine,0.2258,31.67,53583.98,0.001242,1,7,5.66
3464,98515.97,sine,0.3572,37.39,98525.39,0.009568,1,7,5.63
3465,8154.93,triangle,0.5719,28.17,8251.95,1.189758,1,23,22.83
3466,31658.38,sine,0.3752,37.70,31728.52,0.221552,1,19,17.62
3467,72655.73,triangle,0.8189,25.14,72646.48,0.012722,1,15,14.76
3468,62186.24,square,0.8042,26.19,62270.51,0.135511,1,34,45.04
3469,64674.68,triangle,0.4619,21.33,64746.09,0.110415,1,21,22.26
3470,52089.03,square,0.7050,39.02,52207.03,0.226535,1,37,50.00
3471,49075.22,square,0.6891,22.07,49135.74,0.123318,1,14,20.19
3472,26097.11,triangle,0.7029,20.27,26147.46,0.192926,1,4,4.07
3473,21257.92,triangle,0.7880,36.80,21328.12,0.330245,1,25,25.95
3474,29925.50,triangle,0.5977,33.93,29965.82,0.134724,1,38,39.18
3475,60077.15,sine,0.9668,22.46,60156.25,0.131668,1,9,13.52
3476,26233.31,triangle,0.6567,36.76,26367.19,0.510320,1,1,1.29
3477,52057.88,square,0.9297,20.73,52124.02,0.127052,1,56,82.19
3478,85756.89,sine,0.8639,22.78,85849.61,0.108117,1,63,58.45
3479,58441.68,triangle,0.5262,34.93,58447.27,0.009562,1,19,22.69
3480,80662.49,triangle,0.9328,28.94,80781.25,0.147231,1,9,10.37
3481,18139.42,sine,0.3218,22.86,18261.72,0.674224,1,21,22.46
3482,56236.93,sine,0.1350,20.72,56254.88,0.031932,1,80,68.10
3483,83325.38,square,0.4223,37.88,83422.85,0.116977,1,26,37.77
3484,7949.46,triangle,0.6547,23.67,8056.64,1.348218,1,31,33.99
3485,68227.84,triangle,0.4864,37.23,68266.60,0.056811,1,20,20.23
3486,15922.51,sine,0.1841,24.22,16005.86,0.523479,1,63,54.07
3487,24634.15,triangle,0.1703,28.55,24755.86,0.494058,1,23,25.38
3488,53707.47,triangle,0.9979,35.07,53735.35,0.051914,1,6,6.64
3489,97108.31,triangle,0.9669,34.15,97133.79,0.026240,1,12,13.93
3490,8896.58,square,0.6819,27.01,8989.26,1.041734,1,98,128.66
3491,28065.01,square,0.9402,20.70,28139.65,0.265956,1,22,39.36
3492,77153.89,triangle,0.9676,38.61,77197.27,0.056221,1,51,55.76
3493,76461.02,square,0.2838,30.90,76562.50,0.132716,1,41,60.06
3494,76769.85,triangle,0.8107,23.91,76904.30,0.175133,1,11,11.84
3495,60368.95,sine,0.1083,24.00,60498.05,0.213855,1,7,7.45
3496,12208.84,triangle,0.3327,25.69,12304.69,0.785031,1,1,1.19
3497,96033.72,square,0.1086,25.68,96142.58,0.113353,1,3,4.90
3498,12810.66,sine,0.1697,31.87,12919.92,0.852910,1,67,55.59
3499,19745.42,square,0.8758,28.49,19804.69,0.300135,1,49,61.84
3500,91653.44,square,0.4590,35.01,91738.28,0.092563,1,53,74.80
3501,8244.33,sine,0.6868,29.74,8374.02,1.573064,1,18,16.06
3502,79251.11,triangle,0.4495,31.93,79321.29,0.088553,1,76,67.44
3503,50568.97,triangle,0.8480,38.23,50693.36,0.245987,1,3,2.63
3504,26179.67,triangle,0.3389,24.17,26293.95,0.436509,1,2,1.85
3505,94482.35,sine,0.9688,22.99,94531.25,0.051756,1,9,7.48
3506,82124.37,sine,0.4156,24.34,82158.20,0.041197,1,3,2.74
3507,58965.89,square,0.6917,20.31,59077.15,0.188682,1,34,40.24
3508,7373.11,sine,0.4771,36.30,7495.12,1.654711,1,54,46.64
3509,88929.61,sine,0.6169,35.37,89023.44,0.105504,1,17,14.42
3510,29594.11,square,0.5716,22.70,29716.80,0.414553,1,3,3.31
3511,3572.25,sine,0.6642,21.47,3735.35,4.565879,1,106,87.05
3512,19779.94,square,0.1701,23.83,19868.16,0.446027,1,48,55.90
3513,91215.71,sine,0.6881,27.69,91308.59,0.101830,1,21,22.22
3514,67592.23,square,0.3011,36.94,67602.54,0.015259,1,6,11.07
3515,49702.10,triangle,0.4654,39.69,49799.80,0.196585,1,32,37.67
3516,77278.45,triangle,0.5629,29.47,77343.75,0.084504,1,9,8.99
3517,75789.93,triangle,0.9677,26.49,75805.66,0.020764,1,16,15.70
3518,80071.75,sine,0.5910,23.60,80092.77,0.026252,1,12,12.26
3519,35392.34,triangle,0.2315,32.65,35478.52,0.243490,1,15,16.62
3520,59702.47,sine,0.3934,31.26,59814.45,0.187564,1,11,11.45
3521,19530.68,triangle,0.9749,24.30,19614.26,0.427919,1,52,47.00
3522,19504.28,square,0.7730,25.63,19614.26,0.563842,1,52,61.32
3523,2968.11,square,0.9609,27.83,3120.12,5.121312,1,148,147.03
3524,42593.32,triangle,0.7251,34.38,42602.54,0.021642,1,12,12.00
3525,56707.50,triangle,0.7200,37.90,56718.75,0.019841,1,9,10.35
3526,70238.51,triangle,0.3614,26.07,70268.55,0.042778,1,10,11.28
3527,78515.48,sine,0.6065,24.99,78579.10,0.081030,1,152,124.46
3528,81881.35,sine,0.8465,32.05,81928.71,0.057835,1,4,4.38
3529,19504.04,square,0.3542,26.47,19614.26,0.565082,1,52,62.02
3530,35801.28,sine,0.9874,20.63,35888.67,0.244114,1,11,9.52
3531,66587.19,square,0.6814,27.12,66650.39,0.094913,1,11,15.59
3532,67701.31,triangle,0.7215,22.28,67792.97,0.135381,1,5,6.22
3533,66032.43,sine,0.1259,28.30,66079.10,0.070679,1,14,12.34
3534,43920.77,square,0.7343,26.18,43945.31,0.055885,1,1,1.14
3535,32212.77,sine,0.7181,31.36,32285.16,0.224710,1,13,11.27
3536,35593.09,triangle,0.5836,29.38,35683.59,0.254284,1,13,12.32
3537,51621.13,square,0.6940,25.78,51723.63,0.198568,1,40,50.20
3538,14933.59,sine,0.6755,37.46,15029.30,0.640863,1,19,16.83
3539,41540.13,sine,0.7809,36.65,41625.98,0.206656,1,20,18.75
3540,88177.66,square,0.8747,20.31,88247.07,0.078714,1,20,27.97
3541,11616.34,sine,0.7413,21.39,11723.63,0.923599,1,18,17.34
3542,50140.07,square,0.3796,37.41,50268.55,0.256246,1,6,8.33
3543,17872.89,square,0.7968,20.61,17993.16,0.672958,1,26,34.03
3544,67622.09,triangle,0.9390,37.53,67666.02,0.064958,1,23,23.34
3545,32619.03,square,0.1696,25.16,32656.25,0.114113,1,9,11.05
3546,10328.02,sine,0.8877,26.94,10424.80,0.937152,1,56,48.02
3547,56627.91,square,0.5130,39.39,56718.75,0.160412,1,9,13.14
3548,30319.29,square,0.4781,21.22,30336.91,0.058120,1,34,49.00
3549,49443.75,triangle,0.1889,21.39,49560.55,0.236217,1,11,13.31
3550,16209.52,triangle,0.7516,31.30,16274.41,0.400342,1,58,56.21
3551,47354.41,triangle,0.7900,36.24,47460.94,0.224949,1,1,1.01
3552,81512.97,square,0.5122,37.29,81586.91,0.090717,1,20,26.28
3553,92674.73,sine,0.1464,39.17,92680.66,0.006398,1,28,29.56
3554,28438.90,triangle,0.4499,22.38,28554.69,0.407142,1,17,17.94
3555,8963.88,sine,0.3249,29.77,9057.62,1.045757,1,96,72.97
3556,70448.29,triangle,0.4974,30.36,70468.75,0.029040,1,9,10.82
3557,52659.75,square,0.5660,20.18,52690.43,0.058252,1,34,57.18
3558,1170.76,sine,0.1914,34.10,,,0,260,191.57
3559,21286.69,triangle,0.9357,39.52,21391.60,0.492864,1,24,25.46
3560,93969.05,sine,0.5588,23.51,93994.14,0.026702,1,11,12.60
3561,80814.76,triangle,0.8662,28.67,80869.14,0.067296,1,23,26.41
3562,76108.71,sine,0.1362,35.06,76191.41,0.108649,1,29,30.75
3563,43110.17,triangle,0.1875,37.11,43212.89,0.238270,1,7,7.19
3564,48518.32,triangle,0.8354,38.32,48569.34,0.105141,1,18,17.75
3565,30487.15,triangle,0.2365,21.64,30615.23,0.420122,1,31,29.19
3566,43729.94,triangle,0.5261,36.59,43823.24,0.213369,1,2,1.85
3567,73238.99,sine,0.9540,21.22,73276.37,0.051029,1,12,11.96
3568,89929.69,sine,0.5501,28.45,90058.59,0.143337,1,13,13.36
3569,18011.62,square,0.2736,24.08,18100.59,0.493930,1,24,30.97
3570,19518.63,square,0.8181,31.38,19614.26,0.489948,1,52,69.42
3571,89427.45,square,0.7204,33.35,89541.02,0.126989,1,15,27.41
3572,45496.46,triangle,0.1627,37.20,45615.23,0.261063,1,15,16.81
3573,78003.40,sine,0.7912,20.25,78002.93,0.000606,1,6,4.88
3574,22507.41,sine,0.8022,35.12,22597.66,0.400959,1,5,5.08
3575,81549.97,sine,0.5511,34.10,81586.91,0.045307,1,20,25.87
3576,16384.71,square,0.1757,23.63,16489.26,0.638071,1,54,84.67
3577,48103.88,square,0.2313,23.70,48144.53,0.084497,1,21,33.67
3578,21240.19,sine,0.3039,27.90,21328.12,0.414001,1,25,23.28
3579,65725.18,square,0.7984,34.39,65864.26,0.211612,1,32,43.73
3580,13526.16,sine,0.8901,21.60,13623.05,0.716259,1,51,40.56
3581,15685.58,sine,0.6655,31.65,15820.31,0.858965,1,1,0.95
3582,98703.46,triangle,0.4698,27.43,98803.71,0.101565,1,6,6.32
3583,30388.35,sine,0.2243,22.65,30429.69,0.136026,1,33,35.45
3584,12297.36,sine,0.3760,39.23,12304.69,0.059578,1,1,1.26
3585,58268.85,triangle,0.4352,29.15,58276.37,0.012898,1,20,19.67
3586,33133.29,sine,0.2288,38.90,33212.89,0.240252,1,3,3.31
3587,98694.26,sine,0.2353,28.47,98803.71,0.110902,1,6,5.17
3588,19447.01,square,0.2162,29.13,19550.78,0.533589,1,53,66.62
3589,27897.77,square,0.1849,28.56,27973.63,0.271942,1,24,33.94
3590,98342.50,sine,0.8888,36.86,98437.50,0.096598,1,41,33.34
3591,95253.78,triangle,0.6936,37.13,95336.91,0.087273,1,6,5.19
3592,8488.82,square,0.9903,35.39,8642.58,1.811261,1,7,9.21
3593,96245.46,triangle,0.8874,34.13,96298.83,0.055447,1,15,15.48
3594,76289.70,square,0.9318,36.50,76323.24,0.043969,1,42,57.01
3595,84544.61,triangle,0.3741,20.71,84624.02,0.093929,1,34,35.08
3596,93629.86,square,0.3683,22.98,93725.59,0.102241,1,12,21.45
3597,83122.79,triangle,0.8331,32.90,83173.83,0.061397,1,27,27.95
3598,37235.52,sine,0.1077,36.67,37285.16,0.133294,1,29,26.13
3599,9655.84,square,0.5537,30.53,9775.39,1.238148,1,75,88.08
3600,92744.57,sine,0.7961,21.04,92763.67,0.020594,1,39,36.78
3601,4777.21,square,0.1568,35.78,5024.41,5.174720,1,18,20.18
3602,53426.75,sine,0.1365,32.25,53432.62,0.010989,1,8,8.52
3603,80805.07,square,0.5991,36.00,80869.14,0.079290,1,23,38.89
3604,61440.11,sine,0.6517,32.57,61523.44,0.135622,1,1,0.84
3605,73676.59,square,0.9723,23.95,73696.29,0.026736,1,10,15.14
3606,95157.98,square,0.7048,21.99,95185.55,0.028972,1,19,30.98
3607,38677.02,triangle,0.7362,20.80,38745.12,0.176071,1,16,16.24
3608,55112.83,sine,0.9963,37.95,55200.20,0.158517,1,38,40.08
3609,3086.99,triangle,0.9275,27.07,3105.47,0.598751,1,149,119.43
3610,72230.66,square,0.6897,26.81,72290.04,0.082202,1,32,42.42
3611,32933.36,square,0.2310,36.62,33027.34,0.285362,1,5,5.62
3612,35521.09,square,0.9046,29.93,35581.05,0.168810,1,14,25.56
3613,54881.14,triangle,0.8981,23.39,54946.29,0.118715,1,20,18.16
3614,47848.29,triangle,0.4351,27.43,47861.33,0.027253,1,23,25.82
3615,20307.99,sine,0.7663,35.40,20375.98,0.334763,1,40,35.78
3616,96932.28,triangle,0.3190,20.80,97031.25,0.102099,1,73,72.30
3617,98558.30,square,0.3808,38.12,98588.87,0.031013,1,30,45.10
3618,58924.89,sine,0.9002,39.87,58959.96,0.059518,1,16,13.97
3619,9581.18,triangle,0.4515,30.48,9672.85,0.956814,1,78,65.49
3620,91566.78,triangle,0.3359,24.26,91611.33,0.048649,1,7,6.09
3621,8971.14,square,0.1122,28.24,9057.62,0.963957,1,96,97.35
3622,8265.02,square,0.1359,36.70,8398.44,1.614272,1,17,19.81
3623,21764.16,sine,0.8830,34.93,21835.94,0.329795,1,17,17.73
3624,22684.80,sine,0.7441,27.81,22788.09,0.455319,1,2,2.81
3625,76841.92,square,0.4114,29.02,76904.30,0.081176,1,11,14.60
3626,75107.34,triangle,0.1448,30.48,75166.02,0.078123,1,3,2.70
3627,4250.71,square,0.8968,27.23,4453.12,4.761972,1,57,63.31
3628,93312.59,square,0.9407,35.14,93339.84,0.029205,1,37,52.65
3629,11240.08,sine,0.4548,23.40,11347.66,0.957064,1,29,23.43
3630,49996.25,square,0.9606,28.67,50126.95,0.261428,1,7,10.08
3631,78777.05,triangle,0.8893,24.17,78881.84,0.133011,1,2,2.64
3632,50106.96,square,0.4599,27.22,50126.95,0.039902,1,7,11.01
3633,82809.56,square,0.5713,39.65,82924.80,0.139166,1,28,40.06
3634,6937.95,square,0.7967,23.02,7055.66,1.696699,1,72,82.68
3635,61541.63,sine,0.8807,26.54,61606.45,0.105323,1,20,16.21
3636,33577.22,square,0.2652,25.70,33632.81,0.165569,1,33,42.74
3637,42246.55,square,0.5724,31.99,42358.40,0.264744,1,14,19.80
3638,57100.08,square,0.3770,22.53,57202.15,0.178757,1,6,7.71
3639,76319.95,triangle,0.3313,28.14,76420.90,0.132275,1,28,27.65
3640,50358.35,square,0.6935,20.83,50410.16,0.102870,1,5,6.16
3641,72426.23,sine,0.5215,36.55,72436.52,0.014211,1,16,13.29
3642,45670.32,sine,0.9865,37.79,45747.07,0.168062,1,14,13.06
3643,77360.05,square,0.2655,38.83,77446.29,0.111478,1,50,72.08
3644,53702.76,triangle,0.4079,26.71,53735.35,0.060686,1,6,6.22
3645,98568.51,square,0.2266,24.39,98588.87,0.020655,1,30,47.53
3646,48712.48,sine,0.5163,28.38,48740.23,0.056968,1,39,42.73
3647,78154.29,square,0.9843,23.62,78222.66,0.087476,1,5,9.64
3648,59507.68,sine,0.7605,39.90,59619.14,0.187302,1,31,35.83
3649,82094.73,square,0.5363,36.70,82158.20,0.077323,1,3,5.17
3650,93661.43,triangle,0.4569,39.82,93725.59,0.068493,1,12,15.83
3651,16436.70,sine,0.1801,25.43,16542.97,0.646540,1,53,47.35
3652,77025.82,triangle,0.8010,32.62,77124.02,0.127497,1,10,8.66
3653,51882.68,triangle,0.4518,36.83,51918.95,0.069890,1,18,14.39
3654,68041.82,triangle,0.5823,37.70,68173.83,0.194011,1,3,2.55
3655,25949.46,square,0.7999,29.85,26074.22,0.480781,1,5,7.61
3656,89032.19,square,0.4324,37.77,89150.39,0.132765,1,3,4.45
3657,46972.66,square,0.3995,25.53,47065.43,0.197494,1,4,5.57
3658,65938.92,sine,0.8913,35.58,66064.45,0.190374,1,31,29.64
3659,19884.08,triangle,0.6424,23.69,19995.12,0.558432,1,46,42.99
3660,28047.15,square,0.7293,32.77,28139.65,0.329807,1,22,28.72
3661,53691.25,triangle,0.7821,32.36,53735.35,0.082139,1,6,5.23
3662,78912.02,square,0.8931,32.30,78945.31,0.042192,1,17,26.23
3663,82413.99,square,0.2966,30.85,82426.76,0.015495,1,30,39.71
3664,37740.05,triangle,0.5282,36.72,37846.68,0.282525,1,24,19.62
3665,68129.18,triangle,0.2954,39.68,68173.83,0.065536,1,3,3.52
3666,84325.85,triangle,0.3972,30.71,84418.95,0.110405,1,22,23.68
3667,14573.22,square,0.2313,31.06,14677.73,0.717198,1,27,30.96
3668,65223.47,square,0.5487,37.51,65317.38,0.143992,1,18,24.08
3669,11747.75,triangle,0.2537,20.73,11894.53,1.249430,1,13,15.71
3670,19371.89,triangle,0.4646,37.45,19423.83,0.268133,1,55,56.57
3671,52946.05,sine,0.7450,22.20,52978.52,0.061325,1,11,11.33
3672,79148.58,sine,0.4109,35.23,79174.80,0.033129,1,16,17.82
3673,95468.90,square,0.8465,23.82,95605.47,0.143046,1,5,7.63
3674,80910.80,square,0.2735,26.05,81010.74,0.123525,1,8,10.64
3675,14045.32,square,0.2833,32.88,14150.39,0.748097,1,39,44.96
3676,99456.01,sine,0.5868,31.47,99482.42,0.026561,1,27,23.15
3677,91506.67,square,0.5893,29.43,91611.33,0.114372,1,7,8.48
3678,27621.53,sine,0.4678,21.05,27724.61,0.373199,1,27,21.21
3679,55498.75,sine,0.5802,22.69,55590.82,0.165888,1,16,12.83
3680,93330.37,triangle,0.2710,26.87,93457.03,0.135716,1,13,11.60
3681,61735.78,sine,0.4191,25.02,61787.11,0.083136,1,19,19.20
3682,91636.16,triangle,0.6218,30.41,91738.28,0.111446,1,53,56.81
3683,93141.85,triangle,0.9724,22.51,93164.06,0.023844,1,1,1.75
3684,16895.22,triangle,0.5873,20.37,16972.66,0.458313,1,45,40.91
3685,7135.53,triangle,0.8820,27.15,7226.56,1.275784,1,65,57.83
3686,89214.01,square,0.8253,28.55,89282.23,0.076463,1,16,19.05
3687,12226.43,square,0.5116,31.02,12304.69,0.640032,1,1,1.37
3688,11452.69,triangle,0.3197,23.97,11552.73,0.873557,1,23,23.79
3689,53153.49,square,0.4958,35.44,53281.25,0.240362,1,9,12.85
3690,52148.79,square,0.7514,20.50,52221.68,0.139781,1,16,19.48
3691,57493.77,triangle,0.1156,28.10,57524.41,0.053293,1,4,4.43
3692,92696.52,square,0.5129,39.63,92763.67,0.072445,1,39,49.22
3693,20733.06,sine,0.8735,37.37,20820.31,0.420828,1,33,32.70
3694,47735.71,square,0.8522,34.77,47861.33,0.263163,1,23,30.39
3695,27249.75,sine,0.5317,37.18,27309.57,0.219522,1,32,28.56
3696,89687.63,triangle,0.8916,31.60,89799.80,0.125069,1,14,16.22
3697,45015.95,triangle,0.7658,30.76,45087.89,0.159802,1,19,19.27
3698,9645.41,triangle,0.5100,27.27,9741.21,0.993229,1,76,68.70
3699,63327.17,triangle,0.2896,36.74,63413.09,0.135667,1,10,9.20
3700,29703.77,sine,0.4658,34.61,29799.80,0.323300,1,2,1.69
3701,96580.36,triangle,0.9463,22.81,96679.69,0.102845,1,1,1.09
3702,8046.50,square,0.3613,36.56,8178.71,1.643047,1,26,32.76
3703,67526.80,triangle,0.3293,29.72,67602.54,0.112163,1,6,6.92
3704,50622.81,sine,0.6311,28.87,50693.36,0.139368,1,3,3.28
3705,45225.43,square,0.1152,30.44,45351.56,0.278888,1,17,25.03
3706,34189.54,sine,0.3771,25.57,34248.05,0.171138,1,27,24.11
3707,39951.37,sine,0.5569,33.85,39980.47,0.072843,1,5,5.31
3708,63388.37,triangle,0.5068,30.38,63413.09,0.038989,1,10,12.14
3709,81229.79,square,0.7314,28.69,81240.23,0.012855,1,7,10.08
3710,42355.88,triangle,0.2574,26.77,42480.47,0.294140,1,13,14.06
3711,23193.06,square,0.3073,31.59,23291.02,0.422369,1,43,54.40
3712,80018.91,triangle,0.4281,39.78,80092.77,0.092308,1,12,13.15
3713,59791.58,square,0.8520,34.60,59814.45,0.038251,1,11,13.87
3714,75178.26,sine,0.5215,37.24,75273.44,0.126605,1,33,26.63
3715,50899.76,triangle,0.6291,36.85,50976.56,0.150884,1,1,1.31
3716,29171.52,square,0.2109,33.80,29301.76,0.446445,1,8,9.63
3717,73464.82,sine,0.7082,28.29,73486.33,0.029282,1,11,9.79
3718,13285.59,square,0.2748,28.31,13403.32,0.886145,1,56,54.84
3719,39049.56,triangle,0.7968,32.14,39082.03,0.083144,1,13,10.99
3720,3246.00,triangle,0.7176,20.68,3266.60,0.634757,1,138,108.82
3721,82064.46,sine,0.6213,29.33,82158.20,0.114235,1,3,3.26
3722,42564.04,triangle,0.4936,21.51,42602.54,0.090451,1,12,12.37
3723,94717.23,triangle,0.7160,29.36,94799.80,0.087176,1,8,6.49
3724,10193.09,triangle,0.1679,21.37,10288.09,0.931986,1,60,54.49
3725,54201.00,sine,0.1070,28.46,54301.76,0.185896,1,24,26.68
3726,14584.51,sine,0.1692,24.10,14677.73,0.639229,1,27,31.81
3727,71832.93,triangle,0.5073,30.13,71870.12,0.051764,1,2,3.09
3728,4232.85,sine,0.3318,30.88,4423.83,4.511848,1,59,55.16
3729,74215.56,square,0.4529,22.37,74326.17,0.149036,1,7,9.76
3730,78296.55,square,0.7624,30.26,78359.38,0.080239,1,89,108.08
3731,74127.54,triangle,0.9289,30.70,74125.98,0.002114,1,38,33.34
3732,51639.33,sine,0.9422,29.16,51767.58,0.248357,1,19,15.48
3733,13631.53,square,0.2143,30.05,13710.94,0.582508,1,49,58.47
3734,56566.28,square,0.1645,38.87,56655.27,0.157333,1,78,98.40
3735,77561.96,triangle,0.4302,35.22,77563.48,0.001958,1,8,6.85
3736,49051.92,sine,0.2120,26.90,49135.74,0.170892,1,14,12.37
3737,14617.66,triangle,0.1443,28.82,14721.68,0.711610,1,26,29.49
3738,45757.26,sine,0.6142,23.00,45878.91,0.265854,1,13,12.64
3739,78607.33,sine,0.6322,34.31,78662.11,0.069693,1,3,2.46
3740,89015.17,triangle,0.6475,27.77,89150.39,0.151908,1,3,3.71
3741,50817.26,triangle,0.8898,22.08,50834.96,0.034828,1,2,2.97
3742,39100.77,triangle,0.4885,26.64,39194.34,0.239294,1,12,10.98
3743,41720.95,square,0.9998,29.86,41748.05,0.064955,1,19,25.73
3744,21640.95,sine,0.1381,31.18,21708.98,0.314364,1,19,18.43
3745,54912.64,sine,0.7258,34.82,54946.29,0.061283,1,20,19.38
3746,26650.72,square,0.9914,27.49,26728.52,0.291899,1,39,52.15
3747,76319.37,square,0.8140,35.38,76420.90,0.133037,1,28,42.26
3748,67107.85,triangle,0.9453,31.60,67221.68,0.169627,1,8,9.95
3749,24509.42,square,0.7825,33.02,24609.38,0.407815,1,25,30.66
3750,18602.04,sine,0.7147,25.02,18691.41,0.480435,1,13,14.21
3751,50467.35,triangle,0.6064,21.67,50551.76,0.167244,1,4,4.91
3752,19372.44,sine,0.3321,31.31,19487.30,0.592910,1,54,54.57
3753,50892.61,sine,0.1608,23.43,50976.56,0.164956,1,1,1.24
3754,98453.75,square,0.8806,36.98,98525.39,0.072766,1,19,26.76
3755,51640.44,triangle,0.2735,33.77,51767.58,0.246206,1,19,18.86
3756,27966.07,triangle,0.1754,35.46,28056.64,0.323847,1,23,24.55
3757,10893.75,triangle,0.3738,33.09,11005.86,1.029082,1,39,41.60
3758,49262.73,square,0.6809,38.95,49277.34,0.029674,1,13,19.33
3759,5085.70,triangle,0.6482,36.15,5126.95,0.811060,1,11,10.31
3760,39003.62,square,0.8820,28.30,39082.03,0.201035,1,13,15.03
3761,53931.30,sine,0.2427,32.83,54038.09,0.198009,1,4,3.96
3762,71980.71,square,0.2290,28.91,72070.31,0.124477,1,1,1.53
3763,36154.38,square,0.8833,35.52,36196.29,0.115912,1,8,12.18
3764,9314.96,triangle,0.5246,34.88,9399.41,0.906643,1,86,77.10
3765,14863.88,triangle,0.3127,28.77,14985.35,0.817200,1,20,23.94
3766,2669.42,sine,0.1829,24.79,2783.20,4.262305,1,171,130.01
3767,10901.79,triangle,0.1261,32.35,11005.86,0.954600,1,39,38.68
3768,14930.08,triangle,0.9398,24.51,15029.30,0.664576,1,19,21.03
3769,61827.71,sine,0.9386,30.46,61889.65,0.100181,1,36,35.29
3770,5279.09,square,0.1692,27.86,5371.09,1.742757,1,141,149.33
3771,67322.71,square,0.4453,22.38,67412.11,0.132795,1,7,9.04
3772,25248.97,sine,0.8267,22.70,25341.80,0.367664,1,15,15.28
3773,59941.96,square,0.3034,32.79,59985.35,0.072384,1,10,15.05
3774,46243.23,square,0.6336,29.83,46274.41,0.067438,1,10,12.91
3775,31044.94,square,0.7025,20.53,31079.10,0.110050,1,26,26.83
3776,47121.30,sine,0.2678,31.21,47197.27,0.161210,1,3,2.68
3777,86752.70,triangle,0.1629,28.38,86835.94,0.095945,1,49,54.07
3778,58717.64,sine,0.7889,34.88,58789.06,0.121634,1,17,16.94
3779,90430.76,sine,0.2950,36.54,90502.93,0.079806,1,24,25.94
3780,67387.43,triangle,0.1515,31.94,67412.11,0.036630,1,7,7.87
3781,57335.61,sine,0.5622,32.19,57363.28,0.048260,1,5,5.89
3782,19938.02,sine,0.6763,29.37,19995.12,0.286352,1,46,42.86
3783,85943.35,square,0.3400,39.70,86000.98,0.067049,1,52,72.22
3784,91202.44,sine,0.7937,22.21,91308.59,0.116392,1,21,19.78
3785,3721.03,sine,0.3424,36.39,3881.84,4.321423,1,96,82.52
3786,71356.06,triangle,0.7404,28.37,71469.73,0.159299,1,4,3.49
3787,70193.84,triangle,0.7391,35.23,70268.55,0.106443,1,10,8.30
3788,93898.14,sine,0.7343,37.02,93994.14,0.102243,1,11,8.91
3789,95483.48,sine,0.5535,33.61,95605.47,0.127758,1,5,4.42
3790,25499.31,square,0.3318,26.67,25561.52,0.244000,1,12,12.68
3791,44710.35,square,0.5044,29.86,44824.22,0.254679,1,21,23.02
3792,30560.29,sine,0.1426,23.92,30615.23,0.179800,1,31,28.27
3793,58612.42,triangle,0.2523,22.17,58715.82,0.176413,1,36,36.28
3794,75179.75,sine,0.9563,34.29,75273.44,0.124624,1,33,29.59
3795,33348.85,sine,0.5713,21.58,33398.44,0.148697,1,1,0.89
3796,12649.97,sine,0.7973,30.28,12744.14,0.744396,1,71,72.15
3797,2046.15,triangle,0.4813,30.22,2050.78,0.226577,1,221,152.06
3798,22197.51,square,0.9812,21.47,22280.27,0.372859,1,10,12.17
3799,29107.82,sine,0.3237,27.57,29218.75,0.381091,1,9,7.11
3800,81992.87,triangle,0.2820,30.86,82065.43,0.088497,1,18,15.97
3801,64053.00,square,0.4907,23.84,64135.74,0.129180,1,6,8.42
3802,49333.72,square,0.8160,35.27,49418.95,0.172760,1,12,14.30
3803,14265.87,sine,0.9173,30.71,14370.12,0.730749,1,34,35.47
3804,85922.29,sine,0.5739,30.79,85937.50,0.017699,1,41,38.34
3805,86209.50,sine,0.3164,28.13,86279.30,0.080961,1,51,41.06
3806,86718.31,triangle,0.9935,39.18,86743.16,0.028665,1,38,29.76
3807,1588.23,sine,0.2328,26.98,1655.27,4.221016,1,248,156.08
3808,83161.89,triangle,0.2682,32.39,83261.72,0.120047,1,13,15.62
3809,91818.84,square,0.1932,29.16,91870.12,0.055850,1,6,9.46
3810,38203.70,square,0.4948,20.35,38295.90,0.241346,1,20,28.14
3811,99405.78,square,0.5263,39.09,99482.42,0.077104,1,27,41.84
3812,16430.18,sine,0.8272,25.22,16542.97,0.686495,1,53,48.94
3813,80123.48,sine,0.1299,30.34,80151.37,0.034801,1,26,26.44
3814,20471.96,triangle,0.6771,38.47,20566.41,0.461359,1,37,37.30
3815,78515.85,sine,0.8201,32.83,78515.62,0.000283,1,121,104.78
3816,67226.21,triangle,0.6164,29.32,67265.62,0.058627,1,25,25.06
3817,64027.46,sine,0.2643,32.33,64135.74,0.169114,1,6,5.20
3818,24150.99,sine,0.1005,32.17,24243.16,0.381664,1,30,25.29
3819,36852.73,triangle,0.4377,29.72,36914.06,0.166427,1,1,1.22
3820,41301.41,square,0.4205,39.28,41381.84,0.194724,1,22,28.58
3821,93678.55,triangle,0.9283,28.98,93725.59,0.050208,1,12,12.27
3822,54106.61,triangle,0.7265,37.81,54189.45,0.153112,1,3,3.17
3823,71916.77,triangle,0.4137,36.66,72016.60,0.138813,1,18,26.42
3824,70065.85,triangle,0.3933,35.71,70068.36,0.003585,1,11,13.43
3825,90137.23,sine,0.6629,27.84,90234.38,0.107779,1,25,26.24
3826,98965.26,square,0.3055,27.64,99052.73,0.088385,1,39,55.56
3827,65730.00,sine,0.6432,38.62,65795.90,0.100255,1,86,78.38
3828,85185.92,sine,0.9941,33.97,85273.44,0.102742,1,65,60.93
3829,17065.80,sine,0.2542,36.76,17133.79,0.398384,1,42,35.38
3830,3142.29,sine,0.7816,31.72,3281.25,4.422147,1,137,104.91
3831,78490.84,triangle,0.1455,37.85,78515.62,0.031583,1,121,110.56
3832,23476.15,square,0.6799,23.37,23583.98,0.459329,1,39,48.29
3833,97646.89,square,0.1519,38.75,97690.43,0.044584,1,10,16.37
3834,59040.52,triangle,0.5727,36.69,59130.86,0.153018,1,15,15.62
3835,4280.21,sine,0.5227,21.53,4467.77,4.382041,1,56,41.53
3836,70884.76,square,0.3454,20.07,70869.14,0.022035,1,7,8.49
3837,72263.20,triangle,0.4555,31.28,72290.04,0.037140,1,32,29.83
3838,23540.98,square,0.1109,29.77,23657.23,0.493822,1,38,39.17
3839,64776.34,triangle,0.4432,35.30,64858.40,0.126675,1,2,1.71
3840,60171.02,triangle,0.4585,26.38,60175.78,0.007920,1,45,43.85
3841,88827.06,sine,0.2227,21.65,88901.37,0.083656,1,4,3.85
3842,84467.89,sine,0.8755,29.03,84477.54,0.011428,1,124,106.68
3843,1398.50,square,0.2681,32.49,,,0,260,189.48
3844,68256.52,square,0.1365,33.12,68364.26,0.157842,1,2,3.29
3845,84361.84,triangle,0.8470,24.01,84458.01,0.113995,1,8,9.58
3846,88999.91,sine,0.1121,36.87,89023.44,0.026440,1,17,17.06
3847,94240.31,square,0.3083,25.03,94262.70,0.023758,1,10,16.56
3848,47192.69,triangle,0.2346,36.52,47329.10,0.289043,1,2,2.31
3849,29838.98,triangle,0.9282,28.55,29882.81,0.146903,1,1,1.83
3850,37140.01,triangle,0.5765,33.69,37172.85,0.088414,1,30,28.22
3851,62660.09,sine,0.8603,23.92,62690.43,0.048412,1,14,14.09
3852,93295.93,sine,0.7605,25.69,93339.84,0.047067,1,37,39.94
3853,32460.76,sine,0.7731,31.14,32563.48,0.316447,1,10,10.09
3854,88412.29,sine,0.7228,35.06,88505.86,0.105829,1,19,17.26
3855,15996.73,square,0.5345,27.11,16113.28,0.728599,1,61,76.37
3856,32889.15,triangle,0.2943,34.19,32934.57,0.138110,1,6,5.13
3857,93569.38,square,0.6503,21.38,93627.93,0.062578,1,36,50.51
3858,86583.21,sine,0.6535,39.58,86660.16,0.088866,1,13,13.67
3859,59954.76,triangle,0.5008,21.21,59985.35,0.051029,1,10,12.00
3860,79962.34,sine,0.7306,20.46,80029.30,0.083741,1,63,61.20
3861,86368.22,sine,0.5628,31.94,86411.13,0.049688,1,14,14.74
3862,46297.00,square,0.5210,26.23,46406.25,0.235987,1,9,12.47
3863,44374.11,square,0.6096,24.76,44428.71,0.123042,1,24,28.81
3864,98877.00,square,0.2747,29.54,98886.72,0.009830,1,29,41.63
3865,86775.10,sine,0.7116,30.96,86835.94,0.070112,1,49,43.28
3866,17786.24,triangle,0.4320,25.88,17885.74,0.559425,1,28,23.82
3867,82984.39,square,0.9084,32.60,83022.46,0.045872,1,14,18.76
3868,74340.95,triangle,0.1493,35.52,74355.47,0.019532,1,37,36.62
3869,61756.94,sine,0.5577,21.65,61787.11,0.048849,1,19,18.66
3870,73858.77,square,0.9582,23.66,73906.25,0.064281,1,9,13.38
3871,60997.31,sine,0.6527,34.45,61010.74,0.022018,1,4,4.60
3872,72508.13,triangle,0.8682,21.55,72509.77,0.002258,1,31,33.23
3873,34983.45,triangle,0.5487,23.81,35068.36,0.242717,1,19,20.50
3874,55718.25,square,0.4510,36.20,55751.95,0.060493,1,15,26.27
3875,41352.24,sine,0.1523,37.12,41381.84,0.071582,1,22,22.01
3876,96099.48,triangle,0.4279,38.77,96142.58,0.044847,1,3,2.47
3877,66617.51,triangle,0.7893,27.58,66650.39,0.049364,1,11,9.68
3878,48391.52,sine,0.3628,35.56,48427.73,0.074841,1,19,18.87
3879,89503.86,triangle,0.5187,21.73,89541.02,0.041512,1,15,16.58
3880,6637.85,square,0.5174,32.18,6762.70,1.880857,1,84,81.83
3881,1642.46,triangle,0.4275,36.96,1655.27,0.779976,1,248,163.62
3882,53961.70,sine,0.8178,34.20,54038.09,0.141549,1,4,4.85
3883,53216.17,square,0.1787,33.12,53281.25,0.122289,1,9,12.42
3884,91213.27,sine,0.3372,38.05,91308.59,0.104506,1,21,22.42
3885,29150.05,square,0.5813,31.93,29218.75,0.235687,1,9,13.80
3886,42163.10,sine,0.1437,34.89,42236.33,0.173675,1,15,20.29
3887,74863.25,triangle,0.6793,24.87,74956.05,0.123962,1,4,5.33
3888,3212.15,triangle,0.5420,26.14,3237.30,0.783159,1,140,121.81
3889,11091.26,sine,0.4140,36.09,11210.94,1.079036,1,33,34.54
3890,91953.65,triangle,0.9280,38.15,92036.13,0.089699,1,52,48.97
3891,53195.25,sine,0.8182,24.27,53281.25,0.161668,1,9,9.54
3892,27453.52,sine,0.5635,26.44,27558.59,0.382732,1,29,26.22
3893,16261.45,square,0.8865,31.41,16328.12,0.410025,1,57,70.13
3894,87955.22,sine,0.2503,31.51,87988.28,0.037583,1,21,18.76
3895,46869.56,square,0.8152,35.03,46933.59,0.136619,1,5,7.18
3896,94283.86,square,0.2857,31.02,94350.59,0.070775,1,22,28.96
3897,11963.57,sine,0.2871,27.93,12099.61,1.137123,1,7,5.76
3898,12010.44,sine,0.6911,32.20,12133.79,1.027008,1,6,5.43
3899,71127.53,square,0.2029,25.82,71269.53,0.199637,1,5,7.76
3900,13823.13,triangle,0.7722,24.03,13930.66,0.777897,1,44,36.95
3901,34789.61,triangle,0.6347,36.02,34863.28,0.211748,1,21,17.78
3902,27194.51,sine,0.8055,33.72,27309.57,0.423092,1,32,26.49
3903,68416.81,square,0.6072,34.71,68554.69,0.201518,1,1,1.19
3904,27730.25,square,0.8845,26.18,27807.62,0.279015,1,26,28.62
3905,55084.65,triangle,0.9999,28.71,55107.42,0.041344,1,19,16.34
3906,43381.19,triangle,0.8250,34.62,43457.03,0.174814,1,5,5.23
3907,46859.73,sine,0.6479,37.52,46933.59,0.157619,1,5,4.10
3908,88493.97,sine,0.4855,29.29,88505.86,0.013437,1,19,16.85
3909,97783.92,triangle,0.4665,20.52,97822.27,0.039213,1,43,43.55
3910,56973.13,sine,0.8510,35.05,57041.02,0.119152,1,7,8.72
3911,46590.41,square,0.9076,25.77,46669.92,0.170668,1,7,13.45
3912,25652.98,triangle,0.8283,36.41,25781.25,0.500035,1,9,9.28
3913,20324.19,sine,0.1234,24.74,20439.45,0.567135,1,39,34.99
3914,77644.86,sine,0.7562,25.04,77758.79,0.146733,1,36,34.80
3915,40133.96,triangle,0.3203,27.53,40205.08,0.177209,1,3,3.39
3916,30807.63,sine,0.5409,27.57,30893.55,0.278904,1,28,24.90
3917,69793.82,triangle,0.5898,20.64,69868.16,0.106517,1,12,12.32
3918,62273.31,sine,0.6547,33.70,62329.10,0.089586,1,16,15.27
3919,20579.00,triangle,0.9200,36.26,20693.36,0.555733,1,35,29.00
3920,31205.81,square,0.9233,26.41,31264.65,0.188550,1,24,27.25
3921,82182.75,sine,0.1033,35.19,82304.69,0.148368,1,17,15.91
3922,76383.31,triangle,0.9370,22.36,76464.84,0.106742,1,13,10.96
3923,23966.51,triangle,0.2595,33.64,24023.44,0.237515,1,33,30.07
3924,53515.84,sine,0.3567,30.41,53583.98,0.127341,1,7,6.09
3925,85382.66,triangle,0.6597,29.92,85415.04,0.037920,1,4,3.32
3926,30569.71,sine,0.4682,20.57,30615.23,0.148905,1,31,31.82
3927,21894.53,square,0.4767,20.89,21962.89,0.312213,1,15,20.11
3928,59316.96,square,0.1703,38.86,59438.48,0.204868,1,32,49.74
3929,10838.90,triangle,0.1003,37.65,10937.50,0.909732,1,41,40.03
3930,2952.25,triangle,0.4255,34.76,2973.63,0.724170,1,158,133.76
3931,40772.78,sine,0.7908,21.43,40893.55,0.296225,1,26,28.06
3932,92289.92,sine,0.5314,34.46,92387.70,0.105940,1,4,3.56
3933,39931.40,sine,0.7832,35.69,39980.47,0.122883,1,5,4.46
3934,92346.80,square,0.5556,27.26,92387.70,0.044281,1,4,5.43
3935,26451.10,triangle,0.4057,28.56,26562.50,0.421153,1,41,37.34
3936,40963.69,triangle,0.9260,33.34,41015.62,0.126778,1,25,21.77
3937,47686.68,triangle,0.6769,21.21,47719.73,0.069306,1,24,20.06
3938,10470.70,sine,0.5111,36.52,10561.52,0.867453,1,52,43.30
3939,31995.23,square,0.9185,36.74,32099.61,0.326222,1,15,20.86
3940,66839.76,sine,0.2053,20.32,66865.23,0.038108,1,27,25.67
3941,11594.06,sine,0.5966,21.28,11723.63,1.117609,1,18,15.82
3942,14486.55,sine,0.6688,32.32,14589.84,0.713032,1,29,24.76
3943,55525.81,sine,0.4340,21.93,55590.82,0.117087,1,16,14.54
3944,23419.60,triangle,0.9817,32.95,23510.74,0.389172,1,40,31.89
3945,91765.51,square,0.1299,39.94,91870.12,0.113998,1,6,8.02
3946,10796.28,triangle,0.3276,27.84,10903.32,0.991475,1,42,39.18
3947,64947.48,square,0.3255,26.69,65039.06,0.141003,1,1,1.15
3948,34813.26,triangle,0.8188,29.17,34863.28,0.143674,1,21,22.79
3949,20782.27,triangle,0.2415,24.21,20883.79,0.488483,1,32,31.35
3950,37235.33,triangle,0.2186,22.44,37285.16,0.133826,1,29,34.54
3951,49903.52,sine,0.6119,29.03,49985.35,0.163972,1,8,6.50
3952,44060.95,sine,0.2269,36.42,44165.04,0.236235,1,26,26.38
3953,88702.39,sine,0.2021,21.07,88764.65,0.070187,1,18,14.77
3954,61221.46,triangle,0.4355,33.59,61352.54,0.214100,1,2,1.67
3955,71582.92,triangle,0.1584,23.85,71669.92,0.121536,1,3,3.01
3956,7784.07,triangle,0.8133,31.49,7885.74,1.306121,1,38,36.80
3957,9282.68,sine,0.3679,31.21,9365.23,0.889364,1,87,74.00
3958,26546.35,sine,0.7577,25.98,26645.51,0.373544,1,40,33.50
3959,45785.04,sine,0.8223,31.31,45878.91,0.205007,1,13,12.15
3960,90256.98,square,0.9473,37.84,90317.38,0.066926,1,12,23.26
3961,58069.53,triangle,0.3908,27.31,58105.47,0.061896,1,21,21.75
3962,5502.32,square,0.7497,35.47,5590.82,1.608470,1,132,123.06
3963,15831.81,square,0.2592,33.24,15898.44,0.420831,1,65,65.83
3964,16636.69,triangle,0.3076,25.83,16704.10,0.405193,1,50,42.39
3965,85239.73,square,0.1216,29.89,85273.44,0.039549,1,65,76.33
3966,9369.79,triangle,0.6293,25.13,9467.77,1.045736,1,84,72.46
3967,56808.05,sine,0.8199,38.51,56879.88,0.126448,1,8,6.39
3968,87569.99,square,0.3932,20.70,87656.25,0.098499,1,9,10.57
3969,65488.64,square,0.5134,38.15,65507.81,0.029283,1,17,19.51
3970,17620.01,sine,0.1660,24.47,17724.61,0.593633,1,31,29.00
3971,4295.27,square,0.3827,23.61,4511.72,5.039250,1,53,57.05
3972,75258.32,sine,0.7188,26.99,75375.98,0.156332,1,2,1.68
3973,51670.95,triangle,0.1336,30.01,51767.58,0.187010,1,19,19.69
3974,85587.87,square,0.3492,27.95,85654.30,0.077609,1,3,5.28
3975,68346.30,triangle,0.1370,21.43,68364.26,0.026279,1,2,1.95
3976,33180.10,sine,0.3384,24.43,33305.66,0.378429,1,2,1.79
3977,20386.68,sine,0.9406,22.88,20502.93,0.570225,1,38,34.38
3978,21235.97,sine,0.9397,35.11,21328.12,0.433940,1,25,22.53
3979,79180.24,sine,0.8527,28.16,79194.34,0.017798,1,30,29.31
3980,27019.48,square,0.8400,35.57,27143.55,0.459206,1,34,40.93
3981,89109.75,triangle,0.3143,28.48,89150.39,0.045607,1,3,2.64
3982,2448.23,triangle,0.2391,37.23,2460.94,0.519238,1,193,139.89
3983,33609.34,square,0.1352,26.54,33632.81,0.069825,1,33,44.07
3984,88948.00,sine,0.4657,20.63,89023.44,0.084806,1,17,15.05
3985,37721.42,sine,0.3270,37.55,37846.68,0.332068,1,24,20.47
3986,44168.87,sine,0.6304,22.84,44179.69,0.024485,1,49,47.90
3987,26679.77,square,0.3138,33.58,26811.52,0.493836,1,38,41.52
3988,49657.64,triangle,0.9534,22.32,49702.15,0.089633,1,10,9.76
3989,34131.84,sine,0.2361,36.21,34248.05,0.340477,1,27,24.03
3990,76227.99,square,0.5840,21.19,76245.12,0.022466,1,14,17.04
3991,55995.23,triangle,0.6164,25.31,56074.22,0.141067,1,13,11.42
3992,67087.28,square,0.5904,29.75,67221.68,0.200337,1,8,9.41
3993,38736.33,triangle,0.8955,20.10,38857.42,0.312618,1,15,12.34
3994,93428.04,square,0.7307,37.11,93457.03,0.031035,1,13,15.29
3995,47243.27,triangle,0.2599,23.18,47329.10,0.181689,1,2,2.39
3996,66089.67,triangle,0.9032,32.87,66137.70,0.072674,1,46,40.16
3997,53023.43,sine,0.9820,26.39,53129.88,0.200758,1,10,8.52
3998,74674.42,square,0.6477,27.87,74746.09,0.095975,1,5,6.49
3999,96517.49,square,0.9440,20.15,96577.15,0.061812,1,14,22.61
4000,57694.39,triangle,0.7706,38.10,57763.67,0.120088,1,23,23.47
